repetition,converged,iterations,events,const,age_10-19 yrs,age_20-29 yrs,age_30+ yrs,log_processing_capacity,calendar_FY2010-2014,calendar_FY2015-2019,calendar_FY2020-2024,duration_5-9,duration_10-14,duration_15+,model
0,True,19,44,-7.931256103,-0.4784577131,-0.7008542337,-1.223717139,2.926617763,0.4011199685,1.852210735,2.372627779,-0.4930199124,-0.6544380667,-0.878566336,broad
1,True,45,30,-7.957933374,-0.7649136566,-1.741278182,-1.556365746,2.544975584,0.757351499,0.5209540837,1.325824372,-0.7856188085,1.500148633,0.8266622406,broad
2,True,18,27,-10.38386996,0.1468349543,1.012272214,-0.2367440059,3.017552031,3.988879973,4.686838336,5.022588796,-2.859784883,-2.59386906,-3.382667493,broad
3,True,15,52,-7.04734847,-0.418791886,-0.5153449087,-0.4571671319,2.553477628,-0.5440964636,0.3527952829,1.283228058,-0.516883349,0.0205557654,-0.9107550751,broad
4,True,15,43,-8.91581591,-0.6512487956,-0.6082021363,-1.25701602,3.162476839,-1.505466547,-0.2109278629,0.8671702041,2.073701284,2.458897437,1.305416579,broad
5,True,18,33,-7.521413894,-2.053466002,-1.587846123,-2.098590659,2.833233344,-2.073630681,0.09839339968,0.5448035773,1.147701299,1.952475455,0.9226394846,broad
6,True,18,36,-7.187672107,-0.9810274598,-0.6182611508,-0.3684108725,2.119690153,-2.141008126,1.017039024,1.998276208,0.6044708139,-0.3826065286,-1.14095552,broad
7,True,19,37,-7.734006832,-2.053884096,0.08729511437,-0.1061699863,2.505453277,1.932038415,2.56357099,2.174616429,-2.528667275,-1.652245469,-1.789554129,broad
8,True,16,42,-6.318761005,-2.005752346,-1.159478023,-0.6697495629,2.125821552,-0.06791780746,1.037555422,2.060348729,-0.9286659072,-0.7083546464,-1.429018265,broad
9,True,20,28,-8.370646366,-0.6329778254,-0.2754685414,-0.7708214604,2.679525045,-2.011843239,0.895629854,1.903764597,1.043202933,0.6237842377,-1.126353768,broad
10,True,17,38,-7.60614902,-0.3956526226,-1.158712346,-0.6312312704,2.484447284,-0.8770929998,0.6882593895,1.697162219,0.2304570781,0.378909309,-0.3293456195,broad
11,True,19,35,-8.214163204,0.1639839542,0.1315629053,0.1581805021,2.321097643,-0.8602240823,1.103237534,1.28282749,0.09825142641,0.05973372231,-0.6235802494,broad
12,True,17,39,-8.364307115,-0.1948286429,0.1114768979,-0.1523430336,2.715350516,-0.01574189049,1.747737953,2.725251282,-0.6667415774,-0.4517576359,-1.655623725,broad
13,True,19,37,-6.717810152,-1.404098873,-1.729783386,-2.46277537,2.589588144,0.4159246413,0.8437903708,0.8219254552,-1.565069011,0.4478836663,0.3438178528,broad
14,True,18,34,-7.115049529,-1.059968342,-1.410453533,-1.57866269,2.268148701,-0.5663544577,-0.7053377901,-0.2735305128,0.2720301142,1.761450924,1.950166082,broad
15,True,21,31,-8.414512606,-0.3183401979,-0.1819828027,-0.1437540251,2.751207038,-1.072769715,0.2330045835,1.985844413,0.1024817718,0.6820635677,-0.8036015395,broad
16,True,17,36,-7.468169795,-1.102479091,-1.022586916,-0.8839770651,3.111054655,-0.4754834832,1.299661515,1.912572485,-0.4375482942,-0.585651219,-1.396898816,broad
17,True,17,32,-6.026230441,-1.731593806,-1.204785681,-0.5953642963,1.99015194,-0.4304925153,-0.2339160704,-0.7615082849,-0.3237660856,0.3205329498,0.09603072451,broad
18,True,30,32,-6.089325259,-2.310497241,-1.588658231,-1.621967102,2.220323969,-3.786982983,-1.584489728,-1.716067788,0.6628864072,2.261443864,1.894545254,broad
19,True,19,31,-7.467292992,-0.5244281992,-1.347324903,-0.6720017448,2.617533217,1.275875262,1.886767558,1.812560233,-1.411284811,-0.6421972412,-1.74731051,broad
20,True,17,31,-7.270100567,-1.113774403,-1.281898131,-2.057903455,2.861490744,-0.1962271724,-0.006862184528,-0.09008619774,0.05435696917,0.8496280925,1.034062003,broad
21,True,21,31,-6.620806882,-2.289031605,-1.259649161,-1.251969386,2.398103705,-1.531987903,0.2067249227,-0.8747991565,0.3340917463,0.8168818563,0.6225260835,broad
22,True,24,35,-7.818677528,-1.758225755,-2.085527932,-2.581374181,3.770386869,-0.7804510691,1.104167549,1.579548119,-0.8984427932,0.8460421957,0.1383862008,broad
23,True,15,40,-6.635520232,-2.199856082,-1.475661132,-1.585716752,2.505912087,-0.7447807714,0.9907262373,1.00554488,0.2728109865,0.4338796284,-0.5960518937,broad
24,True,15,42,-7.124126683,-0.6237576989,-0.7633826692,-1.262059644,2.666718936,-0.3907677839,0.7368458653,1.038954338,-0.1322437597,-0.1169579448,-0.4239331239,broad
25,True,19,19,-8.206216461,-1.621771924,-1.581685019,-1.914096482,3.44410819,2.281572634,2.008275861,1.69492576,-4.166152563,-0.7607209267,-0.5909387566,broad
26,True,62,29,-8.861183416,-0.6844278326,-0.5268910943,-1.173410428,3.629836842,0.5076651403,0.8029368851,0.4910315274,-1.719661474,0.4696281672,0.518592447,broad
27,True,15,38,-7.699740454,-0.783255551,-0.7214578445,-1.087245351,2.313721059,-0.9156094855,0.1007617614,0.6495137753,1.277037326,1.621267057,0.6302811421,broad
28,True,17,33,-7.561144639,-1.254921306,-1.197668234,-1.956202392,2.50248482,-1.078714015,-0.2265815504,-0.500563908,1.028954495,2.224257132,1.810246076,broad
29,True,17,38,-7.058981871,-2.117382559,-1.652937821,-2.946045644,3.204094094,-0.5838638235,0.2200022463,0.05229209309,0.04826020357,1.397788618,0.3539430757,broad
30,True,18,30,-7.037673336,-1.631147569,-1.816538192,-1.797560194,2.697136776,-1.274201741,-1.310003806,-1.141029414,0.5658747966,2.301591655,2.297632786,broad
31,True,20,33,-8.937051972,0.4822904237,0.283761587,0.1155377185,2.754268116,-1.927044089,2.011800734,2.850182733,-0.4514073856,-0.8011316315,-1.256209987,broad
32,True,22,25,-7.808734056,-1.235973453,-1.06275651,-3.009218796,2.778627343,0.504189812,1.022228825,0.9252223469,-0.2735279927,0.8477858476,-0.02974479102,broad
33,True,17,36,-7.81211668,-1.192653047,-0.682707,-1.623993297,3.558827853,0.5999495386,1.038591097,1.896149516,-1.214537542,-0.2342458766,-1.593581115,broad
34,True,17,37,-6.722413115,-1.627514978,-0.7527406895,-0.03531125843,2.286951766,-0.9067636864,0.8362026558,0.5018574033,0.2545840693,-1.479638696,-0.4859286694,broad
35,True,18,44,-7.593006966,-0.9494637298,-1.08862769,-1.427059233,2.919233373,0.876648732,2.236875092,2.863075941,-2.094730155,-0.7047882254,-1.522199261,broad
36,True,21,32,-9.278031676,-0.9995977977,0.3036002976,-0.2456240919,2.738733316,-0.7958694066,2.193734819,2.902166942,0.2511805784,-0.05192273478,-1.062945707,broad
37,True,20,32,-6.823961962,-2.122964365,-0.8165865828,-1.167134067,2.446554608,-2.500719735,-0.9254843644,-0.4928480021,0.5512919087,1.751656846,0.7726553293,broad
38,True,16,38,-7.458297976,-0.6991386446,-0.4249189288,-0.2119829826,2.060124979,-0.4041846801,0.7161129581,1.937609975,0.4743096905,-0.1991027548,-0.8850302148,broad
39,True,17,48,-6.792616724,-1.632726148,-0.9889458748,-0.9660411503,2.880483443,-2.178604503,-0.1394562794,0.5359623048,0.4370203518,0.8292055508,-0.2377986931,broad
40,True,19,35,-6.313391343,-2.393986133,-1.48521062,-1.848045265,2.857899728,-2.358245921,-0.4095673611,0.3276454033,0.2257029373,0.7646371141,-0.3641916487,broad
41,True,18,28,-7.234225579,-1.585818284,-0.9392649197,-1.973278242,3.012405842,1.264393497,1.158053265,-0.2028895578,-2.934199621,-0.6363710392,-0.001165474897,broad
42,True,22,22,-11.05654011,1.477409859,1.338153209,0.5394793691,2.981042477,3.417836858,3.495718044,3.640505202,-3.093139404,-1.235090353,-2.282992237,broad
43,True,15,50,-6.927259754,-1.901279044,-1.035700883,-1.493897189,2.96700632,-1.054626878,0.1022825945,0.8287314834,-0.2190572409,1.182199462,-0.395675555,broad
44,True,18,41,-7.076968661,-1.3262348,-0.6049827145,-0.8362558856,2.431855499,0.2319015038,0.94873212,1.733179318,-0.5824442286,-0.08405699067,-1.107123836,broad
45,True,24,39,-6.86956734,-1.279328354,-1.734896484,-1.774691263,2.877231772,0.01770418173,0.2251396072,0.206672982,-1.310282195,0.957466298,0.5886001323,broad
46,True,18,31,-7.597419176,-0.03867210804,-0.9681860625,-0.3957368752,2.631072842,-0.6583153416,-0.9311333455,0.6944754861,-0.3686644447,1.098175729,0.01120775945,broad
47,True,18,33,-7.355575058,-0.7177475038,-0.9980518687,-1.119135405,2.379241654,0.591791956,1.717039307,1.827793544,-0.8660421926,-0.254010854,-1.355900729,broad
48,True,18,34,-6.627028827,-1.531645918,-1.927242994,-1.793448746,2.750706022,-1.657337908,-0.4943417386,0.09649390319,0.1400849884,1.171151911,0.6574924709,broad
49,True,16,47,-7.507246896,-0.3621945415,-0.3705597217,-0.4051216499,1.838228415,2.049707001,2.765152749,3.558955785,-2.147750023,-1.454590414,-2.010419279,broad
50,True,19,43,-7.685010248,0.06950174697,-0.354592088,0.3825549555,1.899035013,0.7655727127,1.417748947,1.965272724,-0.3954139513,-0.5219344838,-0.9437904953,broad
51,True,18,39,-6.974205631,-1.657364516,-1.2147059,-1.299232998,2.542268977,0.04666591135,1.364018142,0.8961301497,-0.9333682953,-0.09087841487,-0.1223229699,broad
52,True,18,36,-7.604585774,-0.902422036,-0.8422257523,-2.222362049,2.740117852,0.9501678874,1.81358269,2.134326356,-0.8833246662,-0.6024853073,-0.7267810637,broad
53,True,19,30,-8.580801003,0.6649540905,1.024046078,0.6306382881,2.407960724,2.000317598,2.24880456,2.297361545,-2.643433381,-1.64975532,-2.786023415,broad
54,True,18,30,-8.579561011,-1.130700238,-0.40706812,-1.086604403,3.4012498,0.1006789242,1.704127605,3.309883816,-0.921167283,-0.5735121003,-2.023389527,broad
55,True,18,29,-7.247411611,-1.062751631,-1.141370601,-0.858371505,2.065844572,-2.020220982,-0.7176791806,-0.1077333266,1.288305863,2.31661044,0.8686112437,broad
56,True,21,19,-7.766152934,-1.839238297,-1.874848422,-2.462339388,2.873744614,-1.823863339,-1.260004979,-1.394261941,1.417212499,3.373777865,2.379062077,broad
57,True,21,27,-7.368154104,-0.3876692038,-1.463137773,-0.989883311,2.87165276,0.2768128295,0.4299726808,0.9836617834,-0.976950366,-0.0445994902,-0.4632222293,broad
58,True,18,38,-6.659003316,-1.28768628,-1.174018565,-1.08366731,2.059023829,0.5565231301,0.8539309553,2.014190994,-1.193412057,-0.04693840045,-1.036008158,broad
59,True,16,40,-7.467141775,-0.959413777,-0.7853453298,-1.017104569,2.977298527,-0.5364337096,0.005489643352,1.018903842,-0.3121047428,0.756922303,-0.1992124323,broad
60,True,18,30,-6.563476127,-1.335344715,-1.568663693,-1.010886892,1.957275512,-0.2510712447,0.8561501295,1.646270899,-0.4539926074,-0.04418801276,-0.7650463664,broad
61,True,19,35,-7.626706644,-0.7484546857,-0.700602645,-0.7929788454,3.044503772,0.9958983192,1.535957688,2.305852617,-1.722622341,-1.194898095,-1.568987621,broad
62,True,30,31,-7.74894204,-0.837111176,-1.002904907,-1.165509088,2.755678577,-3.257936517,-1.071987538,-0.5315746032,0.6603882618,2.167513566,2.125414821,broad
63,True,18,29,-8.090222435,-0.7375113005,-0.219751315,-0.3788341353,2.929206418,1.628788017,2.248495915,2.723727506,-1.660461423,-1.450920252,-2.988004686,broad
64,True,19,34,-8.349344465,-0.344544174,-0.1388454104,-0.3274242735,3.157791291,-1.24816663,0.4722518807,1.335520294,0.6955609686,0.3611437034,-0.855669173,broad
65,True,20,33,-7.314558505,-1.516212916,-1.301614583,-1.283351171,3.167863046,-1.918812467,-1.133503819,-1.119775464,0.6270475937,1.161990585,2.01268406,broad
66,True,18,31,-8.109218982,-0.364727398,-0.5464221732,0.1186455687,2.290224391,-0.5444724245,0.9020066129,1.03706374,0.9538060372,0.213124478,-0.2767704625,broad
67,True,22,24,-9.271831705,0.04376013507,-0.5593083807,-0.9369217656,3.49855117,-1.395698094,1.640876872,2.129331105,0.4938305021,-0.1595869268,-0.5900204769,broad
68,True,19,33,-7.152254576,-2.603939966,-0.5158652832,-1.101476607,2.486647178,-1.448589154,0.5469612129,0.02704182161,0.8598540628,0.1260333751,0.3497941749,broad
69,True,20,25,-6.716648123,-1.796069639,-2.03834469,-2.162322522,2.408992887,-3.590475999,-0.2468207001,0.5883209283,1.288605875,1.519301455,-0.02227295363,broad
70,True,16,41,-6.734837303,-1.855971579,-1.734524131,-1.861498078,2.703993461,-2.019164877,-1.003565232,-0.9002797564,1.26733774,2.13227151,2.111111437,broad
71,True,25,29,-7.307040121,-1.357106195,-1.343922317,-1.43984775,2.813222435,0.3681327042,0.9843887021,0.8436861395,-0.8844381927,0.1802242803,-0.1475652298,broad
72,True,17,37,-8.074338801,-0.3111706606,0.02434799002,-0.1762256709,3.056769961,0.1953844026,0.8827452186,2.022347799,-0.6020190183,-0.7942697692,-1.29770017,broad
73,True,21,28,-6.92319938,-1.566964545,-1.250298132,-1.654464538,2.659128702,-2.506106918,-2.536017896,-1.704629259,-0.2059913678,3.146636371,2.449682865,broad
74,True,18,37,-7.629390902,-0.5062775525,-0.7630153248,-1.408426311,2.480084072,0.4710914526,1.33281185,1.512508293,-0.2770080858,0.147879364,-0.392756025,broad
75,True,19,33,-7.33854181,-1.444202695,-1.302133516,-1.530003518,2.881066395,-1.017882993,-0.4304838955,-0.1896586906,-0.08345649902,1.409944574,1.315698028,broad
76,True,16,39,-7.615367967,-0.6345603117,-0.6414071979,-1.147314365,2.36905156,2.378303318,2.982567862,3.262831328,-2.797173192,-1.698048723,-1.805641562,broad
77,True,19,36,-8.594358842,-0.5863582344,-0.1514211856,-0.9201738158,2.590306177,2.075965701,3.314571049,3.571650515,-2.000966663,-1.360166302,-1.755850381,broad
78,True,23,28,-7.994961703,-1.359753671,-0.6546207831,-1.541536827,3.163851206,0.4765679593,1.966081485,0.7389491113,-0.7397198947,-0.4724826137,-1.17958043,broad
79,True,18,37,-7.797391024,-1.420288178,-0.7102560883,-0.6630577965,2.696649626,-0.2818236648,1.94794732,2.572584821,-0.283783445,-0.310096097,-1.951684674,broad
80,True,22,26,-8.033228558,-1.580042628,-1.144282138,-1.192339358,2.650419005,-1.822695543,-0.3022674476,-1.020946912,1.617201782,2.046455179,2.222063331,broad
81,True,16,56,-6.429506469,-1.656466324,-1.614780189,-1.635961193,2.617830299,0.6830052156,0.9900001058,0.9747070279,-1.011277573,-0.04171744924,0.1480426738,broad
82,True,25,32,-8.367714026,-0.413784528,0.3127385103,-0.08899808067,2.654370335,0.2786468048,1.938394082,1.937437275,-0.8595644386,-0.6264019477,-1.273248157,broad
83,True,18,35,-6.428481778,-3.105133014,-1.057059159,-1.252940077,2.361287404,-0.9695637654,-0.1833687005,-0.5474723758,0.5439190543,0.734807572,0.5637281022,broad
84,True,34,27,-8.615661029,-0.504371067,-0.6225020054,-1.282339999,2.843699224,1.138157377,0.9861222632,1.277543883,-0.5707916081,0.5616606922,0.6302820711,broad
85,True,19,36,-6.832359707,-1.729415485,-1.182570619,-1.040140072,2.517071852,-3.145432319,-1.373138523,-1.153545811,1.122903023,2.269712581,1.317861712,broad
86,True,17,41,-6.937988416,-0.8863246647,-1.39799843,-1.257727826,2.526393944,-0.2834943755,1.041122212,2.112107386,-1.099029222,-0.2582419295,-0.6501673895,broad
87,True,17,37,-8.325008144,-0.4798717703,-0.4539531967,-0.9466517247,3.296666966,-0.1108027981,0.5668108486,2.354096087,-0.6612150952,0.8355090136,-1.624711808,broad
88,True,19,35,-7.686509966,-1.49566531,-0.3163187472,-0.9994731034,2.90402459,0.7190428547,1.596320794,1.195731037,-1.274985934,-0.5316102942,-1.064346729,broad
89,True,17,32,-8.625387989,-1.321840405,-1.203183771,-1.80033867,3.453533547,-0.06061182805,0.5578655727,1.526859103,0.6175872723,1.596659097,-0.4671306166,broad
90,True,19,33,-7.222236141,-1.470741085,-0.9406803936,-1.539498269,2.793413268,0.3168171148,0.6812023516,0.8670481991,-0.700744967,0.1640077593,-0.5774275015,broad
91,True,31,25,-10.80376722,0.7675988721,1.05836157,0.7459362622,3.251827953,1.644861257,4.027641635,4.60143465,-2.149089396,-2.155934308,-2.755505131,broad
92,True,21,26,-9.944019039,-1.296326837,1.784219241,1.721705482,3.01116426,-0.6633591162,2.241696198,0.8306872916,0.01125428271,-1.513521235,-1.46742463,broad
93,True,18,42,-6.638827924,-2.241307988,-1.656119838,-2.749161404,3.275367968,-1.087849804,-0.9322962345,-0.8052613026,-0.4806090238,1.723790459,1.4708236,broad
94,True,20,36,-7.386539808,-1.263416303,-1.612555001,-2.29639674,3.516883306,-0.05080361583,1.096135009,1.392359916,-1.027745581,-0.2966572894,-0.1410392971,broad
95,True,16,38,-6.348744928,-1.488947167,-1.22003521,-1.394858401,1.862170934,-0.6947507057,0.6114704771,1.393413224,0.1944643815,0.3597580109,-0.5169197372,broad
96,True,17,39,-6.849791014,-2.006307617,-1.534792455,-1.837488681,2.829574468,-1.599882307,-0.6761699887,-0.3040705875,0.3773562548,2.009779829,0.9526060763,broad
97,True,16,41,-7.464007288,-1.667623986,-1.623728688,-1.883833468,2.520035783,-1.36209793,-0.6552675677,-1.243247299,1.650248475,2.464185827,3.154910025,broad
98,True,19,28,-7.748361448,-1.063721761,-2.251720495,-3.702237766,3.902816402,1.272937246,1.071260804,2.305514745,-3.842131507,-0.6775449127,-0.2694911505,broad
99,True,17,40,-7.12306167,-1.391988762,-0.9938441174,-0.7229265814,2.568250103,-1.046316083,0.2065286551,0.2447452728,0.3938858365,0.8183794414,0.4536128363,broad
100,True,17,32,-8.009065849,-0.5181933833,-0.5854130734,-1.015742985,2.710065223,-0.3065585978,0.6615965414,1.037416292,0.2896390527,0.6073151494,0.008881100897,broad
101,True,17,39,-6.001007453,-1.9102701,-1.802091897,-1.652171304,1.974998738,-1.841709263,-0.2711373136,0.1885154164,1.081727995,0.8752755948,0.6924247655,broad
102,True,18,39,-7.412291494,-1.764478258,-1.398297519,-1.70083746,3.123077872,-0.7538370099,1.51725873,2.426109011,-0.3789379375,-0.05630829875,-1.367323186,broad
103,True,17,37,-6.890348054,-1.991088457,-0.9743640516,-1.362880574,2.740608354,-0.3398616789,0.6648360316,1.495540161,-0.6031036003,-0.07372211524,-1.195210212,broad
104,True,20,35,-6.819444672,-1.105807031,-1.521038959,-1.730800249,2.361757522,-0.4443964466,1.155070737,1.582751928,-1.55562332,0.07194622775,-0.2784861887,broad
105,True,15,40,-7.747139106,-1.278157117,-0.5472467957,-0.3100241427,2.835090381,-0.2486117436,0.8060146459,1.943060429,0.2834947777,0.08814827232,-1.451128541,broad
106,True,18,31,-10.39929025,2.221728275,1.699401936,1.81201218,2.623088594,0.06697699963,0.6266671427,3.092007628,0.1667580032,0.5613531572,-2.79586863,broad
107,True,21,29,-8.720939106,-0.6878366653,-0.5479458738,-0.431301566,3.034684347,-0.7603800754,1.140850748,0.2485026412,-0.5712487322,0.7541272636,0.4435056409,broad
108,True,18,46,-8.950265962,0.6632713007,0.7536357851,-0.1584899904,2.9856921,0.7694763743,1.68338518,2.523820015,-1.418831348,-0.4595214982,-1.742092922,broad
109,True,17,36,-7.257051233,-1.771962724,-0.777950187,-1.771059539,3.158621566,-0.9311282101,-0.7062004819,0.4845952686,0.05961631281,1.132630717,-0.002444698201,broad
110,True,19,24,-7.492704235,-1.765809651,-0.3720048739,-1.42170291,2.502702093,0.09320412208,1.319910493,1.910817742,-0.3166279945,-0.3584470333,-1.835702026,broad
111,True,17,38,-6.848785292,-1.82017151,-1.102378793,-1.63481785,2.895119853,-0.5660631116,0.4094247016,0.325917948,-0.8093605245,0.3220562088,0.03064693331,broad
112,True,17,39,-6.674174666,-1.525268356,-1.417291639,-1.828483414,2.464327144,0.7497884146,1.01502113,0.2460370128,-1.068740301,0.05181559426,0.5253386355,broad
113,True,19,32,-7.425250261,-1.437732196,-0.3874582417,-0.9323765062,2.628485664,-1.147588284,0.5466436631,0.8758810144,0.4375136391,0.1076527824,-0.2557787661,broad
114,True,18,40,-7.582738888,-0.9727880066,-0.2954526522,-0.8784090253,2.85858048,1.024883066,2.006159876,2.961266431,-1.916638017,-1.100956941,-2.753990605,broad
115,True,17,34,-6.926717354,-2.008580928,-0.9040247214,-1.415932447,2.297481137,-1.276669617,0.3757913132,0.8716931175,0.6973930345,0.9413192452,-0.3870330399,broad
116,True,16,40,-6.794854608,-1.176690442,-1.318348244,-1.867027089,2.758574461,0.2192954647,0.9091970351,1.819480837,-1.023351079,-0.1205951826,-0.9653934975,broad
117,True,19,28,-7.572511915,-0.7221804325,-0.02777465466,0.2506638459,2.339364489,-1.556037435,0.2558687346,1.363686513,0.6955346291,-0.08768027888,-1.770976491,broad
118,True,18,26,-7.721819282,-0.8357540389,-1.19640219,-0.8450802131,2.144670989,-0.3151195081,0.08576102431,0.6596971621,0.7732627335,1.484032525,0.7778035816,broad
119,True,16,38,-6.391198117,-2.509316455,-1.982191432,-1.988032285,2.511678655,-1.483723958,-0.8764235236,-0.502295509,0.7793987828,2.08649837,1.190410693,broad
120,True,21,33,-8.275627212,-1.033445269,-0.8677415743,-1.355873037,3.304521235,0.8238435332,0.4554241926,-0.05817421484,-0.3815767472,0.8404526203,1.207307802,broad
121,True,18,31,-6.506657654,-1.549884587,-1.990832577,-1.500565297,2.156880951,0.0412825301,0.4604753129,0.9628521602,-0.4914513967,0.3903850431,0.2884459539,broad
122,True,20,37,-7.473356453,-1.605948575,-1.207955839,-1.426462174,2.964961268,-0.9717316111,1.175994993,2.01554211,-0.7660759704,0.1911734647,-0.864680017,broad
123,True,17,36,-6.435119913,-1.314040504,-1.641440981,-1.153181181,2.096513955,-0.2106656112,-0.2049819994,-0.2074360317,-0.0940414011,0.9991491452,0.8869912781,broad
124,True,15,39,-7.148625185,-1.246188934,-1.02709006,-1.251964507,2.138064386,-0.4462039695,0.2262635283,0.7104785298,0.8472295339,1.078445254,0.7286571136,broad
125,True,17,42,-7.696217367,-0.721158618,-1.635497835,-1.659196739,2.183788817,-0.5938958755,-0.4190498871,-0.04080351834,0.8140605868,2.679343105,2.568331521,broad
126,True,16,38,-8.877221189,0.1343971849,0.4793384175,0.003931201089,2.170827507,-0.3912707047,2.468853585,3.34606284,0.5187162972,-0.8522069413,-1.574125581,broad
127,True,18,34,-7.573475476,-1.278936013,-0.4224307736,-0.9596311293,2.587330036,1.590973265,2.307399027,1.897535948,-2.175100852,-1.09623194,-1.654766236,broad
128,True,17,36,-8.390520328,-0.1915149873,-0.7294302586,-0.9605127035,3.119678199,-1.288818498,-0.0412729379,1.091438259,0.9943148197,1.364699481,0.3393343016,broad
129,True,19,27,-7.35264017,-1.37398141,-1.252107934,-1.884847126,2.565488657,-0.3626481744,0.4400051635,0.4938574806,0.363493787,0.6192855578,0.8299984813,broad
130,True,17,32,-7.00628251,-1.516288307,-1.876024464,-1.639960199,2.378845063,-1.49897556,-0.4281484288,-0.3820357187,1.162026281,1.789399307,1.833467671,broad
131,True,20,29,-7.987456383,-0.3467335193,-0.01715526525,-0.6195255039,2.543960365,-0.08267754098,1.55478759,2.324095271,-0.5056748575,-0.4860302991,-1.538813462,broad
132,True,18,33,-8.450780998,-0.07200748654,-0.1870704812,-0.4489029517,2.531147477,-1.13705137,-0.3795536502,0.1359106834,0.8539126919,1.898079679,1.191907938,broad
133,True,19,29,-7.444372779,-1.209801066,-1.031547964,-1.657658491,2.586596604,1.079607793,1.908345889,1.710757049,-1.783594238,-0.5917760992,-0.6496913777,broad
134,True,17,38,-6.62333351,-1.264499806,-1.959087688,-1.837908213,3.071976874,-0.5146387633,-0.9369831878,0.1697973122,-0.4370079686,0.7125704175,0.5272812866,broad
135,True,16,42,-6.846133668,-1.434103355,-1.248065362,-1.582025651,2.268420091,-0.3075712027,0.6064990023,0.1397405895,0.2465964718,0.7835009521,0.8186363659,broad
136,True,24,29,-7.74492023,-0.7916922889,-0.7236339391,-0.3896964925,3.076148534,-1.520821048,-0.421344936,-0.1041071139,0.1330315672,0.2825994029,0.6354703622,broad
137,True,17,51,-7.898186169,-0.2167477765,0.215747721,-0.08692619347,2.769055368,-0.9187425257,1.158470555,1.428291308,-0.9869240587,-0.2232349275,-1.03695274,broad
138,True,23,37,-6.949572306,-1.606941966,-2.162144274,-2.290025736,2.942553911,0.2877239951,0.6371753967,0.7860245707,-0.9635606078,0.3691579741,0.9497062148,broad
139,True,16,32,-6.67148425,-2.137908818,-1.338464371,-1.156072046,2.051134492,-1.087162383,-0.8831433072,-0.405958945,1.405604258,1.462946692,1.474863984,broad
140,True,20,37,-6.378120354,-2.599752148,-2.440600213,-2.652769432,2.434356566,-3.998320694,-1.907113275,-1.137926669,0.9237885472,3.522235428,2.990745542,broad
141,True,18,36,-6.26708566,-2.087757927,-1.568699548,-1.182702963,2.233710806,-0.9642345627,0.1798415851,-0.06351084974,0.2340347258,0.5715510184,0.2701397439,broad
142,True,17,37,-6.580964349,-1.927024571,-1.394067332,-1.607423031,2.802442353,0.2210145172,1.460962614,1.710959771,-1.188135711,-0.7583993074,-1.218491197,broad
143,True,18,36,-6.633944563,-2.161396106,-2.145638429,-2.035687266,2.40462785,-1.662159122,-0.894343982,-1.883643002,0.9793813429,2.479115986,3.051142395,broad
144,True,22,28,-8.824309081,-0.9240283539,-0.4637624379,-0.8598043329,3.473319598,-1.855088536,-0.3967158256,0.2929809137,1.007671594,1.453499043,0.7281168538,broad
145,True,17,33,-7.361438947,-2.135298899,-0.4673573282,-1.6776907,2.958363412,2.334675501,2.194973214,1.753368074,-3.404524629,-1.549209328,-1.723616046,broad
146,True,19,36,-7.949530754,-0.6373251317,-0.2001128718,-0.5394385882,2.969065093,-0.6672248772,0.9659714391,2.772541259,-0.2419608161,-0.9023684497,-1.705500893,broad
147,True,16,30,-6.888334729,-1.33896956,-1.494284948,-2.08406703,2.73238535,-0.21834749,0.3353533094,0.8578349888,0.01744018525,0.5557012517,-0.4089993507,broad
148,True,17,26,-7.528172591,-2.138752713,-1.38871805,-1.39874451,3.274574766,-0.02245789542,0.003305999495,-0.7050509391,-0.7748154465,0.3780588681,0.9617881098,broad
149,True,18,37,-7.86789725,-0.9503954695,-0.8950834416,-0.3204440381,2.861986774,-1.700738849,1.34849573,1.786663009,0.2724110056,-0.2432193942,-0.6493236775,broad
150,True,16,46,-7.969913019,-0.05041387852,-0.2809977514,-0.4669302216,2.086992399,0.2147615592,2.025545939,2.382663682,0.2117401675,-0.5868527268,-0.4476883138,broad
151,True,25,23,-6.863674093,-1.912058052,-1.906292105,-0.8522239529,1.977377205,-2.927927219,-0.8674670351,-0.1945300528,0.4253336726,2.17526315,1.256981837,broad
152,True,18,30,-7.99944715,-0.7107787934,-0.1914790458,-0.06400116563,2.306460348,-0.07586150412,1.459585459,2.496179458,-0.007161000994,-0.4222718715,-1.571020421,broad
153,True,17,41,-6.983807041,-1.374851722,-1.393812252,-1.457954947,2.813899314,-1.020254118,0.2499006249,-0.1137580152,-0.1213850748,0.9637488982,0.9065669468,broad
154,True,33,23,-7.78345773,-1.476027112,-1.228833846,-1.395279152,2.825139025,-0.1044539277,0.4967920295,0.9898112996,-0.9124412924,0.9622524414,0.06752636717,broad
155,True,19,39,-6.594547351,-1.96037853,-1.909356056,-2.147328418,2.887738998,0.303487575,1.178670776,1.016775535,-2.194921099,0.1637010659,-0.3245964101,broad
156,True,17,35,-7.458134178,-0.8426953356,-0.005836625627,0.1440861042,2.323004677,1.924601165,2.175012129,2.273407862,-2.855227997,-1.641716947,-2.371747992,broad
157,True,20,30,-7.310003172,-1.245822227,-1.176439042,-1.900485596,3.079553347,0.4796940903,0.6135107458,0.2904565322,-0.786735169,-0.1994699464,0.4605266124,broad
158,True,18,27,-7.91161328,-2.077220821,-1.075474684,-1.572717581,2.729090588,-1.694630709,-0.05410220847,0.4331061144,2.010211009,1.852183537,0.3235639407,broad
159,True,14,44,-6.431510133,-2.290280562,-1.212482104,-0.8385646401,2.419413726,-0.7932151478,0.246868666,-0.09859641892,0.1557139811,0.5336723123,-0.06752739331,broad
160,True,23,25,-7.44537843,-1.578910645,-1.320779379,-1.648984157,2.498572036,-2.662735247,0.1423308182,1.318601345,0.5444267826,1.373039792,0.09681323982,broad
161,True,17,36,-7.403080886,-0.3785312309,-0.5258175771,-0.6018205507,2.617580345,0.750299727,1.17184643,1.410483626,-1.232951269,-0.7215248258,-1.097870848,broad
162,True,20,41,-8.864395018,0.6533085471,0.1503528818,0.2153189262,2.370514788,1.698072135,2.158692926,3.243672546,-1.499559332,-0.547574837,-1.457029679,broad
163,True,17,38,-6.748758464,-0.9560518369,-0.8057038287,-0.07850608665,1.890708284,-0.3121967582,0.2659460735,0.2026022207,-0.09477370686,-0.1256061146,0.3698917698,broad
164,True,18,44,-8.83396058,-0.008886702711,-0.132240765,-0.03861373556,2.425478524,-0.6125347049,0.4542132507,0.8026778121,1.165011267,1.763021664,1.158848159,broad
165,True,17,38,-7.727596799,-0.9724413042,-0.4309998818,-0.7879525945,3.331417341,0.3193594599,1.098164533,2.449026249,-1.32878736,-0.6901711005,-2.425704575,broad
166,True,16,28,-7.982023122,-0.007551570029,0.3128536985,-0.1716757541,2.136467528,2.621955513,2.483307659,3.052699246,-3.098341401,-1.865643619,-2.583646165,broad
167,True,17,32,-6.099397392,-2.843695839,-2.340553102,-2.160719534,2.415353881,-1.214656454,-0.04093663172,-0.5553225602,0.4898938672,1.294853989,0.935122385,broad
168,True,16,31,-6.635189987,-1.227605828,-1.960351813,-2.11519368,2.401992822,-0.8592552014,0.3569240369,0.5266466276,0.1377138513,0.5892461202,0.5608167406,broad
169,True,20,29,-7.172844312,-1.130019141,-1.242491132,-1.884752056,2.74116997,-0.04159068912,-1.000648628,-0.006227710768,-0.09078639791,1.233443284,0.9798759837,broad
170,True,20,29,-8.405810284,-0.1082779083,-0.2182262814,-0.4467597823,2.478900377,-1.517692724,1.559939554,2.492476172,0.499517306,0.1444360277,-1.585244285,broad
171,True,33,32,-7.461930943,-0.8156134466,-1.630061,-1.646783297,2.775450524,0.4500534476,0.7160827998,0.6641253974,-1.299147999,0.4503122349,0.7653294017,broad
172,True,17,36,-8.248353168,-1.221295844,-0.3953869404,-1.105698872,2.556431,-1.655707143,1.540629569,2.172403035,0.8422754568,0.5433341625,-0.7560260502,broad
173,True,18,44,-7.45685151,-1.098011362,-1.188093732,-1.563202437,2.829844784,0.06741801041,0.7194748178,0.9704795181,-0.556674826,0.7763356202,0.5485889132,broad
174,True,18,27,-7.43397712,-1.178560662,-0.9974412409,-1.108706421,2.187412517,-1.169200337,-0.6420643229,0.332630824,0.9634619337,2.171074536,0.3799986573,broad
175,True,21,29,-7.120129788,-2.171061413,-1.820337751,-2.047423671,3.258814332,-1.416023637,-0.5430501606,-0.09167217191,-0.2284582403,1.567863184,0.5055967353,broad
176,True,17,39,-6.939414358,-1.458632163,-1.672878953,-1.782994566,2.644856317,-0.8273397362,0.1247254634,-0.1463899047,0.0612825055,1.492009545,1.05828532,broad
177,True,22,31,-7.056277865,-2.149791689,-1.229652115,-1.864367511,2.556356583,-3.299280272,-2.806704876,-2.395738501,0.8955456166,4.336024906,2.802975485,broad
178,True,17,31,-7.667635789,-1.104861095,-0.8550979752,-0.8651747581,2.294949982,-1.013118517,-0.0740615626,1.331207001,1.06147454,1.522656124,-0.1769753881,broad
179,True,18,29,-10.81174511,1.068504246,0.958898976,1.110251655,2.704848017,-0.63034003,2.903543452,3.396352279,1.563613582,-0.5488620948,-1.366411184,broad
180,True,23,38,-7.393795472,-1.290271197,-1.577292263,-2.216895166,3.019544852,-0.1184937436,1.480605124,1.201402768,-1.024054014,-0.1005824674,0.4412901752,broad
181,True,19,34,-7.152890902,-1.157502618,-1.26643643,-1.13004114,2.002738373,-1.714852409,-0.3804502558,-0.7118476201,1.552911538,1.935809895,2.162440069,broad
182,True,18,28,-6.888429989,-1.417954166,-0.8851591164,-1.455303844,1.935071961,-0.5721490957,1.147676501,1.811088472,-0.1988086894,0.1085550556,-1.016350856,broad
183,True,17,33,-6.160369177,-1.743539479,-2.042073977,-2.008191546,2.345760341,-1.9739969,-1.037777613,-0.6859089625,0.5617521231,1.736607257,1.575216669,broad
184,True,18,39,-6.572601189,-1.595203429,-1.924984827,-1.278902577,2.560470811,-1.129253955,-0.7362331349,-0.7994910498,-0.1540190336,1.803676574,1.581935436,broad
185,True,16,43,-7.630045024,-0.4911723248,-0.7024203727,-0.5838981046,2.123027069,-1.010606383,1.1184287,1.680928985,0.9333047918,0.5788299204,-0.2676036081,broad
186,True,17,36,-7.457580025,-1.288581833,-1.197473886,-1.626886376,3.379787501,0.2170667833,2.262048671,2.813261363,-1.214191295,-1.393601437,-2.305700244,broad
187,True,20,37,-7.890590955,-0.961682535,-0.7907226041,-1.283422689,2.468282184,1.367515043,2.170409802,2.992438387,-1.529618682,-0.3718621785,-1.097748449,broad
188,True,17,32,-7.379467115,-1.239567978,-1.041137253,-1.752499326,2.848200252,-0.7630700615,0.2682911885,0.09607776487,0.2259671967,1.065053448,0.09392121535,broad
189,True,19,31,-7.466557289,-0.807220099,-0.870326657,-0.9271188147,2.802822273,1.224841759,0.906763537,1.619098101,-1.508993346,-0.7295289909,-0.8700874773,broad
190,True,24,30,-7.838912411,-1.680584913,-1.430934557,-2.070159877,3.195648036,0.1232059228,0.5379976572,1.503363452,-0.7730156245,0.8617134203,0.2896757832,broad
191,True,19,37,-7.331773308,-0.583223307,-1.601127608,-1.718311539,3.088297654,-0.005033971378,-0.1461186929,0.2263227902,-1.096327905,0.721842237,1.09526162,broad
192,True,18,32,-6.508174344,-1.64184312,-1.129302586,-0.7731954923,1.990961067,-1.521283511,0.1718070122,0.1414447963,0.6544419462,0.5219188676,-0.2394829249,broad
193,True,21,35,-6.970812279,-1.419398655,-1.22518017,-1.26470717,2.810522348,0.2666640117,1.071931589,0.9020715274,-2.240210716,-0.5009082074,-0.2656937099,broad
194,True,16,34,-6.286786853,-2.416759895,-1.071589768,-1.28810687,2.142435172,-0.9948873771,0.03319397649,0.9520625232,0.2520710511,0.6350451444,-1.021235359,broad
195,True,16,39,-6.436533362,-1.470753259,-1.657043956,-2.291817082,2.526238886,-0.579275759,-0.03820288182,-0.0345691824,-0.1820916771,1.025021001,0.9708853424,broad
196,True,17,38,-6.787426395,-1.728985988,-1.341848425,-1.427907146,2.519821005,-1.197659139,-0.5463948611,0.2434861954,0.2991207501,1.667174025,0.5781938172,broad
197,True,17,32,-6.726147287,-1.203707176,-2.020353627,-1.466566053,2.368948934,-0.9252480804,0.1178298229,0.8272373894,0.5045427721,0.6773908667,0.291083514,broad
198,True,16,35,-7.805900897,-1.046597587,-1.246746338,-1.60409123,2.662478205,-1.179685988,0.666756005,1.58912523,1.119284507,1.079978041,0.1582760785,broad
199,True,17,52,-7.814784175,-0.813694466,-0.2999510497,-1.023598923,2.531654171,0.8465464472,1.666225102,2.034159227,-0.751111397,-0.09921858053,-0.743815333,broad
200,True,20,37,-8.205600626,0.0003989914598,-0.1048842504,0.3770123331,2.328515928,0.02806287446,1.16442374,1.304479359,0.1335754823,-0.2408683509,-0.4709742831,broad
201,True,18,25,-7.424243605,-2.113938536,-1.655681225,-1.962497912,3.084841159,-2.02864986,0.266423575,0.6323340443,1.107645543,1.046436325,0.4079265614,broad
202,True,17,34,-7.417533245,-1.672762629,-2.132090346,-3.194522162,2.807642512,-1.684685082,-1.628873262,-1.481124567,1.496965289,3.875539437,3.541642124,broad
203,True,17,33,-7.507816832,-0.9042351551,-0.6859629794,-1.246780971,2.55370356,-1.018379594,0.8831879004,1.788954052,0.989947887,0.2508640787,-1.71311097,broad
204,True,17,36,-7.599986208,-0.5742319623,-1.274063936,-0.4533035707,2.80533249,-2.306038028,-2.120833826,-2.145393194,0.6158099544,2.609408906,3.032518142,broad
205,True,16,33,-7.680924891,-1.57495991,-1.530162022,-1.793134632,2.505120637,-1.843730142,-1.161828908,-0.8148989995,2.154779348,3.345104408,2.496860649,broad
206,True,17,38,-6.938775953,-1.113943475,-1.917412967,-1.808470678,2.663632623,-1.704939986,0.09476126081,0.0041006306,-0.1812853116,1.224026687,1.300675118,broad
207,True,15,51,-7.86338184,-0.681862836,-0.5362502022,-0.7504011708,2.694913744,-0.620374708,0.7166669937,1.882403011,0.8954209685,0.8588684531,-0.753271732,broad
208,True,19,44,-6.212265355,-2.281371771,-2.096262195,-2.122816482,3.051251176,-3.421860838,-0.2590938056,-0.1105033831,-0.1326847005,1.175362325,0.5436570694,broad
209,True,23,26,-6.719110926,-1.61678176,-1.830907928,-2.005228254,2.855201352,-1.228605375,-2.57820379,-1.869531603,0.2882021726,2.774229088,2.264743057,broad
210,True,19,32,-7.246814039,-1.42356443,-1.206372762,-1.490247884,2.739988449,0.3158878147,0.5449412876,0.9979692311,-0.5593911063,0.3996119127,-0.1624453435,broad
211,True,18,29,-9.061764205,-0.4782599118,-0.2760970885,-0.8213957184,3.250946912,-0.7271958335,1.21012353,1.54405757,0.5753765992,0.744890514,-0.9044866426,broad
212,True,20,34,-7.620771003,-0.8297993066,-0.8223151796,-1.304882563,2.637549633,0.6092937685,1.637805399,1.57369619,-0.5241404914,-0.403794227,-0.5328796862,broad
213,True,18,37,-6.742548318,-1.443760908,-1.130282925,-0.9330650338,2.324003731,-1.287594721,-0.2731473258,-0.2174755023,0.563783769,0.8594129763,0.7911080842,broad
214,True,16,42,-6.400376994,-1.118512325,-1.254472417,-1.087514498,2.360742633,-0.7641982208,0.419895058,0.8857530723,-0.2438657102,-0.01227864804,-0.2412571867,broad
215,True,21,37,-6.819028799,-1.351017716,-1.245122437,-1.316873713,2.793221026,0.04957322554,0.309660394,0.8887379578,-1.33547783,0.2887695602,-0.6074122782,broad
216,True,21,41,-6.226094377,-2.024330755,-1.816926086,-1.578642773,2.235743076,-3.174183206,-1.755836895,-2.393336594,0.1370228157,3.172549205,2.735071188,broad
217,True,16,41,-5.912684386,-2.119061357,-2.007490304,-2.552624106,2.74350559,-1.705708675,-0.3561544621,0.1739578831,-0.02912181547,0.9770829484,0.358295428,broad
218,True,19,40,-7.276810329,-0.7331486973,-1.671924971,-1.446601784,2.720950833,0.1337139371,0.1192445675,1.478467945,-0.6540021016,0.8909177466,0.1492139129,broad
219,True,17,41,-8.254130685,-1.242661493,-1.656827857,-1.907898522,3.562041103,-0.8863550719,-0.3047380811,-0.5076149165,0.292864622,2.453821186,1.771467834,broad
220,True,19,36,-7.935699966,-0.6195373537,-0.5147670284,-0.1143620677,2.661346561,-0.4184649893,0.8134019974,1.510817102,-0.5821106952,0.44917896,-0.9065278274,broad
221,True,18,27,-11.38648317,1.613664271,2.086163615,1.68333651,2.968887445,-0.4713926219,2.628186469,3.863263817,0.5799266648,-0.5405578288,-2.601595871,broad
222,True,16,33,-6.604589126,-1.251099916,-1.375658584,-2.114397498,2.348093011,-0.1114970099,0.3068645362,0.5663509358,-0.4582275243,0.4320550901,0.2397796611,broad
223,True,17,44,-7.088065514,-2.17269106,-0.9852674695,-1.526528837,3.023037974,-1.448568169,-0.1035190173,0.4517880268,-0.3694611386,1.153143537,0.3288785617,broad
224,True,19,30,-7.784032419,-2.421109582,-1.59442756,-2.24123778,3.858899224,-1.127618227,0.8123619395,1.710751147,0.4937150984,0.142321995,-1.365984079,broad
225,True,18,23,-7.735581051,-1.194392425,-1.193045845,-3.224020925,2.943880054,0.4379041159,1.1884372,1.556018999,-0.3650660904,0.1588639233,-0.3440306782,broad
226,True,21,30,-10.06470788,1.013744176,0.2635494321,0.3322843985,3.161529102,-1.118369309,0.3408184437,1.162952618,0.6240313297,1.620941799,0.7238518523,broad
227,True,15,53,-6.879046682,-1.97485256,-2.209829493,-2.154787799,2.818162156,-1.164784595,-0.6405421496,-0.6445946742,0.9430190885,2.467477524,2.484669314,broad
228,True,19,35,-7.033092681,-1.699372733,-2.949518219,-2.639796821,3.239611258,-1.81751124,-0.1791703747,-0.3723107387,-0.03739343649,1.71905202,2.191195926,broad
229,True,20,28,-8.063239368,-1.28962999,-1.033653325,-1.162829801,3.00314776,0.9674336906,2.026330565,2.416230922,-0.9064527114,-0.7542697205,-1.065492393,broad
230,True,21,36,-9.717318079,1.205469852,0.893991408,0.7307893155,2.331437808,-0.6576528218,0.9599023497,1.838156385,0.6289304786,0.8588383562,0.1967586031,broad
231,True,17,40,-7.36797298,-0.9998777499,-0.7908698808,-0.8890501436,2.58443093,-2.026339546,-0.6226841191,0.3376880768,0.6441766508,1.739981373,0.6762154975,broad
232,True,16,39,-6.235902566,-1.121747099,-0.9365338019,-0.7790677051,1.967270468,1.400928739,1.208995096,1.408829067,-1.83460581,-1.108008912,-1.529336361,broad
233,True,16,34,-7.365275013,-0.8371519933,-0.841436315,-2.147825826,2.957862304,2.198313322,1.823670101,1.242400771,-2.422089594,-1.535855735,-0.8788356118,broad
234,True,16,34,-7.748180484,-2.333727846,-2.11496088,-2.472581256,3.194443412,-1.248000043,0.1284114546,-0.0316749258,1.243874289,2.128687619,1.887573098,broad
235,True,22,26,-9.181906013,-0.2278012087,-0.4780282859,-0.6881889424,3.040490756,-1.504392549,1.461005617,2.881399529,0.9346868747,0.3436466173,-1.088876792,broad
236,True,18,31,-6.71488381,-1.443947688,-1.882122338,-1.318455167,2.250682113,-1.368887615,-0.7691229371,-0.9254685918,0.9297917667,1.906749253,1.660958875,broad
237,True,20,33,-9.995690677,0.6821644359,0.8392658779,0.5895636879,2.793656206,-0.6509857582,0.4935047785,1.823264442,0.6283589197,1.08774557,0.316745736,broad
238,True,18,34,-7.565694378,-0.4152608662,-1.227051414,-0.7407734287,2.263149467,0.2913733315,1.869754372,2.213726483,-0.05742377859,-0.7944965713,-0.5612584837,broad
239,True,18,28,-7.063890337,-2.112435024,-1.709205248,-1.832961197,2.901127623,-0.6216406189,1.036594357,0.7116843968,-0.2874787889,0.07512082509,0.03689183294,broad
240,True,18,32,-6.794661429,-1.465442498,-1.690913731,-1.481871175,2.726967994,-0.8152765844,0.2830394802,0.6870171489,-0.09618253593,0.5912182231,-0.04794891846,broad
241,True,18,32,-7.451872149,-0.8474192063,-0.9500015552,-1.160645688,2.819251161,-1.179008053,1.456398617,1.885107412,0.06437878189,-0.4525393438,-1.484715909,broad
242,True,17,35,-6.751163247,-1.856796995,-1.566194181,-2.317475944,2.557386509,-0.7686605317,-0.6197111518,-0.8721279095,0.5296156023,1.967472941,1.716386186,broad
243,True,17,36,-8.110927464,-0.8711262549,-0.7164423942,-1.313951396,2.790334265,-0.1552595333,0.8889426809,0.7400021557,0.6193635696,0.8510867889,0.5974310498,broad
244,True,16,35,-6.907551496,-1.466090417,-1.470982868,-1.589858595,2.340766889,-0.5944148742,0.4544765866,1.162839765,0.2373285232,1.036304287,-0.08495372221,broad
245,True,17,38,-7.327645715,-1.674499075,-1.114697323,-1.146070171,3.017545859,-1.036412242,0.203685133,0.0559848327,0.3279354134,0.8291481591,0.4769798524,broad
246,True,18,32,-8.813805046,-0.6425481306,-0.3455851554,-0.2516846317,2.296910542,-1.162866544,-0.416453469,-0.4731660389,2.008353051,2.631958717,2.190063473,broad
247,True,15,46,-6.642476623,-1.486668836,-1.610954198,-2.093112789,3.080405727,1.455095088,1.774276279,1.944620328,-2.667080617,-0.9252443731,-1.313965644,broad
248,True,19,34,-6.819340795,-1.258437475,-1.873539455,-1.419792683,2.853788849,0.7067572127,0.9188115447,1.380075663,-1.763495515,-0.253536194,-0.8834187605,broad
249,True,16,34,-8.447231108,-1.145529434,-1.409005316,-2.034636832,3.729040908,-1.798841937,-1.934844446,-2.481646861,0.539949457,3.618342709,3.821583788,broad
250,True,17,33,-7.181101823,-1.596234594,-1.30869946,-1.340677763,2.298085327,-1.135753949,-0.4260204715,-1.054125227,0.836435132,1.93389747,1.899268833,broad
251,True,18,33,-7.177707618,-1.946140552,-2.102080601,-2.987465089,3.091182341,-1.275206258,-0.6949415463,-1.82563985,0.2018457994,2.623661762,2.886829603,broad
252,True,21,32,-7.873921485,-0.7923700461,-0.9938609653,-0.8821273875,2.885807465,-1.493833878,-0.1231322053,0.04117619113,1.021047708,1.118795194,1.021122115,broad
253,True,17,40,-8.86998603,-0.145124011,-0.1037684361,-0.2495583371,2.426699604,-0.4617507444,1.667354484,2.642131125,0.9328158979,0.6408877878,-0.7991295832,broad
254,True,17,37,-7.615052566,-0.3562144433,-1.003970343,-0.7822464463,2.241599169,-0.9632651465,0.7025223899,1.094256221,0.8019408675,0.6778385617,0.335001283,broad
255,True,23,25,-7.230012661,-2.139051209,-1.583969263,-1.175270073,2.529664953,-1.60695247,-0.02312086556,-0.11162292,0.5206154543,1.379414378,1.191377273,broad
256,True,17,35,-6.654479549,-2.211098799,-1.903956717,-2.799961072,2.800169988,-2.536742845,-0.2647309229,0.3370702648,1.067762667,1.565887075,0.8462066255,broad
257,True,20,31,-6.783161955,-1.988721177,-1.628891567,-1.766705642,3.170890421,0.2264525209,0.6464232429,0.7998157547,-2.109283233,0.1285291323,-0.9948199951,broad
258,True,16,38,-6.658738745,-1.630257087,-0.972722544,-1.05937996,2.431317503,1.372617322,1.519263955,1.415349483,-2.233438475,-1.029960036,-1.128324075,broad
259,True,16,39,-7.410178049,-0.88472924,-0.8371191499,-1.178183294,2.487408516,-1.603442772,0.6811647516,1.379947708,0.7874363825,0.4883456176,-0.05741530416,broad
260,True,17,34,-7.236244203,-0.9174331742,-0.2831132971,-0.7182240085,2.877101024,1.539609394,1.621962571,1.972496503,-3.616139341,-1.608069649,-1.992489288,broad
261,True,17,39,-7.370659305,-1.373171019,-1.07601067,-1.019736704,2.517226652,0.4140304013,1.569596777,0.5129323131,-0.2108861113,0.1688482107,-0.08886551357,broad
262,True,17,35,-6.732324532,-1.478529756,-1.369231905,-0.6377671527,2.035251607,-0.3617748479,0.1542418623,0.7894121079,0.1280295624,0.4094318709,0.241634642,broad
263,True,19,39,-7.584604353,-0.8264624353,-0.7762909231,-1.003870924,2.395917766,1.094985652,2.164597706,1.703602,-1.22869671,-0.4224226311,-0.5759325544,broad
264,True,15,49,-6.454901137,-2.046811523,-1.394603549,-1.44380545,2.832267474,-0.9775803042,0.06376340065,0.497293097,-0.04847519746,0.5804402272,-0.1290571431,broad
265,True,19,33,-6.172320748,-1.596266055,-1.551078399,-1.532030568,2.196724374,-0.1331821181,0.04803827412,0.7088410673,-0.8051905955,0.5055288231,-0.5673209905,broad
266,True,16,36,-6.767164983,-0.9861363253,-2.157237723,-1.555815091,2.617912516,-0.9091477931,-0.3783662339,0.0800158178,0.4509846599,1.377067161,0.859866246,broad
267,True,18,35,-6.596196282,-2.227730824,-0.9266214202,-1.498988926,2.517983833,0.8717454084,1.348834839,1.729197865,-1.203701696,-0.6723250301,-1.906536743,broad
268,True,24,24,-7.255755604,-1.387794493,-1.354849575,-1.098186026,2.727235674,-1.2973927,-2.09107384,-1.300545638,0.5423645858,2.457167292,1.695412755,broad
269,True,17,39,-6.982653412,-1.371596386,-0.8765766885,-0.5266552123,2.373202745,-0.3918101405,1.097165848,1.27772332,-0.0782241169,-0.2151506586,-0.9024646314,broad
270,True,21,41,-8.670095346,0.06690346854,-0.1032813815,0.2439512202,2.549443862,-0.3130877386,2.174997366,2.393835669,-0.5326974821,-0.6049835145,-0.9330234029,broad
271,True,21,32,-7.70702075,-1.373055672,-1.8075808,-1.774961403,3.338350423,-1.749244164,2.082044573,1.733447312,-0.741268909,-0.8826815284,-0.236832842,broad
272,True,17,36,-7.742567046,-1.256456007,-0.9563074642,-1.549103403,3.085745521,-0.09352105281,1.32969525,0.7898319743,-0.4886941321,0.2934617174,-0.4436479984,broad
273,True,16,38,-7.466213863,-1.335900804,-0.8326999147,-1.427561586,2.850942585,-0.9962816166,0.8766760881,1.442492911,-0.2238286329,0.2560228758,-0.4201969851,broad
274,True,18,33,-7.198918203,-1.422389242,-0.4532749944,-0.6648075202,2.313163545,2.021363981,2.597801829,2.756928566,-2.819085626,-1.907240878,-2.544208258,broad
275,True,16,30,-6.727197136,-1.824016498,-1.330234418,-1.964653925,2.359381925,-0.4898172498,0.3493570827,-0.2710523266,0.1371388265,0.6115501341,1.004824326,broad
276,True,17,28,-6.861930908,-1.38687584,-1.160096345,-1.084177221,2.561168564,1.953263295,1.809430985,1.07203785,-3.15335313,-1.602532525,-0.9857036786,broad
277,True,19,27,-7.291818479,-2.023115972,-2.477803645,-3.023840793,2.809279115,-1.787012121,-0.9147497148,-1.222655931,1.168461904,3.234172555,3.035323926,broad
278,True,17,45,-7.933958971,0.09622136231,0.3288448188,0.1935914183,2.559103881,1.100791797,1.995187536,1.939380459,-2.249694374,-1.120640987,-1.683526102,broad
279,True,18,34,-7.188411515,-1.702671351,-1.753047477,-2.255617194,3.003153159,-0.4756463951,-0.06272930442,-0.704745414,8.78524185e-05,1.524976685,1.511223203,broad
280,True,15,43,-6.295395595,-1.919651685,-1.615467848,-2.380946985,2.696126066,-0.7660680665,0.01169729941,0.8529816859,0.3915984925,0.707829809,-0.5585468686,broad
281,True,24,25,-7.552410282,-1.981812821,-1.343672815,-1.582028582,2.924373275,0.4530542466,2.24054117,2.53911756,-1.820470026,-0.9719140109,-1.598048604,broad
282,True,22,28,-12.112489,1.801350803,1.259350282,0.8733972719,2.800294748,3.575129135,4.722417695,6.017890242,-1.900014537,-1.411271825,-2.748786723,broad
283,True,15,42,-6.877806707,-1.183882849,-1.199034226,-1.03717018,2.429045115,-1.103923185,-0.548000899,0.4478185988,0.7785782209,1.62114618,0.1298426331,broad
284,True,18,45,-6.988039954,-1.452723317,-1.175196943,-1.603634036,2.88526812,-1.78614485,-0.1954665511,0.4138219804,-0.452533558,0.9864432475,0.8434964006,broad
285,True,16,42,-6.768024334,-1.546337737,-1.156190881,-1.322740661,2.71091518,-1.098143063,0.1018159253,0.7385909651,0.1439279071,0.5726741652,-0.2028752483,broad
286,True,17,34,-6.235371394,-2.185034352,-1.554700421,-1.349147432,2.189598483,0.04679279652,0.2893847005,0.4491977095,-0.5168442389,0.01117262483,0.3139413334,broad
287,True,17,40,-6.836937259,-1.249591385,-1.944813088,-1.888967368,2.844588119,-2.305097163,-1.4582888,-1.693917717,0.9387304431,2.582332786,2.401009548,broad
288,True,21,29,-8.53945803,-0.7743962424,-0.04929263135,-0.1871004395,2.714695721,-1.202227073,0.1784898154,0.6394467895,1.168601498,1.138672746,0.1156177872,broad
289,True,17,42,-6.588502418,-1.419670674,-0.8706842453,-0.377839668,2.107177117,-0.8946437969,-0.6145495286,-0.8954966916,0.05792085311,1.099635748,1.023870537,broad
290,True,16,42,-8.161409312,-1.216471775,-0.1515352275,-0.9646120191,3.121237911,-0.5474951803,0.683403209,0.8534305512,0.09890807697,0.799607756,-0.1555499693,broad
291,True,17,36,-6.812259618,-1.954542745,-1.325184199,-2.427263128,2.815388806,-1.102661165,-0.4200980569,0.1279666343,0.361146702,1.707561257,0.4529621479,broad
292,True,17,28,-6.909680555,-1.421393802,-2.177848528,-2.07035917,2.614195274,-0.4808770028,0.07350419237,0.564457939,0.2857057649,0.9388336255,0.9435033543,broad
293,True,18,33,-7.471929275,-1.495603898,-1.512683201,-2.36045951,3.167531867,-0.5176485822,0.7760472857,0.7796502392,-0.6472199162,0.5789181908,0.4791232168,broad
294,True,20,39,-7.939682898,-0.7622220554,-0.6350385579,-0.6473090244,2.375423358,1.700379993,2.622257736,2.556098196,-2.291774728,-0.714473075,-1.392356862,broad
295,True,19,38,-8.24746966,-0.5462384159,-0.2953342385,-0.7359680697,3.203794293,-0.1563392412,0.7638033098,1.371491686,-0.8964447637,0.584938081,-1.158010447,broad
296,True,19,37,-6.436614919,-2.092784127,-2.156226951,-2.881153612,3.204241614,0.04590739013,-0.2114647214,0.08532298617,-2.094002755,1.010172367,0.3252794306,broad
297,True,18,34,-7.926841844,-0.6250801172,-1.427388142,-0.9827693409,2.709938501,-0.7736004673,0.8627534563,0.401525691,0.5210781787,1.021836474,0.9912485611,broad
298,True,18,35,-6.945719765,-1.826489102,-0.7519708426,-1.359460018,2.62208989,0.6804532178,1.61749704,2.113284798,-1.222294724,-0.8440901696,-1.806114289,broad
299,True,21,32,-7.298347544,-1.655627868,-1.348826616,-2.285211017,2.978540136,0.2502608532,0.2424522974,0.8375296793,-0.8466377698,0.8893630262,0.3221674207,broad
300,True,16,44,-7.048505011,-0.975707667,-1.108672309,-1.779452064,2.447994179,-1.734531219,0.1776247081,0.952807925,0.540187885,1.409940673,0.1086053857,broad
301,True,19,38,-7.715951316,-1.037553345,-0.466461026,-0.1986629715,2.789580398,0.7106633888,1.804116768,1.909762268,-1.213603432,-1.165627401,-1.272661465,broad
302,True,18,36,-7.226107387,-1.285230581,-0.4795357145,-0.8443880682,2.182217386,0.5902783381,1.561913051,2.58147325,-1.068147087,-0.4284127557,-1.748479717,broad
303,True,20,36,-7.625729942,-0.989100203,-1.125802832,-0.8866016151,2.603550023,0.5895416708,1.516517688,2.02962421,-0.3634941088,-0.1147537789,-0.7452214514,broad
304,True,16,44,-7.413511055,-1.203254097,-1.268920982,-1.46468753,2.719158654,-0.01407862354,1.213275866,0.7153381641,-0.2773398668,0.6055564577,0.3415204108,broad
305,True,18,28,-8.146973115,-0.1566804732,-0.08342386723,-0.2413530844,2.554619037,-0.3531855886,0.04398406451,0.6034532149,0.1325068372,0.9053027173,0.1410412027,broad
306,True,18,37,-7.932095249,-0.3374507142,-0.4164524341,-1.005260493,2.919550999,-1.836482847,0.5827757068,1.733555358,0.7249536674,0.3889133894,-0.6686146459,broad
307,True,19,25,-7.17352957,-1.552277435,-1.079171162,-1.45547181,2.356091635,-0.6053471222,-0.02091790103,0.009643251989,0.2642815289,1.306479237,0.2672311189,broad
308,True,19,42,-7.995083976,0.4792756176,0.3119629949,0.6559430933,2.245790564,-0.2670676685,0.5890144664,1.436979626,-0.3841022292,0.1205625391,-0.9826621435,broad
309,True,17,36,-6.925685884,-1.789378887,-1.74851531,-2.072625931,2.825806802,-1.310752668,-0.0633093956,0.2301737419,0.8298039596,1.685911436,0.02021330981,broad
310,True,26,21,-8.329853621,0.007738528003,-0.7964727236,-0.3052387264,3.070858627,0.3043390763,0.2831297273,0.9434336986,-1.055800649,-0.1767496469,-0.6809842148,broad
311,True,18,29,-7.278426885,-1.058960741,-1.183964639,-1.299506417,2.454004357,-0.302791235,0.1239600687,0.7130933863,0.06486123516,0.9846343172,0.2861654799,broad
312,True,19,39,-9.260066914,-0.05294762432,-0.3130695869,-1.188458247,3.557928763,1.512867652,2.104444098,2.438617716,-1.215301099,-0.2156209048,-0.772272673,broad
313,True,18,31,-7.298568218,-1.76820728,-1.06790187,-1.3020219,2.99825515,-0.3236117491,0.4181989533,0.8600207895,-0.09930221011,0.1701468928,-0.4172395615,broad
314,True,18,30,-6.551490624,-1.374168072,-1.338169213,-1.370847483,2.357414692,0.3359260099,0.4877233194,1.502166035,-0.6663822635,-0.3442001202,-1.379411541,broad
315,True,22,28,-6.953886627,-1.704754178,-0.9059432089,-1.163155161,2.66892395,-2.405635817,-1.059056441,-0.4896708781,0.5155447265,1.488753221,0.7605622961,broad
316,True,17,30,-7.295766603,-1.390834602,-1.891689824,-2.885978726,2.836590961,-1.015152556,-0.2214908443,-0.01205262366,0.8647046703,2.117166255,1.284398558,broad
317,True,17,36,-6.296515374,-1.466374172,-1.268843023,-1.31159654,2.230794004,-1.20758993,-0.4980209053,-0.3697401256,0.03520186306,1.218019405,0.2605342218,broad
318,True,19,40,-8.144218208,-0.09441824491,-0.7872213315,-1.082581686,2.749382768,1.140756879,2.57373466,2.507618786,-1.989514799,-0.9342601003,-0.9072248952,broad
319,True,17,41,-6.259031752,-2.468670079,-1.325258481,-1.907104344,2.644392472,-1.462697415,0.1692983464,0.07764826211,0.2784510722,0.5149061697,0.001874930912,broad
320,True,18,31,-7.676189017,-1.358844999,-1.136636034,-1.714690713,2.593820308,-0.3829718965,0.8524839024,1.052595767,0.5557374319,1.018926659,0.2520127964,broad
321,True,18,35,-7.985985697,-0.09558993942,-0.1578451175,-0.6204903085,2.505017697,0.1919930264,0.1814227137,1.471305791,0.0630821388,0.7644443204,-0.8125878927,broad
322,True,17,39,-6.999238813,-1.043340172,-0.2960894129,0.04233495883,2.197370129,-1.07136967,0.8160947764,1.808280205,-0.1967452872,-0.3694088957,-1.83447055,broad
323,True,16,42,-6.830302159,-0.6573024482,-1.18483436,-0.8378068051,2.207556966,1.444457906,1.936878358,1.823242717,-2.761815852,-1.025393779,-1.06717746,broad
324,True,17,34,-7.11425426,-1.924119388,-0.8036619335,-1.174939644,2.406741174,-0.5064571661,0.4432046234,1.056518501,0.4278796611,0.6485014295,-0.2949499577,broad
325,True,17,45,-7.174548123,-1.188879836,-0.676346979,-0.8869675659,2.226629122,0.3287360031,1.480443984,1.792660681,-0.7608568468,-0.1363100401,-0.7567809296,broad
326,True,18,33,-7.878017232,-1.131589317,-1.060988805,-0.8292199061,2.78855272,-0.1169123198,1.469808697,1.728699994,-0.2186310956,0.06069073756,-0.4617861401,broad
327,True,16,40,-6.524170249,-1.433154271,-2.170709427,-1.805268916,2.464737242,-1.554840139,-0.9417036965,0.08308904477,0.6693419985,2.219161942,1.194389716,broad
328,True,17,44,-7.652509432,-0.9303815603,-0.5042909436,-0.2791162685,2.442828095,-0.5893852033,0.9782965076,0.9078091606,0.61166018,0.3340911419,0.04537622372,broad
329,True,20,24,-7.504686362,-1.382035485,-0.7782592192,-1.284877903,2.431831579,0.5516087861,1.706081213,2.197568276,-0.2756949547,-1.247803138,-1.179231838,broad
330,True,19,29,-6.379927964,-1.153968614,-1.882954761,-0.6438889296,2.172490934,-1.019586603,-0.2297671555,-0.7474698538,0.417174617,0.305231777,0.4567130328,broad
331,True,19,31,-8.017418199,-0.4012993811,-0.5059800175,-0.05879220961,2.194269175,-0.7845289604,1.096214668,1.673605591,0.5290019516,0.5818026956,-0.8233672172,broad
332,True,18,35,-8.134877374,-0.1627186403,0.3158519852,-0.7102432943,2.832092646,1.325359392,2.03912967,2.759595221,-2.109889447,-1.54699394,-2.177527499,broad
333,True,18,36,-6.824769289,-2.164954663,-1.940002153,-2.741447704,3.308291857,-2.225313458,-0.70655333,-0.6354915482,0.2270491624,1.774136028,1.575053208,broad
334,True,17,45,-7.039241045,-1.795215324,-0.8263955794,-1.014522276,2.871744739,-1.503993415,0.03162562519,-0.55838054,-0.2370328995,0.8668122854,0.8100623977,broad
335,True,20,42,-7.124102965,-0.4973643979,-0.8667196308,-0.5640485322,2.255539508,0.3566774158,0.3593537936,0.9269306652,-0.8968063322,0.5273707124,-0.1708352924,broad
336,True,19,34,-7.303278862,-1.406968205,-0.4185932779,-0.5011429418,2.37444944,1.611464856,1.695114479,1.305377332,-1.902218872,-1.196569887,-0.9630633407,broad
337,True,19,35,-6.986865227,-1.229440664,-1.641569567,-1.224206369,2.315165832,0.4777582357,1.32726175,1.227219456,-0.3948608751,-0.02676705311,-0.07599678525,broad
338,True,18,33,-7.774967609,-1.356463055,-1.09659343,-1.449570128,3.163372966,1.886568737,2.587266302,3.259292325,-2.405117731,-1.212816277,-2.581207675,broad
339,True,21,28,-8.219892101,-1.524969123,-2.028937859,-1.809631602,2.609122663,-3.353658634,-0.1865754255,0.1647509876,2.267226409,2.891742434,2.545795284,broad
340,True,17,39,-7.830953692,-0.6765804461,-0.6449187087,-0.3775974787,2.703642306,-1.848071481,1.444468196,1.737794608,0.3966381161,-0.1204515486,-1.121152268,broad
341,True,25,31,-10.19404149,1.436142424,1.071471241,0.7906390896,2.799675688,2.333007434,2.302287435,3.991400332,-1.775445865,-0.7249739217,-2.443353053,broad
342,True,19,27,-8.722419764,-0.4501919847,-0.168583395,-1.251817066,2.840626205,0.3737918793,1.843134337,2.918484379,0.1430156135,-0.4301805091,-1.688232611,broad
343,True,20,33,-7.9417231,-1.213752081,-0.8029044805,-1.679623051,3.331319085,0.2655895155,1.313894979,1.835141687,-0.7615772607,-0.1420182653,-1.680675112,broad
344,True,17,34,-6.472777777,-2.024572246,-1.647771058,-2.380016171,2.686456583,-1.416244032,-0.4129621008,-0.241869661,0.4237547341,1.317925237,0.7112189458,broad
345,True,19,29,-7.099613754,-1.402109073,-2.997857155,-2.464716238,2.701171394,-2.349255262,-3.057815191,-2.632168603,0.3398568722,4.421000878,4.914871699,broad
346,True,15,39,-6.836918308,-0.5839850926,-1.208347798,-1.160957493,2.230534419,-1.105598898,-0.01453635977,1.154320824,0.6489122721,0.8194001284,-0.3639305012,broad
347,True,19,30,-6.424869141,-1.806962254,-2.474990989,-2.16284808,2.665084341,-1.864008042,-0.7097933618,-1.062884944,-0.103563296,1.496080184,2.029127489,broad
348,True,20,34,-7.168530179,-1.164264561,-0.3474480596,-0.4879851237,2.18374055,0.01797310597,1.034280783,1.670760769,-0.7153618473,-0.01236563314,-1.570214179,broad
349,True,17,37,-8.252008227,0.05860170709,0.05173207428,-0.574390242,2.618036693,1.772483334,2.389172014,2.668655,-1.954175706,-1.198578239,-1.73768836,broad
350,True,18,40,-7.037648761,-1.17193621,-0.4644463986,-1.135193769,2.155513791,0.31366121,0.9070716438,1.65734637,-1.22833706,0.1720555653,-0.8058366955,broad
351,True,17,35,-7.071534327,-2.232401323,-2.16994527,-2.314166968,2.790814155,-1.708404119,-0.1378955425,-0.1578351875,0.8827714108,2.258031889,1.428103085,broad
352,True,18,36,-8.085092588,-0.7141788331,-0.3898174361,-0.9979832127,2.953476125,0.1981534023,1.063840825,1.557955999,0.1111360659,-0.1215195105,-0.6111124257,broad
353,True,18,36,-6.457988679,-2.271418999,-1.469933077,-1.495509404,2.507723253,-1.742463339,-1.005752454,-1.611348624,0.493344647,1.774268249,1.752001894,broad
354,True,18,37,-8.312563559,-0.4336778506,-0.4222142147,-0.7881614953,2.755319084,-0.4416599759,0.7383399302,2.161784138,0.2025312175,0.6933603091,-0.6614130805,broad
355,True,19,34,-6.773553015,-2.52789821,-1.712239009,-1.170555461,2.553637441,-1.633561251,-0.1978118432,-0.6284056012,0.629438499,1.325770572,1.202438163,broad
356,True,18,22,-7.694757404,-1.145875921,-1.310143219,-1.233314453,2.290118686,-0.7826540374,-1.20611478,-0.219733633,0.7632950605,2.423737453,1.938673655,broad
357,True,19,41,-9.854019215,1.418787099,1.100723765,1.371833369,2.308638155,2.391268818,3.318461967,2.73871593,-2.149074392,-1.524307021,-1.218629565,broad
358,True,19,35,-8.048375377,-0.4428874499,-0.001966985414,-0.8363766847,2.867744814,1.406029251,1.852198702,1.880938468,-1.414017226,-0.8325436558,-1.85270075,broad
359,True,18,37,-6.714555798,-2.099831132,-1.626600483,-1.488481593,2.790607346,-1.148185451,-0.2795302727,-0.6804419493,0.202472276,1.327047571,0.7612617038,broad
360,True,18,36,-7.001328132,-1.197178501,-1.311096105,-1.349895714,2.387207646,-1.709217839,-1.069996133,-0.6397369631,0.8617196244,2.149613544,1.993041125,broad
361,True,17,37,-7.180175728,-1.129830445,-1.124693863,-1.097339972,2.516519463,-1.442116127,-0.9157009012,-0.7711843093,0.319796053,2.265503413,1.361515959,broad
362,True,19,27,-7.0374118,-1.113135711,-1.233825525,-1.726057009,2.651654073,-2.022407711,0.2394398891,0.3582500714,0.493067187,0.6851426075,0.2810821529,broad
363,True,16,38,-7.919989582,-0.8229794071,-0.6423041218,-0.8201193391,2.444723909,-0.504178792,0.05544496477,0.9253785077,1.322480587,1.286947005,0.3259099023,broad
364,True,19,32,-7.394154843,-1.196300756,-0.9448456677,-1.355355438,2.848344869,-1.650478012,-0.1692159796,0.1734724418,0.368334187,1.181230698,0.4600670369,broad
365,True,20,38,-7.029582552,-1.098196941,-1.723893945,-1.748974456,2.631625115,-0.3253003589,0.7918892211,0.1643695984,-0.8534889888,0.8751046393,0.6611883695,broad
366,True,20,29,-8.824607759,0.4191989795,-0.1700417884,-0.2356786361,2.654982058,2.008868337,2.440254889,2.486976232,-1.972733118,-1.155981864,-1.221547511,broad
367,True,18,35,-7.885475096,-0.8615628458,-0.3636128393,-0.4344374389,2.438002148,0.02900579117,0.7364798702,1.343645618,0.3184696114,0.2107595476,-0.2482607996,broad
368,True,15,46,-7.13795805,-1.494522289,-0.4782881128,-1.284161003,2.475697866,-0.4891287734,1.130167544,2.23296886,-0.2003612023,0.1235055756,-1.618070738,broad
369,True,18,44,-6.697743136,-1.687932964,-2.205714058,-1.812625797,2.978173993,-3.004910836,-1.328716764,-1.243179493,0.6932430967,2.388993809,2.260943447,broad
370,True,18,36,-8.025647808,-0.3401572438,0.01233547374,-0.1824800709,2.611664138,0.3825594109,1.291679755,2.095394652,-0.3900821158,-0.668042105,-1.370365869,broad
371,True,19,38,-7.278078983,-0.8459231965,-0.3671056745,-1.048695141,2.512320777,1.016614258,1.020147103,1.636290977,-1.907820868,-0.2818344073,-0.9265910429,broad
372,True,19,31,-7.802942756,-1.288352157,-1.32364891,-1.828011328,3.062700576,-0.9837572814,-0.254865858,0.876887568,0.2705150943,1.739204084,0.3717730834,broad
373,True,15,39,-7.228519273,-0.72016,-0.7803307982,-1.114156787,2.510224973,-0.6427848393,0.82036296,2.175656252,0.4155028465,0.1875338272,-1.739782391,broad
374,True,17,38,-7.52961434,-2.055741045,-1.613098031,-1.469212498,2.732240559,-1.992136092,-1.573804734,-1.273168638,1.664298282,3.522248226,2.79311991,broad
375,True,20,36,-9.541415137,0.2272264654,0.1867379298,0.03412291687,2.495846144,-0.8396277345,0.9012481601,2.095864623,1.726482307,1.228211705,0.4448165853,broad
376,True,16,34,-7.404689722,-1.682621844,-0.6194104136,-1.418294459,2.614309222,-0.5591930817,0.5036780793,0.8526224365,0.7174844912,0.7323982052,-0.4408817813,broad
377,True,20,32,-6.704083987,-2.417078389,-1.594585169,-0.994376376,2.788935277,-2.792050291,-1.114290221,-0.4651204508,0.427161779,1.933362532,-0.345861106,broad
378,True,18,44,-7.186762772,-1.574670955,-1.224300593,-1.207401752,2.880613964,0.2782489089,1.363143437,0.7081842374,-0.6480713533,-0.2428613248,-0.08295050293,broad
379,True,20,32,-6.944838506,-1.664993668,-1.159365482,-1.484456731,2.787585175,-1.734380196,-0.04066546737,-0.06077443469,-0.2125675388,0.9114579987,0.4221417596,broad
380,True,20,26,-6.960013168,-1.286510441,-1.51533178,-0.9060864358,1.804218271,-2.269745789,-1.639893127,-1.15443896,1.302999442,3.028578861,2.082346808,broad
381,True,17,44,-7.987704595,-0.4359089818,-0.4771337473,-0.4236227371,2.160840792,-0.0337600223,0.6428369828,1.427447041,0.408448539,0.9015182889,0.2923095653,broad
382,True,19,40,-8.475623377,-0.5895856771,-0.004212762027,-1.237795711,3.044434674,1.113093456,2.444273072,3.033334436,-1.093171345,-1.019709602,-1.983752146,broad
383,True,20,34,-8.050936399,-0.9164650392,-0.9089727171,-0.5168047295,2.248338191,2.088425416,2.136216285,2.340085838,-1.905150251,-0.2839771793,-0.5444450718,broad
384,True,19,33,-6.812550187,-1.953657484,-2.309357182,-2.636608385,2.648247405,-2.682740278,-1.274736747,-0.5970719717,1.287481101,2.746769839,2.320926598,broad
385,True,21,29,-8.324574528,-1.03773674,-0.7611069943,-0.6498281924,2.48396687,0.06247398265,1.695033516,1.776543824,0.177559774,0.2375147689,-0.2940389317,broad
386,True,19,30,-5.929208483,-2.196331968,-1.860538716,-1.951579178,1.685263025,-2.267607066,-1.796729207,-2.43320861,0.8555162856,2.831991193,3.158364511,broad
387,True,20,28,-7.77266162,-0.6857959307,-0.5315665628,-1.368298506,2.930375431,1.098556152,1.463776026,1.84242292,-2.25532709,-0.7185106169,-1.633751191,broad
388,True,20,28,-7.997462423,-1.800133581,-0.2035330918,-0.3945094751,2.726858533,-0.06863936741,1.574385676,2.302750742,-0.5544641113,-0.6421702589,-1.951678347,broad
389,True,23,24,-6.549505932,-3.00811453,-1.93804576,-1.951996396,2.634656203,-0.6039874618,-0.4596119704,0.1265368793,-0.9576830601,1.275639254,0.6823895289,broad
390,True,16,41,-7.965498646,-1.024479313,-0.1959949077,-1.118050344,2.640953413,-0.8586368946,0.8061966106,1.401132957,1.409314373,0.4292298967,-0.2282651993,broad
391,True,19,28,-8.27201634,-0.6185649766,-0.6817343626,-1.873826178,2.918834924,1.060956744,1.813583396,3.415717633,-0.5897627501,-0.2393331116,-2.310416444,broad
392,True,24,33,-8.521413114,-0.108379699,0.03046426914,-0.08800706004,2.695662258,0.3936603714,2.024354362,2.123916839,-0.7367579116,-0.4028684157,-1.756418511,broad
393,True,18,31,-9.880964346,-0.4916920269,-0.5067384825,-0.5206796018,2.200577866,-1.756712876,0.7926592876,1.835356979,3.198968948,2.738841273,1.251648288,broad
394,True,19,30,-7.342521263,-0.8887357325,-1.085008173,-1.334749686,2.621772182,-0.3266660534,0.1460433538,0.1856745007,0.06185709977,0.7968510933,0.6458762466,broad
395,True,19,32,-7.929050846,-0.7323847365,-0.9042349694,-1.336721751,2.668422832,1.88998083,3.200983162,2.94530887,-2.017727847,-1.514882147,-1.56044986,broad
396,True,17,28,-8.457891341,-1.158242408,-1.671380659,-1.970199505,3.328429239,-1.3360843,-1.312708428,-1.971014605,1.360971524,3.167413257,3.928323341,broad
397,True,18,29,-7.186137245,-2.463244165,-0.6730329912,-1.106963333,2.545820633,-0.7721136935,0.4568933955,1.433788163,0.146910616,0.1266116345,-0.8370784945,broad
398,True,18,33,-7.168140391,-0.7195171048,-1.255084004,-0.7786473029,2.331613875,-0.1529422068,0.02227216064,0.3551586059,0.04273920527,0.5536705858,0.7478204262,broad
399,True,14,44,-6.399186022,-1.357925113,-1.203690473,-1.349177352,2.404441739,-0.8577689235,0.3647115905,1.552289021,0.0740960133,0.1317453184,-1.444464628,broad
400,True,18,34,-7.24940966,-1.346837324,-1.128713336,-1.602791078,2.349990321,-1.180701959,-0.1699898292,0.4933438934,0.7922648473,1.426788395,1.09197298,broad
401,True,16,41,-6.888027468,-2.192927316,-1.184692536,-1.676240291,2.676501963,-1.291590368,0.1317904651,1.34557533,0.4632238097,0.8483926947,-0.4712874591,broad
402,True,17,42,-7.023983761,-0.7812378216,-1.339955188,-1.240003925,2.605029998,0.5367225825,0.8951703895,1.170960275,-1.146969703,-0.3092855814,-0.1264187996,broad
403,True,16,42,-6.235697997,-1.77968041,-1.390458831,-1.141000718,2.10645159,-0.4437156921,-0.5381966437,-0.05288290566,0.548514992,1.265754897,0.004700299446,broad
404,True,16,38,-7.248677131,-1.09271405,-0.2532719746,-0.9990083636,2.413092354,-0.4594666939,0.5196791869,1.652155011,0.1032466637,0.01576115098,-1.247417392,broad
405,True,15,43,-6.836127216,-2.424821469,-1.416268848,-1.711670838,2.615729299,-0.05327877927,1.22075023,1.047643466,-0.2075051536,0.2286057443,-0.1233052078,broad
406,True,20,33,-7.531690318,-0.9473730726,-0.741049318,-0.9872062541,2.55304399,-0.3748542403,1.760069055,1.844064481,-0.5711755977,-0.3429071354,-1.148054507,broad
407,True,16,36,-7.826040886,-1.309979342,-1.233195922,-1.379083634,3.310098597,-0.7455904842,-0.08453717865,-0.6098913193,0.4937301505,1.422865299,1.194741806,broad
408,True,18,39,-7.716214115,-1.81280729,-0.9091684916,-0.8785121536,2.847851077,0.242890066,1.705876622,2.244225791,-0.2791012417,-0.2076196757,-1.291400542,broad
409,True,20,22,-6.544290421,-1.894602296,-0.7565375488,-2.002481393,1.964276193,0.3343152003,0.9962192686,2.480118984,-0.6092991611,-1.403122821,-2.097241034,broad
410,True,19,36,-7.811171224,-1.460734191,-1.211121076,-1.550959989,2.742312708,1.86316665,2.477088027,2.270787527,-2.206760473,-0.5437681914,-0.4770850617,broad
411,True,16,35,-6.594789406,-2.218997451,-1.344519129,-2.015187254,2.672161053,1.974544861,1.919270029,2.264228286,-2.291534105,-1.336616411,-1.855439439,broad
412,True,19,34,-7.716340077,-0.6024161827,-1.283594681,-1.327413835,2.684778393,-2.550693395,-0.843602456,-0.2789063442,1.028218397,2.243600652,1.800343513,broad
413,True,67,24,-8.170134112,-0.8533370095,-1.421678768,-1.321478518,2.650112797,0.4926069936,0.8826972658,0.1324093785,-1.058155404,1.0944934,1.154169148,broad
414,True,19,34,-8.413570697,-0.168305179,0.1289825331,-0.3768228373,2.852124546,-0.1157671814,2.020071247,2.813381075,-0.3097651945,-1.236362096,-1.702167807,broad
415,True,21,31,-7.300284631,-1.470945315,-2.17533239,-1.910544521,3.296492331,0.5665742491,1.038439082,-0.1260515625,-3.239876266,-0.006508063754,0.7430843063,broad
416,True,17,33,-7.856182832,-0.4348410688,-0.6925322678,-1.242865651,2.520786061,-1.039868001,-0.1236551037,0.4799830643,0.6654065663,1.716457965,0.6644136927,broad
417,True,17,39,-7.422014195,-1.167504996,-1.19036524,-1.642246557,2.816613898,-0.8525315278,-0.1938382648,0.3498458273,0.5696942411,1.596902937,1.014282196,broad
418,True,19,25,-8.450513,-0.7360961167,-0.3894692841,-1.489828867,2.025969103,-0.2054515943,0.6296487785,1.226134645,1.305727568,1.705834257,0.3570900902,broad
419,True,22,31,-8.147040891,-0.6559990858,-0.978225895,-1.556718492,3.762353187,-0.5250267032,0.1592228544,0.2858950589,-1.466319614,0.55741848,0.4547208571,broad
420,True,18,32,-7.102416963,-1.481266174,-1.366382588,-1.282373548,2.293341596,-1.114081562,0.5291358973,0.7665850197,0.834154569,0.845356489,0.3678904672,broad
421,True,22,32,-7.701025452,-0.9340266932,-1.461636966,-1.700965572,3.464582527,-0.712480253,-0.599078361,-0.05541692673,-1.175162501,1.439274015,1.189202477,broad
422,True,16,41,-7.917471434,-1.150978271,-0.7419873622,-2.057415293,3.538269801,0.2355258495,0.8741465817,1.883877658,-0.5111189524,0.1954786669,-1.241884537,broad
423,True,18,46,-6.875150829,-1.502415152,-1.740456844,-2.210675818,2.958381155,0.1616812316,0.163613035,0.09186003155,-0.8694458598,1.254159119,0.9232822311,broad
424,True,19,23,-9.587208075,-0.4431478346,-0.05544954204,-0.5034511707,1.776869024,-1.133937828,0.1130216278,1.642461524,2.82834582,2.855761781,1.116590497,broad
425,True,18,41,-8.745939265,-0.9472501405,-1.390679558,-1.482729449,3.230317583,-0.4644692837,0.343190214,1.876010641,0.8574740666,2.179135761,0.4932570971,broad
426,True,16,38,-6.719480422,-1.812214736,-1.223063365,-1.499362945,2.556349331,-0.9914824822,0.4706392059,1.06452455,0.3915500797,0.5142714872,-0.6513568805,broad
427,True,23,28,-7.382761058,-1.366963812,-1.422157379,-1.635922366,2.746592108,0.5170636151,0.9651141728,1.345430157,-0.7730360216,0.2595316481,-0.380406356,broad
428,True,16,43,-7.081843831,-1.326836366,-0.5159186233,-0.1851341363,2.20808963,0.2062284455,1.235769896,1.345112897,-0.3514698838,-0.5677571534,-0.7138960724,broad
429,True,21,32,-7.484023383,-0.9067789143,-1.531410699,-1.320395729,2.998586498,-1.034035733,0.3664265219,0.7122966689,-0.1349935451,0.5037105594,0.4825629858,broad
430,True,19,26,-7.711245119,-2.751118636,-1.987395613,-2.061837669,3.143179836,-0.8252856349,-0.1811256439,0.1034922126,0.5413290693,2.120906884,1.035841805,broad
431,True,19,31,-8.279104275,-0.4121631134,0.06774680517,0.6801293747,2.618805618,-0.7799742325,0.335999079,1.366459595,0.3830397134,0.4674735973,-1.56511158,broad
432,True,18,26,-7.342484423,-1.234500091,-0.9541940396,-0.8698275408,2.437277118,-1.275443601,-0.2865691459,0.7605461499,0.7019879146,1.222314133,-0.25723154,broad
433,True,25,28,-9.446911575,0.1310863377,0.3192866779,0.4132132654,2.388567438,-1.387852717,1.3512501,2.012773694,1.670644856,0.5423860299,0.0510017278,broad
434,True,17,33,-7.735890931,-1.273809094,-0.8022457983,-0.9428853602,2.920519687,-1.278748778,1.564690287,2.620603062,-0.2440171485,-0.3877288111,-1.945729411,broad
435,True,18,29,-6.639745351,-1.828533738,-1.236870506,-1.644287497,2.497732595,-0.3176893827,0.4386585614,0.3089899698,-0.06604995601,0.3598179285,-0.2713239683,broad
436,True,19,28,-7.666905854,-2.074860926,-0.5957383609,-2.107196673,2.913351726,0.278138528,1.132741747,0.2616464405,-0.2382570339,0.03717419022,0.2163997729,broad
437,True,18,32,-7.127595742,-1.012868993,-1.336690039,-1.633808571,2.829497098,1.298241411,1.559119241,0.7066173727,-1.82629265,-0.4273133044,-0.8692714261,broad
438,True,18,32,-6.991919489,-1.168285196,-0.2866640209,-0.4798182621,1.909652315,0.1941648732,0.6072193083,1.809175288,-0.3535131197,-0.2530319346,-1.233528714,broad
439,True,16,31,-6.94451125,-1.227473481,-0.9264383638,-1.23177598,2.214102659,0.06555168349,1.074857478,1.784441762,-0.0309867325,-0.2265400304,-1.361623939,broad
440,True,19,38,-7.258490496,-1.010953691,-1.148204011,-1.511396346,2.511731946,0.2704412911,1.288017552,1.289458045,-0.5442545082,0.02532111213,-0.1024825499,broad
441,True,19,32,-7.37542466,-0.9525239734,-0.7199008042,-0.7229102871,2.477290276,-1.451214591,0.4258097365,0.7002389168,0.8491823105,0.4087741632,-0.1358521891,broad
442,True,18,38,-7.486043846,-2.169996702,-1.11492107,-1.143363271,3.070115092,-1.310852726,0.4549075478,1.462141619,0.1024082212,0.4557151352,-0.4394928475,broad
443,True,17,40,-6.262119343,-1.557009963,-1.441724813,-1.075455222,2.240496365,-1.519773555,-0.1329602545,0.5993042821,0.4592936954,0.2723557884,0.09945549826,broad
444,True,16,40,-6.77413234,-1.797664103,-1.70383114,-2.208004096,2.917600297,-1.665786293,-0.3121149117,-0.3983187617,0.607043835,1.785801744,0.8335063522,broad
445,True,15,38,-7.415345313,-1.162816959,-1.272528333,-1.748348388,2.904013177,-0.302714164,-0.2135185716,-1.0490928,0.4786758015,1.249543748,1.819450175,broad
446,True,21,40,-8.243951937,-0.7304193184,0.2485924729,0.3654202443,2.585696245,0.369347818,1.643686375,1.60114218,-0.7363236464,-0.7593431169,-0.7368674352,broad
447,True,20,26,-7.4293055,-1.126919282,-2.237417985,-1.968144163,3.085732408,-1.939328235,-1.093230121,-1.419009004,0.5784407051,2.414425556,2.369628738,broad
448,True,19,35,-8.725186396,0.5378779295,0.2442243736,0.1318669055,2.446982511,0.2337635483,2.043566974,3.387601089,-0.115146967,-0.8850618085,-2.024317704,broad
449,True,19,40,-7.240145682,-1.999968882,-1.487347134,-2.115660997,3.404508804,0.6258149685,1.774002438,1.076525563,-1.728087461,-0.5875377678,-0.5178788922,broad
450,True,16,42,-5.989315806,-2.222726034,-1.903337342,-1.661370745,2.195452311,-1.101181532,-0.2141465493,-0.3797667293,0.463300652,1.114602806,1.026112132,broad
451,True,19,31,-8.052751125,-2.891785981,-0.128941574,0.289179769,2.927616038,-0.03369464938,1.62993198,1.827219838,-0.5729933095,-0.9815898626,-1.933045705,broad
452,True,20,35,-8.117933892,-1.302493958,-0.7588988995,-0.9421319956,2.408071314,-2.016780374,0.8703056177,0.9378565554,1.27777815,1.487804379,0.4154256815,broad
453,True,18,28,-8.102633153,-0.8070398095,-0.82242432,-1.071451164,2.497317581,-0.6986802091,0.5836884401,0.9393166928,0.8155200174,1.366969021,0.5442924764,broad
454,True,23,27,-7.051407375,-2.407870587,-2.331635924,-3.545051545,3.383322149,-0.7229375492,0.9438541423,0.6114380542,-0.9773125468,0.6126667213,0.498041154,broad
455,True,20,39,-7.921698827,-0.5939178785,-0.5624424109,-0.4127809137,2.713296435,1.113807247,2.273085287,2.027590847,-1.848029906,-1.103733659,-1.033966787,broad
456,True,18,29,-7.134928958,-1.334439108,-0.6161926412,-1.105080221,2.410165049,-0.9721258803,0.4914177601,1.495477945,0.5537743274,0.02532838949,-1.276422669,broad
457,True,17,32,-6.583350715,-1.345088632,-1.115911295,-1.160881701,2.034591743,-0.6738000435,0.08525577289,0.7434635526,0.02762952101,0.8634801276,-0.1879984558,broad
458,True,19,34,-8.491557593,0.5471706098,0.3700970269,0.7950510756,2.101411789,-0.6482157237,1.902267416,2.75771227,-0.1334520674,-0.837153196,-1.577812444,broad
459,True,17,38,-7.949083903,-1.288312936,-1.59057459,-2.128797508,3.228139994,-1.788398347,-0.9004788298,-0.4265962301,1.140407933,2.792895675,2.197659851,broad
460,True,20,25,-8.061863285,-0.6140536641,-0.540203245,-0.5525071704,2.769797295,-0.7172086359,0.7292339124,1.486736016,0.2771674893,0.09905052791,-0.739092756,broad
461,True,16,43,-6.959361289,-0.8237637194,-0.6139308949,-0.3080483641,2.109252627,-1.137030708,0.1903381892,1.036636387,0.3371788655,0.5227519313,-0.3455498607,broad
462,True,19,33,-6.799859083,-1.840277779,-1.466757455,-1.488465002,2.610528425,-0.9422107168,-0.3567607194,-0.7265338831,-0.2134852833,1.194345308,1.424849024,broad
463,True,19,29,-7.356754342,-1.421857488,-1.919664491,-2.29995643,3.055953259,-1.434305297,-1.043249949,-1.41394039,0.08982510113,2.538680509,2.335719333,broad
464,True,17,42,-7.538830161,-0.5028128026,-0.8841480525,-0.9866293679,2.37888251,-0.5582308845,0.319687293,1.196595012,0.0893485978,1.256436457,0.0104142769,broad
465,True,17,32,-7.180590763,-0.7336084502,-0.7517784397,-0.7588610015,2.674575676,-1.451221277,-1.23654355,0.1131092865,0.3771619065,1.355315431,0.1433885121,broad
466,True,15,45,-6.905879142,-1.821042325,-2.084168158,-1.856761798,2.763413154,-0.600421802,0.563144646,-0.1985624396,0.6115936533,1.00401224,1.644900833,broad
467,True,17,32,-6.718967846,-1.368776172,-1.245710745,-2.317918175,2.81728651,-0.9279920891,0.367219988,0.82098982,-0.6455357026,0.3751557637,-0.6328446971,broad
468,True,20,29,-8.677511285,-0.4602586249,-0.5205491115,-0.5618464099,2.19752104,-1.182396504,0.1534271258,0.8443458926,1.725038819,2.007821055,1.349311326,broad
469,True,18,31,-6.635796971,-0.890787258,-1.480408012,-1.105249592,2.197184261,-0.2607556095,1.042578847,0.8314517147,-0.6346577839,-0.9573420917,-0.02791952441,broad
470,True,19,43,-8.298822504,0.4102596626,0.6581840377,-0.170049782,2.191060251,0.6730479316,1.264617585,1.967077479,-0.4840199888,0.04508635057,-1.072508825,broad
471,True,22,28,-7.64082221,-0.6120955489,-0.03274922308,-0.6240323123,2.258616173,0.7369822855,1.590984505,2.605744554,-2.355742729,-0.6844136184,-2.07487213,broad
472,True,20,28,-7.721394972,-1.800109922,-0.7535270525,-0.9558097657,3.171607002,-0.4695468776,-0.1503375322,-0.6367982455,-0.2497214505,0.6011525399,0.9253592411,broad
473,True,17,37,-7.221488093,-0.8046696068,-1.27235104,-0.5524323785,2.281807459,0.01111235535,1.104943938,1.857510532,-0.3178290643,-0.006413106105,-0.9168363822,broad
474,True,19,32,-10.343005,0.9509432899,1.184819076,0.7468562625,2.335713028,2.258995229,4.041559225,4.78434777,-0.8320941544,-1.732455733,-2.850656716,broad
475,True,17,47,-5.902698659,-2.983945973,-1.838980419,-1.412982257,2.576758466,-1.850102803,-0.1703503119,0.08867137184,-1.351846501,1.011582892,0.005952321352,broad
476,True,19,36,-7.187046795,-1.131659615,-1.030835147,-1.565160872,2.296357546,-0.4741900114,1.630741562,1.474816908,-0.4280969577,0.01394247313,-0.3114110062,broad
477,True,16,44,-7.652517239,-1.209136033,-0.9602615848,-0.7618952566,2.630047583,-1.493252276,-0.241746883,-0.5500189822,1.269155587,2.066325604,1.212678118,broad
478,True,16,39,-7.048051143,-1.268189747,-1.011498332,-1.496478702,2.917889042,-0.7303562719,0.7629735261,1.557500102,-0.1292081832,-0.1736787204,-1.055907449,broad
479,True,18,33,-8.142689572,-1.257075264,-1.487159284,-2.408649372,3.446101262,-1.224527662,0.2749479995,0.9445536038,0.3326658119,1.750417222,0.5218409327,broad
480,True,52,28,-7.397088713,-2.347086043,-1.575659037,-2.190316991,3.500324924,-2.966012494,-0.1941651852,-1.111225209,0.1496049684,1.217791934,1.249147208,broad
481,True,17,42,-7.383613428,-1.024553701,-1.2821692,-1.203681156,2.80514454,-0.637781596,0.2427481157,-0.05961699666,0.4299875642,1.110679064,1.094144543,broad
482,True,18,43,-8.163769614,-0.7024137079,-0.01533925279,-0.2567799783,2.940155818,-0.9016996758,0.5685990751,0.4720546742,0.6058325441,0.5177748569,-0.0887261699,broad
483,True,17,42,-7.006579165,-1.898661159,-1.264764979,-1.786177756,2.811920902,-0.778233279,0.1747086507,-0.01244840994,0.7104842271,0.7327741838,1.055740837,broad
484,True,18,36,-6.828256472,-1.804027355,-2.001187971,-2.431420161,2.307384176,-1.405911471,-0.5987056255,-0.5211724896,0.8513893179,2.473722411,2.246185956,broad
485,True,17,32,-6.736243514,-1.529495058,-1.563553432,-1.71127142,2.43926729,1.436857234,1.615443741,2.269730313,-1.852562919,-0.7591990444,-1.302790704,broad
486,True,19,36,-7.217980498,-1.474868639,-1.577301127,-1.371998144,2.680503522,0.4102723827,1.000711591,0.5347326553,-0.4239138845,-0.1005833675,1.028333394,broad
487,True,21,32,-7.523546895,-1.774121803,-1.098681934,-1.682482086,2.714914603,0.4415382525,1.273984513,1.83305222,-0.3340133261,0.3871488958,-0.7065655904,broad
488,True,18,41,-6.595437594,-2.267317836,-1.99145851,-2.566523966,3.214990825,-2.826909897,-1.143517803,-0.8556903678,0.4005457468,2.331976365,1.511418073,broad
489,True,20,33,-6.904187571,-1.629122109,-1.554284001,-0.9590363353,2.599338574,-1.891961596,-0.3590215866,-0.5087857166,0.6675745733,1.194829339,0.8376598043,broad
490,True,21,29,-6.838482025,-2.063326537,-1.508763281,-1.30939708,2.569930215,-2.868083774,0.07806790555,0.8614241318,0.07003152617,1.07995196,-0.3822280176,broad
491,True,19,32,-9.20135849,-1.523179965,0.4347913244,0.005631240498,3.058060115,-1.019725808,1.685325086,2.498763549,0.5280086401,-0.02907460327,-1.900963592,broad
492,True,17,36,-8.53213515,-0.578331884,0.06060868633,0.02887848379,2.935922025,2.776023274,3.57889832,3.720107296,-2.972434516,-2.532780472,-2.92749535,broad
493,True,19,29,-6.927235445,-1.676790931,-2.158456206,-2.372364055,3.032298027,-1.183400928,-0.03336521959,1.049362195,-0.08818961406,1.169503298,-0.1471210071,broad
494,True,18,39,-8.917812185,-0.01413644459,-0.4273310151,-0.3066852969,2.850459407,-1.325693633,0.556676273,1.600728219,1.570015127,1.554846477,-0.04338649872,broad
495,True,24,28,-6.755089238,-2.011128285,-1.607204519,-1.147089231,2.834299194,-2.642878381,-1.115496197,-0.6832130013,0.7181682594,1.477181671,0.6555916461,broad
496,True,17,34,-8.016874236,-1.240501462,-1.18960438,-1.206456752,2.61421915,-0.968746388,0.09469967394,1.091970405,1.330396837,1.871740818,0.7405125561,broad
497,True,51,20,-7.464988971,-1.004561612,-1.065624746,-1.553546427,1.893038223,0.3496009183,0.5175460181,0.8521897355,-0.920955278,1.31000564,0.04550868835,broad
498,True,26,22,-7.706796836,-2.325381075,-1.188308771,-1.219308607,2.479001207,-2.755562963,-0.6897078685,0.009258662983,0.7183588296,2.365001587,1.431574369,broad
0,True,17,36,-6.616797324,-2.104954387,-2.038172907,-2.462136484,2.76591347,-2.091815042,-2.299236597,-1.661459455,1.300853162,3.50872769,2.841870791,prior_operation
1,True,21,27,-7.453574557,-1.107284609,-1.575913437,-1.464335329,2.550328079,-1.546715114,0.1194689675,0.306599001,0.4982306809,1.52820535,1.433291821,prior_operation
2,True,19,30,-6.499320128,-1.430703862,-1.787184254,-1.748896487,2.432925259,-0.8241098311,-0.6008122443,-0.845130777,-0.2191629369,1.631778728,1.447011328,prior_operation
3,True,19,35,-7.757283871,-0.9402063774,-0.4530078449,-0.1761387728,2.658795355,-1.751832776,0.1991570898,0.2835496961,0.1174460873,1.04613889,0.5085609302,prior_operation
4,True,19,32,-6.694311083,-0.6457462195,-1.068085541,-0.2675884098,2.127753519,-0.9512527353,0.124184287,-0.08037660115,0.08353123919,0.217885044,0.1782500362,prior_operation
5,True,17,38,-6.353801639,-0.9929438215,-1.167328973,-1.239671815,2.138216575,-0.2136233545,-0.6730788029,0.1042808129,-0.3790324386,1.015708214,0.6140126368,prior_operation
6,True,20,25,-7.939030675,-2.267918365,-1.983627433,-2.604817612,3.674240882,-1.839644019,-0.9026869674,-1.430448134,0.8511439063,2.697648359,2.283221454,prior_operation
7,True,20,27,-6.79829477,-1.063363744,-0.6193567008,-0.3993593324,1.673980641,1.390684087,1.349948758,1.7276616,-1.829769201,-0.7145931975,-1.104020989,prior_operation
8,True,16,39,-5.86439339,-1.312556377,-2.488515147,-1.04134572,1.794734871,-1.726748618,-1.733154608,-1.745104645,0.5182111958,2.27463364,2.787712263,prior_operation
9,True,19,35,-7.329129769,-1.391276287,-0.5884933214,-0.7534933336,2.944878752,1.647249189,1.521828991,1.824114785,-2.68018539,-0.8207719375,-1.979775397,prior_operation
10,True,17,29,-7.134622881,-1.01435408,-1.303714264,-1.626323029,2.295716637,-1.179671283,-0.1823365873,0.3836591392,0.8021865374,1.440307066,1.091142667,prior_operation
11,True,23,32,-6.450734755,-1.030835917,-2.431280379,-1.491923537,2.31577724,0.2697943828,0.09991546595,0.2080892656,-1.022213887,0.1533946684,1.365524129,prior_operation
12,True,20,27,-7.599384779,-0.619681473,-0.5804044009,-0.4963646273,2.659586523,-1.085111164,0.1802919797,0.9676566644,0.002393398271,0.5086068696,-0.0875283585,prior_operation
13,True,24,35,-7.140535597,-1.296568558,-1.639734739,-2.241079351,3.272294546,-0.006118430572,0.112906223,0.8046012362,-1.423203218,0.6906106865,0.2255252656,prior_operation
14,True,21,31,-6.035971828,-1.969740569,-2.309565763,-2.75806673,2.643911655,-2.442923417,-2.381642648,-1.589890398,-0.480884686,3.13853901,2.580262224,prior_operation
15,True,16,45,-6.146161932,-1.126354547,-1.804626527,-2.356580339,2.177458983,-0.7667214489,-0.7917427359,-0.8228433319,0.1161215662,2.050857526,1.782268098,prior_operation
16,True,23,33,-6.712666354,-2.158956794,-1.167309252,-0.7142294934,1.769644696,-4.104154891,-1.994226743,-1.743811177,1.609714021,3.375066355,2.973937815,prior_operation
17,True,18,27,-7.437222708,-1.453494616,-1.54997589,-1.592423281,2.811590177,-2.934664392,-2.717159704,-3.188892999,0.789045053,4.0757522,4.285862517,prior_operation
18,True,19,41,-6.774093893,-1.528156002,-1.281706345,-1.833657955,2.826637962,-0.2564788702,1.144278994,0.9393924559,-1.002171721,0.00780536149,-0.4823135972,prior_operation
19,True,16,34,-6.994694822,-1.023940176,-1.492293267,-1.226344878,2.139723042,-1.679653727,-1.557141651,-1.656361308,1.074893449,2.77764095,3.103875371,prior_operation
20,True,20,33,-7.378561585,-1.435278365,-1.804764251,-1.608475375,3.417745229,-2.984031912,-2.142058131,-2.306688858,0.2473592778,3.115950967,3.251883384,prior_operation
21,True,27,29,-6.51829277,-2.669171332,-1.199308162,-1.135106676,2.504490236,-2.922069763,-0.6858578292,-0.7390242804,-0.3344413136,1.329876106,0.8892194074,prior_operation
22,True,18,32,-7.372420906,-1.371928315,-1.487382319,-2.074041605,3.108331361,-1.854329349,-1.369182841,-0.8001690068,0.4185602637,2.782810768,1.869509698,prior_operation
23,True,36,31,-8.278704715,-1.02803287,-1.276950877,-1.563566782,3.880004295,-1.413485875,1.145746433,1.279674628,-1.600573494,0.300963422,-0.05764231506,prior_operation
24,True,20,43,-7.184177999,-1.54685886,-1.056122342,-1.878305747,3.16391084,-1.372647601,-0.1514420128,0.06795293088,-0.4084725511,1.480436243,0.840302246,prior_operation
25,True,18,31,-6.454221207,-1.234250615,-2.446107418,-1.827760743,1.705469319,-0.7675404419,-1.313490763,-1.088356954,0.3153509673,2.189658099,3.296942509,prior_operation
26,True,19,30,-7.126929676,-0.9560890863,-1.464340795,-1.370603885,2.797858121,-1.364243658,-1.006676907,-1.082968946,-0.1783360054,2.077765665,1.851330258,prior_operation
27,True,16,30,-7.185325376,-0.6799292242,-1.288139074,-1.234773944,2.427537106,2.00335986,2.046428643,1.366594867,-2.062672928,-1.201816433,-0.5925233287,prior_operation
28,True,29,34,-7.53472959,-0.7602631274,-0.8956077564,-0.5628911857,2.637911537,0.2344351794,0.9733024873,0.5831879384,-1.225687725,-0.07256666852,0.2897508572,prior_operation
29,True,29,30,-7.75892359,-1.443374746,-0.7141879659,-1.156391731,2.707108938,0.2694924399,1.026967339,1.032277739,-0.7609383014,0.5913550643,0.1848034084,prior_operation
30,True,19,31,-7.471165743,-0.8026969921,-1.247172474,-1.342444476,2.561248218,1.745387731,2.233112331,1.809574928,-2.400965942,-0.7501192176,-0.5974471692,prior_operation
31,True,18,29,-8.164767743,-0.4189252955,-1.216041332,-1.061458966,2.50357206,-0.3371761365,0.5997065818,0.7736934862,0.7852816721,1.682806473,0.7745149635,prior_operation
32,True,20,36,-7.532922493,-0.7762438432,-0.2213360361,-0.2071405226,2.623772919,-1.205802647,-0.01881723386,0.88379853,-0.2214764857,0.3823737866,0.08332352082,prior_operation
33,True,20,30,-6.479082644,-2.153117011,-2.010777152,-2.148915744,2.729421436,-2.512928564,-0.857060455,-0.7018033336,0.7247669158,2.051158476,1.232864889,prior_operation
34,True,33,32,-7.554555207,-1.296657899,-0.640402764,-1.033903894,2.50353885,0.4916920574,1.292216315,1.089687583,-1.16849298,0.1146987631,0.007767878313,prior_operation
35,True,24,30,-7.388395968,-1.290107051,-0.9020331321,-1.311237638,2.707975154,-0.1878600458,1.427218644,1.09979213,-0.8874186565,0.01207857611,-0.5473397331,prior_operation
36,True,20,31,-6.685867138,-1.220652399,-1.419261517,-1.789009652,2.494339106,1.025020693,1.849151736,1.470497234,-2.149513666,-1.047130384,-0.5771901947,prior_operation
37,True,24,41,-7.322908601,-1.266525391,-1.705065671,-2.14817159,3.057517225,-0.04649413714,1.04262633,1.615920524,-1.177755052,0.6008676846,-0.02963898063,prior_operation
38,True,19,35,-7.668784486,-0.8747566843,-0.9496167814,-1.145891477,3.101886728,-0.2317090234,1.243201933,0.2751538073,-0.01286579093,-0.0978404349,0.20739675,prior_operation
39,True,20,36,-6.407455258,-1.462959405,-2.118211405,-1.240061222,2.473869191,-0.552212195,0.6517032454,0.7918752888,-1.132821244,0.1537279051,0.2076459787,prior_operation
40,True,16,34,-6.277529085,-2.269125506,-1.582076899,-1.917094444,1.97649957,-1.38826603,-1.347118904,-1.54584862,1.063291985,2.665891978,2.460983454,prior_operation
41,True,18,35,-6.462859034,-2.122707752,-2.310304848,-2.917668339,2.738668605,-2.454492507,-1.508981971,-1.661405499,1.046842176,3.118822767,2.754427557,prior_operation
42,True,19,49,-6.5273727,-1.099642388,-1.972154512,-1.80401668,2.42976807,0.6215030508,1.208612446,1.161860275,-2.406223422,0.2405921659,0.2646618792,prior_operation
43,True,17,40,-6.231185851,-1.45492907,-1.37968436,-1.048451084,2.139729946,-1.511468962,-0.8219987599,-0.9265830914,0.5197208655,1.71122108,1.349940574,prior_operation
44,True,25,26,-7.549619376,-2.209426763,-1.464509163,-1.735849581,3.585781815,-1.528727546,0.4134409869,0.08478971479,-0.1582908754,0.6891746005,0.2331244374,prior_operation
45,True,20,29,-6.095196308,-1.977301662,-2.070327231,-1.526254414,2.645227742,-1.667568904,-0.3800652612,0.09202284063,-0.6283503352,0.748611456,0.09191910926,prior_operation
46,True,18,31,-7.60054336,-1.643145102,-1.51896891,-1.144300909,2.699440966,2.012282312,2.297183553,1.547189953,-4.032478224,-0.5581943828,-0.1991453314,prior_operation
47,True,20,29,-7.08044664,-1.277025741,-1.22313832,-0.7853685171,2.538890461,-0.9094819836,-0.1169257715,-0.9745226603,0.02328388252,1.202313902,1.154502444,prior_operation
48,True,18,34,-7.43425373,-3.110672595,-1.586708337,-2.141293588,3.659466897,1.970910431,2.82612733,2.494075596,-4.76393381,-1.627460122,-1.840944226,prior_operation
49,True,22,33,-6.586818367,-1.405232561,-1.934489718,-1.362548441,2.283190003,-0.3008108019,0.7617239356,0.669332876,-0.8888413796,0.2670030717,0.7504688751,prior_operation
50,True,39,37,-8.328588231,-1.050292094,-1.006250538,-1.433283772,3.509464773,0.1989689156,0.9264981471,1.071019925,-1.58226314,0.8822322217,0.2574264491,prior_operation
51,True,18,38,-7.280399097,-1.142146865,-1.675437541,-1.353009588,3.172864108,-1.368500359,-0.610635093,-0.6377410501,0.2939080598,1.531145992,1.671504032,prior_operation
52,True,18,37,-7.192537137,-0.3333607595,0.09709573517,0.5400783046,2.168157449,1.051050424,1.432479422,1.712617154,-1.936348844,-1.175607727,-2.022672104,prior_operation
53,True,17,29,-6.081149693,-1.095185577,-2.475129701,-0.9402331359,1.802147119,-0.8746369557,-1.466730704,-1.658932365,0.6273432614,1.547313268,2.014149004,prior_operation
54,True,20,30,-8.423871093,-0.3447443285,0.00979225129,-0.004637912547,2.847934758,1.623349719,2.348357602,2.177419478,-4.051283119,-1.069465768,-1.717945164,prior_operation
55,True,20,34,-7.260827658,-1.227853189,-1.436279517,-1.065406998,2.169272186,-1.143980983,0.5960036239,-0.4739409631,0.9990064119,1.221055238,1.645755795,prior_operation
56,True,18,41,-6.656110223,-0.764800097,-1.30588171,-0.2292167118,1.827407765,-0.5815483623,0.7705369698,0.541289938,-0.09443835679,0.286844799,0.2543059943,prior_operation
57,True,18,34,-7.554945715,-2.095822836,-2.476194915,-1.572846471,2.621116647,-2.73934379,-1.747132446,-1.869090908,2.241687169,4.162638601,3.857249375,prior_operation
58,True,19,29,-7.862439462,-0.2406776571,-0.6557302402,-0.8319139283,2.285862212,1.701229778,2.224819652,2.534930195,-1.915313679,-0.6765893179,-1.527814641,prior_operation
59,True,19,25,-6.773750316,-1.123000739,-1.462307221,-1.107931993,2.230954485,-1.778974943,-1.548334493,-1.114287426,0.8907623853,2.223113893,1.546126064,prior_operation
60,True,17,49,-6.424452633,-2.256542,-1.987549673,-1.784551199,2.846709497,-3.401396492,-1.54349644,-1.298860414,1.286651548,2.778384692,2.418707335,prior_operation
61,True,18,33,-6.485980295,-2.127886141,-1.441680998,-1.144247815,2.434515038,-0.8277584815,-0.3571163146,-0.406008471,0.3422154003,1.084055758,0.8968164225,prior_operation
62,True,30,35,-7.168764493,-1.351697119,-1.385755872,-1.801698917,2.874864721,-0.1938202932,0.4588111208,0.8541689476,-1.408763848,1.104557771,-0.01785622872,prior_operation
63,True,29,32,-7.238668611,-2.058792991,-1.207254958,-1.709426886,3.16676757,-0.3459832296,0.7617057054,0.8111690646,-1.457269353,0.6181039753,-0.7665292709,prior_operation
64,True,21,38,-7.870929471,-0.3531574394,-1.053955963,-0.4216825803,3.076216206,0.04923672342,0.9760145677,1.587219664,-0.9536230686,0.1920454878,-0.7845298841,prior_operation
65,True,18,35,-7.339874324,-1.460257549,-1.770724056,-1.408277326,2.482208051,-1.968522251,-0.90882351,-0.5138028417,1.035285393,3.035853082,2.244779519,prior_operation
66,True,17,40,-6.991985621,-1.639881916,-1.548140489,-2.145894863,2.817278977,-1.289632682,-1.143917263,-1.460267777,-0.05979880216,2.583102138,2.837293468,prior_operation
67,True,21,22,-10.03484113,0.4416137904,0.5889934938,0.2518390644,2.905141292,3.03703586,3.100468278,2.932688362,-3.318383256,-1.195745705,-1.497823306,prior_operation
68,True,16,40,-6.493039577,-1.784560795,-1.814064938,-1.035036601,2.567152047,-1.323525556,-0.1817734551,-0.1078923831,0.2261207909,0.9926619747,0.8549506809,prior_operation
69,True,19,42,-8.518543536,0.09451245411,0.1614185229,0.06954906902,2.479718062,-0.5718206449,0.3726084291,0.8956491031,0.3527535478,1.249000227,0.8467041344,prior_operation
70,True,22,28,-7.12090437,-0.9336875276,-1.077253955,-1.306592469,2.424258244,-0.9577324502,0.5780342679,-0.3203728687,0.0367974188,0.4772736048,0.9808877081,prior_operation
71,True,17,43,-7.051164682,-1.161111462,-0.6259235119,-0.1595391255,2.561613923,1.263779166,1.856568706,1.987482295,-3.322774189,-1.008590025,-1.945343958,prior_operation
72,True,18,33,-6.827127104,-1.831104687,-1.852222089,-2.139906541,2.914253645,-1.377404402,-0.5800769406,-1.295723795,0.4279893465,1.940156923,2.059863583,prior_operation
73,True,17,43,-6.87504862,-1.409392556,-1.50304311,-1.477988237,2.751332686,-1.078717622,-0.4786813093,-0.3259783588,0.3102627019,1.440054594,1.726123976,prior_operation
74,True,16,39,-6.059699011,-2.075775191,-1.877801165,-2.20392488,2.391841705,-0.8186923676,-0.6446542756,-0.248210618,0.1457890834,1.656039004,0.9887357381,prior_operation
75,True,18,34,-7.685889504,-1.02732063,-1.151128285,-1.678985902,3.454220189,-1.873482179,-1.743024359,-1.469158959,0.2444739909,2.482881527,2.459110159,prior_operation
76,True,20,31,-7.368387188,-2.684650993,-1.40836438,-2.243380044,3.580776491,-1.797308487,-1.146135571,-1.051306016,0.3298076264,2.193174635,1.702453325,prior_operation
77,True,18,39,-6.787604996,-1.078346444,-1.026791855,-1.170628829,2.460479091,1.178227899,1.365283536,0.164256229,-1.857266836,-0.4551240642,0.0510399504,prior_operation
78,True,19,38,-7.687317389,-0.9191580489,-0.8300805598,-1.338394736,3.307318107,1.026400414,1.857656487,2.143570326,-2.323907675,-0.7535382231,-1.416964911,prior_operation
79,True,16,37,-7.246801776,-1.195622796,-1.333116746,-0.9830352214,2.787606029,-1.43797148,-1.300208246,-1.566621169,0.5349222644,2.139346128,2.80071279,prior_operation
80,True,23,34,-7.199439541,-1.223995796,-0.8897561216,-0.2622278929,2.798176732,-2.178306285,-0.1732488684,0.4027840914,-0.003447304893,0.7691733521,-0.2868529679,prior_operation
81,True,21,26,-6.92031924,-1.995493089,-1.779980908,-1.86553951,2.986079463,-1.550860799,0.02558708949,-0.2919817629,-0.01099795442,1.080448658,0.8409838091,prior_operation
82,True,18,29,-7.450674768,-2.076635286,-1.542306736,-1.706204502,2.972568687,2.441359514,2.962869036,2.228582888,-4.646628,-1.287048999,-1.293169541,prior_operation
83,True,17,33,-6.223121525,-1.423862847,-1.825919751,-1.295138855,1.834299793,-1.358246529,-1.266595398,-1.452985551,0.7985606004,2.28706535,2.142519503,prior_operation
84,True,26,24,-7.323568067,-1.213779323,-0.6028459426,-0.7688419207,2.291983799,0.03723789401,1.574385045,0.7206275116,-0.8843348057,-0.5191903988,-0.351264763,prior_operation
85,True,28,29,-7.283134285,-2.028414742,-1.932636665,-1.698370464,2.66921476,-3.48923156,-1.13993386,-1.078974893,1.327205654,3.117250353,2.69881932,prior_operation
86,True,20,39,-7.136996363,-0.452174685,-1.295366775,-1.707858132,2.461621796,-1.501373036,0.1605643199,0.03074918996,0.3557831166,0.9591695433,1.570023784,prior_operation
87,True,17,25,-7.485411905,-1.078109602,-2.592355065,-1.672442392,2.725203657,-1.76182732,-1.885475008,-2.19053045,1.048435586,3.36122081,4.083044375,prior_operation
88,True,17,39,-7.627940482,-1.568583759,-1.404961444,-1.334133894,2.829101932,-2.943800845,-2.322272653,-2.614129957,1.012792554,4.27239052,4.397023703,prior_operation
89,True,19,28,-6.440532166,-1.255904795,-1.319293977,-1.674797388,1.824607933,1.05687148,1.108262866,1.436355321,-1.881692141,-0.121289674,-0.4057943962,prior_operation
90,True,22,30,-6.14001871,-1.988127707,-1.745385973,-1.903443829,2.641342348,-0.04475420141,-0.08952499443,-0.007115270199,-1.390509856,0.1929566542,0.5583603311,prior_operation
91,True,18,32,-6.750753406,-1.272841526,-1.480359506,-0.5852200824,2.305131429,-2.268624333,-2.397482766,-1.671627367,0.6632009801,2.956024823,2.387725248,prior_operation
92,True,20,35,-8.069232792,-1.405899344,-1.508333889,-1.275955675,2.926906695,-3.660864862,-2.55249088,-1.731397794,1.913480992,4.739688238,3.951835659,prior_operation
93,True,19,29,-7.251683296,-2.534828178,-2.500605041,-2.773630112,4.055791833,1.095962132,1.71118791,1.136110169,-3.917646127,-0.4795640134,-0.8131443144,prior_operation
94,True,17,39,-7.502524002,-1.418456721,-0.9625106808,-1.362103026,2.759557538,2.000975991,2.861025296,2.347016181,-2.584247977,-1.057487308,-1.215649969,prior_operation
95,True,21,26,-7.395174739,-1.34614104,-0.3687663045,-0.02918034322,2.342179083,-0.8651548556,-0.6525779866,-0.5527083158,-0.121629273,0.9802715065,0.9794290248,prior_operation
96,True,24,29,-8.240371171,-0.2501411917,-0.5435584166,0.06915058054,2.5043142,-1.501517115,0.4002547828,0.7776199761,0.2846374802,0.9528099155,0.6657041558,prior_operation
97,True,19,36,-7.233571935,-1.448064007,-1.387473335,-0.4083931245,2.728239993,-1.978068824,-0.9287665862,-0.8741194841,0.3000692497,2.161612141,1.588149953,prior_operation
98,True,19,33,-6.888773815,-1.261449111,-1.459036098,-1.58205782,2.289371375,-1.548557553,-0.5462283012,-0.04231355651,0.06670532341,2.092111714,1.076598993,prior_operation
99,True,19,27,-7.857697863,-1.428129908,-3.732875346,-1.727103086,3.34355751,-1.344284277,-0.7535450906,-0.673950747,1.113665172,2.522506461,2.810090748,prior_operation
100,True,21,25,-7.456394195,-1.61412068,-1.240176922,-2.257735611,3.107746487,1.504844246,2.002305617,2.358521457,-3.865586526,-0.6125636379,-1.566089964,prior_operation
101,True,21,38,-6.780525711,-0.8593598806,-0.8607623712,-0.6158859685,1.930045977,0.4514574208,1.360765333,0.3861490476,-0.7950257852,0.01541120169,-0.2609977619,prior_operation
102,True,16,38,-8.157400225,-0.7007167843,-0.5734014096,-0.2217410647,3.427238673,2.020583659,2.356087764,2.01132921,-3.83355768,-1.498194403,-1.529063076,prior_operation
103,True,32,30,-7.736593895,-1.141399294,-1.297270513,-1.155414825,3.260170951,-3.217843114,-0.4480405033,-0.9330859494,0.4620578796,1.803870861,1.64977418,prior_operation
104,True,21,35,-6.830718987,-1.523084189,-1.631437966,-1.519086379,3.174135944,-0.2077285284,0.514589361,0.7438291291,-1.419162749,0.3377208015,-0.5993856128,prior_operation
105,True,20,26,-9.094933087,-0.512813237,-0.9310995303,-0.6344518798,3.937026948,1.806205307,2.688533526,2.722543699,-3.881565899,-1.729391016,-0.9779685728,prior_operation
106,True,20,23,-7.613129513,-1.294706921,-2.156746167,-1.423126504,2.762209535,-0.9398288707,0.5139682844,0.08238121459,0.5462872722,1.245959469,1.077843278,prior_operation
107,True,20,37,-6.652263915,-2.280157528,-1.921303653,-2.535263961,3.082850663,-3.432161866,-2.240631176,-2.068549685,0.6161859355,3.836956955,2.722996274,prior_operation
108,True,26,26,-8.320560509,-1.795724462,-1.291009317,-1.773811449,3.746395776,-0.3494774555,1.569841576,2.187858719,-0.9868701052,0.2710608347,-0.9282855113,prior_operation
109,True,21,25,-7.513129659,-0.9294591948,-1.619836855,-0.6594163085,2.647299636,-1.814065829,-0.507598579,-0.6684466353,1.297807783,1.693297566,1.63977815,prior_operation
110,True,18,33,-7.741315824,-0.7650202264,-1.104417086,-1.489112601,3.062232914,1.757367051,2.680503253,2.316887281,-4.282172424,-1.317709667,-1.019796448,prior_operation
111,True,21,38,-6.233848802,-1.898107892,-1.977114217,-2.13778501,2.299998905,-3.760923594,-1.25820981,-1.994195714,0.6954835193,2.819657457,2.917772666,prior_operation
112,True,20,37,-8.270013754,-0.5520396116,-1.37549343,-0.6202130419,3.09920248,-0.07111366567,1.52777119,2.120456309,-0.5183281949,0.3053524195,-0.5030656157,prior_operation
113,True,19,36,-6.752814859,-1.41058233,-1.37989588,-1.182316536,2.611235573,-1.010099102,-0.2825035432,-0.1416512331,-0.2208366678,1.187750936,0.9559493379,prior_operation
114,True,19,30,-6.461591272,-1.6253228,-2.006752023,-1.485961273,2.235698548,-1.901513126,-1.649857877,-1.232256383,0.4427465181,2.82471489,1.872047443,prior_operation
115,True,19,26,-6.80307973,-1.555843718,-1.690246364,-2.086468647,2.840832724,1.686134216,0.9098692175,1.741888961,-2.691285058,-0.7737576827,-0.7844680231,prior_operation
116,True,19,44,-6.840619416,-1.474973023,-1.626814042,-1.503761421,2.397263879,-1.487446822,-0.3961009762,-0.5069024315,0.08892850567,1.949214563,2.133763637,prior_operation
117,True,22,36,-7.790753966,-0.9026796591,-1.348542598,-1.370675662,2.979383006,-2.019033261,-0.30746608,0.3166545944,0.70802588,1.677316228,1.652739675,prior_operation
118,True,22,35,-6.408008119,-1.679978379,-1.64712932,-1.519836407,2.75803084,0.2583909166,1.319972339,0.8731363632,-3.467366818,-0.7209412552,-0.4899116328,prior_operation
119,True,37,33,-7.77654733,-0.6144105272,-0.4948479356,-1.034008644,3.076691845,0.07168457548,0.1134730357,1.081473484,-1.823337839,0.4757722374,-0.1574487659,prior_operation
120,True,20,38,-7.87790526,-0.6192148492,-0.2526037334,-0.198836225,3.044521356,0.95022831,1.848718868,2.696605839,-2.000153688,-1.316038643,-2.087389448,prior_operation
121,True,19,31,-6.616599034,-1.045825813,-1.477633156,-1.521937883,2.460127018,1.068267633,1.459209695,1.228850305,-2.316869596,-0.6823125663,-0.7030462184,prior_operation
122,True,16,43,-6.231525916,-2.347505321,-1.587486341,-1.23923093,2.362337971,-0.9261208406,0.2806333185,0.01494560201,-0.1400794176,0.7161652863,0.5664564138,prior_operation
123,True,19,40,-7.904677152,-0.9060423083,-0.6966904962,-0.6940834554,3.013917356,1.171751403,2.148343068,1.560885362,-2.657331556,-0.6718605252,-0.6169049429,prior_operation
124,True,20,27,-8.028612834,-0.7569998832,-0.1897307536,0.342620218,2.324852043,-2.316064588,-1.812163706,-1.614910126,1.193500542,2.711902748,2.481852646,prior_operation
125,True,28,35,-9.148488421,0.7353898203,1.339438826,1.419221514,2.052844183,0.1722492813,2.03423371,2.485429891,-0.9170050896,-0.6536263597,-1.212291004,prior_operation
126,True,21,34,-6.07034719,-2.00219101,-2.103819461,-1.956002098,2.437774249,-1.948862555,-1.006216094,-1.81173381,0.7189007787,1.314587483,2.700467111,prior_operation
127,True,21,38,-7.106535792,-1.731370166,-1.312553098,-1.443008256,3.076487023,0.6059766201,1.586118249,2.305584,-2.575515083,-0.684884019,-1.29930696,prior_operation
128,True,31,33,-6.952756264,-2.501684499,-2.513255876,-2.413509414,3.516975774,-3.147208126,-0.7187028235,-1.926511576,0.4000808905,1.920044898,2.936155673,prior_operation
129,True,19,36,-6.657064091,-1.736240409,-1.421696176,-0.6491765325,1.929290261,-3.063671021,-2.40333141,-2.366258541,1.873458557,3.627813724,3.331191722,prior_operation
130,True,24,30,-8.418469943,-0.8702849136,-0.4211586339,-0.3004680056,3.09483626,-0.009508540601,1.744766695,1.584170893,-1.120233092,-0.4024791776,-0.9610911873,prior_operation
131,True,24,28,-7.061989663,-1.51328412,-0.713389387,-1.258363651,2.35900095,-0.274126168,0.8675017639,1.249991991,-0.8408618968,0.1176699983,-0.5630893903,prior_operation
132,True,41,32,-7.417566573,-0.9454422989,-1.57327379,-1.358269402,2.796366047,0.1366031776,0.7503070129,0.3383682409,-1.510876922,0.7548697863,0.6268048811,prior_operation
133,True,19,30,-7.359755756,-0.6139152054,-1.163795753,-1.344873923,2.026653938,-1.546183303,-0.2298719564,0.01238336252,0.9778158042,1.662699161,1.845351488,prior_operation
134,True,19,37,-7.989198493,-0.7069277903,-0.5382149198,-0.7807491231,3.048395175,1.660454133,2.081751729,1.625629224,-2.293800262,-0.8533568561,-0.9347506386,prior_operation
135,True,21,28,-7.040016258,-1.020093443,-0.8961997585,-0.4474796384,2.505529209,0.02726350579,0.7332538923,1.345787251,-1.046107811,-0.4652593396,-0.8577889939,prior_operation
136,True,21,22,-7.404037918,-0.7532761482,-0.5113595315,0.1919420426,2.50335636,1.460628136,2.249942313,1.616123727,-2.859874795,-2.363026542,-2.190302834,prior_operation
137,True,17,34,-7.200155336,-1.531860774,-2.303226195,-1.59476347,2.9057509,-1.1043161,0.3250368067,0.8478310782,0.1848787197,1.290142431,0.8145565569,prior_operation
138,True,19,42,-6.913900538,-1.867616428,-1.676651784,-2.030727786,2.990099738,-1.86565832,-0.8656720644,-0.8445412739,0.2927246106,2.224122948,2.196405398,prior_operation
139,True,36,17,-8.276943293,-2.517406952,-3.416211682,-2.918050097,4.026388367,-2.373963898,-0.1017030688,-0.3271647895,0.5546446035,2.279140942,2.570221705,prior_operation
140,True,16,38,-6.424572091,-1.600820308,-1.411059878,-1.75412877,2.539743688,-1.242153914,-0.8761688435,-0.4950834322,0.5263240207,1.616929589,1.114925671,prior_operation
141,True,18,26,-7.920277568,-0.7951091675,-0.6151827668,-0.5767230211,2.947393895,2.227007557,2.776386111,3.222510311,-3.720560725,-2.105504928,-2.667718788,prior_operation
142,True,19,30,-6.447930894,-2.386620503,-1.475845507,-0.9540581533,2.275729263,-2.050818013,-1.398701661,-0.9993768248,0.4307228753,2.307767021,1.331676774,prior_operation
143,True,17,35,-8.311413142,0.1896605212,0.9115136243,0.685171641,2.070761801,2.160950426,2.492058327,2.669537034,-2.292154325,-1.976138579,-1.807552862,prior_operation
144,True,17,30,-7.868848164,-1.248966499,-1.138616054,-0.5314008718,3.208678504,2.204318681,2.349981666,1.911109633,-3.593407579,-1.435383811,-1.136953035,prior_operation
145,True,19,28,-10.23236191,1.625546537,1.403700436,1.748731231,1.960159668,3.34872201,3.56441425,4.681596257,-2.864704702,-2.327241395,-2.506955112,prior_operation
146,True,19,32,-7.498787877,-1.377488932,-0.7514743886,-0.9500544916,2.982850826,1.129527738,1.727072968,1.43326121,-2.119286713,-0.567344189,-1.054615531,prior_operation
147,True,22,26,-7.498639486,-1.01981317,-1.834829527,-1.455975537,2.587648514,-1.554101143,0.07973503864,0.2640475444,0.4620165137,1.462946071,1.520296974,prior_operation
148,True,18,35,-7.082724185,-0.4972118211,-1.234024725,0.2327713314,1.975203807,-0.5759664733,0.7335358711,0.7028004785,0.02005541728,0.2246782409,-0.01828095597,prior_operation
149,True,19,40,-6.173033825,-1.469966781,-1.739835146,-1.531859409,2.105913105,-1.796053327,-0.3634080777,-0.7481299604,0.5180953213,1.324600173,1.793223557,prior_operation
150,True,17,49,-7.369835774,-0.2456642902,-0.1224834989,0.07789297538,2.530916652,1.535365911,1.425849261,2.227150311,-2.521603158,-1.09821662,-1.485711114,prior_operation
151,True,21,37,-7.051730016,-1.250423475,-0.1926855202,-0.07535768074,2.770606572,0.1611757224,1.023611177,0.4313742532,-1.539500644,-1.538297754,-0.7197761911,prior_operation
152,True,17,39,-6.603235659,-1.702890562,-1.612889929,-1.806454124,2.966207708,-0.692803133,-0.5726282574,-0.008228679534,-0.3276826735,1.2882219,0.8654615076,prior_operation
153,True,18,34,-6.604344901,-1.640755882,-1.370477898,-1.198485273,2.516537972,-2.157314461,-1.981005415,-1.991912702,0.543735216,2.769514832,2.370457931,prior_operation
154,True,20,24,-9.739648865,0.5193717912,-0.3885355413,-0.2271530191,2.997200302,-2.943266617,-2.534976489,-2.526986331,1.651024747,4.301846788,5.014422438,prior_operation
155,True,20,28,-7.775348582,-1.425840231,-0.8804276042,-1.026075038,2.769019089,-0.9093179274,0.01640895465,0.2160545961,0.4363794896,1.753132117,0.3502423839,prior_operation
156,True,31,30,-8.389088778,-0.177442812,-0.7538658497,-0.5873631596,2.73500437,0.6817882712,1.01634913,1.823044621,-0.8662949028,0.5939279003,-0.2222865148,prior_operation
157,True,81,28,-7.863114643,-1.395065183,-2.17447595,-2.236539466,3.705339984,0.0201284556,0.934057394,0.473686011,-2.285016727,0.4299151448,1.143945523,prior_operation
158,True,18,30,-8.057036873,-0.6440149142,-0.5470184724,-0.00610987983,2.165670549,-1.913889912,-1.068404421,-2.479852556,1.196225962,2.735440675,3.383360184,prior_operation
159,True,21,23,-7.563185606,-2.384530729,-1.822324598,-1.488483061,2.745671123,-2.978323394,-2.035940765,-2.503926444,1.37747496,4.144397149,3.682079575,prior_operation
160,True,20,36,-6.902250549,-1.580305157,-1.18868212,-1.321259827,2.84513197,-1.568627304,-0.09418240505,0.04789962937,0.2122938928,0.8962489922,0.6504692903,prior_operation
161,True,20,44,-7.270503061,-1.539861102,-1.377582377,-1.471646631,3.353401241,-1.759103216,0.4938497359,0.6457688082,-0.4462586102,0.7780487922,0.07905966222,prior_operation
162,True,19,30,-7.283819474,-1.672498017,-2.508741893,-2.310717415,3.059914946,-3.195896924,-3.693815186,-2.836153872,1.175940401,5.171054587,4.623461746,prior_operation
163,True,55,29,-9.099903939,-0.6510270299,-0.7346500755,-1.491175905,4.188753728,0.5067990686,1.697920499,1.742727679,-3.05243664,-0.1693554247,-0.7372150074,prior_operation
164,True,20,31,-6.500936174,-1.21791566,-1.612603665,-1.959780879,2.388372393,0.15368646,0.6945675784,0.6934916331,-0.8294401592,0.4155651031,-0.3794984478,prior_operation
165,True,19,33,-7.534053651,-1.237082947,-1.276301753,-1.172367377,2.942640996,-0.2918624273,0.08487956302,0.6897591411,0.05873091493,1.284682248,0.3012474428,prior_operation
166,True,19,37,-6.275080014,-1.767788345,-1.756534998,-1.829440734,2.744561432,-2.973587555,-3.37358575,-2.679698488,-0.1440075548,3.842432641,3.115067669,prior_operation
167,True,17,41,-8.327448501,-0.4269907133,-0.8763443772,-1.035742059,3.80407087,-0.9740236707,-0.6373028505,-0.1838523433,0.08128374306,1.41764354,1.355019745,prior_operation
168,True,23,24,-7.478629375,-0.7692596212,-1.492124266,-1.326898711,2.757307577,0.1720514391,1.141773032,1.63662685,-0.8114178754,-0.1832987958,-0.6668277999,prior_operation
169,True,17,40,-7.265453647,-0.728453504,-1.472396596,-0.8243345766,1.936103009,-1.338093746,-1.39465545,-0.964173541,0.9540605893,3.268028148,2.97688958,prior_operation
170,True,26,34,-6.703188254,-1.213331557,-1.747704963,-1.328592744,2.780557348,-0.4078690287,0.06819126918,0.0117510188,-1.628645046,0.4592011979,0.9322287135,prior_operation
171,True,19,33,-7.266606019,-1.204415265,-0.9017302549,-0.8675542096,2.531265537,-2.197608438,-0.3420075822,0.06443001746,0.487778393,1.60456614,0.6025814952,prior_operation
172,True,23,31,-7.196075075,-1.120159163,-1.689195703,-1.060182058,2.93685488,-1.507589704,0.3019950555,0.1948308248,0.3838132561,0.6733549431,0.3146795707,prior_operation
173,True,18,40,-8.923209025,-0.02832751427,0.3104372577,0.2672549299,2.854568376,2.269323545,3.314812927,3.334739313,-2.887729566,-1.569718375,-1.980842031,prior_operation
174,True,21,35,-6.215462504,-1.733970192,-2.396550549,-1.844496432,2.757585428,-0.3076553109,-0.0379185214,0.1104916649,-1.269339166,0.5527313257,0.9099847924,prior_operation
175,True,24,28,-7.529647554,-1.498081253,-1.854148699,-2.895688357,3.410417805,-2.757715243,-0.2382856528,0.2839411892,-0.09598948723,1.99875931,0.8223701543,prior_operation
176,True,26,37,-7.364114413,-1.003958477,-1.529182452,-0.7381933308,2.447482382,0.4680156791,1.053624797,0.6939547985,-0.8633966723,0.648248118,0.4997012141,prior_operation
177,True,22,32,-7.038961567,-1.846542712,-1.968168917,-1.968755301,3.00301212,0.2749375912,0.8930138077,0.3940616136,-0.9032366782,0.4257093357,0.6957750422,prior_operation
178,True,21,30,-7.344465323,-0.9077133533,-0.6597821976,-0.6032775302,2.309943771,-1.519252555,-0.5862108143,-0.1102949596,0.130287242,1.854381506,0.7426084857,prior_operation
179,True,20,24,-6.626683775,-2.1382324,-1.487740114,-1.364892264,2.60532819,-1.634937962,-0.5829398284,-0.07487768827,-0.1587695243,1.028266237,0.5671015369,prior_operation
180,True,18,36,-6.945001425,-1.510339537,-1.287128622,-1.390396356,2.597885497,-1.916431785,-0.2012552182,-0.4005638485,0.7351245163,1.610918247,1.114859344,prior_operation
181,True,19,32,-6.54969323,-1.320735346,-1.432553312,-1.577930751,2.20255466,1.233868954,1.349231453,1.189893449,-2.707699143,-0.2042865626,-0.4131862047,prior_operation
182,True,19,39,-6.274025906,-1.244094499,-2.07697655,-1.761574589,2.558818625,-0.1687671221,0.126563764,0.4836442434,-1.089027361,0.3004812008,0.5888198212,prior_operation
183,True,19,28,-9.596472001,1.144552129,-0.1281448376,0.3331489829,2.865916775,-1.383142901,-0.4242061301,-0.5501301916,0.6196588918,2.189591293,2.299821957,prior_operation
184,True,20,30,-6.748869303,-1.520512836,-1.685607152,-0.929431973,2.588871987,-1.882442181,-1.310919456,-1.31956075,0.2624192023,1.996018354,1.807861834,prior_operation
185,True,18,32,-6.81393258,-1.269321632,-1.199043638,-0.9152806794,2.527437992,-0.9839341582,-0.2396817693,0.2338237704,-0.4156576922,1.039142996,0.05597429405,prior_operation
186,True,16,32,-6.236035549,-1.641203909,-2.802224537,-1.65299069,2.514759656,-2.2234076,-2.577708024,-3.245291982,1.222029636,3.04588217,3.815524594,prior_operation
187,True,17,41,-6.820177516,-1.543462123,-1.55721028,-2.055823042,2.417476971,-2.320340097,-0.5647309346,-0.6896326849,1.363391534,2.379354802,2.037659586,prior_operation
188,True,18,40,-6.478527336,-1.415192825,-1.441014798,-2.324950916,2.524486534,0.989187026,0.7193743823,0.8695709988,-1.604570319,0.4413061172,-0.1978523439,prior_operation
189,True,19,31,-8.347106224,-0.447764204,-1.109406431,-1.298484441,2.764715217,1.963159364,2.214147876,2.987193791,-1.729835975,-0.5029548909,-0.5988896475,prior_operation
190,True,24,34,-7.491987921,-1.031811415,-0.9268642947,-1.852105292,2.60827426,0.303603106,0.9115451665,1.521051926,-0.6364816513,0.6416486453,0.2232867423,prior_operation
191,True,24,30,-7.619573005,-0.7357669348,-0.624768246,-0.4586911947,2.72530739,-1.782665389,-0.1542498861,-0.15643314,0.609160314,0.9180002115,0.7095392123,prior_operation
192,True,20,30,-6.066353586,-2.541281054,-1.645838338,-1.381330534,2.090483155,-2.148098637,-2.13974944,-1.838895679,0.6466169835,2.431445375,2.643378631,prior_operation
193,True,21,25,-7.989602297,-1.660078528,-1.951082795,-1.932751313,3.155965002,-1.252561933,-0.276550445,-0.1052501042,0.4757785106,2.56482519,1.491898374,prior_operation
194,True,28,27,-6.621087322,-1.556891836,-1.780634381,-1.182717743,2.322105762,-0.3244307752,0.244239536,0.2183084055,-1.31395316,0.674820506,0.4793037343,prior_operation
195,True,29,40,-7.671698145,-1.347483539,-1.022860012,-1.561840452,3.309504364,-0.1927002447,1.080389975,0.8555562274,-1.603916719,0.3925489733,0.04220392047,prior_operation
196,True,16,36,-6.500823721,-2.006438063,-1.768272738,-2.341546744,3.039978957,1.406485386,1.70036503,1.161071418,-2.682254144,-0.7310462947,-0.9226578628,prior_operation
197,True,17,45,-6.457796927,-1.685093237,-1.369411973,-1.92508989,2.626440021,-0.02529371492,0.8904260145,0.9486436512,-0.7993047007,0.1059866539,0.03956325489,prior_operation
198,True,17,36,-6.932839982,-1.211513466,-1.814948592,-1.80676324,2.962499011,-0.5658245196,-0.6676833129,0.007383060607,-0.2665949733,1.604688255,1.041696653,prior_operation
199,True,18,33,-5.7533057,-2.452900747,-1.589042559,-1.660335744,2.046282135,-1.733516038,-0.2875498552,-0.5561102039,-0.4138428246,1.14443284,0.7710620397,prior_operation
200,True,19,29,-6.977047565,-1.964569374,-2.006339217,-1.654801164,2.619204678,1.369968891,1.648168065,0.8079692212,-3.555166345,0.1414511737,0.1799256432,prior_operation
201,True,21,35,-7.156910049,-1.16401504,-1.371048738,-1.344792471,2.478235078,0.3618152954,0.8449518765,0.882829724,-0.6633632991,0.4983808977,0.4177420738,prior_operation
202,True,19,29,-10.32777697,0.9473258075,1.213044958,0.5269901288,3.366086561,2.974995752,3.186394171,3.603592893,-3.475467859,-2.062494944,-1.950009046,prior_operation
203,True,20,18,-6.9063971,-1.389940863,-3.04573466,-3.099248589,2.200908337,-2.047338035,-2.018328549,-2.333502658,1.534052254,3.490605431,4.238902208,prior_operation
204,True,17,38,-7.330625842,-1.828129585,-2.155323025,-2.369181226,3.071430088,-1.739092411,-1.667752911,-1.312679846,0.829142926,3.47214501,3.369145582,prior_operation
205,True,18,46,-6.563347357,-1.263072772,-1.518010832,-1.339293227,2.594183215,-0.9872595389,-0.09682994716,-0.200834702,-0.538026022,1.439533525,0.6837842291,prior_operation
206,True,20,31,-6.858000087,-0.7867139792,-0.3433906379,-0.6744139561,1.90298498,0.0768715802,1.094440707,1.065499053,-0.7405464838,-0.1315470786,-1.000752179,prior_operation
207,True,22,34,-6.652342532,-1.916727619,-1.532507099,-1.147053034,2.611141624,-0.8007805673,0.7013923426,0.4907955821,-1.312878878,0.07694862501,0.1906767159,prior_operation
208,True,18,36,-7.150502492,-1.980553128,-1.099455462,-1.067568141,2.990922868,-1.455074781,-0.5107884447,-0.09648239125,0.09114326914,1.469097369,0.168386943,prior_operation
209,True,22,42,-7.736099299,-0.2784881815,-0.4471350533,-0.5963221252,2.601272338,-0.3794128394,0.9824970792,1.911665138,-1.012020691,-0.004973211613,-0.3839691994,prior_operation
210,True,20,26,-6.958447877,-1.784665587,-1.401394217,-0.9264909042,2.604583408,-0.7259756627,0.3324995273,-0.3684238341,0.1836009586,0.4464738102,0.7779819461,prior_operation
211,True,30,39,-7.161064293,-1.325638722,-1.915919865,-1.72690895,2.933294735,-0.192663417,0.1652774662,0.706561131,-1.409244543,1.136992107,0.9780928183,prior_operation
212,True,21,33,-6.519325847,-2.180100627,-1.594070158,-1.394514652,2.65724951,-1.555437073,-0.05210238044,-0.4572382181,-0.4570508914,0.7540906863,0.9531046338,prior_operation
213,True,18,40,-6.837421108,-1.844726924,-0.6413767205,-1.003873119,2.670785031,-1.441362028,-1.051646335,-0.4621326628,-0.0104539772,1.793859067,0.8398767206,prior_operation
214,True,18,31,-6.652264088,-1.714854414,-1.591549018,-1.778172033,2.998962374,1.865938274,1.935210988,1.489116122,-4.794480736,-1.409003027,-1.48346723,prior_operation
215,True,19,36,-7.896643401,-0.06579675691,-0.8577815189,-1.133788568,2.392918826,-1.381965001,-1.462350862,-0.1050324562,0.3734674287,2.61552848,2.566846003,prior_operation
216,True,19,28,-6.331941233,-2.123995902,-1.631975323,-1.67364743,2.266714072,-0.8549870683,-0.7074243876,-1.152596812,-0.06741027467,1.339114182,1.901614576,prior_operation
217,True,19,33,-6.883487921,-1.312073398,-0.703585545,-1.027860843,2.471756139,1.192805476,1.263327986,1.443755208,-2.083458697,-0.9150710595,-0.8358770787,prior_operation
218,True,28,28,-7.299083803,-4.097353453,-1.196456545,-2.250753147,2.956692278,-0.5033978015,1.133584972,1.257197754,-0.7953316454,0.7429616496,-0.534949736,prior_operation
219,True,20,31,-7.101061286,-1.643170024,-1.62326349,-2.107834251,2.950080699,-3.118658784,-2.355969298,-1.670480724,0.5926265411,3.625865005,3.241663832,prior_operation
220,True,16,31,-8.138046689,-1.395705314,-1.612551823,-2.090618534,3.722763156,2.130487913,2.633353392,2.177109379,-3.249109729,-1.076893383,-0.7851936134,prior_operation
221,True,16,35,-7.17107355,-0.9933321862,-1.550240105,-1.097335528,2.075842509,-1.02169773,-0.9578475514,-0.903192304,1.006256894,2.403262899,2.751065216,prior_operation
222,True,19,44,-6.426847611,-1.428269183,-1.695336276,-1.279067935,2.48997016,-0.5473244892,0.7064753985,0.9038543995,-1.030038914,0.07823646212,0.2734628335,prior_operation
223,True,19,34,-8.560661995,-0.3085372315,-0.07850729675,-0.953930539,3.153009112,-1.890169972,-1.327201571,-0.5445296241,0.6226373846,2.855316467,1.627439129,prior_operation
224,True,18,29,-8.522639289,-1.104383424,-2.0506584,-2.309494766,3.005174307,-1.284652238,-0.8528031815,-0.567444941,1.334922085,3.637147624,3.58675775,prior_operation
225,True,22,26,-6.712848601,-2.103271987,-1.040472489,-2.057121555,2.779235915,-0.2302537941,1.221130731,-0.4456659307,-1.083218872,-0.2434660369,-0.8901398933,prior_operation
226,True,19,36,-7.739891426,-0.6276289995,-1.904475013,-1.496769421,2.618943763,-2.249823069,-1.631645105,-0.8298483344,1.324609219,3.123335884,3.374281737,prior_operation
227,True,19,36,-7.502151057,-1.574471672,-0.6728377622,-1.103286163,2.654388363,-2.262912681,-0.2335892409,-0.02303065158,0.6987164452,2.043819201,0.8023430491,prior_operation
228,True,21,27,-8.730589925,-0.6018203191,-0.3438243994,-0.3944225176,3.120302761,1.755720989,3.008401794,2.32439936,-2.837346213,-1.440656659,-1.466003496,prior_operation
229,True,20,24,-8.411989744,-1.556043062,-1.70124998,-1.84005631,3.328385808,-1.294032537,-0.7463411601,-0.6440455347,0.847326469,3.145223895,1.967259994,prior_operation
230,True,47,18,-9.850524803,0.3587785161,0.03776316705,-0.4984471552,3.729446828,1.08238526,1.817453177,3.006296351,-3.176807044,-0.6421782314,-1.841958103,prior_operation
231,True,25,23,-7.117433291,-1.960016632,-2.224751497,-1.896551689,2.816244114,-3.180974337,-1.331018142,-1.248749946,0.77439957,2.575083825,2.792260267,prior_operation
232,True,17,44,-6.724888743,-2.243761119,-1.835788304,-1.605493642,3.153848439,1.413446736,1.456333717,1.621571249,-3.30931259,-0.340440713,-1.111446206,prior_operation
233,True,24,34,-7.491562184,-2.03774903,-1.56695372,-2.175242197,3.284671967,-0.7139948276,1.059819622,1.515684558,-0.8948823606,0.6697142818,-0.336953095,prior_operation
234,True,18,38,-6.378471201,-1.659723411,-1.527721909,-1.403586307,2.592983133,-1.391704202,-0.5382795698,-0.9934482214,-0.07531807095,1.277059841,1.279980335,prior_operation
235,True,16,36,-7.262806903,-1.469328636,-1.714799465,-1.841303272,3.212219279,-1.36319817,-1.124833248,-1.521244802,0.8140780648,2.244861426,2.373161403,prior_operation
236,True,17,31,-8.080967209,-0.7689991173,-1.315272235,-1.23519728,3.024168188,1.899215981,1.451418093,1.694056761,-2.250180992,0.3044590499,-0.4337613832,prior_operation
237,True,16,38,-7.536738937,-0.2406140108,-0.4632007066,-0.2536533318,2.333019566,-1.067068036,-0.4652083414,-0.8851924432,0.4164740662,1.668821831,1.419843203,prior_operation
238,True,19,32,-7.074286202,-1.62170931,-0.9975239307,-1.267329058,2.583990315,-1.959397665,-1.538174366,-1.408096884,0.980236792,2.289576499,2.16907787,prior_operation
239,True,17,38,-6.958642387,-1.286550321,-0.7604173753,-0.623418039,2.625024898,1.603677973,1.765112486,1.585058804,-3.389913909,-1.299253898,-0.9633363369,prior_operation
240,True,17,33,-7.435545358,-0.819940231,-0.7612854507,-0.9838582323,2.886759536,2.341005571,2.786544863,2.532028313,-3.620177168,-2.073370373,-2.130875507,prior_operation
241,True,21,38,-6.889192692,-1.190535915,-0.83152323,-1.172129732,2.478603609,-1.077602391,0.5694177995,1.068077705,-1.151304457,0.496245515,-0.1953828431,prior_operation
242,True,25,26,-7.569452646,-1.663751444,-2.202835306,-2.398462577,3.728688055,-3.152279789,-1.364448264,-0.2113867983,0.4459260755,2.245247356,1.704508625,prior_operation
243,True,29,30,-6.682444433,-1.549889776,-2.037574863,-1.578841485,2.685441037,-0.2017339168,0.5689731586,0.5590225029,-1.474580432,0.5035885986,0.1478984679,prior_operation
244,True,19,28,-6.305320819,-0.7689040757,-1.589855167,-2.027092686,1.823739614,0.08369687358,0.574689893,0.9875882094,-0.7025888584,0.08097607532,0.1274727878,prior_operation
245,True,39,36,-7.384005033,-0.3247703903,-2.276886838,-1.395223445,2.953852588,0.1307756199,0.1177117653,0.2423316751,-1.814076344,0.8216758454,1.210386406,prior_operation
246,True,20,31,-6.258023522,-1.413832119,-2.029357376,-1.274182271,1.939894578,-1.535947615,-0.7370832649,-0.8975128199,-0.06193504335,1.931193953,1.702331807,prior_operation
247,True,20,35,-7.31284171,-1.174396588,-1.959127849,-1.468599059,3.113792971,-2.40511272,-1.676572473,-1.729846829,-0.3373096744,3.157805927,2.587709694,prior_operation
248,True,18,31,-6.657453328,-1.744298487,-1.220681801,-1.471158052,2.325628276,-1.371441542,-0.7708911558,-0.6682302401,0.7639679824,1.945654165,0.8498790168,prior_operation
249,True,18,29,-6.598395434,-2.128211771,-2.888822856,-1.578932176,2.695163775,-1.69902888,-0.9302194308,-2.276026567,0.9160692959,2.241964748,2.323324104,prior_operation
250,True,19,29,-6.374290462,-1.133142034,-0.8018784073,-0.6745820896,1.959626507,-0.4351708265,-0.1528299208,-0.9864394237,-0.3578714345,0.2807968213,0.7361936827,prior_operation
251,True,22,38,-6.382884797,-1.649379541,-1.996556337,-2.220581334,2.635749976,0.5460751102,1.25700312,0.1885630449,-1.129727099,-0.1297458153,0.5123015238,prior_operation
252,True,25,22,-6.802107168,-1.079410886,-1.419295947,-0.4758646198,2.028880581,-3.346125978,-2.67418881,-2.432762865,0.819341045,3.585073758,2.177811676,prior_operation
253,True,42,26,-7.553095793,-1.657738199,-1.229598447,-0.4862826468,2.300821407,-3.507688913,-1.26860788,-1.515884158,1.594138143,2.599002238,2.906872558,prior_operation
254,True,24,33,-7.329871854,-1.838711448,-1.874183764,-2.633952463,2.994802907,-0.05686540292,1.141279266,1.914641032,-0.6619782517,0.6127725188,0.3799123566,prior_operation
255,True,19,42,-7.033647625,-1.282609184,-0.3691567948,-0.3774397546,2.407673618,-0.5765656492,0.4795337992,1.142334963,-0.3649307532,-0.227944477,-0.2593257445,prior_operation
256,True,21,25,-7.492590079,-1.032015207,-1.583408732,-0.408644782,2.316447348,-1.482781278,-0.9836484318,-0.03359780097,0.3711720526,2.145393812,1.331495051,prior_operation
257,True,16,46,-6.523927815,-1.305809265,-1.386755554,-1.53688322,2.501861834,-0.5200433239,-0.1112582364,0.3043629895,-0.3348888027,1.17289976,0.5084936343,prior_operation
258,True,20,27,-6.972752649,-1.298511961,-2.119225254,-1.450388248,2.744557178,-1.414743363,-0.8299496726,-0.006424893374,-0.1590698973,1.706305942,1.078209883,prior_operation
259,True,17,38,-7.411846561,-2.058814129,-1.720042843,-1.665618306,2.928993418,-1.811695164,-0.8401807894,-1.480190667,1.660647572,2.749622087,2.561069204,prior_operation
260,True,17,45,-7.584105423,-1.551065084,-1.803728293,-2.287417633,3.555859877,-2.917291319,-2.160826597,-1.706311468,1.450777436,3.965100235,2.996347341,prior_operation
261,True,21,47,-6.932279804,-1.423709798,-1.695773307,-2.249330183,3.096269592,0.07210460951,0.7332924754,0.9642827008,-1.109292316,0.7802376014,0.4107513984,prior_operation
262,True,18,37,-6.836676367,-2.094431438,-1.291513307,-0.7590968236,2.591343749,-1.635637922,0.09236944452,-0.2187647599,0.2376187324,1.164583486,0.616083585,prior_operation
263,True,21,33,-6.898106673,-1.953844838,-1.693885292,-2.772277065,2.924021722,0.158468896,0.704339324,1.194268991,-0.7121501923,0.7153281535,0.05743914789,prior_operation
264,True,28,32,-7.290141767,-1.915504252,-2.940339078,-2.3142666,3.357190106,0.3570684207,0.9523509524,0.09412167979,-1.155744609,1.004578894,1.044787651,prior_operation
265,True,28,28,-6.427821762,-2.156344505,-1.684194994,-1.472108709,2.472185382,-0.3519358968,0.3634877622,-0.006369195534,-1.384786231,0.6564282743,0.3176723644,prior_operation
266,True,16,41,-6.381184617,-1.25962321,-1.188966576,-1.184452665,1.989990681,-0.333959826,0.09500744185,0.6311026842,-0.0811717216,0.9073381733,0.3347258384,prior_operation
267,True,26,31,-7.424005267,-1.549519554,-2.168540574,-2.30220689,3.500482457,-0.3960192946,0.45133069,1.094342599,-1.281370484,0.9509228746,0.2353427713,prior_operation
268,True,18,36,-6.798887805,-1.79075957,-1.577513511,-1.441249843,2.773074542,1.42168257,1.529091964,0.8900178222,-3.15799711,-0.6460441957,-0.2119325709,prior_operation
269,True,24,25,-6.736974082,-1.452616872,-0.9151003178,-0.8642039327,2.250524769,-1.823131142,-0.2327964071,-1.826444622,0.7040451849,0.9113015039,1.017579983,prior_operation
270,True,18,36,-7.081061969,-0.9704308608,-1.094810323,-1.577804753,2.662134277,-0.7471426746,-0.01451326249,0.3850176683,-0.04275269317,1.253804048,0.5989336376,prior_operation
271,True,23,37,-7.299938577,-1.92980997,-2.040861442,-2.281228996,3.293367517,0.7033149967,0.9483684999,0.5916773781,-0.8154741438,0.8705940179,0.3353619325,prior_operation
272,True,17,37,-8.198845149,-0.8585697018,-1.195284016,-0.978572538,2.798066323,-1.958892804,-1.324798,-1.406315,1.2915567,3.438779084,3.407944948,prior_operation
273,True,19,27,-7.536431152,-1.365966306,-1.794849455,-2.581073716,3.34538724,-1.006569115,0.3591260172,0.7839713848,0.140081455,0.9976187141,0.5503578305,prior_operation
274,True,18,36,-7.247539226,-1.643213781,-1.694979575,-1.691495704,3.260472805,-0.9226839331,-0.7993759234,-0.3169736104,-0.2584374427,1.92418655,1.134069106,prior_operation
275,True,21,34,-7.583100641,-1.614033853,-0.8713931076,-0.6754971568,2.961023245,1.26389761,2.707907665,1.901778054,-2.773955729,-1.36181075,-1.701769329,prior_operation
276,True,18,45,-7.718957348,-0.8527748693,-1.038183073,-1.503643698,3.254105284,1.325385379,1.446723069,1.876615984,-3.02804037,-0.006365402979,-0.8642951047,prior_operation
277,True,21,24,-10.38531754,1.143573564,0.3552732315,0.4676011336,3.528216856,2.653825558,2.611687731,3.905118655,-4.476966379,-1.650614419,-1.752326041,prior_operation
278,True,35,38,-8.836620826,-0.4379018435,-0.6128991588,-0.790952516,2.992441422,-3.15060932,-0.4388841106,-0.398676066,1.203082118,2.441597601,2.737256213,prior_operation
279,True,20,26,-7.033542165,-2.188619036,-1.789782991,-1.910942282,2.389566082,-1.2991443,-0.8639058634,-1.186024412,0.6058119533,2.493303679,2.834275377,prior_operation
280,True,19,28,-7.549758061,-1.722165507,-2.332942315,-3.108944759,3.452682061,-2.287246462,-2.471734702,-1.981757858,0.3110671686,4.36298995,3.548764887,prior_operation
281,True,20,46,-6.502510492,-1.460682642,-1.473048512,-1.980602543,2.51735451,0.5156672458,0.09842510919,0.4219730708,-0.9662865557,0.8563520443,0.8920719638,prior_operation
282,True,18,47,-6.194890782,-1.817234314,-1.959196509,-1.564127147,2.653824465,-1.051043799,-0.3621324296,-0.2852616859,-0.3929466922,1.229048847,1.368361006,prior_operation
283,True,21,36,-7.000297911,-2.774405618,-1.508451192,-1.515523394,3.045468394,-4.146779969,-1.584108321,-1.465071507,0.9857329779,3.054931771,1.774358846,prior_operation
284,True,18,35,-7.644971746,-1.414543539,-0.7966672359,-1.128395574,2.858946408,1.980581151,2.578106539,2.327279091,-3.389402982,-1.371472844,-1.069386634,prior_operation
285,True,18,31,-6.522579226,-1.781916958,-1.766673803,-1.664423147,2.730616187,-2.253486855,-2.217233696,-2.340863007,0.5752219475,2.884087528,2.799865185,prior_operation
286,True,22,24,-7.581614247,-1.591252831,-1.992296295,-2.05127405,3.042472746,-2.472788055,-1.55502339,-0.9748676397,0.489982087,3.397187211,2.359912081,prior_operation
287,True,17,38,-7.414217479,-0.7070111245,-1.119410846,-0.5396096816,2.469523826,-1.47076877,-1.023399566,-0.2869059796,0.6817829887,2.431358891,1.652630071,prior_operation
288,True,19,34,-7.395381525,-1.416005202,-1.426979272,-1.697819396,3.049855524,-2.340828927,-2.075965873,-1.679493411,-0.18951789,3.286839708,3.17697139,prior_operation
289,True,18,39,-6.666871048,-1.43293598,-1.453817105,-0.6966929731,2.415214762,-2.036088145,-1.089823467,-1.208655711,0.686212973,1.994209747,1.466201797,prior_operation
290,True,17,41,-6.536367936,-1.240280344,-0.9827950164,-1.59887169,2.504216926,-2.255725563,-1.972897613,-1.627719626,0.3342558292,2.951691256,1.86633526,prior_operation
291,True,20,37,-6.866464788,-1.762841063,-1.279243424,-1.62714729,2.664077467,-1.573209653,-0.4285391729,-0.6273044229,-0.08036371453,1.907741642,1.379176387,prior_operation
292,True,17,36,-7.852272446,-0.5567365773,-0.5278804815,-0.4230732232,2.484928861,-0.8347512693,-0.1164176376,0.01965172771,0.6408365826,1.429106196,1.185814891,prior_operation
293,True,19,31,-7.631813073,-1.1300825,-1.094539343,-0.9784068881,2.191994397,-0.7189643682,0.696705498,0.4801687201,0.8737923952,1.487798389,1.038305281,prior_operation
294,True,19,34,-5.925882138,-1.641068966,-1.593531033,-1.158650129,2.02762867,-2.449113826,-2.2327165,-2.006272575,0.5181363774,2.303701462,2.492178097,prior_operation
295,True,18,30,-7.603974532,-1.161596813,-1.270265164,-1.446793104,2.854646264,-1.621752086,0.0137531962,0.1411161188,0.7340278827,1.648967974,0.6227139819,prior_operation
296,True,17,38,-7.986730019,-0.7495968726,-0.2922646486,-0.9882420796,2.778796452,-1.225370612,-0.2430434576,0.1056833009,1.023917656,1.931859952,0.6115882044,prior_operation
297,True,18,43,-6.264491282,-1.219900623,-1.642138909,-0.686407155,2.298723505,0.5133744837,1.265099811,1.281309209,-1.548358235,-0.6954345744,-0.8873238837,prior_operation
298,True,24,29,-8.220651153,-0.6110320104,-0.6958536462,-1.954997859,3.472509663,-0.9358970269,0.7438635561,0.9861308658,-0.1429635565,0.1072250578,-0.05879476882,prior_operation
299,True,23,30,-6.808609539,-1.786217352,-1.283384596,-1.883219547,2.952023862,-0.1356876539,0.2861451086,0.7498288232,-1.221422203,0.4145390164,-0.2999773345,prior_operation
300,True,20,30,-6.571590269,-1.380955003,-1.479561209,-0.9954720122,2.288559278,-1.402549789,-1.623491771,-0.9161433945,-0.3084104452,2.213493236,1.382814054,prior_operation
301,True,80,26,-8.242569833,-1.024439671,-0.7942412713,-1.428500626,2.895579576,0.02603934021,0.8226295228,1.859126362,-1.813343489,0.8718666417,-0.00665501493,prior_operation
302,True,20,40,-7.849916584,-0.5776683188,-1.608162756,-1.086440844,3.10605602,-1.482628335,-0.2432942403,0.5378935173,-0.02367566671,1.960217094,1.19874773,prior_operation
303,True,20,40,-6.726262484,-1.394412016,-1.482858273,-1.530799887,2.801193255,-1.509275401,-0.5982619249,-0.2121651721,-0.4701705042,1.465019052,1.086962088,prior_operation
304,True,18,38,-7.652875385,-2.080234162,-1.864207008,-2.321589753,3.54985297,-1.402388238,-0.1809192159,0.09345532017,0.6453008392,2.316958613,1.210013554,prior_operation
305,True,19,32,-6.725658248,-0.7882930415,-1.412368625,-1.073186213,2.167569846,-0.3187145188,0.09228926622,0.05600797559,-0.06568015146,1.239603296,0.001685375018,prior_operation
306,True,19,37,-7.524150631,-0.7872588357,-0.4586423189,-0.4039322397,2.688008866,-0.9383513127,-0.5208456276,0.1007332642,-0.2486898557,1.42160352,0.6900785775,prior_operation
307,True,21,33,-7.384321202,-1.233266511,-0.6264390833,-0.4458805634,2.978363301,0.04130446887,1.286981683,1.177482902,-1.292680832,-0.8054448749,-1.171139546,prior_operation
308,True,18,37,-6.964716426,-0.4633399361,-0.8975793852,-0.5031077295,2.075495554,1.214227761,1.221972134,1.434237716,-2.002712305,-0.4413283109,-0.5338314211,prior_operation
309,True,17,37,-6.116708214,-1.629142921,-1.053432446,-0.9569613731,2.22108527,-1.340663923,-0.2784784018,-0.5113283597,-0.08489824111,0.6041637542,0.4775875277,prior_operation
310,True,19,27,-7.31914655,-0.6392436821,-0.686354497,-0.2144812248,2.043929149,-0.6571118566,0.07544802719,0.2863415638,0.1580768812,1.108978626,-0.05595030255,prior_operation
311,True,31,30,-9.770665223,0.7215526747,1.269618002,0.9489365591,2.513975636,1.133664656,2.065161186,2.439543967,-0.6059781359,-0.1938403484,-1.490645297,prior_operation
312,True,90,25,-7.724885384,-1.488881765,-1.430382214,-1.25297243,2.449770996,0.1197885851,1.103472894,1.828994453,-1.902377136,0.9202913863,-0.1713330198,prior_operation
313,True,17,34,-7.669526457,-1.806872695,-2.052525416,-3.082330469,3.567553639,-1.266323367,-0.8704052869,-0.6864967455,0.6751604488,2.622201666,2.496582833,prior_operation
314,True,27,26,-7.448968404,-2.103245099,-1.228813819,-1.427186952,2.809653486,-1.918834887,-0.1611763143,-0.7457544733,0.7640260551,1.537870092,1.719474318,prior_operation
315,True,24,31,-6.619776992,-1.054382118,-1.230761165,-0.7865876648,2.12609856,-0.04864126987,0.3898252643,0.5052021204,-1.262741366,0.6499473894,-0.4858129976,prior_operation
316,True,21,27,-6.490214203,-1.105373997,-1.168034576,-1.48536563,2.190611939,-0.02499223005,0.6830155794,1.132663925,-1.015760175,-0.3198377861,-0.6701095839,prior_operation
317,True,20,39,-7.323982456,-0.8221082487,-0.4946512058,-0.6831310262,2.480989986,0.02679437483,1.038111779,1.223855364,-0.6802627272,-0.1167841332,-0.2649252591,prior_operation
318,True,18,38,-7.234424989,-1.309312548,-1.158289712,-1.937463123,3.148286974,-0.9479675985,-0.01610294427,0.6070096276,-0.3661060221,1.216423052,0.2487550443,prior_operation
319,True,18,33,-7.587449382,-0.7593784143,-1.815197364,-1.650694459,2.738333271,-0.6546096904,0.2585328785,0.6058779836,0.3061583542,1.576406182,0.808528792,prior_operation
320,True,20,35,-7.570785959,-1.840889783,-1.639401108,-1.48234603,3.229878067,-1.493907462,-0.5154843427,0.220819286,0.01232635072,2.031010634,1.136933687,prior_operation
321,True,17,42,-6.309616545,-2.418829803,-1.710845483,-1.845316887,2.78260083,-1.303940055,0.3597280256,-0.1925665527,-0.3015287454,0.8627938544,0.7395860648,prior_operation
322,True,22,31,-6.810574556,-1.311904116,-0.8201509159,-0.7321262783,2.554861529,0.01056511633,0.9744847511,1.125328308,-1.256529039,-1.008826593,-0.9465816901,prior_operation
323,True,17,34,-7.812137114,-1.487243735,-1.770024582,-1.534738204,3.501858237,-2.386788191,-2.029451206,-2.660471681,0.03598423831,3.759886156,3.472247731,prior_operation
324,True,18,31,-8.196362751,-0.8189109312,-0.4891015347,-0.8086491598,3.040864971,2.388143746,3.111372143,2.994764175,-2.781803653,-1.832456778,-1.91629251,prior_operation
325,True,19,31,-6.872459785,-0.9122497625,-1.72056508,-1.145568897,2.182852748,1.446871164,1.729139387,1.491167817,-2.270455174,-0.6595043607,-0.2245245289,prior_operation
326,True,20,30,-7.738252021,-0.2461733901,-0.6126692813,-0.3032273275,2.338544275,1.749361171,1.978144737,2.518490689,-1.869828401,-0.9019699161,-1.560510487,prior_operation
327,True,20,33,-8.237567169,-1.560279307,-1.527627329,-1.623099466,2.57638975,-3.386155888,-2.529562795,-2.113685814,2.192934778,5.122223352,4.977857029,prior_operation
328,True,19,35,-6.563523532,-1.512519474,-2.650228799,-2.469473592,2.636614246,-1.344758112,-0.8801034976,-1.241451328,-0.1343382424,2.380788116,2.734977277,prior_operation
329,True,20,33,-7.66629102,-2.082622191,-1.097672608,-2.136678901,3.112819788,-3.03925191,-1.826244843,-1.579579939,0.7650617938,3.732690773,2.582524958,prior_operation
330,True,22,27,-6.879374975,-1.601159946,-1.777251194,-1.778774331,2.778101678,-1.507730495,0.08143093462,0.09785694818,-0.008339234417,0.9465271416,0.8210020887,prior_operation
331,True,18,29,-8.394779525,-0.5961689913,-0.8749743409,-0.6238167391,3.215893741,2.924723807,3.079663467,2.47418995,-4.96914631,-1.824594379,-1.225874566,prior_operation
332,True,15,40,-6.899934687,-1.031528674,-1.919659168,-1.971232306,2.634433716,-1.295431195,0.003359269252,0.2410669424,0.4779842067,1.389405245,1.339806877,prior_operation
333,True,21,33,-6.726869192,-1.837329029,-1.813989818,-1.848446749,2.802328632,-0.4039048793,0.7331566748,1.186369796,-0.9005303137,0.4343582419,-0.07840714346,prior_operation
334,True,21,23,-7.411451286,-0.7226745409,-0.8248506584,-0.8696618572,2.302968817,-1.567724323,0.1133084824,0.6539389257,0.13593542,1.0717064,0.03886720626,prior_operation
335,True,20,28,-7.245088422,-1.468176217,-1.381627987,-1.508120306,2.631152136,-1.427755418,-0.9413183119,-0.259174417,0.244884334,2.215073281,1.688102358,prior_operation
336,True,33,37,-7.090286699,-1.13173077,-0.8164599809,-0.8424080124,2.488997694,-0.107231527,-0.1003771604,0.2759015526,-1.577733588,0.9838875271,0.6256442922,prior_operation
337,True,19,36,-7.073562417,-0.9404696363,-0.33631537,-0.2550353858,2.209300199,0.04737320946,1.093954545,1.053217004,-0.8666240915,-0.3122847717,-0.6508255717,prior_operation
338,True,20,28,-7.24861855,-1.598328071,-1.084371181,-1.666942213,2.339426774,-1.718618619,-0.1108266558,0.1590931734,0.5073763728,1.89443414,1.218717733,prior_operation
339,True,18,31,-6.708235982,-2.399203333,-2.132692734,-2.230739684,2.941433895,-2.110646044,-1.3090473,-2.64179376,0.7404198586,2.632070489,3.075375474,prior_operation
340,True,69,24,-6.984315512,-1.981271748,-2.021084227,-2.077651889,2.979341549,-0.5095848477,-0.3131219139,-1.104672715,-1.771864598,1.679340014,1.954643925,prior_operation
341,True,19,40,-7.154424224,-0.8759608967,-1.124063201,-0.5773529642,2.146968881,-2.088865399,-0.8932974558,-0.2071969797,0.6689137137,2.459691099,1.556754946,prior_operation
342,True,21,38,-6.802116346,-0.825553622,-1.166836718,-0.7290608649,2.346276744,0.3374849374,0.8653893291,1.142583639,-1.132669664,-0.1853073289,-0.3954209441,prior_operation
343,True,18,42,-7.428283022,-0.8799570944,-2.19496752,-0.8023854509,2.312852775,-0.6130404164,0.3901502512,0.2067219967,0.4611060699,1.491713174,1.767346832,prior_operation
344,True,20,38,-6.624732603,-1.209187085,-2.08712138,-1.904029194,3.020714755,-3.46118047,-2.456016289,-1.760383304,0.324917791,3.281517071,2.663746164,prior_operation
345,True,26,32,-8.91206897,-0.1056116694,-1.238483099,-0.1949936508,2.72449693,0.4532021827,2.177196799,1.698061425,-0.2984257055,0.06339941026,0.4022860955,prior_operation
346,True,20,29,-7.539832209,-1.764091918,-1.334122328,-2.689331053,3.271558549,-1.930952104,-1.134148318,-0.9185860465,0.6628702251,2.690851134,1.839018138,prior_operation
347,True,18,35,-7.54081199,-1.571925445,-1.399511236,-1.323316028,2.967252614,-2.210871475,-0.9694528287,-2.278039364,0.8868748949,2.669977461,2.68331932,prior_operation
348,True,25,25,-7.859041098,-0.4816544779,-1.026772879,-1.249160593,3.054618201,-0.6303978872,0.9422867196,1.484279054,-1.085285706,0.0695834313,-0.5585878707,prior_operation
349,True,18,36,-6.95806833,-1.277370905,-1.718950398,-1.401985216,2.466498918,-0.5243245564,0.1145031219,-1.243663662,0.07246575866,1.534997117,1.556811703,prior_operation
350,True,18,31,-6.701210584,-2.033678302,-2.004590179,-2.045680743,2.257971266,-2.757694432,-2.453311755,-2.868557489,1.866042171,4.217557094,3.829266999,prior_operation
351,True,20,31,-8.031405028,-0.648567123,-0.5947256592,-1.061005714,3.005774618,-1.568088012,0.07266792885,0.5339205807,0.6981522807,1.327707414,0.5010018184,prior_operation
352,True,24,37,-7.570935035,-0.1990076619,-0.7328892745,-0.5689535144,2.511124964,-0.06683395112,0.8229335312,1.685659191,-1.197533755,0.3244491323,-0.4883405751,prior_operation
353,True,19,38,-6.651870975,-0.8979503536,-1.109866014,-0.5808664797,2.186049245,0.3134505406,0.999596547,0.3856641567,-0.906917266,-0.1028782238,-0.163560632,prior_operation
354,True,18,27,-7.98938998,-0.2368574674,-1.119353458,-0.4987311649,2.629556884,2.535367254,2.413892682,2.596738734,-2.953402355,-1.055885642,-1.573035423,prior_operation
355,True,21,30,-7.569141157,-1.472851742,-1.577969903,-1.017339777,3.225686469,-1.626697057,0.118193466,0.189545009,0.008376683357,0.961349826,0.5923610978,prior_operation
356,True,16,45,-6.582905209,-1.869198222,-1.135669103,-1.108976579,2.589797297,-2.009732076,-2.285244964,-1.549153254,0.718456921,3.007919064,2.112682951,prior_operation
357,True,26,28,-9.643125294,-1.18033113,-1.624939791,-0.7480958924,2.604723908,-3.420635054,-0.9737144054,-0.05735683487,2.866897263,4.613794281,3.632848762,prior_operation
358,True,20,33,-7.300727336,-0.7089790321,-1.285124071,-0.5221918981,2.788265063,0.5986267443,1.487643078,1.51482703,-1.83276863,-0.7048726754,-0.8981656224,prior_operation
359,True,25,29,-6.476899192,-1.611568091,-1.192609508,-0.1424295203,2.361977227,-1.604791646,-0.09416821927,-1.307375114,0.05989745324,0.01171310659,0.5516410617,prior_operation
360,True,18,30,-7.0494973,-0.8851789263,-1.369035173,-0.9674500014,2.524354006,-1.132029825,0.07480656745,0.6385167948,-0.06909440498,0.7978498067,0.2752952614,prior_operation
361,True,17,38,-6.901768533,-0.5421933839,-1.649782094,-0.4800117547,1.996293129,-0.9768318528,0.02750199676,0.3863396144,0.5403463151,0.8632317006,0.9792099895,prior_operation
362,True,20,31,-6.607355169,-2.490530256,-1.502441712,-1.703224711,2.601230901,-2.116529163,-0.6412091269,-0.05467306231,0.467750707,1.656867305,1.030925883,prior_operation
363,True,39,29,-8.850336306,-1.198547649,-0.7815576114,-0.800116081,3.331879422,-1.440990011e-05,2.081408639,2.065873225,-0.8615128208,0.1283299813,-0.5292940514,prior_operation
364,True,17,26,-8.702206577,-0.4156373586,-0.1283881327,-2.083281347,2.898427214,3.154991479,3.204259885,3.740788237,-3.29208694,-1.615034447,-2.136691253,prior_operation
365,True,20,30,-7.406526888,-1.449321772,-1.119135523,-0.9741795867,2.304262203,-3.387580948,-2.339436628,-2.515258937,1.304913452,4.055246141,3.470023582,prior_operation
366,True,15,48,-7.523800958,-0.6593516441,-0.09515911332,-0.9201091907,2.697896852,2.281342103,2.683441495,2.477655889,-3.157555508,-1.431290547,-1.962437571,prior_operation
367,True,17,35,-6.908156411,-1.598977155,-1.393620118,-1.186411996,2.161241767,-0.8301594471,0.1457242881,0.5373846421,0.394843845,1.376486636,0.9095267344,prior_operation
368,True,18,29,-7.313375767,-0.5342288456,-0.8574836149,-0.8516914733,2.170047292,1.725820026,1.604216211,1.452786855,-1.834537403,-0.5844910651,-0.6171806621,prior_operation
369,True,22,31,-7.549690935,-0.2705377031,-1.602861936,-0.343569831,2.695135221,-1.676067225,0.2631272331,0.9301974893,-0.230662464,0.7700208481,-0.158028226,prior_operation
370,True,19,42,-7.452452227,-1.411435187,-1.482737586,-1.994123096,3.327281754,-3.30066345,-1.748033292,-2.028118384,0.590834828,3.480818729,3.244341539,prior_operation
371,True,17,54,-8.285442144,-0.5267167188,-0.2237555631,-0.2739620464,2.943975586,1.65719101,2.780437047,2.554752025,-2.339710593,-1.109354771,-1.119224694,prior_operation
372,True,18,34,-7.507019537,-1.750050459,-1.605613999,-1.734295029,3.060322933,-1.700974705,-0.8438382669,-0.9073319719,1.145427066,2.606173592,2.271787799,prior_operation
373,True,17,42,-6.926230839,-0.7365338132,-0.372015607,-0.3106664125,2.178765885,-0.8077777846,0.1909631394,0.6942051821,-0.3964438322,0.6713196853,-0.4760400751,prior_operation
374,True,19,32,-7.542186488,-1.283179098,-1.15200477,-1.249188996,3.293673377,-0.9176318199,-0.2357211017,-0.7080591846,-0.3002542579,1.04323906,1.363237967,prior_operation
375,True,21,30,-7.295045277,-1.122251909,-0.8958455443,-0.924777571,2.376232716,0.9985757958,1.890000301,2.133630337,-1.775957518,-0.4938368825,-1.165799479,prior_operation
376,True,24,28,-7.4966629,-0.831964974,-0.6664372135,0.4358605721,2.251351758,-2.242643198,-1.560625012,-1.185298174,1.342214806,2.333368522,0.7365853243,prior_operation
377,True,19,34,-7.651621019,-1.881450145,-1.780221501,-1.849033575,3.028596416,-1.369100877,-0.3761997725,-0.5597497653,0.5713728767,2.485774467,2.416375917,prior_operation
378,True,20,40,-8.556005744,-1.810118188,-1.338994604,-2.214060091,4.070784969,-2.93592713,-1.278348626,-1.5119397,0.5840455003,3.618846713,2.747357632,prior_operation
379,True,22,31,-7.175671956,-1.735261413,-2.547848492,-1.756100169,3.091086469,-2.584267834,-1.627714565,-0.6458606593,0.1651359903,3.113350889,2.348051478,prior_operation
380,True,19,33,-6.754549355,-2.434311838,-1.418392501,-1.76440722,2.905598016,1.179472687,1.647274356,1.666108389,-3.985716402,-0.8140510605,-1.017731838,prior_operation
381,True,18,36,-7.942995783,-1.635081933,-2.072108311,-2.972778119,3.027071596,-2.19935845,-1.176198808,-0.8372715353,1.774690903,3.814457307,3.586252271,prior_operation
382,True,18,35,-6.848418121,-1.107798696,-1.788386499,-1.527412516,2.980690677,-0.7701397821,-0.0700862302,0.3109567691,-0.4407409451,0.8562407093,0.0480069891,prior_operation
383,True,18,29,-6.90091804,-1.515373343,-1.454641514,-1.875902486,2.747888663,-0.7762404626,-0.850343978,-1.183253518,-0.1148893864,1.932587862,1.569846154,prior_operation
384,True,19,33,-7.004290817,-1.919041166,-1.817597666,-1.89173449,2.843268971,-2.457638538,-2.094802336,-2.454257072,0.1715445712,3.866435551,3.186928349,prior_operation
385,True,25,37,-8.191338173,-0.2334714247,-0.1281778041,0.4073015706,2.447404703,-0.1546870051,1.538679467,2.625756608,-0.8919953429,-0.3142724027,-1.413042284,prior_operation
386,True,18,39,-7.638908919,-1.197131427,-1.465917944,-2.063010926,3.234988939,1.2998934,2.042689935,2.036440468,-1.795560409,-0.1037696924,-1.213645241,prior_operation
387,True,22,32,-7.060204363,-1.113421322,-1.351866469,-1.356686827,2.823124388,0.3354157123,0.9816867721,1.391464316,-0.9839995266,0.02463026648,-0.881494339,prior_operation
388,True,19,24,-9.059182955,0.814227614,0.9703642828,0.8596761415,2.299344203,2.184307662,2.124685484,2.110604495,-3.341507889,-1.264458852,-1.386157036,prior_operation
389,True,21,28,-8.744459292,-1.456103954,-0.9273300801,-1.230240122,3.753561598,1.74077563,3.118018003,2.932736262,-2.73663061,-1.306578094,-1.681608108,prior_operation
390,True,17,35,-5.98914283,-1.795941688,-1.39242826,-0.9710301592,2.080306697,-0.8366092953,-0.6254990779,-1.286433053,0.009968357682,0.8544866935,1.196630867,prior_operation
391,True,19,39,-6.819720582,-1.884060631,-1.670022742,-0.9339879883,2.956304187,-0.9662079034,-0.4024732708,-0.05820116274,-0.2352718269,1.117075478,1.000852013,prior_operation
392,True,16,30,-6.786737645,-1.422670861,-1.382832402,-1.6929961,2.53440197,1.733948696,1.48008984,1.285416501,-3.20355146,-0.6488076394,-0.5352985533,prior_operation
393,True,16,38,-7.636923461,-1.113135211,-1.866471675,-1.476554082,2.311467813,-1.456263376,-0.499959867,-0.1150433059,1.720154424,2.991936112,2.235636481,prior_operation
394,True,37,31,-7.130764019,-1.061407789,-1.589888113,-1.578784326,2.914175658,-2.527203012,-0.1489589228,-0.113893748,-0.3649981067,1.025241266,1.476242761,prior_operation
395,True,31,40,-7.909088604,-0.5008041668,-0.8864814877,-1.054464769,2.956936044,0.3554720495,0.2985800103,1.335782297,-1.464561661,0.7435681545,0.2499998194,prior_operation
396,True,18,40,-6.305064808,-1.79552601,-2.45429364,-1.725268331,2.736995913,-2.348458486,-1.510756681,-0.8360150447,0.383076407,2.562612599,1.880838293,prior_operation
397,True,20,35,-6.814444635,-2.233573338,-0.7204646739,-0.8418797848,2.609695588,-1.173716029,0.4035091476,-0.7326774643,0.1386779915,0.4408833175,0.1605595388,prior_operation
398,True,19,38,-6.592479347,-0.9653950473,-1.24702151,-0.6347565291,1.949132373,-1.017155745,0.01366361114,-0.4145661548,-0.1328574377,1.224970131,1.080629927,prior_operation
399,True,26,26,-8.015427724,-1.014911554,-1.515301378,-0.9044802617,2.554151415,-1.407748446,0.4127633084,-0.430388866,1.291577837,1.386074066,1.945570487,prior_operation
400,True,19,33,-6.559560392,-1.215336468,-1.082824526,-0.8358581045,2.051429263,-0.9195013558,-0.7316773516,-0.06738203892,-0.1528629396,1.627273415,0.7828779708,prior_operation
401,True,21,35,-8.030560365,-1.15598348,-0.3891484342,-0.6135152176,3.296215827,1.341403283,2.685578021,2.656570819,-3.170547697,-1.810243622,-2.192038213,prior_operation
402,True,17,40,-7.361886558,-0.418907793,-1.479767476,-1.527511916,2.71812029,-0.5917472497,-0.6165218861,0.4376003656,-0.1051087775,1.711865367,1.26538714,prior_operation
403,True,18,45,-7.704444395,-0.5216198911,-1.120159573,-0.9547658962,3.24345101,-1.442824485,-0.3211159121,-0.1830225546,0.1939330898,1.471577949,1.418317753,prior_operation
404,True,15,49,-7.323047324,-0.3491078555,-1.021867931,-0.153194828,2.678844339,-1.428931588,-1.239435857,-1.931901477,0.01109764459,2.352316488,2.251959288,prior_operation
405,True,17,34,-6.528994427,-1.877867663,-1.439265365,-1.752523236,2.650579366,-0.8230827046,0.1884081459,0.3441715339,-0.1690034912,0.7969160711,0.102527261,prior_operation
406,True,17,33,-6.214348309,-1.69201656,-1.738716545,-1.201258758,2.222799861,-1.236969682,-0.02917588519,-0.1603307031,-0.2270111856,0.8366813581,0.7778096334,prior_operation
407,True,17,42,-7.941737209,-0.7540160648,-1.209314621,-1.496172623,3.331845206,-3.53199996,-3.418791265,-2.769368146,1.106438421,4.946738468,4.137577448,prior_operation
408,True,19,38,-7.593901456,0.00794825443,-0.1611053188,0.1796721761,1.858596349,-0.3185838896,1.06446925,1.164177801,0.2028574004,0.2013992683,-0.1816283915,prior_operation
409,True,19,27,-7.121767613,-1.169221018,-0.6467378476,-0.1783875215,2.429075069,-0.5407224506,0.5307479916,0.5990018638,-0.1215807865,0.01386269996,-0.9838734796,prior_operation
410,True,22,38,-6.041577478,-1.886413224,-1.349898371,-0.5260386879,1.928038519,-2.157639679,-0.5152449141,-0.9207921213,0.05527875099,0.852771919,1.287286844,prior_operation
411,True,20,33,-7.006489731,-1.560807117,-1.36776308,-1.907082328,2.987222003,-0.01982094799,1.142207335,0.5227924035,-0.9582198355,-0.1166202844,0.05498570085,prior_operation
412,True,21,32,-7.138632333,-1.425084664,-0.9002712255,-1.452444748,3.118450525,0.6005797761,1.781509075,1.824695981,-2.695777697,-1.086402346,-1.951314079,prior_operation
413,True,18,39,-7.349202388,-1.250304978,-1.207800267,-0.4826381722,2.504987659,1.468977915,1.603752984,1.148234948,-2.216979123,-0.03057715877,-0.2395252659,prior_operation
414,True,23,38,-7.235041507,-1.592603493,-1.028959188,-1.676889743,2.754371395,-0.2505376464,1.179152528,1.011319417,-0.800736751,0.4114838712,0.4429586158,prior_operation
415,True,19,27,-9.474972339,-0.4352590406,-0.09198196357,-0.4362272133,2.881762414,3.360707481,4.445359317,3.703915003,-3.585556954,-1.973781865,-1.978814886,prior_operation
416,True,25,27,-8.292347319,-0.2913670419,-0.6275829432,0.01650321216,2.398681659,-1.52246299,0.2848734817,0.2580347016,1.191797605,1.288471235,0.9682003882,prior_operation
417,True,27,32,-7.711717884,-1.611565489,-1.990598227,-1.938848886,3.391327569,-3.556699356,-1.136359289,-0.8143441965,1.158958061,2.781413916,2.577024525,prior_operation
418,True,22,25,-7.268320795,-1.490220746,-1.424518639,-1.436004714,3.058536198,1.119785571,1.898763689,1.561690262,-2.59443817,-0.9962778083,-1.116249899,prior_operation
419,True,19,30,-8.511007192,-0.1628080363,-0.2982711312,-0.2107743407,2.390372312,2.371738483,2.632406675,2.079328087,-2.537866816,-0.7305647906,-0.8034734052,prior_operation
420,True,16,31,-6.636819549,-1.443791422,-1.323732547,-1.509907955,2.090391967,-1.187242633,-0.2441340358,-0.2451612755,0.6387936524,1.281549516,1.403564793,prior_operation
421,True,18,29,-6.965472003,-1.531765265,-1.575053362,-1.583471185,2.845083919,-1.371532124,-1.218074858,-1.714157681,-0.08959893911,2.139173388,2.415411652,prior_operation
422,True,19,34,-6.92751565,-1.464332118,-1.478551846,-1.033019285,2.743230361,-2.186231219,-1.416584138,-1.685231944,0.538521569,2.232368711,2.337297553,prior_operation
423,True,36,27,-8.635641561,-1.591610776,-0.5859929018,-0.9529999598,3.573786405,-1.043306546,1.761157398,1.124632525,-1.305379983,0.04873128636,-0.3495620339,prior_operation
424,True,54,24,-9.90669807,0.06592766787,-0.1797043432,0.009666185597,3.385429555,-0.6324037139,3.050795338,1.928867307,-1.153572809,-0.8775264633,-0.2806397581,prior_operation
425,True,24,27,-7.876902117,-0.144995101,-0.2541403338,0.6879044789,2.239957635,-1.625486879,0.2710057082,-0.3527130596,0.5632461238,0.6992000897,0.08138359205,prior_operation
426,True,34,32,-8.507177771,-0.4555018395,-0.7871970067,-0.1969237262,2.904222818,0.4696606732,0.8308695108,1.817074577,-1.044727759,0.7307370096,-0.08299325714,prior_operation
427,True,29,33,-9.46430837,0.8500473412,1.007657884,1.135376873,2.292309365,0.5551765139,2.449310852,2.048254574,-0.575326453,-0.5055559454,-0.8412915506,prior_operation
428,True,28,44,-7.369831988,-0.8581751049,-1.970024678,-1.133657992,2.951151536,0.6560156515,0.8869233444,-0.2001912453,-1.253978086,0.4400472337,1.467076441,prior_operation
429,True,18,38,-7.493157836,-0.5067208195,-1.276597979,-1.152569013,3.078264307,0.9025155925,1.02853629,1.800603236,-2.144003903,-0.2771318283,-0.6054540674,prior_operation
430,True,18,36,-9.291674205,-0.5877127807,-0.2976849646,-0.6075857789,2.906163383,2.788986295,3.14095341,2.74876009,-2.457429612,-0.6280115646,-0.3668082056,prior_operation
431,True,16,27,-6.803799542,-1.544623602,-1.578501364,-2.133986645,2.400758177,-0.9405137135,-1.211183022,-1.022477031,0.650910823,2.498336066,1.559433673,prior_operation
432,True,21,34,-6.919613837,-1.746807945,-0.9289648355,-1.205248437,2.769161937,-0.3351395584,0.8641472587,0.5880089303,-1.292457533,-0.2685492902,-0.06380522748,prior_operation
433,True,17,32,-6.745273285,-1.648431276,-1.575314541,-1.978904548,2.400840284,-1.784737438,-1.067298311,-0.7920062175,0.9803774035,2.48233854,1.574223122,prior_operation
434,True,19,36,-7.118783976,-1.719268003,-1.513582524,-1.350656832,2.67038778,1.283217336,1.625233476,1.680032701,-3.691739327,0.0342368514,-0.3592380769,prior_operation
435,True,30,27,-7.267006129,-1.036724939,-1.59938047,-0.862822592,2.838367678,0.3066155925,0.6444462704,1.495613112,-1.183774325,0.1584445063,-0.5363490821,prior_operation
436,True,20,31,-6.354857896,-2.159270828,-1.235486338,-1.501965164,2.276142825,-0.3768122498,0.8782712893,0.09965158557,-1.050500747,0.1194786703,0.1162640189,prior_operation
437,True,19,29,-6.599119437,-1.871586112,-2.53221582,-1.801116268,2.997979135,-1.158487373,-0.04045161851,-0.1977691395,-0.09481437542,0.7174189222,0.8069525729,prior_operation
438,True,21,30,-6.706552164,-1.44284947,-1.740220465,-2.07635171,2.461117837,-3.597664422,-2.672858081,-2.183833897,1.095484719,4.091101905,2.956627083,prior_operation
439,True,21,32,-8.275310266,-1.202988299,-0.8705600211,-1.244017703,3.139824185,1.842240091,2.344268547,3.383718736,-3.890163353,-0.6513114528,-1.549870159,prior_operation
440,True,17,41,-6.981881167,-1.366736548,-1.413385547,-1.596770721,2.859788564,-2.239136282,-1.593361717,-1.334285994,0.5751027865,2.785415293,2.338201486,prior_operation
441,True,30,33,-6.371590763,-1.209934773,-1.584570712,-1.601121709,1.787690709,-0.2485062859,-0.4752477398,0.02956617718,-1.157221728,1.377999712,1.754276285,prior_operation
442,True,18,30,-6.866835539,-2.002690699,-1.721482876,-1.262795226,2.783877386,1.837249217,2.367713739,2.079704984,-3.309499544,-1.46405426,-1.508725333,prior_operation
443,True,61,25,-7.073633162,-2.085877411,-1.304127879,-1.701504143,2.885884224,-0.5455784009,0.2702347435,0.157451272,-2.095521908,0.7387147076,0.2917575303,prior_operation
444,True,18,25,-6.988266536,-1.042404423,-0.7635344455,-1.118668157,2.177826652,1.973154476,2.236433946,2.1504084,-2.484438299,-1.464806519,-1.942519506,prior_operation
445,True,17,42,-6.652440537,-1.710026247,-1.428707164,-0.8880778636,2.678547988,-0.3924846684,-0.463660737,-0.4138123848,-0.2720509025,1.378838255,1.015352997,prior_operation
446,True,17,39,-6.530724663,-1.707985266,-1.195313961,-1.299506326,2.488732,-1.015069833,0.4157641148,0.2452933426,0.191185497,0.8639157718,-0.3690969234,prior_operation
447,True,17,33,-8.027821681,-0.4399761619,-0.5642130677,-0.2545783102,2.472773272,2.626558953,2.777921205,2.632480473,-3.124528245,-1.616839261,-1.263305442,prior_operation
448,True,26,26,-8.132251274,-0.6175799791,-0.4328011991,-2.032083442,3.284782439,0.322259428,1.507165027,2.154791996,-0.9512268095,-0.5684319882,-1.271454534,prior_operation
449,True,36,26,-9.807076616,1.202978991,0.002270596172,1.072927343,3.544211908,-1.459011752,0.6783665379,1.067808642,0.07079040793,0.002914822421,-0.1726928979,prior_operation
450,True,20,22,-7.325735721,-1.95314456,-1.764522909,-1.212405851,2.314891643,-2.662652721,-1.367095839,-1.027831303,2.061459032,3.058004668,2.296847319,prior_operation
451,True,23,33,-7.803468914,-0.7759669499,-1.102341155,-1.271684938,3.419008409,0.2467876754,1.006915595,1.13103891,-1.124929336,-0.02293852948,-0.2446017365,prior_operation
452,True,19,42,-7.42163951,-1.120688431,-0.8208046492,-0.7576323001,2.839988175,-1.421430417,-1.289815533,-0.2137565678,-0.1976642375,2.012761704,1.661000733,prior_operation
453,True,49,25,-9.648977873,-0.1330315188,0.4186356975,1.070056281,3.035498708,-3.473576542,-0.7820503313,0.1000483406,1.462046001,2.139455845,1.050927212,prior_operation
454,True,19,33,-9.816137555,0.7576839044,0.4585898113,0.008961306783,2.621775571,-1.874380566,-1.159610968,-1.012218737,1.632440797,3.710753133,3.107820575,prior_operation
455,True,16,47,-6.35191599,-1.661128585,-1.499921913,-1.40763027,2.537811108,-1.536680137,-0.6014620961,-0.3022715811,0.2028782877,1.631945385,0.867528035,prior_operation
456,True,18,41,-6.671019498,-2.048013579,-1.493610388,-0.7950389043,2.134840758,-2.212499561,-0.5112921507,-0.9283569622,1.212812989,2.027796454,1.782733567,prior_operation
457,True,19,27,-7.955548426,-0.4810971491,-0.8263241194,-1.410411666,2.616306323,1.669782821,2.319636702,2.611599452,-2.133517737,-0.5960514039,-1.503892213,prior_operation
458,True,15,39,-8.300132966,-0.1286726759,-0.4452215833,-0.3621319178,2.329067119,3.204462062,3.170711175,2.989377786,-3.88733041,-1.36323213,-1.159133088,prior_operation
459,True,17,49,-6.615234832,-3.04278594,-1.858649588,-1.725879015,3.091603352,-1.899975027,0.2639021711,0.05930589046,-0.2784367047,1.17957163,0.8019863191,prior_operation
460,True,19,32,-7.194684168,-1.226602973,-0.9030914175,-1.264410125,2.581020712,1.40481323,1.711280569,1.555332551,-2.838979791,-0.4569888628,-0.9168659701,prior_operation
461,True,17,31,-5.667213813,-2.007731041,-1.989943925,-1.835076772,1.915710573,-1.128770057,-0.5721850757,0.06555232267,-0.2821185059,0.8080552157,0.8321915421,prior_operation
462,True,30,36,-8.167722259,-1.210259261,-1.311643525,-1.835677998,4.072845614,0.400548648,1.143200415,0.5611550904,-1.574178028,0.253025311,0.07207699557,prior_operation
463,True,17,41,-7.299555289,-1.555984125,-1.164882836,-1.418205534,2.881427698,2.015653233,2.195482539,1.816973577,-4.624481991,-0.9856873175,-0.5633203008,prior_operation
464,True,20,32,-6.478773655,-1.879315119,-1.580299242,-1.07795076,2.764994567,-1.873252996,-0.6628318442,-0.7020510116,0.3037053096,0.7711092529,0.9423770125,prior_operation
465,True,20,35,-6.884196694,-0.5865131081,-1.429157793,-0.567930459,2.117200961,-1.397638057,-0.7461031219,-0.6283968896,-0.2217542305,1.488684413,1.798516344,prior_operation
466,True,18,38,-8.016528073,-0.9558910015,-0.8868951196,-0.7106734893,2.476565029,-1.997418771,-1.017979235,-1.179492506,1.867732165,3.145939224,2.981123459,prior_operation
467,True,22,25,-7.929257415,-1.743442418,-1.18131448,-1.012027196,3.208295499,-2.809132133,-0.4189495356,0.2315835968,0.394596198,1.923197233,0.7763463577,prior_operation
468,True,16,32,-7.125582557,-0.5246253588,-0.5102396658,-0.5538994841,2.206013929,2.023378286,2.421905771,2.336311442,-3.166265785,-1.873481299,-1.894132288,prior_operation
469,True,18,27,-7.493010641,-1.478131593,-1.425243231,-1.800172869,3.433088145,1.975803718,1.935877471,2.115975204,-3.064469601,-1.223605184,-1.692874483,prior_operation
470,True,18,34,-7.426340257,-1.501925695,-2.126670436,-2.414600775,3.611474859,1.685543678,2.001677209,2.264323016,-4.300868656,-0.6376701846,-1.218308311,prior_operation
471,True,17,38,-7.871871785,-1.571037614,-1.028308012,-1.772883989,3.435626944,2.072644177,2.631193588,2.556407636,-3.414058285,-1.040721167,-1.456484677,prior_operation
472,True,23,37,-7.281122809,-1.528309297,-1.230638581,-1.138422315,2.804268054,0.2858141325,1.132599548,0.7949414043,-1.011070397,0.240983409,0.2290481814,prior_operation
473,True,37,29,-7.422191198,-1.333800741,-1.062455653,-0.8797144282,2.525718535,0.00191304624,1.010682965,-0.1366302013,-1.294419717,0.4139603524,0.5402560955,prior_operation
474,True,25,30,-7.145077371,-0.9508356054,-1.026441462,-1.318431492,2.173337749,-0.01216046805,0.8977829577,0.9095894404,-0.7603619139,0.8457593739,-0.1478266928,prior_operation
475,True,20,32,-9.653354967,0.2526868866,0.4378253627,0.2603688473,2.804535661,3.200972418,4.290459941,4.331539472,-5.023108159,-2.108545431,-2.42550749,prior_operation
476,True,19,27,-7.291791983,-1.233882595,-1.775564145,-1.969249418,2.903632479,-2.036837964,-1.069721245,-0.3174364695,1.229668264,1.876981784,1.614020129,prior_operation
477,True,19,37,-6.835638679,-1.437919892,-1.272746747,-1.321040479,2.86906796,0.1090398361,0.4894616813,0.9992182052,-1.033141057,0.1971249464,-0.295764789,prior_operation
478,True,20,32,-6.747766029,-0.8993816903,-1.360384148,-0.7605426054,1.881242224,-1.143719961,0.3894397522,0.4799771494,0.08643689697,0.7879461478,0.5065976736,prior_operation
479,True,36,22,-7.818442226,-0.8490679688,-1.33332537,-1.231896162,2.939344485,0.5192198653,0.8751260362,1.769284097,-1.202094279,0.09521655913,-0.8117934762,prior_operation
480,True,17,34,-6.917266773,-1.781209822,-2.378342254,-1.80008079,2.499645948,-2.691362778,-2.285500336,-2.595811639,1.683525611,4.139754673,3.87627547,prior_operation
481,True,17,36,-7.60774404,-0.8158000601,-1.511226122,-1.09202209,2.481742649,-2.514865316,-2.049603716,-1.876856288,1.56010036,3.854187609,3.561406616,prior_operation
482,True,17,34,-6.809783533,-1.372764267,-2.616160566,-2.28910807,2.50629913,-3.226226475,-3.449175704,-3.794483574,0.9901941629,4.808863765,5.674180671,prior_operation
483,True,18,34,-8.295341142,-0.3646604517,-0.2718781265,-0.2886827815,2.586181222,-0.5400492989,-0.03342347149,-0.4298787239,0.3222069956,1.644343087,1.481721755,prior_operation
484,True,18,35,-7.621618863,-0.7018068386,-0.843134071,-0.9417497787,2.277477731,1.883753959,2.099004676,1.806705859,-3.985587685,-0.3156707507,-0.354448574,prior_operation
485,True,18,26,-7.167047303,-1.774269982,-2.231665282,-1.963586913,2.573043448,-1.675774456,-1.376767635,-0.7589577418,1.422447722,2.856004199,2.505500221,prior_operation
486,True,32,23,-7.348205579,-0.7435840474,-0.732624163,-0.9357843983,2.757324651,-0.1797540392,0.7467911023,0.8176901937,-1.53327327,0.2083121859,-1.590862124,prior_operation
487,True,17,42,-7.111734634,-0.5568238013,-0.9158865016,-0.7081858207,2.352841588,-2.077040889,-1.324730872,-0.8475806481,0.9226286617,2.191689809,1.954008988,prior_operation
488,True,17,36,-6.567825729,-1.389945679,-1.687233227,-1.233609629,2.040158232,-1.352194547,-0.6651491429,-1.89569115,1.175160897,1.923068751,2.619114294,prior_operation
489,True,19,29,-6.437974389,-2.794461104,-1.360985464,-1.883175442,2.408431741,-1.377792716,-0.5452516386,-1.768063038,0.5172399799,1.919574219,1.213963566,prior_operation
490,True,26,32,-6.490910413,-0.7423527737,-1.629185066,-0.7359634451,2.026910373,-0.4128191586,0.3974818158,-0.02390201359,-1.433539704,0.5157182879,0.567169075,prior_operation
491,True,19,30,-6.921098038,-1.053778592,-1.545569701,-1.32368338,2.337003047,-1.653621961,-0.07055806846,0.5999988758,0.06643126857,1.319330185,0.6930743256,prior_operation
492,True,24,33,-6.949628959,-1.263781531,-1.824704413,-0.8757330384,2.717238672,0.7165791317,0.8223559749,-0.1068990712,-1.219557428,0.08397714438,0.5089562083,prior_operation
493,True,20,31,-7.399228222,-1.291690182,-0.9744471366,-0.5230226448,2.732533541,-1.488474964,-0.03434149648,-0.09116998477,0.5034114111,1.075474605,0.7936748107,prior_operation
494,True,18,39,-6.190572317,-1.845941282,-1.927825279,-1.567356721,2.540202969,-1.748419653,-0.1401477626,-0.3440526753,-0.3449255212,1.111572,1.194179312,prior_operation
495,True,19,33,-6.811465738,-1.203632018,-0.8457453635,-1.320711983,2.394664169,-1.257608804,0.3652147428,0.3601701292,0.2544982917,0.7661846561,-0.6182141253,prior_operation
496,True,20,27,-7.886328575,-0.9030514438,-1.327268433,-2.298542047,3.424555387,-0.3515520892,1.012372363,0.6262932192,0.1137152426,0.267547353,0.1685629752,prior_operation
497,True,20,32,-7.064208578,-0.5575098419,-0.9339321033,-1.077742969,2.607205289,-0.9240705635,-0.4326050217,-0.1576091206,-0.440099822,0.8226559464,0.8494612358,prior_operation
498,True,18,33,-7.591858957,-0.9744676056,-0.3107526011,-1.495855706,2.694407081,2.136220324,2.52791369,2.589629374,-4.675834872,-1.383655699,-1.740510121,prior_operation
0,True,19,30,-7.147195011,-1.67942652,-2.329694914,-3.674758616,3.128235396,-1.350036162,0.1157906886,0.3000773539,-0.5391644018,1.67251661,1.231803315,same_episode_continuity
1,True,63,24,-7.863890099,-1.205963699,-2.393646647,-3.401294771,3.229025598,-0.7870465313,-1.249114664,-0.7402789984,-0.9068377392,3.289163018,2.516359439,same_episode_continuity
2,True,19,25,-8.521768136,-2.116485102,-0.7102234152,-2.322360054,3.564751163,3.006097962,3.653257517,3.07017141,-4.943750151,-1.797695636,-2.571870289,same_episode_continuity
3,True,22,30,-6.819977634,-1.330658432,-1.429573652,-1.602834497,2.767240383,0.5426745585,1.213298832,0.9356912043,-2.348244023,-0.1650665407,-1.834347355,same_episode_continuity
4,True,19,32,-7.89254904,-1.171800667,-1.916603472,-2.663291996,2.711937966,-3.019250084,-2.403174456,-1.763910156,1.345201118,4.837885877,4.237502287,same_episode_continuity
5,True,23,25,-6.912660077,-3.508725317,-1.990620117,-2.96738219,3.132944771,-3.59192336,-1.428038444,-1.60077714,0.7703993572,3.113331369,1.983535459,same_episode_continuity
6,True,22,22,-6.393705624,-2.134675948,-1.818925849,-2.073062095,2.042191782,-0.8015219963,0.4284349746,0.4713159253,-0.7552236766,0.9600177897,0.08997424228,same_episode_continuity
7,True,20,29,-7.979608692,-2.31126093,-1.044935214,-1.758544188,3.243045786,1.823032797,2.350042001,2.361954823,-2.204885868,-0.5893641398,-1.647836417,same_episode_continuity
8,True,19,21,-8.050033049,-1.043242546,-0.771223055,-1.455662162,2.86271786,2.294419168,3.052236119,2.831047068,-4.378990112,-1.612226838,-2.301410989,same_episode_continuity
9,True,23,18,-9.375980022,-0.8293306537,-1.782089585,-1.944661763,2.404043253,-2.417993468,-2.095570959,-1.70083963,2.402438356,5.713132851,4.612320442,same_episode_continuity
10,True,25,26,-7.151163145,-1.20802444,-1.725613709,-1.807670797,2.496969889,-2.932335699,-0.8801376908,-0.09853937962,0.2291957023,2.153716946,1.6305022,same_episode_continuity
11,True,20,23,-9.179641898,-0.01017408009,0.1494580048,-1.543336441,2.992549816,2.348967079,2.658678198,2.730160394,-4.200622322,-0.9048637903,-1.71556307,same_episode_continuity
12,True,21,30,-7.628680605,-0.6336591531,-1.332565897,-2.283144397,2.984740901,0.7399292243,1.128985957,1.754407295,-3.270539365,0.09076588873,-0.1815653961,same_episode_continuity
13,True,20,25,-7.187431276,-1.211495265,-1.980211881,-2.691993442,2.983562219,1.022272268,1.220001222,1.323261551,-3.41406505,0.2378199495,-0.7246440593,same_episode_continuity
14,True,21,23,-8.636331994,-1.083577962,-1.286036633,-2.479096078,3.418851943,2.081441367,2.745041737,2.905412799,-3.697018654,-0.5832058376,-1.499561915,same_episode_continuity
15,True,41,18,-7.859679533,-1.601687059,-1.737647304,-2.464544276,2.908340074,-1.207994497,0.7582016144,1.633823908,-0.7902258068,1.150118649,0.2220018424,same_episode_continuity
16,True,25,22,-7.388669897,-1.812574139,-1.679973807,-2.475875999,2.755800799,-0.5942283709,0.8059745277,0.9372732675,-0.4623504698,1.022602719,0.3418376752,same_episode_continuity
17,True,20,27,-6.28403697,-1.526475046,-1.759966686,-2.059664493,2.300599846,0.6113219781,0.7612891751,0.9613227954,-2.384519731,-0.1124645966,-0.636688844,same_episode_continuity
18,True,27,28,-6.880264499,-1.641801045,-1.776736748,-2.67304035,2.950846631,-1.4119278,-0.4731931304,-0.1902621414,-1.647371642,1.759297818,0.9859781395,same_episode_continuity
19,True,21,30,-6.882298,-2.094529502,-1.776777313,-2.414123217,3.296882595,0.5931603991,1.667498076,1.599448154,-2.332873202,-0.5476911883,-1.448968,same_episode_continuity
20,True,24,26,-6.97653595,-1.756749358,-2.320220008,-4.648213992,3.305374669,-0.3416500237,-0.6099221745,-0.5570788699,-1.167572604,1.933113387,1.567667796,same_episode_continuity
21,True,35,19,-6.062309561,-3.683841529,-1.088435045,-1.182814073,2.117692977,0.9991082684,1.556494248,0.3167621498,-2.316652117,-1.580665369,-3.427386594,same_episode_continuity
22,True,36,20,-7.605609069,-1.823133579,-2.217808149,-3.363267209,3.204046421,-0.9892566615,-0.08134468269,-0.06022232393,-0.9899423588,2.259103005,1.491070465,same_episode_continuity
23,True,23,26,-7.684046312,-2.091825481,-1.348450075,-2.231789667,2.963495435,-0.02559166496,0.9228548369,0.4155603301,-0.3634993275,1.222559168,-0.3432019765,same_episode_continuity
24,True,25,27,-7.565981181,-0.9115336488,-1.732178158,-2.353569227,3.120370797,-2.103596515,0.05540480234,0.594533293,-1.301916047,1.318420731,0.7667209491,same_episode_continuity
25,True,21,19,-8.284069349,-1.050396616,-1.846126041,-3.617737918,3.153676228,2.223882125,1.717224404,2.154707819,-3.682076452,0.1736989058,-0.2553813955,same_episode_continuity
26,True,24,17,-9.450179805,-1.098946134,-0.6751734136,-2.202370372,3.54665057,2.458782936,3.485519624,3.516826495,-3.655440396,-1.21064195,-2.121214503,same_episode_continuity
27,True,29,32,-6.635028084,-1.702729153,-2.231842889,-2.818580289,2.829741495,-0.2687023201,0.4298862557,0.3564286799,-1.32339937,1.280963622,0.03089889392,same_episode_continuity
28,True,33,18,-8.216903444,-1.562591786,-0.5873691851,-1.969470322,2.164364087,-0.1542973655,1.453764753,1.459207187,-0.07817229489,0.9606266351,-0.1495182783,same_episode_continuity
29,True,20,26,-9.683635132,-1.606360699,-1.510447161,-3.63422636,2.980517088,-2.852057258,-2.178637156,-1.988394203,3.105897585,6.511470636,5.253177606,same_episode_continuity
30,True,30,16,-6.473029274,-3.785148012,-1.809674133,-2.057401205,2.206316972,-0.3503547355,0.4283569605,0.7285468167,-0.8814543316,0.3522967586,-0.1784693842,same_episode_continuity
31,True,24,24,-7.552899567,-1.556598191,-0.8633584987,-1.957444321,2.868873698,-2.006340185,-0.09517374958,0.2886769974,-1.091226893,1.439686234,0.6642705476,same_episode_continuity
32,True,23,19,-8.024291135,-1.308044654,-0.5013085943,-3.883565723,2.577400835,1.406264651,2.124562214,2.114029941,-1.94039318,-0.3022802281,-1.182876731,same_episode_continuity
33,True,17,30,-7.664680497,-1.248015437,-2.139718119,-4.06851135,3.567900932,1.946288534,1.541385423,2.070540524,-3.085106274,-0.1025777685,-0.2374672383,same_episode_continuity
34,True,24,19,-6.034849461,-2.847731593,-1.843046593,-1.51662986,2.033400808,-0.7232451121,0.1974312991,0.4512000748,-1.009690698,0.3158467234,-0.5513555518,same_episode_continuity
35,True,20,28,-8.279097136,-0.5907411663,-0.05918840838,-1.012389721,2.757901614,2.277543762,3.047401038,2.427590016,-4.628107173,-1.447488578,-2.973104566,same_episode_continuity
36,True,28,17,-8.628186539,-1.867639361,-1.13738972,-2.30235165,2.964884764,-1.54190083,0.5349227852,0.7054932328,-0.05023295522,2.010164762,1.074914222,same_episode_continuity
37,True,27,25,-6.858423271,-2.341972907,-1.657248163,-2.63223088,2.734082778,-0.2723876031,0.2396660535,-0.3762332139,-1.033790167,1.539492631,-0.3866909127,same_episode_continuity
38,True,18,19,-7.214875064,-0.9946624677,-1.147033028,-4.101887436,2.186707685,2.810085003,1.876479244,2.082414428,-4.672338424,-0.9839869694,-0.9580377579,same_episode_continuity
39,True,23,29,-6.012193019,-2.919359442,-1.794900618,-2.320200699,2.227943817,-2.997172436,-0.7205768953,-0.8443619373,-0.3276926364,2.068173701,0.952817022,same_episode_continuity
40,True,28,22,-7.014624022,-2.388914148,-1.718551224,-2.489848802,2.772491748,-3.241072393,-1.235955135,-0.9989480898,0.8475403493,2.59118431,1.868032102,same_episode_continuity
41,True,49,17,-7.338657394,-1.812087791,-1.416199199,-3.550273497,2.832176367,0.345102379,0.6168497783,1.097514607,-1.35460906,0.5277265242,-0.3228380415,same_episode_continuity
42,True,25,16,-8.452131069,-0.6848504134,-0.2686543962,-1.316824395,2.582374526,2.243415999,2.468117854,2.674584293,-3.972384593,-0.9422931695,-2.073396591,same_episode_continuity
43,True,25,24,-8.743981137,-0.7939042467,0.1474010099,-1.143760564,2.790123774,1.130469118,2.451126966,2.052692924,-3.071362269,-0.4291742906,-1.803833444,same_episode_continuity
44,True,29,22,-8.049813706,-0.5217005452,-0.2952052684,-0.6950886844,2.401468423,-0.3948273216,1.286900486,1.745973409,-0.8914561577,0.01287861667,-1.068567972,same_episode_continuity
45,True,20,27,-6.976181766,-1.507082529,-2.314420252,-3.129305106,2.899648193,0.6944301474,0.5991862051,0.5673014806,-3.036225805,1.040819381,0.4793785012,same_episode_continuity
46,True,34,25,-7.227855667,-1.955016955,-1.329004589,-2.038676342,3.336281519,-1.029992066,-1.152773344,-0.7197018427,-1.996204932,1.825816097,0.6700047764,same_episode_continuity
47,True,23,27,-7.423032798,-1.59218876,-0.7121367156,-1.76080803,2.476009956,0.5919427906,1.724161727,1.95358029,-2.994138707,-0.2450847906,-1.15608667,same_episode_continuity
48,True,21,20,-6.118731142,-2.735775625,-1.166036617,-2.138168733,1.963704277,-1.053400634,-0.37886434,-0.195613398,-0.08400239652,0.6334314723,0.07464403278,same_episode_continuity
49,True,17,36,-6.777318702,-1.489335143,-1.081293499,-2.085485822,2.385204902,2.460525877,2.549659585,2.3214297,-5.035543997,-1.310346342,-1.870864186,same_episode_continuity
50,True,25,27,-7.319254849,-1.260394773,-0.7446477415,-0.4172338814,2.130398984,-0.7029271525,1.032407243,1.206158199,-0.9220152335,0.2920468264,-0.9080734735,same_episode_continuity
51,True,20,28,-6.992376725,-2.216230811,-1.748701423,-2.996102653,2.723571789,-1.046395669,0.5923147195,0.5293760211,-0.5753294054,1.32175853,0.263989146,same_episode_continuity
52,True,19,25,-6.436871058,-1.862993784,-2.04627145,-3.342257551,2.622306453,1.099015655,1.149524209,1.274769238,-2.039686466,-0.1473063969,-0.6030218799,same_episode_continuity
53,True,24,18,-8.441928592,-0.01640542301,0.06666716567,-0.9534534304,2.588692283,1.380879813,1.830305401,2.379639248,-3.512071458,-1.007725317,-1.348750448,same_episode_continuity
54,True,19,29,-7.595602442,-1.392297629,-1.594377275,-2.759564878,3.372847327,2.364056133,2.139991784,2.570910545,-4.65331903,-0.7687781075,-1.419152187,same_episode_continuity
55,True,22,20,-7.768319221,-0.999296563,-1.350642816,-1.891770308,2.482290964,1.627991193,2.279344319,1.93136501,-3.32949104,-0.1489748693,-1.491438987,same_episode_continuity
56,True,23,19,-8.053473415,-2.18489675,-2.465695027,-3.21622557,3.496437355,-2.339551295,-1.417806316,-1.486151898,0.9198033705,3.99816495,2.882899535,same_episode_continuity
57,True,20,21,-7.784262255,-0.3660270725,-1.717418727,-2.87938865,3.184277389,2.35569055,1.680370735,2.590818341,-4.738080493,-1.243171589,-1.214473644,same_episode_continuity
58,True,19,26,-7.331997879,-1.143935751,-1.314469337,-2.45688868,2.387940578,1.465799383,1.127335615,1.431681064,-2.352704244,0.409560997,-0.1114724495,same_episode_continuity
59,True,20,30,-7.335831103,-2.163441125,-1.645678057,-3.74278353,3.357894355,-0.657670034,0.2663924398,0.3698104064,-0.8955113582,1.555264416,0.4058709823,same_episode_continuity
60,True,23,22,-6.400702878,-2.209357793,-1.820827887,-2.469226425,2.532437442,0.08507394599,0.9004684528,0.6420064244,-2.809096967,0.1454328554,-0.793188481,same_episode_continuity
61,True,24,20,-7.056823544,-2.52839678,-1.140304584,-1.923443038,2.861437072,0.4707388161,0.8517359378,1.2421165,-3.068051937,-0.2615989053,-1.084241078,same_episode_continuity
62,True,22,18,-7.039871899,-2.114521836,-2.378842679,-3.30078508,2.566314645,-2.892315235,-2.407345139,-2.06754965,1.170667609,4.181572633,3.358594784,same_episode_continuity
63,True,25,18,-7.422271799,-2.145876635,-0.6720057921,-1.714510112,2.8812295,0.8418876019,1.22576522,1.422211303,-3.316052027,-0.628748464,-1.529667089,same_episode_continuity
64,True,31,18,-6.881203427,-2.054198269,-2.047260001,-2.845389643,2.937697031,-1.497219912,0.3085611894,0.4917436555,-1.29227842,0.9711375583,0.03335369181,same_episode_continuity
65,True,42,20,-7.784280378,-1.279071239,-2.3976964,-3.337407085,3.447795129,-0.8800999225,-0.9846041273,-0.5566674153,-1.332647668,2.298895825,2.336682692,same_episode_continuity
66,True,23,22,-8.14162858,-1.489851296,-1.475254832,-2.106573825,3.040649129,-2.478316797,-1.741990274,-1.251170192,0.8035566656,3.691793957,2.854294451,same_episode_continuity
67,True,29,19,-11.56254768,-0.2371790016,-0.9652896023,-2.868259038,4.310828236,-1.122748657,-0.5604235794,0.5394658258,1.230979066,4.443140914,2.998523169,same_episode_continuity
68,True,19,22,-6.440519552,-2.68688111,-1.687832097,-3.710816348,2.276568105,-1.569811918,-0.3904267446,-0.2396827152,0.2575061475,1.725115356,1.211332893,same_episode_continuity
69,True,20,23,-7.095421943,-2.321742604,-2.265109823,-3.583279986,2.948054804,-1.641425967,-0.402311343,-0.1764798506,0.5049315118,2.140395655,1.762980916,same_episode_continuity
70,True,19,30,-6.448084694,-2.339923016,-2.604450471,-3.800886289,2.525708868,-3.208624564,-2.678697993,-2.714444244,1.074739794,4.814677552,3.880680174,same_episode_continuity
71,True,36,20,-7.221709834,-1.946512779,-2.239453389,-3.370569085,3.109102632,-1.384392063,0.47292229,1.036009626,-1.181132637,1.150954976,0.528901506,same_episode_continuity
72,True,18,29,-7.350131625,-0.8842532687,-0.9234224102,-1.972625616,3.046409614,1.519302542,1.231666688,1.812430444,-3.136764933,-0.8872943494,-1.011315198,same_episode_continuity
73,True,34,16,-7.463610002,-2.08517752,-1.48068182,-2.982141985,2.877050595,-1.037177632,-0.4197302955,-0.3352800527,-1.06606979,1.960717872,0.888018981,same_episode_continuity
74,True,24,27,-7.441398337,-1.537554999,-1.513509943,-2.290540346,2.65968083,0.1028996321,1.401868097,1.167496156,-2.190586625,0.804345561,-0.3896651281,same_episode_continuity
75,True,25,15,-7.350027389,-1.831713538,-2.132793825,-2.289166442,2.728278664,-2.380344028,-2.168951107,-1.596088022,0.5146082057,3.459739487,2.647002913,same_episode_continuity
76,True,21,33,-7.145371639,-1.344519013,-1.448772118,-3.172182178,2.67061384,-1.02716357,0.5848131456,0.8662871575,-0.7629606091,1.136157728,0.5766622064,same_episode_continuity
77,True,17,36,-7.032947909,-1.357466662,-1.3728159,-3.013531872,2.766155425,2.155487176,1.727655555,2.134304545,-4.621998963,-0.548859837,-0.8711782778,same_episode_continuity
78,True,26,26,-7.236673505,-1.974096646,-1.666934746,-2.99021146,3.042985459,-0.6027344133,1.192926427,0.9211065695,-0.8760458415,0.7039159892,-0.3741596919,same_episode_continuity
79,True,20,29,-6.530157865,-2.292911579,-1.230045968,-2.549702126,2.540794905,0.9631310519,1.735939449,1.316848635,-3.682967777,-0.4183413899,-1.700744597,same_episode_continuity
80,True,23,23,-6.434046685,-2.477474288,-2.033785587,-2.759482607,2.517723861,-0.5797761488,-0.1057781215,-0.2016758462,-0.9474855177,1.457308848,0.628311716,same_episode_continuity
81,True,19,26,-6.837846951,-1.509130488,-1.89117119,-2.947508896,2.778653598,1.599212639,1.381383343,1.457723541,-4.019325943,-0.2079372608,-0.7511020624,same_episode_continuity
82,True,19,24,-9.445165692,-0.8463959512,0.1462351904,-0.5633684131,3.234582694,3.772753489,4.030085032,3.881441994,-5.483088108,-2.145675533,-3.126247953,same_episode_continuity
83,True,24,24,-6.280283038,-3.35925171,-1.838113229,-3.444435462,2.753963593,-0.7886856841,0.4551163729,0.2723074702,-1.12978055,0.6513926844,-0.1050706667,same_episode_continuity
84,True,29,27,-6.417287657,-2.236014703,-2.057549675,-3.213363274,2.505295618,-1.300279877,-0.9504605153,-0.7928044295,-1.364786476,2.571336072,1.73651759,same_episode_continuity
85,True,25,22,-7.425434748,-1.628230646,-1.824529932,-2.10733068,2.341893801,-3.477301549,-1.178225469,-1.278605054,1.360187121,3.467186438,2.451027406,same_episode_continuity
86,True,19,21,-7.160431842,-2.483523111,-1.710086291,-2.497981439,3.506913872,1.645676165,1.723461329,1.795059547,-3.090878696,-1.358513787,-1.467523196,same_episode_continuity
87,True,22,29,-7.606297145,-1.461938235,-1.312765445,-2.56072609,3.01985001,0.7754546602,1.701138772,1.635581615,-3.026291828,0.337942438,-1.0380165,same_episode_continuity
88,True,34,30,-7.825241327,-1.384955217,-1.758011829,-3.249677794,3.184935597,-1.107161184,0.1691452442,0.4335322116,-1.067256928,2.136676001,1.386874202,same_episode_continuity
89,True,22,24,-7.994555321,-2.952149674,-1.81542627,-4.304827298,3.824116996,-0.5870889002,0.3040369,0.2748606501,-0.4621033049,1.948507355,0.8558658919,same_episode_continuity
90,True,34,18,-7.737707394,-2.33662745,-0.7873284987,-1.347409181,2.758579493,1.704504974,2.148891343,0.9534604265,-3.713515914,-0.6527561303,-3.04870408,same_episode_continuity
91,True,21,23,-7.669136664,-1.813394208,-1.549795174,-2.715484845,3.291786659,1.383388897,2.306223606,2.269343069,-2.429708312,-0.6662847345,-1.357194206,same_episode_continuity
92,True,35,20,-8.415221199,-0.3234812337,-0.8322080117,-1.764064193,3.051450465,-2.563702271,-0.02535878775,0.7021201321,0.3624996236,1.65144089,0.4511366885,same_episode_continuity
93,True,25,23,-7.925586894,-3.38870329,-1.822675391,-4.577885416,3.326932657,-2.868151888,-0.6135288894,-0.4948061584,0.99629973,3.228438953,2.03987365,same_episode_continuity
94,True,35,26,-6.480270265,-1.508480881,-2.387885508,-3.53838131,2.663813835,-1.084820507,-0.3459619683,0.2885283444,-1.748795861,1.539278214,1.078478495,same_episode_continuity
95,True,20,29,-6.5031578,-2.09675078,-1.921669256,-3.347625994,2.420700003,-1.028893083,0.5820334907,0.5506171303,-0.7193480234,1.345535378,0.2866653283,same_episode_continuity
96,True,24,22,-6.994560036,-2.80478153,-1.7401425,-3.098957885,3.105853082,-0.9470721395,-0.3235951551,-0.8895270901,-0.595959361,1.78586149,0.05610903304,same_episode_continuity
97,True,22,22,-6.816249708,-1.733604325,-2.228524845,-4.338161775,2.426744499,-2.43260614,-2.053175382,-1.285713512,0.3308385132,3.390644011,3.309943312,same_episode_continuity
98,True,20,29,-6.986360684,-2.276956755,-2.572194558,-3.872141185,3.659237853,-0.9345515656,-0.3493077173,-0.07314740382,-0.8870055899,1.703934103,1.387944055,same_episode_continuity
99,True,18,27,-7.805226607,-0.7642154007,-1.205094734,-2.968880195,2.658681207,2.310179524,2.755207481,2.964369827,-4.261756894,-0.880261304,-1.453190682,same_episode_continuity
100,True,33,29,-7.958040893,-1.239031962,-1.365601253,-2.424686438,3.092644747,-0.09310213846,1.132152116,1.363535632,-0.8945721066,1.146179009,-0.2885046878,same_episode_continuity
101,True,20,27,-5.9374757,-2.309126761,-2.927875305,-3.801636382,2.552489264,-1.137647046,-1.73008352,-1.470139657,-0.3773034722,2.649561181,2.365684268,same_episode_continuity
102,True,26,21,-7.051545358,-3.302816501,-2.119355351,-2.793054471,2.979617198,-2.786063008,-0.4019842341,-0.6718896004,0.3547636479,2.419884876,0.8482991711,same_episode_continuity
103,True,28,24,-7.376251783,-2.102105622,-1.960171834,-3.215059871,3.303721486,0.2949331748,0.8504934261,1.087668683,-0.9389928821,0.7616267026,-0.08418937913,same_episode_continuity
104,True,51,24,-6.851798377,-1.632551566,-1.55523133,-3.146337551,2.28689514,-0.8620392104,0.08997719453,0.4463531809,-1.510858738,1.602139691,0.6740500281,same_episode_continuity
105,True,18,28,-7.433112767,-1.45909726,-1.274172825,-2.490777354,2.812381036,1.650902283,1.819313358,1.848663359,-2.69570714,-0.280267536,-0.8139506606,same_episode_continuity
106,True,21,20,-10.10365003,1.289276239,0.6872355282,0.004483359543,2.981575474,2.483711462,2.647937451,3.100157386,-4.333262691,-1.00457611,-2.157759181,same_episode_continuity
107,True,21,22,-10.87494263,1.887248642,2.000895927,2.086743601,2.812588609,3.1632155,3.688371057,3.903953859,-5.159848843,-2.420249563,-3.393435005,same_episode_continuity
108,True,19,30,-7.848434581,-0.6783728867,-1.247514092,-3.059338449,2.713047017,1.741381017,2.550653517,2.893336231,-3.780238473,-0.53185369,-1.037961067,same_episode_continuity
109,True,20,27,-7.725250459,-1.10716624,-0.8768973691,-1.645045422,2.818330638,-2.434169455,-2.229580429,-2.317772167,0.1025183156,3.803938226,2.701841784,same_episode_continuity
110,True,25,15,-8.863245796,-0.946089645,-0.6830852146,-2.961733269,2.852722697,2.261408551,2.81035209,3.235772975,-3.386798222,-0.8510639823,-1.194857894,same_episode_continuity
111,True,24,23,-6.858690071,-2.176912157,-1.504184133,-3.29001978,2.818636893,0.06729989118,0.01705719948,0.5251541565,-0.8882384336,0.7787465611,0.4405649784,same_episode_continuity
112,True,18,33,-6.036461903,-1.93644108,-1.587490894,-2.453906478,2.229553591,0.4008295199,0.4579874753,-0.005884066555,-1.346880196,0.6265726032,-0.4008283852,same_episode_continuity
113,True,21,27,-7.065472923,-2.639815447,-1.397660718,-2.428433291,3.045105419,1.249060915,1.860907231,1.433041281,-2.65427213,-0.5021972019,-1.654079487,same_episode_continuity
114,True,20,29,-6.878529222,-1.516656516,-1.231901374,-1.816828732,2.511807243,0.8564781957,1.097200234,1.168155582,-3.491937682,0.1694015023,-0.8941058443,same_episode_continuity
115,True,18,28,-7.386284318,-1.694496889,-1.258903148,-2.888167071,2.80317308,1.92283861,2.534319736,2.424434366,-4.088671035,-0.6942750424,-1.623817134,same_episode_continuity
116,True,21,22,-7.624229481,-1.279974297,-1.612374954,-2.54724643,3.059203477,-0.6672606218,-0.2830122458,-0.232423136,-0.5974287796,1.737826986,1.389772325,same_episode_continuity
117,True,23,25,-7.020218724,-1.434335978,-1.036416749,-1.128539417,2.114174422,-0.8772183277,0.6653225946,0.7277830701,-0.6945537326,0.8136236513,-0.404425561,same_episode_continuity
118,True,23,20,-7.129086087,-1.855807696,-1.995363318,-2.965768783,2.873038247,-1.288399916,-0.5887382702,-0.7468509102,0.3737621407,2.286642503,0.9913357692,same_episode_continuity
119,True,22,34,-6.956128467,-1.917995687,-2.234360353,-3.40607792,2.918745905,-2.507562964,-1.193137725,-0.596508852,0.1716202397,3.283404717,2.085918186,same_episode_continuity
120,True,21,19,-8.025054129,-1.921930781,-2.657900798,-3.01155739,3.312457,-1.17811879,-1.537508285,-1.340654134,0.9955788461,3.716247102,3.113449246,same_episode_continuity
121,True,23,18,-7.098052497,-2.832780806,-1.741732568,-1.524030707,2.643843261,1.292518826,1.282029426,0.9658509067,-2.270519838,-0.04214453298,-1.240279084,same_episode_continuity
122,True,34,27,-8.105208318,-0.3267084918,-0.6476216903,-1.547915364,2.583932804,-1.542947747,0.8859554099,1.396746959,-1.20898076,0.8544729556,0.05717662839,same_episode_continuity
123,True,20,20,-8.17999591,-0.7675151983,-1.73657015,-4.705280363,3.014817509,1.685993357,1.843227784,2.432839631,-3.307980264,-0.09380946203,-0.09223257425,same_episode_continuity
124,True,19,28,-6.42334373,-2.48286313,-1.963483169,-3.526331896,2.497157131,-2.001226847,-1.273804906,-1.211764531,0.552910803,2.771478762,2.154093196,same_episode_continuity
125,True,23,18,-9.432793128,-0.7182405448,-1.749810977,-2.442524579,2.537155827,-2.441689187,-1.957573071,-1.795469972,2.402227195,5.751065401,4.576390442,same_episode_continuity
126,True,27,23,-8.382446106,-1.007946572,-1.535823605,-3.114651734,3.185816906,-0.2668539175,0.237512365,0.6001700964,-0.366385284,1.769770316,1.678185665,same_episode_continuity
127,True,23,27,-7.493061033,-0.4970046194,-0.5539367838,-1.400740209,2.040207627,-0.2110500599,1.124073968,1.590539791,-0.7021844675,0.2411242101,-0.5298117751,same_episode_continuity
128,True,21,29,-6.853182309,-2.822477715,-2.190194703,-3.452050869,3.146962644,-3.009818304,-1.752859097,-2.206165241,0.5185265694,3.780039857,2.503722981,same_episode_continuity
129,True,22,24,-7.583414307,-0.9716554078,-1.382629225,-3.556946822,2.698232144,0.8055459346,1.711731557,2.127302879,-2.882651522,-0.07283321664,-0.3723351991,same_episode_continuity
130,True,20,22,-6.983645546,-1.629377322,-2.557792736,-3.196488635,2.30511419,-2.06324865,-0.6220368279,-0.2858021507,1.191691845,2.603565239,2.085168586,same_episode_continuity
131,True,21,28,-6.367084575,-2.151622548,-1.151255862,-2.314136601,2.343293289,0.07175264534,0.4042643394,0.3665461156,-0.9198501541,0.4676926196,-0.284650822,same_episode_continuity
132,True,56,19,-8.544614246,-0.9730826282,-1.482451474,-2.441766688,2.844346916,-0.8972410079,-1.013145004,-0.7299676629,-0.1656138537,3.436044081,2.680440744,same_episode_continuity
133,True,20,33,-6.010775439,-2.444158175,-1.731626809,-2.970024339,2.698340409,0.1410188988,0.6361190409,0.5836927337,-3.354548902,0.1725840763,-0.6652633416,same_episode_continuity
134,True,20,18,-7.620841247,-1.943608056,-2.931347691,-4.607747326,3.267111301,-2.230385544,-2.694517215,-2.644351845,0.7173172053,4.644157508,4.493147395,same_episode_continuity
135,True,19,27,-6.721559156,-2.222764516,-1.363278328,-2.773283927,2.781940977,-0.6575327859,0.2305154635,0.3384274365,-0.7075852536,0.6903172728,0.003812573228,same_episode_continuity
136,True,63,18,-8.248342684,-0.3215620741,-1.264067016,-2.353702694,3.088351767,0.5250933345,-0.1607187736,0.8908323457,-2.504423409,0.7799780626,0.986087505,same_episode_continuity
137,True,21,30,-7.577791242,-0.4750798348,-0.1877003398,-0.9765371965,2.692733916,0.7420971697,1.487681157,1.602732816,-3.746476966,-0.632744735,-1.804513356,same_episode_continuity
138,True,30,15,-6.629100807,-1.815192217,-2.317715962,-2.994066581,2.682078136,1.607307159,0.09727868348,0.3754747307,-3.827139885,0.0554550866,-0.237910536,same_episode_continuity
139,True,21,18,-6.583633543,-2.209069501,-1.547305267,-2.270643423,2.157468398,-1.546008023,-0.4793200397,-0.2093009372,0.3815210195,1.487147656,0.9395812779,same_episode_continuity
140,True,21,30,-6.522955855,-2.575798391,-2.42036972,-3.545520427,2.503438743,-3.34105698,-2.451295058,-2.211413906,1.128674118,4.421253001,3.580306252,same_episode_continuity
141,True,19,27,-6.237758721,-2.427142011,-1.558883788,-2.636156913,2.345115002,-1.091377987,0.09599262271,0.1036079805,-0.03807678725,0.9900236648,0.07171834022,same_episode_continuity
142,True,21,24,-5.855781598,-3.163685277,-2.401668748,-2.841542659,2.211978005,-2.095516008,-0.6842317126,-1.227575866,0.4850159262,2.146604512,0.9790830627,same_episode_continuity
143,True,19,27,-6.360644455,-2.315066014,-2.438700292,-4.670641541,2.945122027,-1.660891132,-0.3968979991,-0.1681610444,-0.1564861674,1.596341719,1.290348592,same_episode_continuity
144,True,38,18,-6.836877727,-2.435718592,-1.93731214,-2.519784119,2.544445949,-0.944803036,-0.4685301797,-0.317489706,-1.246047701,1.909330772,0.9295576527,same_episode_continuity
145,True,19,28,-6.736134343,-1.998690675,-1.468189968,-2.422235516,2.646184857,-1.640431636,0.09789284123,0.1185645138,-0.02044869748,1.29856229,0.188087777,same_episode_continuity
146,True,18,23,-7.158049357,-1.422156749,-1.105581719,-2.891547759,2.775110863,2.429430437,1.849089905,2.080017718,-4.779024983,-1.322921191,-1.200232312,same_episode_continuity
147,True,21,16,-7.399779908,-1.433261837,-1.278640491,-2.492480259,2.586606998,2.493023996,1.850961967,2.303461072,-4.410180208,-1.134689746,-1.284038025,same_episode_continuity
148,True,19,28,-6.092973834,-2.138466905,-1.555641991,-2.544677099,2.109161402,-1.896584799,-1.57254982,-1.125391538,0.2540078224,2.29912809,1.563309201,same_episode_continuity
149,True,23,20,-6.299050428,-2.377373174,-2.732205599,-2.110186296,2.415847279,-2.449117781,-1.97080872,-1.575198576,-0.007837163273,2.996237243,2.028413246,same_episode_continuity
150,True,24,15,-6.816394175,-1.309190585,-1.060426744,-2.68858544,2.051845281,1.165620563,1.497895765,1.797332201,-3.407753862,-0.8662047369,-1.32342491,same_episode_continuity
151,True,22,27,-7.208600253,-2.215433009,-2.41179255,-3.320959228,3.017340798,-2.476216398,-1.076436302,-1.276431254,0.36948801,3.571977728,2.134487516,same_episode_continuity
152,True,22,23,-6.850063288,-1.483843647,-1.78912405,-3.113956067,2.392433796,0.5484198465,1.503170719,1.677085943,-2.790285804,0.1222411844,-0.4554834071,same_episode_continuity
153,True,22,27,-8.689526869,-0.6145475065,-0.0001590104217,-0.9225988154,2.853831354,1.497904636,1.842314295,1.784815252,-3.659542762,0.01366452212,-1.26948532,same_episode_continuity
154,True,25,22,-7.047874017,-2.665258221,-2.186689081,-3.296643085,3.393021964,0.8812677795,0.863324005,0.2263844378,-3.153833718,0.6856814393,-0.8769285689,same_episode_continuity
155,True,23,25,-7.435251105,-1.995017833,-2.190842295,-2.803157522,2.933719628,-2.446647637,-1.430356502,-1.10333786,0.5134636462,3.618461758,2.59328766,same_episode_continuity
156,True,19,27,-8.335147058,-0.4668595339,0.1917639395,-0.8931532976,2.855568857,2.812205364,2.934007477,2.573488474,-5.226671258,-1.782694623,-2.877010368,same_episode_continuity
157,True,24,19,-7.174524532,-1.789169274,-2.133929276,-3.935134984,3.004657616,-1.429968367,-0.8305903302,-0.6591157919,-1.070156042,2.401609864,1.960614433,same_episode_continuity
158,True,20,22,-8.047583966,-2.241140271,-1.642122658,-3.830986486,3.160620428,-1.252665076,-0.9739559602,-1.329298081,1.018072062,3.497526681,2.393466264,same_episode_continuity
159,True,21,22,-7.213367224,-1.97063151,-0.8917246538,-1.593346221,2.639623565,1.452288791,1.604080397,1.725449064,-3.900691828,-0.7448966086,-1.753464086,same_episode_continuity
160,True,23,31,-6.952823762,-3.062763805,-1.943431144,-2.854053728,2.890143489,-3.747148746,-1.341857399,-1.113759747,0.7078392602,3.335771033,2.047420417,same_episode_continuity
161,True,20,20,-7.94256834,-0.7593944081,-1.207985236,-4.476636064,2.52454975,1.900775059,2.267112723,2.611135705,-3.487716528,-0.3016296728,-0.7628969541,same_episode_continuity
162,True,18,29,-7.827242129,-0.347889454,-0.6772442155,-1.228185017,2.299810878,2.121837768,1.840684383,1.795632409,-4.220571022,-0.1792045033,-1.028651012,same_episode_continuity
163,True,20,28,-7.606841516,-0.4898555511,-0.0648834121,-0.4668717958,2.358560708,2.215896848,2.35839976,2.039740055,-4.961237576,-1.487939985,-2.587734795,same_episode_continuity
164,True,83,24,-8.201453744,0.08248704302,-0.9611798276,-2.789102372,2.218613204,0.864230415,0.5171220825,1.288896893,-1.448287595,1.352033639,0.7412123891,same_episode_continuity
165,True,19,30,-8.046132135,-0.559406663,-0.310043811,-1.736611644,2.753921,2.487018934,2.452550063,2.386388102,-4.753373235,-0.9111822432,-2.135833789,same_episode_continuity
166,True,19,18,-9.670177816,1.044406801,1.885400643,1.071658083,2.398632656,3.509279022,2.828855448,2.974214729,-5.703575115,-2.671722154,-2.763960745,same_episode_continuity
167,True,25,22,-7.095617335,-2.847429247,-2.110637413,-3.917432988,3.178995904,-2.58777275,-0.4659017932,-0.08857228965,0.2416671721,2.204333014,1.184007123,same_episode_continuity
168,True,21,18,-7.157306498,-1.967498622,-2.195794069,-2.885031533,2.662301475,-1.4757653,-0.1293084347,-0.1385318579,0.6622261227,1.974565557,1.300964306,same_episode_continuity
169,True,21,25,-5.408060326,-2.286738175,-1.904095584,-3.668884604,1.816464097,0.05422868976,-1.24274224,-0.6654466281,-1.042951846,0.8366733221,1.163904086,same_episode_continuity
170,True,21,27,-6.890985806,-1.633840536,-1.993022563,-1.917951202,2.362813027,-2.427483089,-1.911233643,-1.52894624,0.2623448668,3.638088268,2.487620529,same_episode_continuity
171,True,20,26,-9.465875977,-0.8121458472,-0.7876454504,-3.823071878,3.811082831,3.362371439,3.957999148,4.562805612,-4.8741276,-1.780174485,-2.071412944,same_episode_continuity
172,True,19,27,-8.040340104,-0.5991014586,-0.128558667,-1.35746387,2.32920521,2.361168535,2.735465822,2.718999965,-4.417269519,-1.049093613,-2.067153455,same_episode_continuity
173,True,21,21,-7.243702524,-1.884134469,-1.633203931,-3.026629867,2.669872813,-0.7386439102,0.5520089192,0.66253185,-0.5311561937,1.15229513,0.4009036944,same_episode_continuity
174,True,22,23,-9.470263425,-0.3217780846,-0.6613728327,-2.22046608,3.662469394,2.633777157,2.965427244,3.417024898,-4.264398124,-0.6648211803,-1.781884255,same_episode_continuity
175,True,24,20,-7.817341506,-1.150850485,-0.5779241481,-1.363248225,2.655497309,1.300426502,2.181040447,2.34405054,-3.447077783,-0.8865352286,-2.041509537,same_episode_continuity
176,True,22,24,-6.523910741,-2.297037658,-2.206928091,-2.825333005,2.59482405,-2.616557252,-1.532299367,-2.056235274,0.2380416906,3.329680819,1.937500602,same_episode_continuity
177,True,29,25,-7.418017086,-1.044834909,-1.69697175,-2.756682411,2.751384662,-0.2925884813,0.6105825046,0.8584118238,-0.9709550725,1.173682165,0.2215153499,same_episode_continuity
178,True,31,23,-6.683006669,-1.728725544,-2.203427906,-2.132660326,2.650194392,-0.07571954533,-0.2176692679,-0.3729101488,-1.327570427,1.48755784,0.2025600898,same_episode_continuity
179,True,22,22,-7.722136235,-1.86764724,-2.427843608,-3.64818054,3.360115651,-2.430122292,-1.591048778,-1.151345885,0.6552935291,3.695854799,2.951343207,same_episode_continuity
180,True,35,8,-8.593748931,-3.571882866,-1.583928712,-4.878100117,3.979360465,2.951331589,3.3463234,2.09212778,-4.366324431,-1.85082427,-3.011966003,same_episode_continuity
181,True,22,21,-8.713422701,-1.199752032,-2.084145684,-4.4842761,3.192776828,-2.281332194,-2.199124764,-1.541844227,1.394743902,5.160540366,4.264519415,same_episode_continuity
182,True,19,28,-6.303265518,-2.077361548,-1.994222601,-2.540843915,1.986026211,-2.238524727,-0.8504573,-0.9544833218,0.6941303034,2.474292177,2.060392842,same_episode_continuity
183,True,27,22,-7.253741538,-2.906243015,-1.366297306,-3.420482078,2.757956028,-0.5760996289,1.002169437,0.9296310918,-0.563340374,0.985145134,-0.07325028012,same_episode_continuity
184,True,21,26,-7.701628707,-0.7315285924,-1.342755382,-1.760249414,2.894744918,-2.489692229,-1.893869878,-1.799901417,0.1624804348,3.498520953,2.286461802,same_episode_continuity
185,True,17,33,-6.774214967,-1.853388582,-2.268978221,-2.552408393,2.932636286,-0.458019661,0.446104183,0.1606793738,-0.7453107082,1.26830353,0.4369110466,same_episode_continuity
186,True,26,23,-7.033043013,-1.229571074,-1.814654924,-1.892973252,2.598893365,-0.423869568,0.4441000622,0.4189042489,-1.065501119,0.9915935761,-0.2791275916,same_episode_continuity
187,True,23,25,-7.596452141,-1.646709178,-1.0069464,-2.984712438,2.838285502,0.9207493842,2.067559833,2.151213493,-3.024458804,-0.2262160129,-1.61523603,same_episode_continuity
188,True,19,27,-7.94485767,-1.717190433,-1.947620371,-3.375301274,3.073033087,-2.467232379,-2.096073987,-2.371868839,1.000709628,4.854985655,3.86470973,same_episode_continuity
189,True,20,22,-7.584739387,-2.065314823,-1.046371069,-3.302139446,3.225314748,2.811078664,2.871112681,2.363230959,-3.934697326,-1.676849802,-2.619634741,same_episode_continuity
190,True,84,26,-7.951308952,-1.398071087,-1.189811697,-4.855988396,2.739308417,0.1509844049,0.2756783546,1.120507315,-1.725939248,1.641647172,1.165245968,same_episode_continuity
191,True,21,25,-8.01798068,-0.2498948901,-1.028361414,-1.997770497,2.649088647,1.049564565,1.761050937,2.31520903,-2.103525823,-0.3648267109,-0.499487257,same_episode_continuity
192,True,25,31,-6.854353491,-1.783904596,-1.808887688,-2.154982363,2.804478229,-0.3916434411,0.192116609,0.1530364928,-1.270796899,1.281118663,0.02617858949,same_episode_continuity
193,True,23,27,-6.725035295,-1.578790441,-2.128718541,-3.218630829,2.731337918,-0.6193855677,-0.0646658094,0.3645902478,-1.019302198,1.365963314,0.9678471171,same_episode_continuity
194,True,21,28,-6.410943194,-2.71157772,-1.578397884,-2.303773772,2.504890545,-0.3709948145,0.8566602367,0.6998979387,-0.8859453826,0.4267066055,-0.5017426107,same_episode_continuity
195,True,18,35,-6.940030366,-1.481615168,-1.227054745,-2.191654905,2.75734376,1.208713049,1.90152798,2.12730147,-2.772179896,-0.6874571031,-1.049186708,same_episode_continuity
196,True,21,24,-6.973527348,-2.577910194,-2.329837712,-3.350639336,2.803675586,-2.398152223,-2.333223989,-2.46481029,0.4789666087,4.412099591,3.165897379,same_episode_continuity
197,True,20,24,-7.270944296,-1.523925651,-2.157301856,-3.248656713,3.2896239,1.420455959,1.366807688,1.711015009,-3.778284933,-0.115790023,-0.5289161064,same_episode_continuity
198,True,21,18,-6.430943401,-2.711192228,-2.098623955,-3.860968657,2.876790738,1.134412782,1.284875762,1.135107585,-2.010749157,-0.8976457776,-0.9255311798,same_episode_continuity
199,True,20,28,-7.328242605,-2.422396068,-1.427440917,-3.240342809,2.568672838,-1.446261351,-0.4874304466,-0.4221703957,0.6173106599,2.708451627,1.412298837,same_episode_continuity
200,True,20,28,-8.217311494,-1.494701515,-1.942062499,-3.882671933,3.474398799,1.652927042,1.554471645,2.039391861,-3.368396561,0.6357110226,0.07302027872,same_episode_continuity
201,True,20,24,-7.954919754,-2.346002643,-1.627270776,-2.93168437,3.062780916,-1.624662136,0.0765259518,-0.06084374193,0.9793681582,2.532793407,1.552007835,same_episode_continuity
202,True,28,15,-7.495244173,-2.635245193,-2.782255921,-4.318154454,3.539728929,-3.177548069,-1.204590118,-1.860678328,1.234211611,3.417937071,2.133476653,same_episode_continuity
203,True,21,24,-7.387996397,-1.604268086,-2.485763229,-3.931098678,2.818158953,-2.286070058,-2.006361287,-2.124346733,0.6125429372,4.474883712,3.449705592,same_episode_continuity
204,True,22,20,-8.819992429,-0.591668048,-1.566963418,-2.680633179,2.934137787,-2.458141216,-1.512291638,-1.071397185,1.277032031,4.121423801,3.263764566,same_episode_continuity
205,True,23,21,-7.793122644,-1.228223623,-2.149600704,-3.035989348,3.422001796,-2.343127393,-2.883156879,-2.453127048,0.2659874222,4.2705113,3.562855541,same_episode_continuity
206,True,20,23,-7.235104577,-1.47176316,-1.841297157,-3.353997202,2.439382151,-1.55328858,-0.2609998452,0.2936773771,0.5427558923,1.945377231,1.660087041,same_episode_continuity
207,True,22,31,-8.103649886,-1.239733867,-0.9255787465,-1.508961053,3.003858863,1.986906735,2.72730811,2.617667822,-3.993938571,-0.5193006359,-2.291975792,same_episode_continuity
208,True,22,35,-6.614374705,-2.197149494,-1.756617915,-2.729783897,2.842062553,-3.405469991,-0.8193755279,-0.8650316465,-0.2475472385,2.536320486,1.390053652,same_episode_continuity
209,True,22,19,-7.961389908,-1.794797916,-2.710392037,-5.844812116,3.67819903,-2.471913279,-1.826214291,-1.864072403,0.6440341056,3.979255971,3.919851526,same_episode_continuity
210,True,20,27,-6.75603608,-1.896690913,-0.8866959251,-1.490491533,2.733416936,0.4847006038,0.5819837485,0.6028268986,-1.822002998,-0.1585115528,-1.116349617,same_episode_continuity
211,True,51,23,-7.432784923,-2.066942044,-2.647693443,-4.134281516,3.684028725,-0.6786469785,0.2327849793,0.6058321445,-1.664647389,1.607304937,0.888973653,same_episode_continuity
212,True,24,20,-8.794482581,-0.2413185612,-0.6684030019,-1.544136014,2.466067913,2.045108821,3.005134391,3.360712835,-3.310743807,-0.7542278457,-1.343266364,same_episode_continuity
213,True,18,28,-6.520379245,-1.640824339,-1.712921297,-2.527591137,2.519145821,-1.14630657,0.1174062202,0.3603606008,-0.1001557239,0.9736641944,0.2432949964,same_episode_continuity
214,True,24,25,-6.869845018,-2.039537077,-1.632390388,-2.422780177,2.98218807,-3.553389715,-1.20505929,-1.450849904,0.2864973378,2.499981,0.9198135576,same_episode_continuity
215,True,17,23,-6.363264759,-1.793620375,-1.106965159,-1.489900149,2.370054518,1.614668855,1.432823899,1.335216044,-2.911409544,-1.417249223,-2.000186105,same_episode_continuity
216,True,80,33,-8.258578859,-0.6404416658,-0.8574498324,-1.459914749,2.570774748,0.3211753867,0.981100532,1.04632446,-2.078384109,1.517897888,0.2441188475,same_episode_continuity
217,True,20,24,-6.525276887,-2.326603918,-1.345839909,-2.129665579,2.38195735,0.8760739442,0.9929691622,0.9982381985,-2.29417264,-0.1163142478,-0.7420648851,same_episode_continuity
218,True,17,34,-6.84072229,-1.523752205,-2.102715919,-3.52161381,2.824854048,-2.197700277,-0.4188906634,-0.06192175135,0.4966632408,2.090377054,1.414128628,same_episode_continuity
219,True,19,30,-7.282559358,-1.023454428,-1.921194078,-2.224300055,3.041697765,1.026743285,0.5958107923,0.8650607026,-3.557466224,0.6302721336,0.1164534309,same_episode_continuity
220,True,23,23,-7.425083667,-0.7538967352,-1.892599065,-0.8845432562,2.566821608,-2.477511563,-2.079345249,-1.885795173,0.06935150812,3.356965019,2.196199501,same_episode_continuity
221,True,95,27,-8.817247464,-0.6485419928,-1.031302967,-3.250915821,2.836251777,-0.06832288426,1.160268068,1.783758604,-1.22732807,1.661637289,0.746520216,same_episode_continuity
222,True,22,26,-6.843588849,-1.948683975,-1.081780413,-1.967218133,2.435274355,0.8718503089,1.900039333,1.642514161,-2.292411997,-0.5460515427,-1.633372214,same_episode_continuity
223,True,22,26,-6.778766748,-2.343439602,-1.072051821,-2.094792611,2.873917805,0.1160461059,0.3806748219,0.2454479522,-2.979610696,0.4076769559,-0.9046743976,same_episode_continuity
224,True,19,33,-7.509820296,-1.719462038,-0.9729642815,-2.033468772,2.938468238,-0.4857153223,0.9399353934,1.150289639,-0.7914035031,0.5397743443,-0.3391025349,same_episode_continuity
225,True,20,24,-6.842595342,-2.159272,-1.905557837,-3.52404026,2.915943521,-1.132820522,0.01370989181,0.2932579272,-0.687383961,1.352452722,0.7147482342,same_episode_continuity
226,True,24,21,-8.540187667,-0.1453992163,-0.278537949,-1.277152479,2.857745411,1.392912484,2.525232732,2.659184803,-3.482767729,-0.9495066157,-1.999878497,same_episode_continuity
227,True,19,26,-6.908463828,-1.59484744,-1.621812042,-2.528697146,2.856204435,0.6310942371,0.9063030895,0.659771948,-1.512872568,0.318028371,-0.7892416195,same_episode_continuity
228,True,20,27,-7.237345174,-2.913791751,-2.895540491,-4.900208452,3.720301999,-2.265178817,-1.918267749,-1.966808905,0.1225911666,4.062187684,3.611657917,same_episode_continuity
229,True,25,19,-8.038195062,-2.080452206,-1.382204301,-3.258021334,3.744032083,0.885309016,1.513200568,2.139073074,-2.974111757,-0.2277953253,-1.405140059,same_episode_continuity
230,True,20,23,-7.568744225,-0.7993826111,-1.146849844,-2.388187856,2.443000058,1.819292532,2.323370034,2.446472968,-3.79235786,-0.6689172783,-1.159376315,same_episode_continuity
231,True,57,28,-6.755757934,-1.534171253,-1.310646709,-1.817774765,2.176411637,-0.6367342622,-0.5741967244,-0.05595599645,-1.855573731,1.872966761,0.7785296674,same_episode_continuity
232,True,20,26,-5.808589763,-2.04929925,-1.734312605,-3.536572045,2.150893486,0.4398705614,0.6950165388,0.2706487822,-2.216593631,0.1742511426,-0.5657441456,same_episode_continuity
233,True,18,29,-7.37700274,-1.303045608,-0.1621742269,-1.984179453,2.42404934,3.373495663,2.978973296,2.418002776,-4.734054083,-1.981509465,-3.282394232,same_episode_continuity
234,True,20,27,-6.397366629,-2.819392793,-2.039257683,-3.485699257,2.749378733,-1.303603511,-1.081413827,-1.342576269,-0.02987294378,2.591276198,1.500365894,same_episode_continuity
235,True,80,18,-7.52284562,-1.19558746,-1.940423614,-3.054708568,2.903126887,-0.06224343358,0.7547125974,1.422686446,-1.816597662,1.048367373,-0.114371565,same_episode_continuity
236,True,24,15,-7.109803276,-1.979673043,-3.062496705,-2.8386878,2.350768632,-3.237090984,-1.459981527,-1.26565675,1.451862198,3.472031222,3.052464007,same_episode_continuity
237,True,27,24,-6.752425133,-1.954668316,-2.053947486,-2.553307681,2.723055117,-0.2005711703,-0.07487640951,0.1716831534,-1.13357443,1.480439619,0.3654388116,same_episode_continuity
238,True,24,25,-7.189997808,-2.336175301,-1.973526147,-2.410038802,2.66892788,-2.927353528,-0.6866108004,-0.5172069335,0.5064558016,2.769667965,1.966336649,same_episode_continuity
239,True,56,21,-8.803416803,-0.662080012,-1.161108956,-1.961831008,2.811736812,0.4273346759,1.268323724,1.706265826,-0.5659117554,1.23934047,0.3565540764,same_episode_continuity
240,True,21,21,-6.814606447,-2.009945278,-1.404719016,-2.435650315,2.862309031,1.738354659,2.491429489,1.546619637,-4.389267732,-1.644705567,-2.859931029,same_episode_continuity
241,True,24,24,-7.252508896,-1.946115818,-1.860767985,-2.402997074,3.047004954,-2.018648345,0.3652474243,0.1182599899,-1.06149942,1.504796659,-0.2627705371,same_episode_continuity
242,True,24,26,-6.864987242,-1.676828208,-2.334199589,-3.569661453,2.787577736,-2.978053455,-0.6310480888,-0.4099970272,0.1523024801,2.504756792,1.708039819,same_episode_continuity
243,True,35,18,-7.287120623,-2.960100266,-1.92803325,-4.129574958,3.166377499,0.02400721746,0.955246715,1.485241669,-0.8994542929,0.2458329823,0.008713689989,same_episode_continuity
244,True,32,19,-7.519901898,-2.423626175,-1.693473473,-2.562531196,3.01078213,-0.2844194823,1.262898602,1.080952315,-0.6529387217,0.6592319802,-0.4997265436,same_episode_continuity
245,True,23,20,-6.179960781,-2.398484145,-2.43212453,-2.481937372,2.072268917,-2.403328597,-1.878565861,-1.663619512,0.19228464,3.268703538,2.334646707,same_episode_continuity
246,True,23,20,-7.315871132,-2.011495757,-1.549219011,-2.565245763,2.675087126,-2.409683957,-1.627150155,-1.553619388,0.4949597911,3.422893549,2.394851396,same_episode_continuity
247,True,20,23,-7.107757984,-2.337746245,-1.780878253,-2.712574435,3.57104924,2.273939412,2.21291854,1.288361767,-4.920191949,-1.459155614,-2.551700602,same_episode_continuity
248,True,19,42,-6.720575612,-1.293585365,-1.63959776,-2.715319394,2.636588378,0.2131910033,1.185393367,1.324014489,-2.001755836,0.520071573,-0.3107377713,same_episode_continuity
249,True,20,22,-7.071526929,-1.838390229,-2.512302543,-2.648592546,2.424280151,-1.353894027,-0.7921423442,-0.4548812183,0.6406139086,2.754420622,2.175571939,same_episode_continuity
250,True,22,21,-7.679277054,-1.512854469,-1.161202896,-2.842594798,3.01480837,1.562790967,1.558939819,1.581108706,-3.662347822,-0.06159874714,-1.210746785,same_episode_continuity
251,True,21,23,-7.379329783,-1.944046072,-2.130942683,-3.301996038,2.824438511,-2.36919447,-1.832485925,-2.080019743,0.6728440612,4.157840276,3.082917044,same_episode_continuity
252,True,35,27,-7.793848686,-1.860809074,-1.714427418,-3.750854504,3.139502137,-0.004640473101,1.061752679,1.134188787,-0.7426275476,1.433344842,0.2714459637,same_episode_continuity
253,True,20,26,-8.96718514,-0.6255075585,-1.220200581,-1.367546876,2.911789029,-2.424061635,-2.073263193,-1.369050056,1.217240024,4.490032517,3.884951759,same_episode_continuity
254,True,21,29,-7.316284504,-1.800839702,-2.061555637,-3.826150518,3.193013199,1.2992521,2.259495777,1.951707858,-3.509657283,-0.07536993335,-1.334342486,same_episode_continuity
255,True,61,21,-7.357111432,-1.742125747,-1.851468493,-2.743469256,3.073470953,-0.5815623826,0.1619730241,0.4852865424,-1.622268191,1.406356915,0.5418669054,same_episode_continuity
256,True,24,17,-7.77262993,-2.956378072,-2.810029964,-6.312106785,4.234514245,-2.423458311,-1.844308629,-2.176245234,0.6016725101,3.91341741,2.976770096,same_episode_continuity
257,True,91,20,-7.045422505,-1.68055279,-1.871657763,-2.758253665,2.69744185,-0.2034340304,-0.2536058595,-0.6329942279,-1.851318826,1.93201539,0.819151674,same_episode_continuity
258,True,18,29,-6.736160672,-1.968501665,-1.34832063,-2.267584932,2.666209576,0.4904425504,0.9865738126,1.008453888,-1.264718753,-0.03631159195,-0.5875806324,same_episode_continuity
259,True,19,37,-6.239966688,-2.37763558,-1.756071479,-2.326730778,2.732988938,-0.04124287006,0.5399158891,0.4968971381,-2.009220086,0.5274122942,-0.2490727788,same_episode_continuity
260,True,19,26,-8.201430438,-0.4620615957,-0.5142316317,-1.786949349,2.697374631,2.391623495,2.547060157,2.952653511,-4.437739682,-1.046816012,-1.675193455,same_episode_continuity
261,True,20,27,-6.884596373,-1.73315341,-1.472226714,-2.513446526,2.826360997,-0.216450123,0.6509030575,0.440429,-1.46228282,0.7372257315,-0.1583810987,same_episode_continuity
262,True,20,20,-7.05351348,-1.929460175,-1.913489121,-3.398418839,2.502202501,-1.303887815,-1.156345118,-0.6685606686,0.6036046766,2.626977285,2.334265062,same_episode_continuity
263,True,19,22,-6.766755363,-1.5598725,-1.513987035,-2.865249645,2.453540683,1.527998898,1.783423442,1.517944721,-2.739211834,-0.6733602332,-1.131484223,same_episode_continuity
264,True,20,34,-7.009015801,-1.456145233,-0.9335775512,-1.411605219,2.695138762,-1.148057783,0.4116725494,0.8349071556,-1.150218189,0.5992668438,-0.4557213732,same_episode_continuity
265,True,21,20,-7.400046993,-2.457716371,-1.551539444,-2.96672353,3.115746978,1.978895379,1.905890096,1.512005872,-3.94391381,-0.4406184832,-1.610167478,same_episode_continuity
266,True,18,29,-6.146733341,-1.992162881,-1.768216262,-2.127383115,2.438520315,-0.8318351752,0.2255011926,-0.06329029499,-0.8474914381,0.7542142605,-0.1831699287,same_episode_continuity
267,True,20,31,-6.394301673,-1.790519727,-1.741826223,-2.622408257,2.579052797,0.7565238156,1.340195791,1.182602167,-2.43251615,-0.1305372144,-1.000745903,same_episode_continuity
268,True,32,17,-6.910148424,-2.848073229,-2.121619271,-3.495828041,3.061455664,-1.554245875,-0.06574944187,-1.351843791,0.4207692353,1.725012709,-0.2459499193,same_episode_continuity
269,True,19,24,-6.653179048,-2.332777788,-2.350725326,-3.004129912,2.786492658,-1.375011564,-1.893768407,-1.739166491,0.285400575,3.083299376,2.800907018,same_episode_continuity
270,True,18,29,-6.862760465,-1.718668478,-1.14469561,-2.206702583,2.924407597,1.250800115,1.606648865,1.704971794,-2.982673836,-0.9222139161,-1.366674164,same_episode_continuity
271,True,38,25,-7.539493927,-0.7197838619,-1.91758534,-3.502857527,3.016108253,-1.309380816,0.9332840397,1.756019469,-1.619652989,0.5051141527,-0.01244577051,same_episode_continuity
272,True,21,25,-7.642187406,-2.161519267,-1.90477784,-2.945950837,3.633129345,1.492174549,2.243625767,2.063743425,-3.687100607,-0.3562956704,-1.614584537,same_episode_continuity
273,True,21,24,-7.195374334,-2.193557144,-1.686401679,-3.134263236,2.879948435,0.7265735971,1.054441081,0.9844731763,-1.775186145,0.6098519181,-0.2666579785,same_episode_continuity
274,True,25,18,-7.271947155,-1.81602884,-1.308371364,-2.813973332,2.790898887,1.38254996,1.698035706,1.195014753,-3.53488884,-0.3218764023,-1.870843994,same_episode_continuity
275,True,21,24,-6.702018876,-2.691702502,-1.645426179,-2.85889363,2.670447541,-0.3977105125,0.7590683182,0.3064169092,-0.5808194756,0.8162506393,-0.5508501346,same_episode_continuity
276,True,21,18,-9.108341586,-0.652977097,0.2328736993,-0.7232034903,2.874010513,3.323991236,3.900229375,3.483929753,-5.059905689,-2.333086948,-3.171841183,same_episode_continuity
277,True,20,25,-6.6273343,-2.262365184,-1.760732758,-2.217708081,2.742766203,-0.9963663642,0.3750649405,0.3052533265,-0.9618478591,0.8684705419,-0.151264968,same_episode_continuity
278,True,22,24,-7.524972492,-1.256932587,-1.857991911,-2.652865938,3.12720253,-1.409617317,-0.3815830465,-0.4603483337,0.3008823066,2.219157797,1.004247505,same_episode_continuity
279,True,19,22,-6.638491419,-1.478825705,-1.483459903,-3.360166268,2.589760536,1.489665591,1.31138119,1.722791954,-2.987488714,-1.007984136,-1.019009602,same_episode_continuity
280,True,52,22,-6.381615661,-3.296798521,-2.572647081,-3.822625395,2.970832192,-1.162260353,-0.4239489391,-1.417054981,-0.09121396349,2.036925863,-0.1610647604,same_episode_continuity
281,True,42,18,-6.778455862,-2.044902839,-2.384162185,-5.22627428,2.810175163,-0.7473111057,-0.7169176479,0.002199556972,-1.525573371,1.65367081,1.579606682,same_episode_continuity
282,True,43,14,-7.333171475,-1.128046258,-2.554211225,-2.325978383,2.208764359,-1.073571881,1.146733316,1.060509449,-0.8535757938,0.9910367151,-0.1504825567,same_episode_continuity
283,True,22,21,-7.179394766,-1.680522572,-2.381390928,-2.590632805,2.545786401,-2.803936487,-3.400352605,-3.00236477,1.06585652,5.092297397,4.201243089,same_episode_continuity
284,True,19,32,-6.512570238,-2.291420499,-1.914497075,-3.134279439,2.893939603,-1.953544903,-0.4091291869,-0.4101456767,-0.02587228332,1.89850295,1.034224753,same_episode_continuity
285,True,23,20,-7.580102076,-1.702543235,-1.8939931,-2.542463082,2.961121119,-2.385908699,-2.000346305,-2.324509963,0.5216074901,3.960239708,2.710255703,same_episode_continuity
286,True,19,26,-6.960417053,-1.321207534,-1.262776483,-2.633464532,2.604225593,1.386729898,1.364614378,1.502211983,-3.89232782,-0.3719549219,-0.9090469823,same_episode_continuity
287,True,21,21,-6.062706069,-3.003799163,-1.507473717,-2.151066402,1.882548143,-1.65993918,-0.353206277,-0.5703025,0.004788908694,1.376406727,0.3484370344,same_episode_continuity
288,True,26,30,-7.434616354,-1.368977363,-2.180481596,-3.516184704,3.44245942,-1.856037761,0.4829821071,1.300061713,-1.513699014,1.047031245,0.1397445816,same_episode_continuity
289,True,21,27,-6.87110425,-1.906251563,-0.9894832129,-1.673103194,2.593845909,0.3945517576,1.40966132,1.191286833,-2.023086936,-0.2803946075,-1.677447653,same_episode_continuity
290,True,22,21,-7.6994454,-1.303526363,-1.325727788,-2.142396034,2.526715386,-2.455407817,-2.553975018,-2.301274334,0.8525717427,4.4709506,3.399943935,same_episode_continuity
291,True,20,29,-6.864123458,-1.70385034,-1.455082962,-2.613291822,2.951270615,0.6529628676,0.5033986522,0.1563339959,-2.229284447,0.6915904311,-0.3994884176,same_episode_continuity
292,True,21,20,-7.607388123,-1.514601983,-2.298470474,-3.521634616,2.657420505,-2.274165,-2.618247052,-2.121339674,0.9239008041,4.712478771,4.308734986,same_episode_continuity
293,True,34,22,-6.592195054,-2.16870413,-2.121390502,-3.143270549,2.751850413,-1.058181641,-0.9676803743,-0.9045636663,-1.515955423,2.264908812,1.491098197,same_episode_continuity
294,True,21,22,-8.854248037,-1.064126627,-1.324673491,-3.580442027,3.572751265,2.82434474,2.498401043,2.467995146,-4.277798346,-0.2379062067,-1.213016719,same_episode_continuity
295,True,19,34,-8.165325377,-0.5354941604,-0.6751273313,-1.408284045,2.710865605,1.517834627,1.875925679,1.921584613,-3.597460379,0.2428741912,-0.9026013846,same_episode_continuity
296,True,22,18,-9.261624523,0.2071402895,-0.336117417,-1.710356333,3.191204728,3.450621202,2.715017357,3.179371185,-5.078053187,-1.346537566,-1.959105328,same_episode_continuity
297,True,23,31,-5.989175075,-2.093736121,-2.537857825,-4.031532842,2.538850903,-1.704219373,-0.8182809485,-0.2866399563,-1.732495376,2.137685394,1.59170689,same_episode_continuity
298,True,25,21,-7.213651729,-1.755100514,-1.713592783,-1.992009363,2.501035119,1.439501021,2.056630695,1.516808246,-3.312010071,-0.1552106429,-2.029462352,same_episode_continuity
299,True,19,24,-6.051766656,-2.486087151,-2.230373142,-3.531601049,2.372177484,-0.7685211453,-0.875764005,-1.09428002,-0.09753586732,2.052979422,1.385183378,same_episode_continuity
300,True,21,31,-6.137546255,-2.373797963,-3.082628001,-3.927831768,2.883523344,-2.723543657,-1.616111077,-1.635659508,-0.2780602681,3.270584311,2.707952957,same_episode_continuity
301,True,28,14,-8.629320046,-1.434196352,-1.464946067,-2.364407912,3.0569959,-2.344029155,-1.742653143,-1.661621819,1.358247154,4.158793322,2.806373987,same_episode_continuity
302,True,26,23,-6.006834687,-2.19003928,-1.376583554,-1.332555249,2.146137286,-1.883398667,-0.3231429185,0.1614059791,-1.753777879,0.5034284147,-0.3999135785,same_episode_continuity
303,True,33,25,-7.630859168,-1.523704254,-1.707192036,-2.568776082,2.932158856,-0.06201670272,0.438903043,0.5644336092,-0.7447146668,1.693271436,0.4382043373,same_episode_continuity
304,True,24,30,-7.03631808,-2.051900084,-1.829886393,-3.06900393,2.909932781,0.0184437391,0.9224777565,0.969195764,-0.7921374078,0.9840883883,-0.1414994242,same_episode_continuity
305,True,24,21,-6.581918104,-2.004110285,-2.017409765,-2.410248752,2.551421873,-0.3154083526,0.4325044672,0.2404852819,-2.290775015,0.830931843,-0.03672582027,same_episode_continuity
306,True,24,21,-10.01000342,1.238398143,0.5710854616,-0.2206956831,2.980137843,2.217780457,3.188748563,3.456838971,-4.02812515,-1.124943173,-2.577277556,same_episode_continuity
307,True,29,20,-6.691565297,-2.163841096,-2.028492606,-3.042015082,3.002855779,-1.251581081,-1.099902345,-0.3848602948,-1.603003302,1.718666056,1.208500287,same_episode_continuity
308,True,20,28,-7.43250545,-0.8635254198,-1.457422509,-1.931936448,2.600796298,1.383619356,1.614343508,1.402215101,-3.642711969,0.2017635709,-1.098842689,same_episode_continuity
309,True,18,29,-7.555500363,-0.6727394214,-1.095126206,-1.666069279,2.840396373,2.27388707,2.917268113,2.466781102,-4.745577387,-1.421386984,-2.533734471,same_episode_continuity
310,True,22,20,-7.692574731,-1.652062493,-2.093367286,-3.853814984,2.729107206,-2.353575779,-1.682883153,-1.200599208,0.9142832352,3.952734338,3.200506231,same_episode_continuity
311,True,39,23,-8.534422616,-0.2413386046,-1.569808228,-1.995647009,2.976326248,-1.056658552,-1.22057576,-0.4741343838,-0.61788959,3.186885755,2.276230997,same_episode_continuity
312,True,24,22,-7.600360549,-1.607551935,-1.775161587,-3.324317312,3.029673479,-0.3318660617,-0.1726856643,-0.1380980183,-0.4835091193,2.161048404,1.527489019,same_episode_continuity
313,True,23,23,-11.0338472,0.9198352175,1.050834143,-0.2953948741,3.500023123,3.033818334,3.331867988,3.566184853,-4.320155263,-0.8463853411,-2.238915746,same_episode_continuity
314,True,21,21,-7.217027513,-1.427181624,-1.510506939,-2.616923024,2.82350694,-0.2553128365,0.8203233803,0.9820244193,-0.6195874472,0.4116136636,-0.4173360528,same_episode_continuity
315,True,25,26,-6.683178545,-1.35350844,-1.543045246,-3.128555624,2.185947167,-0.4885567272,0.004405046323,0.4794545181,-0.9716094952,1.249512882,0.9494541661,same_episode_continuity
316,True,32,19,-7.86862111,-1.696447564,-2.025124814,-3.378892272,3.67404799,-2.352545452,-1.532932774,-0.845659521,0.2599830595,3.230767109,1.594308834,same_episode_continuity
317,True,22,24,-6.700773955,-1.152021016,-1.366182599,-1.875890608,2.125892341,-0.8778325383,0.7253973511,0.6512363488,-0.8537129155,0.675878587,-0.3721559336,same_episode_continuity
318,True,23,33,-6.870101016,-1.236146821,-1.929349629,-3.568871465,2.664123593,-0.06953214216,0.6507751091,1.145165457,-0.9095582153,0.9354942677,0.5224461623,same_episode_continuity
319,True,22,22,-10.31928157,0.9797643929,0.7424036854,-0.6604743049,2.922336959,2.276131997,3.819006693,4.13539435,-3.695005138,-1.554797544,-2.261391258,same_episode_continuity
320,True,25,24,-6.809806346,-2.524772833,-1.526241512,-2.32569722,2.728976524,-2.856833477,-0.7697949017,-0.5047955296,-0.03727389073,2.070688112,0.9103630957,same_episode_continuity
321,True,31,19,-6.816655935,-1.648900077,-2.011565912,-3.771419439,2.80287034,-0.08170140697,-0.1711999066,0.5616287413,-1.302511037,0.8007082473,0.5736304508,same_episode_continuity
322,True,21,19,-6.394737225,-1.27784282,-1.001798224,-1.150207447,2.01867945,1.014888678,0.9047903271,0.794141717,-2.730177914,-0.742195663,-1.733983814,same_episode_continuity
323,True,23,28,-6.655352852,-1.485827474,-1.179459891,-2.107791062,2.123691391,0.6473535258,1.884726991,1.910157765,-3.145637226,-0.4291030527,-1.350446417,same_episode_continuity
324,True,17,34,-6.476866303,-1.395698696,-1.36311957,-2.512838262,2.451785722,1.7356012,1.927087436,1.598424478,-3.442172733,-0.8953292252,-1.589138393,same_episode_continuity
325,True,20,27,-5.807578718,-2.509264329,-2.33099515,-2.861367134,2.445829083,0.3442266262,-0.0573997996,-0.09955669397,-2.050943532,0.7440285122,0.1781256206,same_episode_continuity
326,True,19,28,-7.166768791,-1.511882061,-1.061144625,-2.268762877,2.403152101,1.644374896,1.962734149,1.917753793,-3.863271752,-0.3402998166,-1.125114084,same_episode_continuity
327,True,48,15,-6.925212648,-1.835096159,-1.878556475,-2.810693019,2.320261653,-0.7817456031,-0.282846748,-0.1863580495,-1.216633586,1.867858867,1.015552851,same_episode_continuity
328,True,20,24,-7.034385957,-1.980198753,-1.599570011,-2.30273764,2.216248107,-2.397881463,-0.7424908685,-0.8065645382,1.43102319,2.668510906,1.648204966,same_episode_continuity
329,True,24,22,-7.344621572,-1.680399503,-1.276290752,-1.653523969,2.63896966,0.7368535828,1.70866916,1.734526479,-3.042256299,-0.1939291958,-1.294445475,same_episode_continuity
330,True,21,16,-7.934204522,-1.151110568,-2.069976719,-2.30713966,2.813593002,1.78805563,2.554909081,2.799329923,-2.28290516,-0.9550796684,-1.204185623,same_episode_continuity
331,True,30,17,-6.535431004,-2.45909644,-2.152067921,-1.833793585,2.493515897,-3.449437911,-1.473193707,-1.938011223,0.9691145075,2.572249819,1.0567002,same_episode_continuity
332,True,29,26,-6.814847206,-1.401610771,-2.337303068,-2.630021383,2.880788236,-1.431056548,-0.5150451934,-0.3136452101,-1.635578018,1.793771204,1.212833233,same_episode_continuity
333,True,19,25,-7.078786285,-2.076397647,-0.8158176095,-2.304094547,2.28471333,1.858112211,1.691859542,2.007949803,-3.998385117,-0.5404209799,-1.205163998,same_episode_continuity
334,True,19,24,-6.691026057,-1.78826379,-1.793194593,-3.709096522,2.623348894,-0.3750660827,0.5481396646,0.7603384298,-0.6669130551,0.6537945013,0.2342458253,same_episode_continuity
335,True,23,32,-6.555298259,-1.855020658,-1.769246058,-2.525368519,2.522735832,-2.222114465,0.04114168474,0.4542655892,-1.474611791,1.384075411,0.5089629217,same_episode_continuity
336,True,19,27,-6.938207369,-1.477349329,-0.7629615487,-1.197082519,2.174356075,1.761204045,1.629022778,1.465699305,-3.094812745,-0.5601721342,-1.628556611,same_episode_continuity
337,True,26,20,-6.632655428,-1.457454839,-0.8204779625,-1.280921916,1.521389562,-0.07083300755,1.022094617,1.00392654,-0.7357117716,0.07006603778,-0.8361287517,same_episode_continuity
338,True,20,25,-8.209109793,-0.7329332421,-0.8670941826,-2.338426431,2.690228615,1.895843698,2.584093243,2.840799641,-3.6225259,-0.4845978361,-1.28238709,same_episode_continuity
339,True,23,27,-7.168216037,-2.367948145,-1.691095504,-2.605645245,3.214528099,-0.2348005398,1.126314171,1.172171556,-0.7969147512,0.3466557843,-0.6559144564,same_episode_continuity
340,True,23,21,-8.373376375,-2.10063126,-1.965257069,-2.197009057,3.087429009,-2.48089882,-1.544495638,-1.32450857,1.406330785,4.310719695,3.31496771,same_episode_continuity
341,True,19,26,-8.094108062,-1.055106067,-0.95242644,-1.613316356,3.052883536,2.530166148,2.526333639,2.763549563,-4.536463897,-1.027316147,-1.746940569,same_episode_continuity
342,True,19,25,-8.262292596,-0.5758067005,-1.174048418,-2.155620106,2.720459342,3.059107206,2.732250323,3.168067554,-4.673603035,-0.8764104897,-1.497918719,same_episode_continuity
343,True,22,25,-8.321211035,-0.5899010863,-0.7920950177,-2.238253089,3.280099603,0.9949892489,1.482802612,1.817087058,-3.33745183,-0.0653234053,-0.8673255446,same_episode_continuity
344,True,24,23,-7.441713168,-1.615801655,-1.561707664,-2.64572174,2.763732003,-3.325631841,-1.191990365,-0.9273733653,1.022373074,2.929890763,2.316944121,same_episode_continuity
345,True,19,28,-6.698434223,-1.701029202,-1.842845223,-2.425634641,2.351807834,-1.92417626,-1.143793135,-1.037278299,0.6146649132,2.741482745,1.982137563,same_episode_continuity
346,True,20,23,-7.863840284,-0.7344927901,-1.436037707,-2.870787798,2.778762048,1.942913021,1.456131998,2.104693531,-3.837517924,-0.04217425381,-0.2869221246,same_episode_continuity
347,True,24,22,-6.69598439,-2.5460244,-1.593573127,-3.233745825,2.397641634,-3.130565117,-1.01784423,-1.066339002,0.3610599508,2.744444568,1.670015678,same_episode_continuity
348,True,19,34,-6.018894236,-1.483675916,-2.003149772,-3.179772275,2.473560826,-1.621199828,-0.9791694395,-0.5855396393,-0.5006858085,1.764565095,1.333490946,same_episode_continuity
349,True,40,27,-9.271272099,-0.4368304477,-1.064025013,-1.495086206,3.0223923,0.001609593091,2.252425373,2.5553358,-0.3108787899,0.8208664998,-0.4047936003,same_episode_continuity
350,True,23,26,-7.998205653,-0.935341147,-0.6144535135,-1.02976299,2.870326427,0.7672480606,1.678811549,2.079707808,-3.201908731,-0.5023892801,-1.12226465,same_episode_continuity
351,True,20,30,-6.715934964,-2.336137654,-1.570607619,-3.166006241,2.67199007,-1.736499266,-0.1048390245,-0.6671381301,-0.4610907802,2.041671564,0.7471715058,same_episode_continuity
352,True,22,24,-6.601548991,-1.754700522,-1.718957148,-3.098629086,2.277293064,-0.8694090742,0.2898144225,0.6060495004,-0.7535304345,0.9984075896,0.6317683161,same_episode_continuity
353,True,21,22,-8.101329444,-0.8493705317,-0.8321170787,-2.318319565,2.908643091,2.089804012,2.399790698,2.901008517,-2.989299101,-0.9821933426,-1.753265035,same_episode_continuity
354,True,23,30,-7.420150269,-1.621778493,-1.194207393,-2.118000526,2.792176001,-2.520816268,-1.176299266,-0.9957442655,0.1605674836,3.07957431,1.658991438,same_episode_continuity
355,True,22,19,-7.469512695,-1.442284109,-1.495967498,-2.11165778,2.826172738,1.962516476,1.646888262,2.51980507,-4.100173461,-1.016142996,-1.237519422,same_episode_continuity
356,True,20,33,-7.182149942,-1.901198974,-1.996362243,-2.444811622,2.509770056,-3.621384453,-2.401177957,-2.167874922,1.648610089,4.739700648,3.754924039,same_episode_continuity
357,True,21,22,-7.573631338,-0.8553669365,-1.299740797,-2.1479631,2.889206356,2.040380563,1.993965545,1.716995428,-4.216010829,-0.5738441614,-1.748127025,same_episode_continuity
358,True,20,22,-7.724932781,-0.7144836704,-1.053464088,-1.943446642,2.127534337,1.931278385,2.072976788,2.211638385,-3.597547689,-0.1287811101,-0.9443915989,same_episode_continuity
359,True,18,26,-8.359270419,-0.3686945351,-0.1155243958,-0.9313719402,2.991303461,2.838695222,2.57723593,3.042383432,-5.112977068,-1.744834743,-2.226966051,same_episode_continuity
360,True,20,25,-7.586506778,-1.48881031,-1.548474423,-1.910865812,2.752626683,-1.36257963,-0.9052803208,-0.9469769996,0.5388519987,2.860426942,1.716714118,same_episode_continuity
361,True,29,27,-7.058008339,-1.228080113,-1.922988864,-3.195176694,2.692268003,-0.07549124493,-0.08101763173,0.3597247839,-1.172807381,1.671105171,0.9143972027,same_episode_continuity
362,True,76,21,-7.110812361,-1.082569685,-2.038164232,-1.903710343,2.867634231,-0.1077353937,-0.3875087691,0.3440869966,-2.41369404,1.367011592,0.1737383965,same_episode_continuity
363,True,42,19,-7.577364945,-1.678362664,-1.289815997,-2.108359467,2.752480724,-1.205087534,1.202067213,0.9444472461,-1.186872758,0.64105322,-0.8990195605,same_episode_continuity
364,True,20,27,-6.778587848,-2.366268516,-2.307044451,-2.948513951,2.988148933,-1.44686028,-0.7319120098,-0.5406651777,0.0797000327,2.287274698,1.615060917,same_episode_continuity
365,True,22,19,-8.21815913,-1.02470563,0.06187154378,-0.7539140281,2.548578602,2.486664389,2.946099139,2.646530305,-4.534570151,-1.677533637,-3.02095667,same_episode_continuity
366,True,24,21,-7.106400967,-1.421098712,-2.297855301,-1.934021069,1.916299377,-2.512967436,-1.290871012,-2.015025704,0.841147436,3.818235158,2.067411194,same_episode_continuity
367,True,27,17,-11.02110496,0.6534915388,2.31682179,1.071659027,3.070258111,2.811661154,3.583362262,4.057733297,-4.653129645,-2.309337161,-3.850684768,same_episode_continuity
368,True,18,28,-6.949049318,-1.667306695,-0.6431826117,-1.353686157,2.409007461,1.564326881,1.558722749,1.562730136,-3.092902379,-0.8523630698,-1.560126431,same_episode_continuity
369,True,20,34,-7.17930283,-1.427621953,-1.540480036,-3.416722049,3.076930848,0.5718189891,1.255034358,1.668458546,-3.203373024,0.2807779249,-0.1305810159,same_episode_continuity
370,True,22,22,-7.077455441,-1.951342636,-1.880232647,-3.297148218,3.166342989,-0.4824217259,-0.5092065678,-0.6132030901,-0.9358013784,1.753909498,0.8549729214,same_episode_continuity
371,True,33,27,-7.454243046,-2.245046218,-1.163809888,-3.193356099,2.753579807,-0.07323554716,0.4071169293,0.4771525392,-0.789445822,1.702420269,0.5118894439,same_episode_continuity
372,True,20,22,-7.590034501,-1.345311594,-1.818407934,-3.016712687,2.865075985,2.245275659,1.269322986,2.105554855,-2.92531303,-0.2173151991,-0.1885035858,same_episode_continuity
373,True,23,21,-7.66290565,-1.988168213,-2.1939711,-3.126307951,3.146407453,-2.916964891,-2.213632214,-1.703741812,1.19063965,4.156898281,3.121237049,same_episode_continuity
374,True,36,23,-7.204692968,-1.344697413,-2.276428682,-3.703948753,2.80892578,0.07148496953,0.05151440075,0.743375311,-1.080204377,1.399296321,1.166103472,same_episode_continuity
375,True,20,27,-7.413059796,-1.234250748,-1.446136619,-1.836893025,2.414270428,-2.46733634,-2.166660106,-1.722604164,0.4705855125,3.88425616,3.289341802,same_episode_continuity
376,True,20,22,-7.694202032,-1.984023887,-2.003960779,-3.516665987,2.796960142,-2.011574713,-0.389484735,-0.3767856534,1.483868923,2.868098053,2.156320582,same_episode_continuity
377,True,22,19,-7.864616998,-0.9862105765,0.2034587498,-0.4925732113,2.157350726,2.023353306,2.359980496,2.16288917,-4.178044945,-1.359716146,-2.437186809,same_episode_continuity
378,True,23,24,-7.198567312,-1.190363702,-1.411945813,-1.298366739,2.847417155,-0.6714208593,0.07828444216,0.07261664042,-1.136329203,0.8887551749,-0.4135418885,same_episode_continuity
379,True,27,26,-6.92434895,-1.716672874,-1.809283301,-2.494704798,3.147812239,-1.410467051,-0.6574183134,-0.1204329387,-1.753696925,1.558392925,0.5631397697,same_episode_continuity
380,True,22,21,-7.130425202,-1.658129269,-1.476052408,-3.219905934,2.552218573,1.246421808,1.703902016,2.207404193,-2.203231708,-0.4998159995,-0.923570396,same_episode_continuity
381,True,22,19,-7.90746154,-1.004409114,-2.277890332,-2.510984257,2.139775936,-2.386770546,-2.130667334,-1.731386166,1.377783537,4.784712368,4.140080413,same_episode_continuity
382,True,22,17,-7.311816412,-1.739586023,-1.437380753,-2.001625241,2.484801398,-0.9414690806,0.311468011,0.02842729393,0.5795133531,1.084462989,-0.03637053184,same_episode_continuity
383,True,19,32,-9.159103067,-0.5978451344,0.3525123383,-1.062152623,2.820893786,3.194085245,3.550916336,3.68251512,-4.894841647,-1.340669068,-2.428309281,same_episode_continuity
384,True,20,18,-6.710691571,-1.462449927,-1.847233909,-2.208210359,2.098947397,1.560241888,0.9231221393,1.133145579,-2.518598329,0.008013878964,-0.3436587001,same_episode_continuity
385,True,23,23,-7.790909979,-1.853770701,-2.63887627,-4.079434988,3.731404722,-2.361744751,-1.95190339,-1.140245932,0.3263270653,3.389703472,3.371135113,same_episode_continuity
386,True,20,25,-6.497429421,-2.116201876,-1.526039885,-2.186187196,1.920352361,-1.473841454,-0.9857240978,-0.7612371872,0.3525481438,2.371711642,1.707528882,same_episode_continuity
387,True,41,22,-7.016213595,-2.137946309,-1.889818324,-3.358483208,2.782266837,-0.849121971,-0.6685830797,-1.516928019,-1.332969687,2.625835131,1.083752476,same_episode_continuity
388,True,26,24,-7.133150833,-1.285664007,-1.454047298,-2.226432726,2.631638185,-0.6393918669,0.5341857428,1.19254731,-1.002598763,0.537964586,0.001007040249,same_episode_continuity
389,True,19,22,-7.210442182,-2.544185671,-0.9054928469,-2.355012824,2.796305573,2.277514227,2.301249157,2.372512648,-4.585200653,-1.610284299,-1.848934479,same_episode_continuity
390,True,21,29,-7.089495991,-1.666059229,-1.309382848,-2.995028377,2.785544344,0.9302098118,1.500018071,1.661488132,-3.331980346,-0.01716616239,-0.643096081,same_episode_continuity
391,True,19,29,-7.321028366,-2.869031962,-1.48869453,-4.195501804,2.815780685,-1.823102151,-1.087410793,-0.6546631836,1.111477695,3.231440787,2.299385038,same_episode_continuity
392,True,20,28,-6.380388301,-1.630059699,-1.744354123,-2.601381446,2.141906825,1.388888682,1.080372138,1.283571684,-2.703457218,0.1063918109,-0.5221470713,same_episode_continuity
393,True,18,30,-8.481158206,-0.05664146653,-0.7365681044,-1.200227041,2.837162709,1.880561881,2.056255281,2.123996312,-3.958307723,-0.03000043983,-1.325784018,same_episode_continuity
394,True,22,18,-7.793690942,-1.401122335,-2.041652154,-3.031195871,2.723704024,-1.405755235,0.2822604394,0.5648536767,0.9170371596,1.973743486,1.079488253,same_episode_continuity
395,True,20,27,-7.001516472,-1.826961449,-2.21514767,-3.525763741,3.040682111,-1.301910832,-0.8626196205,-0.7169577475,0.1784356239,2.663769296,1.823901073,same_episode_continuity
396,True,22,20,-7.772062801,-2.042963434,-1.133433928,-2.943680577,3.050763724,1.27589633,1.798629853,2.086152341,-2.037171686,-0.3598996652,-0.8664512149,same_episode_continuity
397,True,21,20,-8.056371502,-0.6556829727,-1.347037371,-2.893639063,2.660551662,2.053810285,1.733583412,2.702420674,-3.657305766,-0.4362948677,-0.3923301823,same_episode_continuity
398,True,22,20,-7.374187643,-2.349678189,-1.618398614,-2.857710207,3.05716988,-1.373248073,-0.03835282739,0.3366807101,0.3048913893,1.383149201,0.4805428191,same_episode_continuity
399,True,22,26,-6.550770162,-2.656087569,-2.580436343,-3.011026936,2.577882375,-2.365540163,-1.424386679,-1.211379117,0.1861463934,3.35288019,2.434636942,same_episode_continuity
400,True,20,25,-6.437723876,-2.291504193,-2.169885684,-2.803210845,2.731012807,-1.759880202,-0.5915186256,-0.524879975,-0.01941724173,1.667399231,1.141588455,same_episode_continuity
401,True,20,22,-6.88374474,-1.324198337,-2.110931721,-3.339969882,1.982574896,-1.250652818,-1.330993323,-0.6881689744,0.5495378429,3.033998848,2.668006954,same_episode_continuity
402,True,21,23,-6.741334785,-2.396080015,-2.875663293,-3.680521872,3.269094374,-2.383046535,-2.353767351,-2.362495374,-0.03133696512,3.741166632,3.142369801,same_episode_continuity
403,True,24,26,-6.797773309,-1.442705763,-1.637505657,-2.528772446,2.64569707,-0.5240878633,0.2668169307,0.3530957924,-1.230056673,0.9467821729,-0.2086966908,same_episode_continuity
404,True,19,22,-6.374528671,-3.456058664,-1.997780098,-2.44527424,2.09770216,-2.42608745,-1.096886285,-1.509246194,1.30179471,2.799855358,1.856708396,same_episode_continuity
405,True,21,21,-7.59575616,-1.467566891,-0.4822261246,-0.9956974773,2.208508502,1.600560809,1.814541088,1.723134721,-2.603256497,-0.5187170961,-1.441913569,same_episode_continuity
406,True,20,28,-6.104004914,-2.588682508,-1.740180298,-2.968160427,2.469091037,-0.4847388818,0.429314889,0.2880589702,-0.9465681208,0.6151125235,-0.1534116608,same_episode_continuity
407,True,23,23,-7.507567186,-1.514667001,-1.962855879,-2.574531999,2.887761938,-2.433358972,-1.258597243,-1.114246234,0.5036757741,3.486118305,2.016176724,same_episode_continuity
408,True,32,17,-7.248468149,-1.711205023,-1.745442366,-2.372621383,2.817129522,0.02934358488,-0.2599057402,-0.1099797212,-1.021463796,1.418847767,0.5424545236,same_episode_continuity
409,True,19,24,-8.45637565,-1.119455349,-0.790787647,-1.11288884,2.850101441,2.86581663,3.431368026,2.958485774,-4.5592412,-1.407949555,-2.593663192,same_episode_continuity
410,True,20,27,-6.311801643,-2.640415941,-2.169478691,-3.814231271,2.874746289,1.124131683,1.465407771,1.191778828,-2.650328701,-0.2663294608,-0.9195294319,same_episode_continuity
411,True,19,23,-7.854059524,-2.500373589,-0.647801654,-1.856251603,2.828141472,2.427343144,3.045231903,2.70761056,-3.294956668,-1.395657698,-2.350679008,same_episode_continuity
412,True,18,27,-6.975317776,-1.622112487,-1.599823856,-3.027751057,2.695657494,1.693209127,1.607735893,1.891646564,-2.857269731,-0.4316304411,-0.6842967342,same_episode_continuity
413,True,31,19,-7.354663724,-1.121383727,-1.67412251,-2.745592452,2.403524881,-0.1055732041,0.4163892142,0.8324528872,-0.7790059752,1.183407488,0.4730328263,same_episode_continuity
414,True,72,17,-7.590456231,-1.349860342,-2.419118767,-1.549109444,2.898261415,0.1653769214,0.9569946473,1.471956766,-2.142276338,0.5391035908,-0.8769855282,same_episode_continuity
415,True,19,20,-7.323154506,-1.989771588,-1.250702227,-1.962729987,2.693030717,2.590275093,2.818536978,2.343358385,-4.773406183,-1.648313868,-2.298589101,same_episode_continuity
416,True,17,32,-7.741730937,-0.9122282067,-1.7087451,-4.061251467,3.215113365,1.726296453,1.415058581,1.914752516,-4.015584151,0.01222368212,-0.1122565059,same_episode_continuity
417,True,22,34,-6.886876114,-2.302542818,-2.082242968,-3.580719712,2.860786335,-3.857362346,-1.383693514,-1.212780036,1.067442147,3.581795892,2.500655893,same_episode_continuity
418,True,27,24,-7.5935811,-1.58749957,-1.372893391,-2.08478672,3.060994747,-0.4967741365,1.205741947,1.400702373,-0.8493470748,0.4683427911,-0.5959228444,same_episode_continuity
419,True,23,24,-7.37696547,-1.15995873,-1.742649682,-3.698793894,2.788098146,0.5551572408,1.200406154,1.856513187,-2.782330874,0.08998215751,-0.003971907321,same_episode_continuity
420,True,43,25,-7.833705504,-0.5575045792,-1.312861372,-1.868560512,3.15026606,-0.9104063751,-0.1401395215,0.5546806017,-1.784896229,1.241148472,0.7482071802,same_episode_continuity
421,True,27,22,-6.823786435,-1.85586787,-1.383168263,-2.600748526,2.173340483,-0.3566463183,0.3626267604,0.2694396746,-0.8754051583,1.2614724,-0.009797821749,same_episode_continuity
422,True,18,30,-7.156160104,-1.057146488,-2.044700315,-2.7492338,2.526575308,-1.350788169,-1.703821379,-1.23709323,0.3221505958,3.267107042,3.018471866,same_episode_continuity
423,True,21,21,-8.14392098,-1.802843988,-1.380129819,-3.354309135,3.50100839,0.6596285174,0.6482439469,0.5878107494,-1.363927092,1.065286622,0.639849015,same_episode_continuity
424,True,26,34,-6.592838543,-1.712190406,-1.920816804,-2.061152074,2.349803876,-0.3474437175,-0.1099932402,-0.05343025097,-1.179275824,1.769948105,0.9072427358,same_episode_continuity
425,True,19,26,-6.697299681,-2.577396745,-2.467211516,-4.673233142,3.012621593,-2.818719597,-3.157620304,-2.922523072,0.6109853748,4.689933284,4.228097799,same_episode_continuity
426,True,19,30,-7.186283639,-1.456957881,-1.832113578,-2.361816449,2.637523665,-1.43813849,-0.9577360692,-0.8296600203,0.2870504201,2.820727956,2.08726093,same_episode_continuity
427,True,21,23,-6.351947999,-1.586402269,-1.478189647,-2.293495706,2.06652983,0.855701113,1.125911501,1.185479087,-3.377466009,-0.06491754889,-0.9945008049,same_episode_continuity
428,True,23,18,-7.592166894,-2.828715586,-1.626366172,-2.680526398,3.007313992,-0.6734826774,0.5517584466,0.6416331132,-0.2511074338,1.23806421,0.3676630864,same_episode_continuity
429,True,21,32,-6.281937099,-2.193244688,-1.855540602,-2.068103671,2.392370376,-3.196302719,-1.969740049,-2.023791704,0.3585083384,3.510902053,2.009322113,same_episode_continuity
430,True,20,16,-8.685474759,-1.252177468,-1.647592534,-3.130207142,3.986975443,2.766207125,2.81894925,3.205969237,-4.567381095,-1.803195419,-1.5819194,same_episode_continuity
431,True,24,23,-7.667995699,-2.177819757,-2.581330272,-3.326192187,3.25043985,-2.259053119,-1.676906355,-1.852799579,0.6689015414,4.264565874,2.636293247,same_episode_continuity
432,True,22,24,-7.150854443,-1.762505335,-1.924184542,-2.479599331,3.442739524,1.221454705,1.793377806,1.593858484,-3.860850309,-0.6525935106,-1.681264666,same_episode_continuity
433,True,35,14,-8.382662451,-1.400578805,-1.36870886,-4.560220848,2.850652767,-1.048032357,-1.049430141,-0.8885940661,0.0880434833,3.427621267,2.541475214,same_episode_continuity
434,True,36,27,-8.061120714,-0.8572067582,-1.073295344,-2.980075245,2.665078443,-0.01714165861,0.9447681633,1.349891185,-0.6296263943,1.379060793,0.5356845725,same_episode_continuity
435,True,52,15,-7.541454653,-2.088601994,-2.234752387,-3.539264124,3.252799137,-0.6905843936,-0.3178244378,-0.1410078509,-1.103730214,1.972781728,1.440035578,same_episode_continuity
436,True,23,24,-6.301030406,-3.278406971,-1.478409358,-2.677140442,2.85559309,-1.03457357,0.2162839875,-0.5258489463,-0.2911059428,0.533298219,-0.9746132807,same_episode_continuity
437,True,37,30,-7.299755766,-2.113678025,-1.797534885,-3.565562555,2.952089104,-1.624238194,0.9109020802,1.243806278,-1.128190399,1.363002889,0.2089975344,same_episode_continuity
438,True,41,22,-7.181333347,-1.321741658,-1.33960141,-1.897376126,2.529239266,0.1132138798,0.288709727,0.5077567716,-1.264411161,1.056797816,-0.0567563053,same_episode_continuity
439,True,20,21,-8.1734739,-1.87885668,0.0534268509,-0.5072322955,2.629253143,2.892550126,3.128830896,2.543323934,-3.964313459,-2.038108546,-3.1334926,same_episode_continuity
440,True,27,16,-6.889749634,-3.037853993,-2.294161043,-2.133180294,2.755489817,-2.426015277,-1.96659317,-1.93621658,0.428328638,3.298966708,1.942669459,same_episode_continuity
441,True,21,25,-6.663957583,-1.958325535,-1.983335205,-2.878156556,2.468713215,-2.905654375,-2.745529832,-2.337411505,0.6395632122,4.165274635,3.380714885,same_episode_continuity
442,True,23,26,-6.886246515,-1.62224203,-1.656304299,-2.940148718,3.058517906,0.06419122555,0.8593204655,1.157810699,-2.972030855,0.03191087147,-0.6132599943,same_episode_continuity
443,True,23,27,-7.050336924,-1.943893641,-2.008784577,-2.806548954,2.785072161,-3.497947984,-1.298003773,-0.8873308013,0.9098882728,3.087130953,2.331410329,same_episode_continuity
444,True,19,31,-6.188932354,-2.070234806,-2.336015038,-3.076645709,2.8603587,-1.655949059,-1.048705162,-1.001179382,-0.4115506482,2.090080977,1.345585334,same_episode_continuity
445,True,21,24,-6.720746262,-1.746573141,-1.948744398,-3.982901564,2.063433386,-2.995974847,-2.24577463,-1.880813839,1.056639649,4.21094567,3.683261809,same_episode_continuity
446,True,26,19,-7.803650524,-1.282335712,-1.031334234,-2.074904675,2.75638133,-0.5022721607,1.10879334,1.15450825,-0.6053350016,0.5891758117,-0.6895218745,same_episode_continuity
447,True,47,26,-6.789897966,-2.417866483,-2.25881554,-3.108106682,3.167033427,-0.7479190128,-0.4883904659,-0.1208255213,-1.883345365,1.867732233,1.059919444,same_episode_continuity
448,True,27,20,-7.086069924,-1.442451728,-2.256392661,-3.324963437,3.372600435,-0.2000975001,-0.6810728219,-0.02534533617,-1.358461784,1.149779237,0.9516085246,same_episode_continuity
449,True,24,22,-10.69750328,1.734842155,0.6218913845,0.3216924819,2.824539087,2.536401457,4.135291782,4.748481905,-3.947829432,-1.824776862,-2.658782658,same_episode_continuity
450,True,31,22,-6.96937256,-2.008853762,-2.603037046,-3.014554885,2.918843575,-0.04613220769,0.3976441996,0.7146795475,-1.090087962,1.119362205,0.7014328613,same_episode_continuity
451,True,18,37,-6.546697186,-2.556880265,-2.040439945,-2.590623537,2.458413144,-2.796340637,-1.647445008,-1.949747462,1.45948674,3.732615279,2.652583447,same_episode_continuity
452,True,21,21,-6.324058856,-2.770401411,-1.314173028,-1.400584256,2.080812912,1.127290445,1.11706332,0.9737525635,-2.561649859,-0.4570783484,-1.48355714,same_episode_continuity
453,True,29,24,-8.285248218,-1.00523992,-1.016143235,-1.345081095,2.283983175,-2.894589599,-0.1624205402,-0.006626012294,1.234823102,2.876513266,1.293502089,same_episode_continuity
454,True,90,21,-7.524258901,-1.731534917,-1.267862492,-2.041468764,2.737011984,-0.1262908747,0.7202610387,1.010879382,-1.743869125,1.011548996,-0.09227086776,same_episode_continuity
455,True,21,30,-6.919832475,-1.869624495,-1.669905696,-2.85073042,2.72699422,0.8573277007,1.835809617,1.961585725,-2.24755639,-0.3644131938,-0.9416455296,same_episode_continuity
456,True,18,28,-8.144434305,-0.6368559029,-1.211715769,-1.510444719,2.558688157,2.5739074,2.266446277,2.375693714,-4.24229212,-0.2157725647,-0.9767351891,same_episode_continuity
457,True,20,17,-8.775595653,-0.204574506,-0.133667475,-3.042372135,2.254730894,3.20704663,2.868400358,3.136115895,-4.437608484,-1.200218745,-1.277708977,same_episode_continuity
458,True,33,20,-6.47108807,-1.932760185,-1.486686135,-1.935521164,2.092738535,-0.09546148001,-0.1710029364,-0.1158096445,-1.250911397,1.195079087,0.1380608343,same_episode_continuity
459,True,22,23,-7.275691914,-1.216240111,-1.293481268,-2.207779276,2.796365948,1.349888828,2.082076747,1.716308086,-3.824623577,-0.6814051747,-2.069018572,same_episode_continuity
460,True,23,28,-7.335365813,-2.010333409,-2.27874235,-3.759289525,3.202942085,-3.662811855,-1.37495207,-1.085251777,0.9272536528,3.515212405,2.711330767,same_episode_continuity
461,True,38,14,-7.361346552,-1.948732033,-2.206224336,-1.31468111,2.680390926,-1.151126518,1.079823241,0.8259241724,-1.126983619,0.5038165385,-1.176757861,same_episode_continuity
462,True,40,19,-6.851719181,-0.935925629,-1.474359591,-1.716853271,2.40150654,0.1669533683,-0.6762804385,0.09049235262,-1.645381002,0.9729696901,0.2504102872,same_episode_continuity
463,True,27,25,-7.199779641,-1.008405529,-1.488064945,-1.957877796,2.836893216,-1.45636725,-0.3961348662,-0.387463813,-1.602947168,1.665183448,0.5947392382,same_episode_continuity
464,True,25,19,-9.30538083,-1.573080653,-1.381810509,-2.495278105,2.61277713,-2.383321731,-1.798853264,-2.368785168,2.433514802,5.703526423,3.86200228,same_episode_continuity
465,True,19,25,-7.660145934,-0.9985699401,-2.048723148,-3.405518509,2.82621143,-1.279219322,-1.328836635,-0.920213727,0.5249432219,3.242513686,2.712509813,same_episode_continuity
466,True,34,24,-6.904346176,-1.440018336,-1.322607006,-2.729955825,2.891539966,-0.007389468834,-0.1566868863,0.3368068396,-1.587618803,0.8085703708,0.1798996815,same_episode_continuity
467,True,24,25,-7.445095913,-2.369303836,-2.006830372,-3.448868696,3.026679972,-3.096698602,-0.9691038252,-0.5297716134,0.6707053468,3.106237834,2.546795178,same_episode_continuity
468,True,31,25,-6.912797351,-1.531812222,-1.864038027,-3.413627415,2.424496642,-0.1871322935,0.8506743819,0.5956461164,-0.94268047,1.247376111,0.1233023231,same_episode_continuity
469,True,23,16,-6.562306993,-4.232915857,-2.092012353,-2.924920747,2.570917141,-1.35043299,-0.3099019389,-0.4158678923,0.4249582168,1.558062104,0.8525325067,same_episode_continuity
470,True,22,16,-8.543961806,0.2535135594,0.04590301374,-0.7605055799,2.629407241,2.878303954,2.649125578,2.975316572,-4.972573363,-2.02947055,-2.510384877,same_episode_continuity
471,True,18,26,-7.743539094,-0.2756859124,0.3126384652,-1.107853931,2.032805804,2.341624492,2.720596793,2.681820593,-4.749767991,-1.696370152,-2.271141555,same_episode_continuity
472,True,23,26,-5.935369406,-1.916224407,-2.097083998,-2.293682275,2.562906019,-1.713099616,-1.072202846,-1.116603445,-1.998076609,1.589283336,0.5151605541,same_episode_continuity
473,True,22,23,-7.037622459,-3.375838593,-2.054046068,-3.27966842,3.202893678,-2.741118677,-0.6408698048,-0.3573224535,0.1805966691,2.287162667,1.123974041,same_episode_continuity
474,True,20,28,-8.914467307,-0.1682458092,-0.4896079479,-1.310281372,2.828548245,2.01468292,2.446909134,2.795200199,-3.794463619,-0.2165192629,-1.177632216,same_episode_continuity
475,True,22,30,-6.485095396,-1.691079865,-1.353904629,-1.571526392,2.331837918,-0.006700796025,1.031626454,1.321320339,-2.981476299,-0.07960010604,-0.836249255,same_episode_continuity
476,True,24,24,-5.974368081,-2.646382751,-1.552488634,-2.214606959,2.265979535,-1.770933135,-0.2451906109,-0.9136342995,-0.3126392192,1.035730115,-0.5039678761,same_episode_continuity
477,True,29,24,-8.075853079,-1.818217658,-1.655572181,-2.520581764,2.955808208,-1.640441569,0.939484931,0.9175653751,-0.5587950402,1.78225631,0.3830848074,same_episode_continuity
478,True,23,26,-7.718563556,-2.515672006,-1.368983596,-2.319550551,2.704847271,-2.558523975,-1.268953908,-1.581382503,0.8403325707,3.828665155,2.30610632,same_episode_continuity
479,True,28,27,-7.293437386,-0.9869305461,-1.638912784,-2.467662066,3.215030153,-0.3239036456,0.02234351028,0.8241499981,-1.432670956,0.5687621664,0.288646753,same_episode_continuity
480,True,35,25,-7.230735751,-1.949733381,-1.977510005,-4.017635891,3.016537248,-1.148741379,-0.2666663581,0.1142166611,-1.177556223,2.180777143,1.624060868,same_episode_continuity
481,True,25,24,-7.877197305,-2.022093836,-1.565015161,-2.406281136,3.532237729,-2.935218095,-0.4024903351,-0.2120878511,0.2604437338,2.26798507,0.655591898,same_episode_continuity
482,True,19,26,-6.48140121,-2.16888046,-1.782659212,-2.599523355,1.897374677,-2.103840455,-0.5704769798,-0.5356444568,0.9179819402,2.44720634,1.692653314,same_episode_continuity
483,True,22,25,-8.612886836,-0.04626247927,0.146908991,-1.027946586,2.719393708,1.68538122,2.35904641,2.619485654,-3.811646999,-0.7659175148,-1.956770718,same_episode_continuity
484,True,22,25,-6.341895058,-2.268088019,-2.171035844,-3.699680254,2.508184347,-2.977534171,-1.997878124,-2.072776413,0.5717865394,3.663616573,2.520357216,same_episode_continuity
485,True,21,24,-7.243526297,-2.1022357,-2.638434246,-4.953564625,3.34837972,-2.856813571,-2.124437247,-1.703921647,0.7154236292,3.89465698,3.304537844,same_episode_continuity
486,True,22,17,-6.434065434,-1.803543266,-3.551296597,-3.134911405,2.616095704,1.660732284,1.067675362,1.082026463,-3.902943481,-0.1611768145,-0.2791189055,same_episode_continuity
487,True,24,25,-6.72407549,-2.8618366,-2.414173183,-3.066087484,2.556899526,-3.911437594,-1.68024128,-1.809492689,1.519860032,3.851867948,2.8474423,same_episode_continuity
488,True,20,30,-7.677488696,-2.000078949,-1.6119069,-5.572695105,3.672802489,1.240572095,1.711638797,2.155596742,-3.475736125,-0.09824891242,-0.6467775737,same_episode_continuity
489,True,23,32,-6.63390023,-2.452064522,-1.864821907,-2.640435925,2.68880164,-3.490790802,-0.9353865247,-0.7805616933,0.4775984541,2.775634656,1.305538253,same_episode_continuity
490,True,25,23,-7.656964881,-2.161074412,-2.558151447,-2.866214641,3.283273748,-2.89413574,-0.4362560024,-0.5107372315,0.6811767731,2.911266572,1.766971174,same_episode_continuity
491,True,27,21,-7.558888414,-0.8771176236,-1.292771366,-1.175768218,2.43163945,-2.786732894,-0.6436807834,0.1084413814,0.4059393432,2.013787555,1.072487174,same_episode_continuity
492,True,23,22,-8.191604124,-1.501276724,-0.8804726025,-1.348363684,2.838168158,1.086481273,1.518467644,1.436078166,-2.802547126,0.4557215695,-0.6712757752,same_episode_continuity
493,True,19,24,-8.248257496,-1.302311292,-0.2055331018,-1.581185909,3.206274931,2.388058053,3.16493299,3.235535729,-4.857104832,-2.160271975,-3.025330064,same_episode_continuity
494,True,35,27,-6.848565177,-2.215629201,-2.474385926,-4.548571959,3.315734108,-1.000701225,0.200506423,0.05760184913,-1.814825649,1.712150259,0.4613808033,same_episode_continuity
495,True,21,24,-7.431775519,-1.634419455,-1.961848646,-2.014910699,2.327873094,-3.629600805,-2.991447743,-2.52477834,2.039390256,5.049467034,4.356963039,same_episode_continuity
496,True,29,20,-6.961422099,-1.74416795,-2.051270988,-1.430250749,2.772690192,-2.772813955,-0.3617786098,-0.2176977077,-0.0397531419,1.449506848,0.1583771978,same_episode_continuity
497,True,22,19,-8.374527725,-1.243290329,-2.069858426,-2.918635193,2.771390932,-2.413522132,-2.103244069,-1.810518858,1.436130988,4.878632713,3.965178742,same_episode_continuity
498,True,62,24,-7.552526989,-1.414781118,-1.15879471,-2.173899517,2.271521236,-0.6625684136,0.5635208214,0.5824791602,-1.111867527,1.829871951,0.3800282348,same_episode_continuity
0,True,17,45,-6.850077336,-1.291450131,-1.800829748,-2.242130901,2.704692674,0.4502146982,1.034612552,0.588250019,-1.006611386,0.4985427674,0.5124063828,identity_certain
1,True,19,30,-8.773574911,-0.3466654878,-1.825377833,-1.684321648,2.704788488,-0.8712055602,0.09770507539,1.007888861,1.276901306,2.579049142,1.938036069,identity_certain
2,True,16,45,-7.972585982,-0.4792537598,0.01924072191,-0.3387229441,2.591503466,2.006721861,2.725884126,3.365188506,-1.957001564,-1.568533581,-2.643106806,identity_certain
3,True,16,46,-6.806589627,-0.899369201,-0.8993017929,-0.8719717323,2.615045519,-1.163456034,0.3917790759,0.9859283731,-0.01508497454,0.2257727719,-0.8686466307,identity_certain
4,True,27,31,-7.991665755,-0.6154992623,-2.15326062,-2.66370803,3.286715017,0.5586292635,1.043252127,1.35748497,-0.8041430657,0.2653678267,1.009965474,identity_certain
5,True,19,35,-6.198357857,-2.171518883,-2.052176569,-1.868841846,2.682226259,-2.525297298,-1.979798377,-2.5690557,0.7178318136,2.691733115,2.849949907,identity_certain
6,True,17,32,-7.561671949,-1.735137242,-0.9539659989,-1.503198756,2.424724546,-0.7687718197,0.233236767,1.123267315,0.5320223353,1.353842269,0.4889978314,identity_certain
7,True,23,35,-7.472268392,-1.181365016,-1.64277427,-0.8140615946,2.570948506,0.3568925574,1.739339452,1.35633231,-0.5731568571,-0.2359129652,-0.1850970335,identity_certain
8,True,19,34,-8.046695258,-0.6680298707,-0.2778977648,-0.5533207863,2.694128677,1.82357618,2.237510435,3.088640641,-2.327602512,-1.247932465,-1.944530295,identity_certain
9,True,27,28,-9.721194821,1.23268448,1.219408934,1.150707215,2.55665726,0.7083285358,1.124543435,2.919355714,-0.7714073621,-0.07464598224,-1.937399545,identity_certain
10,True,17,35,-7.693371127,-0.5689102044,-1.218949967,-0.7800777828,2.79367265,-0.8907764135,0.9093279775,1.550955835,0.2344541558,0.4388238789,-0.7927390619,identity_certain
11,True,19,35,-6.707079842,-1.054760874,-1.004782912,-1.456426985,2.306309384,0.5776975965,1.421976648,0.8084278933,-1.62093445,-0.6038391585,-0.4680388184,identity_certain
12,True,17,34,-8.69297556,0.3097268605,-0.1906875484,-0.8044216037,3.003650557,-1.687267626,1.976978784,3.008356752,0.3612265913,-0.6330973451,-1.800688957,identity_certain
13,True,16,34,-6.866025487,-1.398654371,-1.135853059,-1.709502061,2.662375391,-0.3282282763,0.8016350592,1.793055652,-0.3106464974,-0.1078213634,-1.07630529,identity_certain
14,True,18,36,-7.647505345,-0.962609217,-1.185336498,-1.40802899,2.4461265,-0.3058708756,0.2349381099,0.6033718231,0.4960246059,1.339871491,1.272717094,identity_certain
15,True,18,43,-8.004271091,-0.8136642481,-1.138084353,-1.04900042,3.444386332,-1.220735107,0.7640761584,1.952668398,0.2727281832,0.3059027476,-0.6980034082,identity_certain
16,True,18,37,-7.640980659,-1.416440603,-0.7529940024,-0.8229423773,3.100467317,-1.503537578,0.2403741737,0.6034773105,0.7714422546,0.5839842135,-0.03177065454,identity_certain
17,True,17,32,-6.658827343,-1.217599942,-1.867405361,-1.312679063,1.81754841,-0.8745470536,-0.5221383217,-0.0782610753,0.8248211144,1.802074885,1.419305542,identity_certain
18,True,18,38,-6.936431918,-1.318223667,-0.8479777314,-0.4828185596,2.54637378,-0.9785626716,0.5836513224,0.5758785968,-0.2186248491,-0.2114717951,-0.3295744848,identity_certain
19,True,17,39,-6.810137885,-1.458517282,-1.435262139,-1.176588435,2.703779654,0.0249733694,1.337713805,1.451916865,-0.5356535441,-0.4597692708,-0.9930856206,identity_certain
20,True,16,41,-6.202314507,-1.446142291,-1.83927872,-1.671354378,2.535691885,-0.7784637393,0.03983864221,0.05766424701,0.1185714155,0.6681242904,-0.02403425612,identity_certain
21,True,17,43,-7.579024776,-1.753193499,-0.4842897945,-0.3580696024,2.647835696,-0.7081786634,0.3320441337,-0.1672661861,0.3946767936,0.8403560396,0.476295339,identity_certain
22,True,19,26,-7.250801511,-2.239855059,-2.279911261,-2.434073454,3.231048351,-1.60370836,-0.1712685203,0.1506213404,0.6841972497,2.009805365,-0.5535807099,identity_certain
23,True,16,37,-6.673297967,-1.788825531,-1.207219459,-1.561077333,2.491627076,0.1240271072,0.8843463206,0.6258472964,-0.3841608593,0.1354148167,-0.134860801,identity_certain
24,True,18,36,-6.371451343,-0.8777634629,-1.458759895,-1.054601009,2.025543574,-0.4211172191,0.4565477798,0.5960338059,-0.9022720805,-0.02385567414,0.06854311962,identity_certain
25,True,20,28,-7.271471757,-1.135843152,-0.7648234375,-0.7196553667,2.332928399,1.002626676,1.503831816,1.406471278,-1.600271821,-0.7705474376,-0.7810606938,identity_certain
26,True,24,25,-10.31958415,0.439736366,1.066342097,-0.05895276232,3.456396011,1.933212763,2.29630745,3.579993315,-2.14759093,-0.6818389633,-2.548335877,identity_certain
27,True,15,45,-6.262466285,-1.667664709,-2.022441604,-1.937290491,2.414315165,-1.413995121,-0.3684328034,-0.1366627085,0.4657586878,1.466164157,1.061816427,identity_certain
28,True,16,39,-7.48040719,-1.023929737,-1.022849039,-1.402698865,2.478861935,-1.216555322,-0.1629633616,-0.5816677613,1.079465748,2.046334753,1.386406028,identity_certain
29,True,18,31,-6.81727137,-2.031916813,-1.561398975,-2.577052156,2.726240143,-1.666574083,-0.08522732419,0.2427270521,0.0124609928,1.435241387,0.7384629702,identity_certain
30,True,18,30,-8.024573277,-0.8628688787,-1.814716183,-2.053855579,3.074459677,-0.6265818582,-0.4489360462,1.098115764,0.5033357577,1.868941777,1.164666603,identity_certain
31,True,19,32,-8.900901942,-0.4062135161,-0.5189221208,-1.779899762,3.144708649,-0.554091674,0.08638834453,0.2898578256,0.7179613973,1.774226463,1.830468104,identity_certain
32,True,19,33,-7.049075648,-1.510844747,-1.008284807,-1.615413788,2.503458388,-0.1261714035,0.5430887762,0.6375622895,-0.6682113385,0.8385844745,-0.09095333539,identity_certain
33,True,20,28,-8.051195402,-1.428636072,-2.016886204,-3.34764989,4.341615362,-1.561701636,-1.261861993,-0.629193162,0.5930820245,2.05248463,1.685677652,identity_certain
34,True,19,31,-7.36555993,-0.8208649601,-0.6762858778,-0.2853024026,2.409929481,-1.178607085,0.7109746827,0.2677558847,0.6903165821,-0.6278876087,0.1008191892,identity_certain
35,True,18,39,-7.083457642,-1.035002998,-0.5461805003,-0.6284926783,2.35385498,-0.4488578926,0.7268469554,0.8013253102,-0.8751567442,0.0995505115,-0.2455646571,identity_certain
36,True,18,45,-10.3033324,1.064642088,1.801355062,1.919080679,2.369845968,-0.2783522064,1.775661175,2.272775118,0.7444454604,0.2385214672,-0.7715467056,identity_certain
37,True,29,28,-6.898575095,-3.156177907,-1.555435571,-3.200421759,3.338236141,-0.1829335591,0.5839971002,0.4818029624,-1.543710747,0.6364271302,-0.4352570373,identity_certain
38,True,17,38,-7.809578053,-1.077906337,-0.8454109272,-1.379455981,2.755652511,-0.5948395944,0.7752632594,1.514267006,0.4655533268,0.6738258531,-0.01913206599,identity_certain
39,True,15,44,-6.789320311,-1.861609474,-1.071040133,-1.926165815,2.994640175,-0.8106559953,0.3574557768,0.908496432,-0.1875289533,0.3690525401,-0.4386795777,identity_certain
40,True,19,33,-6.840577822,-2.916022706,-1.941405696,-2.594382746,3.442758104,-2.164268641,-1.782129644,-1.229236608,0.5162950633,2.464052978,2.086011784,identity_certain
41,True,20,37,-7.819691858,-1.300342493,0.05604050786,-0.2947600269,3.010102079,0.8059430993,2.15094865,1.71336057,-2.422844313,-1.720935526,-1.733893555,identity_certain
42,True,17,32,-9.727592529,0.2682063697,0.5580124589,0.2552271963,3.134107186,3.414633249,3.302029446,4.406996008,-3.585438124,-1.810801209,-3.382067527,identity_certain
43,True,17,45,-8.071070805,-0.6486063001,-0.3063010926,-1.279463928,3.237278546,1.348229791,1.84694497,2.093679291,-2.4151922,-0.2803517023,-1.378317455,identity_certain
44,True,17,37,-6.941461058,-1.150916193,-1.471215805,-1.269671068,2.453162641,-1.633233748,-0.03447388521,0.77840658,0.5149053526,1.020208216,0.2956420882,identity_certain
45,True,20,23,-7.192514617,-2.245729513,-1.087865982,-2.314479556,2.955149815,-2.14694403,0.469854832,1.259360704,-0.5583215704,0.7001897649,-1.131843881,identity_certain
46,True,16,43,-7.045656699,-1.327302981,-0.9962431738,-1.06712921,3.048464662,-1.097935554,-0.9697335369,0.7493698799,-0.0112465785,1.10655758,-0.1648697994,identity_certain
47,True,17,36,-7.72503066,0.1560315729,0.2505370984,0.6846810713,1.810982223,-1.106684484,0.4886505388,1.310807034,0.787866432,0.1591691788,-1.110776655,identity_certain
48,True,18,38,-7.388056144,-0.3585551878,-0.1503769292,-0.1494329446,2.180343175,0.01043207929,1.229786923,1.97891782,-0.5710207123,-0.5492277685,-1.433533684,identity_certain
49,True,19,34,-8.576704646,-0.5603601643,0.2607305008,-0.8282892969,2.664483433,1.419300715,2.991914205,3.577845371,-1.574011329,-1.43596501,-2.335117722,identity_certain
50,True,18,42,-7.917885568,0.0811070296,-0.3437492894,0.2250673348,2.025672245,1.535708556,2.118673606,2.469757302,-1.157878288,-0.7122876243,-1.582961664,identity_certain
51,True,16,30,-6.312835889,-2.319758297,-1.482960345,-1.843787738,2.18918667,-0.8825065194,0.7661593029,0.8393923753,0.2899025596,0.2361050377,-0.7128341344,identity_certain
52,True,16,34,-7.597167261,-1.23547991,-0.57007931,-1.225783766,2.796485035,0.6018950565,2.174783739,2.696023589,-0.3835004171,-1.499518274,-2.016959352,identity_certain
53,True,18,33,-6.696841017,-1.082902093,-1.464743664,-1.634389708,2.15964165,-1.210253368,-0.1948102044,-0.3424484733,0.7574898793,1.204742242,1.194229313,identity_certain
54,True,17,43,-6.938366391,-0.9495658661,-1.239076206,-1.517374143,2.932369725,1.249213006,1.651221255,2.244641963,-1.819698211,-1.02964018,-1.732080362,identity_certain
55,True,31,33,-7.166349934,-1.45055847,-1.270791426,-1.675363383,2.166132616,-0.2405693061,0.6035060879,0.8562674424,-0.824470932,1.19095898,0.8420798035,identity_certain
56,True,23,30,-8.214664325,-1.890627075,-2.050106248,-3.226788325,3.937333823,-1.54195303,1.809255605,2.34087038,-0.5929900251,0.5310803205,-0.5221944633,identity_certain
57,True,20,27,-8.560183677,-0.2391844708,0.07919745699,0.6397019022,2.722520835,-1.245313517,-0.08613770609,1.34562726,0.8129645875,0.9297596247,-0.7645523405,identity_certain
58,True,16,34,-6.683029619,-1.109082582,-0.9114368184,-1.79313007,2.222400089,-1.27615772,0.2995637678,0.8999692593,0.4916557413,0.1961405833,-0.01823762994,identity_certain
59,True,17,42,-7.024377876,-1.834149995,-1.905177961,-2.273752686,3.262780285,-0.6542317168,-0.04038309093,0.2419671142,-0.168935568,1.538264315,0.6371416719,identity_certain
60,True,19,33,-7.222419027,-0.7628285764,-0.4677976505,-1.091882103,2.08453219,0.1176278616,0.850518307,1.343527889,-0.4462775493,0.2235002687,-0.6864863262,identity_certain
61,True,18,33,-7.083953896,-1.458877051,-1.625796209,-1.805727387,2.969072873,0.6627775792,1.045790197,1.056398256,-1.201542745,-0.2915615635,-0.08403782678,identity_certain
62,True,17,32,-7.757558982,-0.9329973695,-0.7072822657,-0.6622916499,3.061695347,-1.618798032,-0.2058353486,1.243322846,0.4102612722,0.8796025161,-0.5370170528,identity_certain
63,True,19,29,-9.07242795,0.1513304518,0.6285203344,-0.008231146802,2.78288412,2.152046704,2.872757058,2.860598428,-1.953477896,-2.062465004,-1.804708806,identity_certain
64,True,16,36,-7.068160577,-1.309333185,-1.018043881,-1.149622042,2.951398943,-1.730931556,-0.6019590916,-0.171054663,0.03426951075,1.061141362,0.6168388873,identity_certain
65,True,18,33,-7.405360969,-1.439456568,-1.175610658,-1.138906237,3.017438076,-1.512591752,-0.9473309621,-0.2471841258,0.3485742054,1.672430387,1.060969098,identity_certain
66,True,18,37,-6.808160929,-1.667974566,-1.553145691,-1.523243076,2.079454274,-1.836370202,-0.1841623438,0.2721979585,1.166563075,1.500659086,1.332658055,identity_certain
67,True,17,37,-7.78916329,-0.7501907938,-1.627426156,-1.881858835,2.678803712,-0.4038737831,0.8846378878,0.9318723034,0.5384968607,0.9361144145,1.34108495,identity_certain
68,True,24,27,-6.786411057,-2.956513374,-1.793486068,-2.150445636,3.115452716,-0.3875952527,0.7723935292,0.4612172713,-1.358397094,-0.3080539524,0.2366055711,identity_certain
69,True,18,38,-7.813279486,-3.347288982,-1.34815675,-2.023149295,3.427264457,-1.096334643,0.2746953317,-0.1958001728,0.486159634,1.651885485,0.8282694338,identity_certain
70,True,21,39,-7.482746528,-0.7797438391,-0.8881299835,-1.23407254,2.408661092,0.4902759374,1.600525228,1.965937043,-1.890355385,-0.1391209908,-0.3139323523,identity_certain
71,True,18,34,-6.857624764,-1.624408525,-1.843254808,-1.149731299,2.607897792,-1.515595281,-0.5811826938,-1.018494196,0.4584442609,1.928190615,1.409633692,identity_certain
72,True,18,33,-7.795780767,-0.4804739603,-0.329751692,-0.3044317568,2.788788717,0.330671978,1.95132129,2.030216288,-0.6068263264,-1.25711978,-2.149632966,identity_certain
73,True,17,36,-8.015916224,-0.6482585975,-0.1396061882,-0.3066078747,2.686406203,0.04004702298,1.198701603,1.164267777,-0.3272686766,-0.3773653224,-0.402778357,identity_certain
74,True,20,29,-7.88009745,-1.432450344,-1.559056231,-1.574172714,3.128825633,-1.501752881,-0.5447194064,-0.2597714364,0.4649428707,2.338889831,1.48689544,identity_certain
75,True,16,44,-7.066433612,-1.021490696,-0.4741349715,-1.039293507,2.70932304,1.323581338,1.4366573,1.130142342,-1.940276294,-1.078015519,-0.8969552689,identity_certain
76,True,35,30,-7.441566105,-0.9420613487,-1.840686707,-2.012826702,2.651984438,0.02360959582,0.1830571963,0.1411626058,-1.165515433,1.248277447,1.711905304,identity_certain
77,True,17,50,-7.184836809,-0.9013574755,-1.022678027,-1.58121719,2.710463459,0.5952802683,1.432568473,1.702123706,-1.308869736,0.04029565664,-0.6904607309,identity_certain
78,True,16,45,-6.940147291,-1.249205757,-1.52785134,-1.288373094,2.336599719,-0.7181453737,0.2476385127,-0.1679118892,0.6354027144,1.444931798,1.225240239,identity_certain
79,True,17,34,-6.653048757,-1.600835407,-1.635308671,-2.279812615,2.436246519,-0.9044041137,0.08626176039,0.8643317799,0.07640211139,1.193849486,0.3006706104,identity_certain
80,True,16,46,-7.672379362,-0.9333576341,-0.09281759597,-0.1132539217,2.475234438,-1.354386076,0.5700992844,1.769019848,1.006319352,0.4413306313,-1.188322884,identity_certain
81,True,16,38,-6.783737459,-1.585153746,-1.666950565,-1.987081421,2.978930512,0.1137310561,0.8328075279,1.253560899,-0.8203746325,0.1362011179,-0.6828561421,identity_certain
82,True,20,34,-7.55350039,-2.068215969,-0.575409683,-1.484475055,2.619000938,1.427856013,1.946792662,1.554626703,-1.454874381,-0.4131362276,-1.023547403,identity_certain
83,True,18,31,-6.635291891,-2.392395999,-1.603378231,-1.021423916,2.578687295,-0.8694912351,0.3058545351,-0.5069148481,-0.1280720798,0.4244533628,0.6742031866,identity_certain
84,True,21,36,-7.112409644,-1.269089711,-0.8731831245,-1.130489494,2.48459421,0.2379439343,0.5093865991,1.445099519,-0.7951010765,0.6539571549,-0.9060517513,identity_certain
85,True,17,46,-8.251281894,-1.102851627,-0.5372805802,-0.6848637594,3.138892084,-0.6399594729,0.9747404381,1.092354628,0.103825002,0.6659414295,0.1521030468,identity_certain
86,True,16,42,-7.094820294,-1.373067853,-1.799563829,-1.348386379,3.004536644,-1.791610784,-0.3704991383,-0.1542592206,0.3409952162,1.492505327,1.222078065,identity_certain
87,True,19,43,-6.75070139,-1.122054632,-1.496036482,-1.586726644,2.677937711,-0.01193561998,0.1449271512,1.173284505,-0.919784177,0.7879143679,-0.1377272373,identity_certain
88,True,20,37,-8.872859661,-0.4082405002,-0.2085597668,-1.353554574,3.765340069,1.001393906,2.811580035,3.520946025,-1.506295526,-1.432712423,-2.727991291,identity_certain
89,True,19,30,-7.336745952,-0.6720618324,-0.3901008123,-0.4843413758,1.864543974,0.9850589937,1.912390657,2.377657432,-0.8978474581,-0.8431370041,-2.011205182,identity_certain
90,True,19,32,-7.123910232,-2.837525737,-1.589569336,-2.449194252,3.022585509,-1.315541381,-1.011385819,-1.217786182,0.03804809388,2.518112543,2.045461938,identity_certain
91,True,16,40,-7.966678457,-0.5801450188,-0.161558328,-0.3928940174,2.465288451,2.257606204,2.630958591,2.322653655,-2.262246783,-1.462738651,-1.38024727,identity_certain
92,True,19,40,-6.999341463,-1.220899588,-0.8338914704,0.2528775859,2.117971148,-2.051928192,-0.3022584819,-0.3550044233,0.5929222778,1.156412328,0.4723320938,identity_certain
93,True,24,35,-7.490793873,-1.564761758,-1.374191268,-1.560390491,3.766257762,0.05160066361,0.2704277552,-0.09440086589,-1.519459796,0.2869664572,0.4384708113,identity_certain
94,True,23,32,-7.412842034,-1.843848671,-1.556533483,-2.490832807,3.437528334,-0.4362554251,-0.09629977689,-0.318107142,-1.214767771,1.402237596,1.08833762,identity_certain
95,True,20,40,-7.654576625,-1.118835078,-1.012295902,-1.252614058,2.848967372,-3.12000367,0.7759437979,1.12944633,0.549200399,0.9471872906,0.1378136729,identity_certain
96,True,17,34,-6.964827919,-1.304838592,-1.19966794,-1.023596992,2.286274742,-0.2375664319,0.7240958071,0.9190834621,-0.3783907004,0.4749207857,-0.3757947023,identity_certain
97,True,17,47,-7.030222119,-1.874597223,-1.67663973,-2.230113075,2.720667712,-2.694892122,-2.188227782,-1.744439448,1.405273076,3.783669247,3.517573171,identity_certain
98,True,17,39,-6.848407922,-1.52592397,-2.376152944,-1.770180027,2.76038545,0.01774443798,0.1403825314,-0.7217053769,0.008159189915,0.9903304264,2.045617677,identity_certain
99,True,18,35,-6.532044285,-2.749282133,-0.8885105086,-1.360067166,2.547582793,0.6448984455,1.522251857,2.162789047,-1.63854738,-1.34069548,-2.016749912,identity_certain
100,True,17,43,-7.409431186,-0.9072948419,-1.480160266,-2.062885369,3.12491391,-0.8547066442,0.8847614602,1.747005724,-0.03403738586,0.4772029111,-0.285283222,identity_certain
101,True,57,22,-8.006034716,-0.7194360356,-0.569429971,-0.8606223638,2.541272242,0.9864268672,0.8890961303,0.8265174268,-1.414410667,0.1609397114,-0.001261552496,identity_certain
102,True,15,41,-6.709553521,-1.664455905,-1.555028204,-1.839935114,2.690371656,-1.339698061,0.4787966763,1.138542104,0.5658400979,0.4392784604,-0.1626937296,identity_certain
103,True,18,40,-8.529432598,-0.2664174379,-0.1152426795,-0.1229952505,2.544620975,-1.19363454,1.227643781,2.018468825,1.00003459,0.2898457188,-0.4105139158,identity_certain
104,True,18,35,-8.380747181,-0.9160539957,-0.5949975699,-1.553371553,3.369473523,0.4835095369,2.183481989,3.30596567,-0.8446898834,-0.6894486386,-2.668082923,identity_certain
105,True,19,33,-6.977077209,-1.394577157,-1.584218345,-2.125377404,2.865907782,-0.6046507485,0.4740670301,1.006676793,-0.788748786,0.556923725,0.06650134848,identity_certain
106,True,18,32,-6.998540395,-1.41542665,-1.271435546,-0.8940475784,2.052795357,-1.272516235,-0.09429033862,0.7943942525,0.3242696613,1.501236415,0.2297136086,identity_certain
107,True,21,28,-8.020909492,-0.04125835272,-0.4314962428,0.07148666558,2.639751626,0.7032239238,1.779033662,2.778718445,-1.574709434,-1.276498067,-2.26882292,identity_certain
108,True,17,35,-7.003800659,-0.5201339074,-1.546564607,-0.8185203228,2.68951855,-0.5740848963,0.3966726898,0.5078747177,-0.3433026989,-0.0359378531,0.03457981686,identity_certain
109,True,19,34,-7.480766264,-0.5064974594,-1.011370344,-1.264420004,2.87728054,-0.3603445963,0.2022193803,1.365998218,-0.8060784417,0.7708712605,-0.8478147906,identity_certain
110,True,16,39,-7.131823985,-1.764795029,-0.7571868813,-1.321925814,2.562614149,-1.019044297,0.5626321871,1.007192645,0.7402406827,0.365129812,-0.4541944085,identity_certain
111,True,18,29,-7.2212115,-1.300628846,-1.485033173,-1.570742235,2.75975547,1.759277772,2.105797269,2.0990242,-3.114161363,-1.268724826,-0.9663137024,identity_certain
112,True,19,38,-7.2893487,-1.067977875,-0.4447431892,-1.11526376,2.634183668,0.1120100876,0.8277055998,1.427756004,-0.694344079,-0.1577924691,-0.6718805815,identity_certain
113,True,19,30,-7.14873453,-1.452870458,-0.6210606051,-0.8264171412,2.471956584,1.300141725,2.184312376,2.217223715,-2.123304652,-1.515139314,-2.157366834,identity_certain
114,True,15,43,-6.923179749,-1.054894856,-1.219883166,-1.392832453,2.684937405,-0.809177005,-0.2913211206,1.268180161,-0.1638674651,0.862918621,0.09228329266,identity_certain
115,True,19,37,-7.130449409,-1.729854679,-0.6930498795,-1.397557046,2.678491839,0.3021236424,1.753588178,2.300339369,-1.444191318,-0.6493242262,-1.875814147,identity_certain
116,True,17,30,-7.072399352,-2.133511992,-0.908756206,-1.711072029,2.530085301,-0.1284348685,1.013138998,1.397626842,0.1231500375,0.02541990159,-0.9670845669,identity_certain
117,True,17,42,-8.050776866,-0.6277354203,-0.686968839,-1.072908151,3.383210045,-1.324876834,0.6349435148,2.319371425,0.3196550387,0.1727641883,-1.382847301,identity_certain
118,True,18,31,-8.190265987,-0.811887783,-0.2073684289,-0.02959263342,2.39563065,-1.122171603,0.4688434628,0.5272324678,1.528580982,1.023558211,-0.9342635765,identity_certain
119,True,20,25,-9.299139012,-0.1211061309,-0.7445428806,-1.464534807,2.978861317,-1.676951228,-0.9343724662,-0.2178240697,2.067430879,3.285824814,2.370195753,identity_certain
120,True,16,34,-7.351945841,-1.721319435,-2.027855403,-2.205595157,2.641040465,-1.367090178,-0.8068152788,-1.052981684,1.736800728,2.780372572,2.65971399,identity_certain
121,True,18,24,-7.928329223,-1.110092529,-0.9726181001,-1.661046093,3.059284612,2.183232325,1.717460902,1.147694209,-2.784146139,-0.6521324648,-0.6035274063,identity_certain
122,True,16,38,-6.941206042,-1.541482938,-1.014893045,-0.9743888557,2.581576123,1.061454566,1.751894079,2.256197387,-1.369218804,-0.841126069,-1.93897178,identity_certain
123,True,18,47,-7.737359867,-0.4198979661,-0.7278379458,-0.4988721711,2.376463823,-1.469254187,-0.1715883737,1.511101944,0.1734648796,1.589759807,0.2804247654,identity_certain
124,True,17,33,-7.167599294,-2.166190647,-1.717471218,-2.134935068,2.740058311,-1.342821756,-0.2530689329,0.1611833473,1.734029476,1.793052519,0.9916137542,identity_certain
125,True,16,40,-6.825878866,-1.483445404,-1.473678297,-1.183490759,1.988174304,-1.957145737,-1.608282451,-2.372941035,1.379780675,3.114478048,3.588940323,identity_certain
126,True,18,36,-8.283548964,-0.0927687351,-1.151677565,-1.182937505,2.379257798,-0.1824645662,0.02874005299,1.014239396,0.7806893527,1.96713927,1.145192302,identity_certain
127,True,21,34,-7.809008138,-0.3810132816,-0.5882815589,-0.6908318841,2.385846359,1.070072113,2.069637123,1.547886148,-1.903643644,-0.8394068238,-0.4233261537,identity_certain
128,True,19,31,-7.273476486,-1.410572828,-1.699295973,-2.613980101,3.122356148,-1.068740833,0.5536052215,0.4554755128,-0.8319107829,0.9117473619,0.6717645301,identity_certain
129,True,19,32,-9.166684578,-0.8687955969,-0.6787444362,-0.7041654687,3.485879777,-0.6737058804,0.2585084382,0.4286598748,0.7883427616,1.84824577,0.9533335324,identity_certain
130,True,18,29,-8.482312814,-1.037347044,-1.467563183,-1.762848926,3.086670503,-0.1582074596,0.7129436389,1.968835849,0.8466998268,1.288974675,0.07898477885,identity_certain
131,True,18,31,-7.463215816,-1.196405608,-1.405479624,-1.955605624,2.733261115,-0.9757680943,0.2189213124,0.440288648,1.142286783,1.284215685,0.4248735968,identity_certain
132,True,19,34,-7.327565507,-1.68339387,-0.1890821377,-0.5778199987,2.493200273,0.8605340002,1.590177841,1.882971602,-1.529584729,-0.840034177,-1.789101635,identity_certain
133,True,17,46,-6.627568732,-1.216530381,-1.178462299,-0.8030286617,2.290678035,-0.8220349959,-0.3605144705,0.01712892775,-0.2893242206,1.397723108,0.6133365239,identity_certain
134,True,15,39,-7.237616912,-1.787464877,-0.8494932064,-1.368623494,3.08757547,-0.6154159124,0.4150360123,1.39817943,0.285903798,-0.04731641741,-0.898489048,identity_certain
135,True,16,37,-5.90465976,-1.488813997,-1.60739328,-1.414554645,2.285346113,-1.45044635,-1.401722529,-0.1568614663,0.3499389306,1.223087037,-0.06169565033,identity_certain
136,True,17,33,-7.012826996,-1.094962359,-0.8843472446,-0.9687252633,2.349402934,-1.477509656,-1.349941188,-0.5230421766,1.153635215,1.932581006,0.7548636611,identity_certain
137,True,18,40,-7.338554381,-2.221642106,-1.378815097,-1.74428922,3.421727506,-0.2471534005,1.807074706,1.805234351,-0.8417552091,-0.561589874,-1.51317217,identity_certain
138,True,16,35,-7.624294092,-1.382410826,-0.5934012882,-0.9249620482,3.07457252,-0.8947468977,1.208977655,1.848947311,-0.5747705196,-0.1965285466,-2.262428602,identity_certain
139,True,21,32,-8.224366393,-1.0691436,-1.129642457,-1.755256327,3.236406318,-0.06628908038,0.6640592258,0.7997192577,-0.6467287596,1.030016775,0.7695401819,identity_certain
140,True,17,30,-6.770083306,-1.570897535,-1.207566825,-1.778970156,2.384877387,-0.5456852126,0.7651033238,0.9517328376,0.211134109,0.06677716977,-0.26022796,identity_certain
141,True,21,32,-6.48944068,-2.392704482,-2.11777227,-2.658202267,2.478955279,-3.361204734,-2.63587685,-2.014358032,0.8388526737,3.974072406,3.458667321,identity_certain
142,True,18,31,-6.070262628,-2.391210619,-1.619988114,-1.365037606,1.894204765,-1.663715834,-1.061687701,-1.987317357,0.6852171732,1.945936761,1.991038181,identity_certain
143,True,16,38,-7.112179405,-1.535768617,-0.9792617559,-1.183197244,2.782865781,2.511513909,2.545444621,2.236036005,-4.173574742,-1.97041343,-1.573291008,identity_certain
144,True,17,45,-6.891172079,-1.881673532,-1.556759207,-1.846091555,2.558935514,-1.158484688,0.5105689398,0.344472984,0.8636778298,0.9468946707,1.077977055,identity_certain
145,True,18,37,-7.187422125,-1.091235846,-1.349768036,-2.10768372,3.245686196,1.345317431,1.311450905,1.630613649,-4.315968264,-0.8668618257,-0.7147175659,identity_certain
146,True,17,31,-7.048387287,-0.997883641,-1.323782346,-1.354933611,2.362641854,2.081508667,1.805669811,2.034117304,-2.8971739,-1.201488129,-0.7780217908,identity_certain
147,True,20,30,-8.295568187,-1.009800821,-0.5123991622,-0.6261952099,3.356971289,1.469895832,2.345033456,3.17279789,-2.712551589,-1.804805778,-2.394679064,identity_certain
148,True,16,41,-6.899066558,-1.419016538,-0.8809716406,-1.324064117,2.509368835,-0.2444735846,0.429295997,1.577912251,-0.4838579106,0.5758388613,-0.9787914134,identity_certain
149,True,20,26,-6.916857799,-1.367384964,-1.251330154,-1.001033846,2.288751083,0.8772919561,1.390367121,1.861652246,-1.793580344,-0.7564657006,-1.207709534,identity_certain
150,True,19,31,-8.092299472,-0.4292626557,-0.6772788669,-0.3033247873,2.839612,0.1288975417,1.926568469,2.319008848,-0.4677158379,-1.030441216,-1.492890384,identity_certain
151,True,15,44,-7.622469134,-0.9644011116,-0.7660002867,-1.320404533,2.733285472,-1.263216563,1.315649092,1.467894731,0.7541337012,0.1811637905,-0.2205261763,identity_certain
152,True,18,28,-7.343836576,-1.622077169,-1.644245604,-1.850452438,2.51277715,-1.223430008,0.06406632056,0.1381243651,1.086369307,1.796126561,1.013772915,identity_certain
153,True,32,28,-9.989484821,0.7506506786,0.3678115848,0.1618724485,3.015722971,0.9728388576,1.783426873,2.169037823,-0.6170676517,0.197280508,-0.629225851,identity_certain
154,True,17,38,-7.569434783,-1.368418747,-0.3352748977,0.2059157879,2.297133621,-1.599721689,0.7646278458,0.3946821578,0.9774004724,0.3323157769,-0.02097649928,identity_certain
155,True,19,27,-7.368884894,-1.791436916,-2.049473175,-2.074633482,2.984610339,-1.631956584,-0.2959364613,0.3103349735,0.3566682487,1.665040421,1.292642548,identity_certain
156,True,20,28,-7.504532853,-1.382896775,-0.7113532176,-1.230527619,2.890766995,-0.927825436,1.447568604,1.892096947,-0.7145310041,-0.6482614766,-1.237717108,identity_certain
157,True,16,41,-7.43196153,-0.4370551726,-0.5893409844,-0.6786507064,2.581829897,1.777795447,1.996802062,1.666693068,-3.465724451,-1.059558863,-0.9282247778,identity_certain
158,True,17,46,-6.927625661,-1.184897592,-1.218015426,-1.685641783,2.751970451,0.1681391833,0.2015500256,-0.3319226977,-0.8054204188,0.7125616373,1.02992789,identity_certain
159,True,17,31,-7.353371637,-1.899836025,-1.094184103,-1.847351697,2.319283675,-1.493883852,0.113979704,0.6414951772,1.51057548,1.581127033,0.4634699365,identity_certain
160,True,20,33,-8.571334496,-0.2762645526,-0.09982041856,0.1533268626,2.961555508,-0.1199137893,0.9779924719,1.077337646,-0.7040288818,0.03457261755,-0.212418863,identity_certain
161,True,23,22,-7.006698172,-1.451431868,-2.182843382,-1.303416084,2.426773145,-3.12412237,-0.5048662232,0.6019080911,0.8227511514,1.407499349,0.4846641279,identity_certain
162,True,18,34,-8.49035709,0.4619415008,1.090714506,0.7053434314,2.363500529,1.562887478,2.410815649,2.974874112,-1.922581776,-1.935474175,-3.018505209,identity_certain
163,True,16,36,-7.28797199,-1.028993108,-0.7251279905,-0.8304578181,2.283173646,-0.3716140436,0.9361352097,2.011166443,-0.1129783224,0.248694738,-1.331022722,identity_certain
164,True,19,41,-7.078979761,-1.407313775,-1.681169074,-1.092118075,2.680572654,-0.04822835291,0.2755068898,0.1059843076,-0.8893275215,0.8745940755,0.9886165759,identity_certain
165,True,19,32,-8.77684792,0.388859279,-0.09532241364,-0.1371161946,2.220284025,-1.09995564,1.027973883,1.389240899,1.227725033,0.915271849,0.2941490162,identity_certain
166,True,16,34,-7.556599378,-0.8517229759,-0.8771740217,-0.6511843496,3.039303426,-0.7467160882,0.0554996094,0.9320958771,-0.228115819,0.6863613397,-0.8631842695,identity_certain
167,True,22,25,-9.352092069,1.638682136,1.189270654,1.405381006,2.399852179,0.2735009433,1.410045261,2.789347853,-0.8320971513,-0.7394091068,-2.6451982,identity_certain
168,True,17,34,-6.762879142,-2.028585568,-1.615779797,-1.567245296,2.382822354,-2.077684621,-0.5002765857,0.06801451427,1.236590983,1.801805844,0.8912801922,identity_certain
169,True,22,30,-9.253049916,0.7845121575,-0.2576897214,-0.4300061481,2.543945115,-0.3108844308,1.754048664,2.449257616,0.8043542223,-0.02358597673,-0.17661458,identity_certain
170,True,18,30,-7.463400022,-0.9186880822,-0.545037725,-0.613487973,2.446310568,2.199946307,1.429842216,1.728317209,-3.129872812,-1.167806399,-0.8091408846,identity_certain
171,True,19,43,-7.029990388,-1.645146246,-1.55445733,-2.364150211,2.908736603,-1.54792195,-0.293294004,-0.05950961356,-0.1345480686,2.043426613,1.361859455,identity_certain
172,True,19,35,-7.980702683,-0.8596509491,-1.19997263,-1.808644341,3.025552122,1.35823967,1.780302508,0.6252734123,-1.625197859,0.09375304613,0.2562194485,identity_certain
173,True,18,37,-7.244450789,-1.491167761,-0.9316630902,-2.105181625,2.747404646,-1.445385151,0.950311527,1.335775124,0.5095386413,0.4729735112,-0.4138903989,identity_certain
174,True,16,38,-7.540852783,-1.481607141,-0.7698926282,-1.296091369,2.53269087,-0.9568211346,0.3538887109,1.245367506,0.8237778715,1.294778727,-0.1887566968,identity_certain
175,True,22,36,-7.102091427,-1.45769624,-1.294375225,-1.624295754,2.450284736,0.4686378792,0.5013380968,0.6976041291,-0.6913951016,1.044569857,0.206691165,identity_certain
176,True,24,24,-7.489172123,-2.403534867,-1.008950264,-1.224481086,3.183579806,-1.53364271,0.1259111884,0.4727682405,-0.1698194575,0.567950389,-0.5814573797,identity_certain
177,True,19,41,-6.937713311,-1.322740032,-1.813595201,-2.133667714,2.664286599,0.4389645521,0.4431783216,0.2559054498,-0.5755513954,1.123221036,0.7223465168,identity_certain
178,True,16,41,-7.392931329,-1.512473112,-1.474066867,-2.093593328,2.898527612,-1.658875832,-1.06432631,-0.1559314535,1.373595754,2.530786649,1.529622992,identity_certain
179,True,16,28,-7.437572072,-1.124286928,-1.022547552,-1.106174378,2.224079474,-0.9542634523,-0.6174206544,0.6028052216,1.363839192,1.91843249,0.2215765453,identity_certain
180,True,36,24,-8.231565591,-1.219877302,-2.094681331,-1.816418222,3.255463447,-2.558143854,-0.0852180863,0.1650912178,0.7964336158,2.092582104,1.904541669,identity_certain
181,True,24,30,-7.48422347,-1.873215352,-1.173112995,-0.9046868784,2.421451456,-2.41635528,-0.6253557063,-1.042311121,1.242652306,1.91233142,2.052767436,identity_certain
182,True,22,35,-8.024793938,-0.5919832926,-0.9521566736,-0.8835332008,2.740121646,0.4872584415,1.165429142,0.6482728885,-0.6394355017,0.3345151571,0.8262914557,identity_certain
183,True,17,28,-6.859417221,-2.298732593,-1.298632891,-2.147115794,2.467790144,-0.9450303355,0.3379343528,0.6383377641,0.8650969913,0.9834809128,-0.5761544337,identity_certain
184,True,17,33,-6.584287269,-1.873788021,-1.648919435,-2.073457458,2.665786148,-1.557205095,-0.4506596567,-0.29924939,0.6081370318,1.444921775,0.7761239123,identity_certain
185,True,18,36,-6.733881151,-1.581699535,-1.017387258,-0.7249853684,2.166464658,-1.248121233,0.3024277386,0.6193452205,0.4953160749,0.4986121236,0.04584230112,identity_certain
186,True,16,46,-7.384254755,-0.6666106511,-0.9190459218,-0.602830624,2.442027188,-0.6427235194,0.9546602701,1.240809094,0.456357857,0.3785739004,-0.2489604001,identity_certain
187,True,19,33,-7.978756725,-1.280626125,-0.2242263278,-0.3485585454,3.103379966,-0.365023767,1.760035397,2.15210429,-0.8564234217,-1.058493085,-1.598531502,identity_certain
188,True,16,36,-7.064131434,-1.210605367,-0.5383847037,-1.613541238,2.51824472,0.3367223691,1.417828678,2.050225807,-0.6673588087,-0.4916756397,-2.076822634,identity_certain
189,True,17,36,-6.524944814,-1.362638702,-1.709716479,-1.37964005,1.896579471,-1.786058006,0.2623186934,0.7705771863,0.2296292776,1.28474563,0.28886463,identity_certain
190,True,19,34,-7.503378733,-0.8142736592,-0.3921484338,-1.077972666,2.576651685,1.475553702,1.31974238,2.014884835,-1.707158874,-0.6093042882,-1.243116716,identity_certain
191,True,18,25,-8.251785863,-1.289634017,-0.8135817979,-1.018561829,2.963699717,-0.8799767079,-0.2318542268,1.874968008,0.4957147013,1.733086691,-1.079122444,identity_certain
192,True,16,41,-7.023609534,-1.057867558,-1.085270098,-1.21680586,2.894939283,1.570314547,1.507767448,1.170561611,-2.751348893,-0.9701906181,-0.8436018286,identity_certain
193,True,16,38,-7.097337213,-1.00343547,-0.8250384417,-0.9024318721,2.410677348,0.09110634034,1.635641218,2.489237876,-1.032262968,-0.9987889018,-1.490141021,identity_certain
194,True,17,31,-8.1832713,-0.07229203606,-0.1600598171,-1.200094895,2.684464793,2.578542688,2.551740401,2.685244785,-3.85133493,-1.523185911,-1.437896314,identity_certain
195,True,19,29,-6.903237076,-1.749214177,-1.598587512,-3.022437495,3.170804615,-0.3041265757,-0.2431890556,0.3783715999,-1.067725131,0.8338241826,0.5419225477,identity_certain
196,True,18,36,-6.944708602,-0.6397802426,-0.8976574391,-0.9094643287,2.229702183,-0.8316494251,0.4407382677,1.509745681,-0.1153210071,0.0543819438,-0.512265931,identity_certain
197,True,17,34,-7.027044832,-1.28052967,-1.079134354,-1.471932895,2.501509439,-1.165683546,-0.6389369454,0.3848332304,0.390235973,1.572883464,0.3462879317,identity_certain
198,True,20,26,-7.022457213,-1.455335692,-1.356351467,-1.11668328,2.15382565,-0.9785340644,0.882119911,0.9569289203,0.3875318442,0.3561542759,-0.02449916302,identity_certain
199,True,17,36,-6.836220045,-1.507696231,-1.423122811,-1.907528812,2.233709477,-0.3177738585,0.7280411855,1.604040263,0.4742066682,-0.10541236,0.1868239908,identity_certain
200,True,17,34,-7.631233869,-1.047977835,-1.221150348,-1.712932689,2.395683814,-1.144269234,0.6388760015,0.8434427193,1.094753853,1.285445789,0.7551487566,identity_certain
201,True,16,46,-7.182086241,-1.388601869,-0.7680193368,-1.132975107,3.033453365,1.78491575,1.636834548,1.102778951,-2.678974696,-1.460873128,-0.5303622993,identity_certain
202,True,18,34,-9.324830297,-0.2595608897,0.02828165403,0.02210720519,2.463048784,-0.1421594897,1.20030339,1.723076254,1.259789768,0.8228955815,0.7226768065,identity_certain
203,True,16,37,-7.307570795,-1.944143717,-2.453259231,-2.902905656,3.184316029,-1.043197007,-0.5841514462,-0.4171569617,0.761047497,2.285595534,2.48502825,identity_certain
204,True,16,38,-7.474164332,-1.613856656,-1.710504514,-2.482903861,2.838701436,-1.28112281,-0.1086240571,0.1706787303,1.223901892,2.26888473,1.335932388,identity_certain
205,True,20,31,-7.915418969,-0.2773836053,-0.9440371405,-0.9468203992,2.957303,-1.19860855,0.13984036,0.8763058399,0.2970493107,0.590824797,-0.1435035116,identity_certain
206,True,18,26,-7.401844257,-1.928856902,-1.509433875,-1.757206435,2.887144443,-1.02390995,0.6822540549,0.8411977218,0.4622235506,0.5741783668,0.2404778901,identity_certain
207,True,20,30,-6.670619671,-1.33265366,-1.813400392,-1.6668819,1.856756673,-2.015922489,-0.9080996056,-0.6970486554,1.381361144,2.041728793,2.257809686,identity_certain
208,True,22,39,-8.912767757,-0.3511213312,-0.7199569413,-1.156622856,3.253981881,0.741446719,2.039347371,2.946659411,-0.273134619,0.1265856746,-1.164226735,identity_certain
209,True,21,36,-6.665106428,-3.420770978,-1.77864097,-2.281444101,3.439565905,-3.697514069,-1.307781968,-2.398100345,-0.6569088146,2.391565414,2.060550878,identity_certain
210,True,17,42,-6.046276832,-2.127045219,-2.370124949,-2.803481015,2.930885806,-0.5241310801,-0.5670960795,-0.9457293473,-1.184554487,1.653955027,1.317014132,identity_certain
211,True,17,37,-7.188611257,-1.620850956,-1.021955259,-0.511588783,2.967794772,-1.226104099,-0.4855325508,0.626314553,0.1715299799,0.8361219883,-0.3934170752,identity_certain
212,True,21,36,-7.870645325,-1.061430047,-1.277010795,-1.596755734,3.081849746,0.7444122753,1.156412631,1.826146703,-0.5852519034,0.1504188262,-0.3793758665,identity_certain
213,True,21,37,-8.235196223,-0.4772519943,-0.7473067594,-0.9357184887,2.672831443,1.036410947,0.7611348256,1.111727144,-0.1955936538,0.4631526876,0.7490100484,identity_certain
214,True,20,41,-5.563072107,-2.012756477,-1.86723233,-1.004551099,1.853162298,-2.55729908,-1.192876835,-2.112302518,1.207963891,1.457380429,0.999904657,identity_certain
215,True,18,35,-7.995425367,0.1499173004,-0.1405047509,0.4412587779,2.077713164,-0.4727377971,0.2848692823,0.2588658523,0.1164739978,0.8574541328,0.3999350007,identity_certain
216,True,19,39,-6.712077522,-2.196330348,-0.891239034,-0.6152229086,2.871865022,1.003720012,1.968312643,2.162785498,-2.818076039,-2.145107399,-2.239897942,identity_certain
217,True,19,44,-6.74205494,-1.279306313,-1.458818024,-1.164229218,2.532067967,-1.612939973,-0.4881520426,-0.6703192207,-0.3877452335,1.702797725,1.468695577,identity_certain
218,True,17,40,-6.166077883,-2.52370435,-1.677404851,-1.88139638,2.747575127,-2.318491838,-1.198605791,-0.4499154226,0.5210905573,1.781991645,0.6172659121,identity_certain
219,True,18,39,-6.955581367,-1.27747924,-1.70313212,-2.561393635,3.084948358,0.5268170379,0.8316541624,1.23859449,-0.7212039616,0.05190486289,-0.2829161638,identity_certain
220,True,20,41,-6.881680898,-0.8732199364,-1.000794672,-1.072622352,2.649598718,0.269372479,-0.1442259356,0.06714554808,-1.128606021,0.6835102799,0.4336760483,identity_certain
221,True,21,27,-8.302835485,-0.2083980399,-0.1381140113,0.5315332146,2.315231382,-1.538445977,0.39576498,0.9703247847,0.8870666151,0.1410080104,0.03023264389,identity_certain
222,True,21,34,-11.82096889,1.752194404,1.965661157,1.467971123,2.029798376,2.286431482,4.111139016,5.285851771,-0.3753545637,-0.6166838536,-2.083935215,identity_certain
223,True,22,23,-7.299912229,-1.394375929,-1.209061837,-1.549995363,2.430421239,-0.213669502,0.9252157889,1.091911116,-0.5829913722,0.3941570477,-0.3611992426,identity_certain
224,True,19,31,-6.623174126,-1.584798083,-0.5098240122,-0.8018596938,2.304819968,0.71111651,0.4142891257,0.9762986372,-1.913397342,-0.6341301553,-1.034829094,identity_certain
225,True,19,34,-8.023533324,-0.7723037134,-0.7534566908,-0.7495448533,2.69397445,-2.7561571,1.25030635,1.750986884,0.3820358229,0.4062472946,-0.560495967,identity_certain
226,True,19,31,-7.103171775,-1.389110285,-1.286084345,-2.039310829,2.986076311,-0.3731865815,0.008495888793,0.5948022477,-1.041470711,0.7737584836,0.2022149248,identity_certain
227,True,17,43,-9.106231265,-0.06510953341,0.004453347052,-0.06948842132,3.065405598,-1.247043256,0.9581194602,1.928661101,1.520337598,0.9511356884,-0.8342345492,identity_certain
228,True,17,35,-7.474244127,-1.242427057,-2.679359457,-2.0982268,3.272262287,-1.113087531,0.1843338157,-0.1648635138,-0.1244071287,1.691822043,1.664488023,identity_certain
229,True,16,34,-6.800253244,-1.701842984,-2.476698559,-2.4022854,2.519341679,-1.611091219,-0.6302957067,0.05935867316,1.076456975,2.302428928,1.672741219,identity_certain
230,True,24,30,-7.19175974,-1.3101249,-1.509897007,-1.251175901,2.738848433,-0.138364893,1.256191093,1.026759594,-1.101836979,-0.5631202244,-0.1958129501,identity_certain
231,True,18,35,-8.010006892,-0.8926706482,-0.5808249009,-0.5418699084,2.694596404,-0.8510725006,1.199468939,1.013628596,0.3990661864,0.248957951,-0.06742053499,identity_certain
232,True,17,37,-6.405177151,-1.706513126,-1.193864563,-1.311110717,2.276447745,-0.6682738281,0.3720104735,0.5844443756,-0.3108810037,0.4007002483,-0.4330815704,identity_certain
233,True,17,44,-6.685644821,-2.134630895,-1.648848855,-1.660663614,2.912464773,-1.087135159,0.4523360846,-0.06994305871,0.2826322816,0.9320473549,0.2025030057,identity_certain
234,True,16,40,-7.088142815,-1.2627599,-0.2463041326,-0.9677358728,2.612601738,1.478219959,2.136760628,1.836868522,-2.019311295,-1.690400769,-1.948788083,identity_certain
235,True,16,36,-6.861477624,-1.713398774,-1.469177115,-2.221632424,2.545665563,-0.5681586662,0.2785905464,0.6694681061,0.5685815214,1.208024149,0.02094386161,identity_certain
236,True,25,25,-11.10194629,0.1552190158,0.8261101124,0.4566309993,3.701665168,0.2686752494,3.003591733,3.508329954,0.2130322597,-0.7505346197,-1.500521017,identity_certain
237,True,18,27,-7.280909512,-0.5802251927,-0.5547700394,0.2458985604,1.991033306,-0.8742614232,-0.02719350799,1.22740387,0.593586275,0.5110260067,-1.601599834,identity_certain
238,True,17,30,-7.481898393,-0.7709532107,-1.426029711,-1.617952639,2.480048737,-1.310682459,-1.566644975,-1.282051018,1.041929579,2.505422689,2.827182951,identity_certain
239,True,18,28,-7.810139463,-1.409011091,-1.369997449,-2.671399917,3.103103338,-0.9759997559,0.7068559294,1.385781013,0.4462863281,0.9265497568,0.02810652104,identity_certain
240,True,19,26,-7.649166311,-0.8543340251,-1.47385269,-1.374069774,2.141583765,-1.152507682,-0.06584256735,-1.206782124,1.672154105,1.773670188,2.519061291,identity_certain
241,True,28,30,-7.220915124,-1.99181321,-1.906223614,-1.919987431,3.185353772,-1.444534024,-0.3696686151,-0.06008640989,-1.583858206,1.809964972,0.9437475034,identity_certain
242,True,19,38,-7.016284864,-1.137120022,-1.404394697,-1.505835361,2.818003533,-0.03874094532,0.8354474404,1.842044331,-0.7841733899,0.09028408591,-0.9861028398,identity_certain
243,True,17,34,-6.589818298,-1.659796661,-2.265012028,-2.637469284,2.591184929,-1.728605529,-1.659305991,-1.282810472,0.8798803236,2.947700509,2.688261093,identity_certain
244,True,20,32,-6.265560032,-1.870668763,-1.450310934,-2.394774615,2.394020513,0.6734758231,0.5277645246,0.469248373,-0.9178505395,-0.2075300709,0.1644205951,identity_certain
245,True,23,27,-7.24711614,-1.163976485,-1.579112049,-1.471322758,2.744516654,0.1976511626,1.44388451,1.290055508,-0.7927693456,-0.3296546919,-0.4059051678,identity_certain
246,True,16,49,-7.126620794,-1.103824287,-1.212267141,-1.127107232,2.582061679,-1.221141627,1.58635603,1.951850684,0.4592923225,-0.3563339224,-0.6570013143,identity_certain
247,True,34,34,-10.51388522,0.4496589223,0.1965579415,0.4619964341,3.327276288,0.3789153158,2.225963513,2.258956176,-0.302741854,0.1328558089,0.1075438951,identity_certain
248,True,16,33,-7.939682979,-0.504838714,-0.744624303,-1.379930622,2.795898912,2.386196092,2.409514604,2.859401215,-1.932917429,-1.389787795,-1.711096237,identity_certain
249,True,17,49,-6.672376035,-1.458443528,-1.344574068,-1.637217156,2.895174177,0.2399129292,1.115823932,1.710640201,-1.354249211,-0.1355168253,-1.055429131,identity_certain
250,True,21,26,-7.461254595,-1.149720882,-1.67887655,-1.592141444,2.385696797,-1.268950857,-2.246773466,-1.379313877,1.344829355,3.314079456,2.778666675,identity_certain
251,True,20,30,-8.522178218,-1.0919308,-0.3695969342,-1.025274649,3.404033253,-1.429605897,-0.3644326536,-1.183909963,-0.07342507928,1.628138012,1.44868411,identity_certain
252,True,19,31,-6.316548887,-2.245271774,-1.860301206,-1.949881769,2.373876145,-0.131049976,0.3396089716,-0.2833564075,-0.6880526514,0.7954857075,0.4704096592,identity_certain
253,True,21,38,-7.898250182,-0.7339378139,-1.626895751,-2.975749701,3.319925639,0.3424932971,0.9912042775,1.392666522,-0.5551265684,0.5996326684,0.8112565337,identity_certain
254,True,19,32,-7.569034637,-2.011613147,-1.090161655,-0.7415326328,2.719524278,-0.9375662345,0.1679570588,-0.2423861369,0.8174069483,0.9093182993,1.081111194,identity_certain
255,True,20,31,-7.547107712,-0.3853052674,-1.543074974,-1.453603766,2.368928111,0.394874204,1.423707412,1.814060442,-0.3475827914,0.09216202723,-0.3125160066,identity_certain
256,True,17,36,-7.336036708,-0.9646858655,-1.500387846,-2.126815187,2.835560553,-1.52269942,0.2775611534,1.150449863,0.6301270746,1.181097573,0.4222430642,identity_certain
257,True,21,26,-7.064151575,-2.800481691,-2.086001019,-2.436399033,3.179481704,-1.962075402,-0.5268572111,-0.7004081942,0.7396883407,1.833548553,1.733659225,identity_certain
258,True,19,40,-6.856886455,-1.509480293,-1.365352354,-1.560805845,2.826722922,0.01129254256,0.5036498945,1.012767938,-0.7923110595,0.3936147154,-0.07196721778,identity_certain
259,True,19,28,-7.185009902,-1.472452343,-1.577941391,-1.75859244,3.149471151,0.5484221533,0.5700400354,0.8893341759,-1.722838267,0.1425916869,-0.3739058435,identity_certain
260,True,20,41,-6.356721821,-2.744310048,-2.382152329,-1.680820148,2.917334351,-3.486064157,-0.7449527145,-1.065553,-0.0402757021,2.093516738,1.272488828,identity_certain
261,True,16,37,-9.76525735,0.6036790755,0.9421026724,0.4639363702,2.709639634,3.729598519,4.059862189,4.73436654,-3.59406395,-2.283872993,-3.150152876,identity_certain
262,True,19,37,-6.663039799,-3.183206957,-1.11498238,-1.729397563,2.870098514,-2.687660216,-0.8818463069,-0.9190127534,0.3622992832,2.018975357,0.733919832,identity_certain
263,True,15,36,-6.866585317,-0.952756231,-1.206073011,-1.042627048,1.835677342,-0.9783189275,-0.9532054833,-0.6061397034,1.083171974,2.174973072,1.697404432,identity_certain
264,True,17,25,-7.858926202,-0.9237240351,-0.8840199268,-1.22915476,2.660365127,-0.2581181836,1.80082469,1.943795496,0.07883692034,-0.2934353017,-1.377947201,identity_certain
265,True,18,32,-7.108196795,-1.252867132,-1.32372326,-1.707479015,2.277834041,-1.046104701,-0.2548601536,-0.4966237965,0.787068573,1.915681203,1.57607684,identity_certain
266,True,19,32,-7.793340208,-2.041929265,-0.9907045693,-1.968692238,3.355285755,1.259233369,1.73904654,1.909339469,-1.000787415,-0.6238998769,-1.585751366,identity_certain
267,True,15,39,-6.289240181,-1.277709512,-1.41004908,-1.732994206,2.100524336,-0.6740181524,-0.6084382446,-0.3257942299,0.215768396,1.435564986,0.8583711993,identity_certain
268,True,18,33,-7.521929304,-0.6957252891,-1.461974392,-1.764598031,3.216920569,-1.388342474,-1.381431772,-1.358172674,-0.3026339334,2.29896274,2.103170944,identity_certain
269,True,20,32,-7.187281964,-1.645614043,-1.493123909,-2.127519001,2.920759098,0.4042568481,1.746320521,2.418816825,-1.520025502,-0.6395193936,-1.318742326,identity_certain
270,True,16,32,-7.220484837,-1.315860407,-1.090668551,-0.8224886638,2.484748872,-0.4927682406,-0.6181007664,-0.2981477041,0.1586835865,0.9679338901,1.335033057,identity_certain
271,True,18,38,-7.16855764,-1.690604375,-0.7664993168,-0.6875831185,2.824581063,-1.193714286,0.5356543787,0.6923453346,0.1088630641,0.100229098,-0.4829786828,identity_certain
272,True,17,44,-6.735990826,-0.7171081511,-0.8940558891,-0.3890133704,1.874076929,-2.389249444,0.9374144353,0.7298607597,0.606417363,0.1469833133,-0.2564425401,identity_certain
273,True,21,24,-8.245903194,-2.652269419,-1.63778442,-3.599357707,4.069948667,-2.699803443,0.6086596153,0.5682275797,0.5157491877,1.305527283,0.2745522265,identity_certain
274,True,17,43,-6.641045525,-1.32392093,-1.672239017,-0.9248462647,1.930293645,-2.317181343,-0.4213243264,0.02708854445,1.333676977,1.64896406,1.157500966,identity_certain
275,True,16,37,-7.232048869,-1.170192766,-0.7815655689,-1.516640726,2.786357502,-0.6587793069,0.2333088373,0.6640536555,-0.1998810751,0.4936382208,0.03957491362,identity_certain
276,True,21,31,-7.512200067,-1.378229893,-0.542485044,-0.5538703226,2.31254912,-1.450924695,-0.02059272091,-0.6142128233,0.9819983774,1.111902765,1.127047503,identity_certain
277,True,16,40,-7.278500614,-1.010767917,-0.5115306827,-1.359260766,2.51383045,1.972921414,2.369793697,2.305711017,-2.488526193,-1.492003654,-1.556023352,identity_certain
278,True,21,35,-6.398697597,-1.428184931,-0.9450946093,-0.4428696155,1.748168604,-0.1224735058,0.2122068269,0.8081008079,-0.9462862632,0.3278412518,-0.3092724875,identity_certain
279,True,17,42,-7.669267494,-0.8344056728,-1.12989368,-0.8166293499,2.727255821,-1.442816329,-0.3536144682,-1.01010022,1.039486546,2.056489526,2.074558894,identity_certain
280,True,17,46,-7.090143597,-0.859110103,-0.894430197,-0.8459629074,2.607148801,0.9779529253,1.038913716,1.21648908,-1.374445413,-0.6525244015,-0.255932785,identity_certain
281,True,18,38,-7.079944612,-1.519084927,-1.271626155,-2.222366801,2.905946821,1.515289594,1.754187731,2.006645109,-1.308238694,-0.7308651009,-1.222032786,identity_certain
282,True,17,34,-6.755278808,-1.481512765,-1.796920969,-2.188542962,2.515243211,-0.4522172266,0.02625470491,0.7839459376,0.05148233092,1.328336401,0.3149831334,identity_certain
283,True,23,19,-8.475977287,-0.7150291902,0.07214509654,-0.1487688618,2.658197489,0.640852064,2.075665854,2.890460111,-1.363014691,-1.116260745,-3.012726966,identity_certain
284,True,17,34,-6.877835772,-1.055428867,-1.398087538,-0.9839460547,2.22527664,-0.8524377338,-0.7035048053,-0.1751514247,0.5370779104,1.751963146,0.9993962473,identity_certain
285,True,16,37,-5.968262872,-1.832685754,-1.084029238,-0.6659907576,2.176548433,-0.9772160659,0.6043127923,1.559005745,-0.4428548545,-0.9726943637,-1.988757562,identity_certain
286,True,17,42,-6.718704525,-1.313657018,-0.9267080815,-0.9434559146,2.335418961,-1.397915382,-0.296744604,0.198850264,0.4796748684,0.9817683541,0.3290295358,identity_certain
287,True,16,37,-7.010640285,-1.812055368,-1.780759368,-2.10073881,2.997640444,-0.9876214874,-0.394059185,-0.7797267296,0.5410329665,1.75998383,1.450983826,identity_certain
288,True,17,37,-6.343383298,-2.092352981,-2.688585061,-2.189813253,2.465414405,-1.666387629,-1.495359488,-1.815577092,0.9081657768,2.864311433,3.124495669,identity_certain
289,True,16,41,-6.250368919,-1.608301315,-2.100525578,-2.085915084,2.669170941,-1.377496576,-0.1347798802,0.4567680099,-0.02590194236,1.0743534,-0.07017751854,identity_certain
290,True,21,35,-7.692217319,-0.8387343546,-0.334781515,-1.136344842,2.577535638,-1.440990656,-0.05036932964,0.3087448393,0.7784396954,0.8866125559,0.7081572661,identity_certain
291,True,19,32,-7.878013774,-1.627718781,-0.7499814039,-0.8373909598,3.423801665,0.4337381607,0.7438827898,-0.3973810271,-0.9406828749,-0.2578903696,0.2608169674,identity_certain
292,True,17,35,-6.754413252,-1.469195547,-0.5928190813,-1.413383096,2.157895224,0.1643955836,1.166547264,1.755677769,-1.004116666,-0.2681048437,-1.35105307,identity_certain
293,True,17,36,-6.963061867,-0.9695924881,-1.908625677,-1.187665877,2.456205705,-1.370172347,-1.118193407,-0.8308119164,0.5354994043,2.273714893,2.12057969,identity_certain
294,True,15,33,-6.956040196,-1.241626489,-1.029600589,-1.486678715,2.553163284,-0.6818538712,0.5008834754,1.590285215,0.1617614309,0.01704817463,-0.732379576,identity_certain
295,True,18,45,-7.888725243,-0.6992879949,-0.9372128229,-1.408497736,2.418916065,-0.4313194097,1.267316196,1.421378315,0.5706602549,0.4459655315,0.8039820662,identity_certain
296,True,18,40,-7.4753716,-0.7464282223,-1.327351955,-2.158509564,2.722602255,-1.012545458,-0.4218371611,-0.6616466797,0.04114882938,2.362551557,1.425591489,identity_certain
297,True,19,36,-8.104829719,-1.299371606,-0.750017125,-2.060447548,3.542989983,-2.036417426,-0.2794170525,-0.188903177,0.04842753961,1.925865741,0.9330184814,identity_certain
298,True,17,41,-8.300601165,-0.5419236543,-0.644427991,-0.6362569258,3.252786439,1.774271424,1.957343989,2.466901264,-2.735590484,-0.7186184506,-1.373769042,identity_certain
299,True,17,36,-7.483850211,-1.338543582,-1.627096055,-1.773835484,3.235608625,0.01913650335,0.7736113659,0.08049115081,-0.4315637355,0.7050506434,0.6610455189,identity_certain
300,True,22,26,-6.970075248,-1.736726026,-0.8685322096,-0.2650888266,2.399069756,-0.7386856889,0.5356165268,0.3048737256,-0.1818357991,-0.2668194712,-0.5024026626,identity_certain
301,True,18,33,-6.634359271,-1.847192739,-1.636373008,-2.052859072,2.84843144,-1.042869166,-0.5240996822,-1.083005379,-0.3049067109,1.249368445,1.483721989,identity_certain
302,True,18,44,-6.827711139,-1.021818934,-1.15853104,-1.237754194,2.338633494,-2.433974855,-1.239480465,-1.222952239,0.7010978651,2.666382599,2.217743349,identity_certain
303,True,27,27,-7.712805504,-1.068009849,-0.6461013546,-1.0826417,2.733069215,0.7920828052,1.061731691,1.124770282,-1.079829861,-0.3909454762,-0.453651353,identity_certain
304,True,17,44,-7.210245952,-0.7604800369,-1.148003673,-0.5922011051,2.226660333,-0.5984052613,0.6784736176,1.775405207,0.2419250092,0.3915695178,-0.2109421137,identity_certain
305,True,29,28,-8.161791971,-1.034786004,-1.529108491,-1.566068342,2.723931033,0.1932534914,1.814865251,1.765716763,-0.3470790394,0.4066614909,-0.001423153562,identity_certain
306,True,15,45,-7.319726753,-1.462179003,-1.460179141,-1.993102671,2.690684182,-0.8464709167,0.8934054801,1.541959306,0.4654451232,0.926599654,0.4658735653,identity_certain
307,True,19,28,-8.241891212,-0.007674307486,0.1696149984,0.3197225561,2.336555513,-0.817489176,0.4587233211,1.536231411,0.2156671404,0.4203360701,-1.093526535,identity_certain
308,True,18,35,-7.273001914,-0.9625048996,-1.213924465,-1.019796995,2.44251488,-1.656250938,-0.0955811637,0.3406247357,0.5312278532,1.4197653,0.619502486,identity_certain
309,True,19,33,-7.96621645,-0.9202195141,-0.219375433,-0.5411155324,2.253661549,-0.4530012653,1.124425457,1.528534843,0.5677220433,0.2208799416,-0.1818932423,identity_certain
310,True,19,36,-8.032541176,-0.1862446825,-0.4078513764,-0.9086986968,2.834358183,1.473520782,2.068618766,2.624689959,-1.629468461,-0.8416722468,-1.703150569,identity_certain
311,True,16,29,-7.937892772,-0.8542474799,-1.61814169,-2.041990021,2.875854604,-0.922656878,-0.2402685927,0.8125508418,1.0484327,2.337542853,-0.3266235798,identity_certain
312,True,19,28,-6.880157229,-2.021113078,-1.796796203,-1.205293022,2.500655818,-0.7704580991,0.4976040962,0.0224292387,0.1591808911,0.6530528988,0.4111683219,identity_certain
313,True,18,39,-8.04022306,-1.476756823,-0.2407699435,-0.5268641473,2.866483649,-0.920454764,0.9864407723,0.7308359928,0.2945869095,0.4199305953,-0.09913987198,identity_certain
314,True,16,41,-6.790876415,-1.326050495,-1.720294216,-2.149819141,2.50041039,-0.7458130157,-0.8121548791,-0.6178585823,0.4766414755,2.118017085,2.013231154,identity_certain
315,True,17,34,-7.670832218,-1.379727496,-0.473389173,-0.532689006,3.047444756,1.902689214,2.272411276,2.344785642,-2.530398058,-2.03415655,-2.027818412,identity_certain
316,True,18,30,-7.589319308,-0.7327679729,-1.66877629,-1.46979261,2.855881384,-0.5242969585,1.12684563,1.63046125,-0.3500175502,-0.03309374081,-0.1268679888,identity_certain
317,True,17,39,-6.945507758,-1.797730002,-0.876636063,-1.091890461,2.734022214,-1.459276314,0.9620172661,1.761265418,-0.6542404582,-0.2293997413,-1.457334638,identity_certain
318,True,15,40,-6.836846012,-1.540354841,-1.58637118,-2.770031604,2.450711535,-1.076283471,-0.06773907861,0.05292404603,1.036225219,1.784299341,1.307294954,identity_certain
319,True,17,34,-9.248091267,0.4631709719,0.2070444109,-1.080084309,3.472359131,2.14052566,2.896316667,3.404794614,-2.388267511,-1.761718743,-2.191475988,identity_certain
320,True,18,43,-6.565267068,-1.038386945,-1.386808177,-1.59394179,2.137822977,-0.1636278435,1.380684249,1.819582934,-1.370726248,-0.1355732473,-0.6135053152,identity_certain
321,True,19,36,-7.609478272,-0.9426450504,-0.932181168,-1.198688245,3.017104859,-1.542027841,-0.04073244932,-0.509983168,0.6794909485,1.03831814,1.142752337,identity_certain
322,True,18,33,-8.404746457,-0.9795233793,-0.1908426127,-0.7965366248,2.477712793,2.611461305,2.954554103,2.722529306,-2.18580307,-1.12830681,-1.436904774,identity_certain
323,True,19,40,-7.256077259,-0.5499466824,-0.8416472864,-0.290481064,2.459874029,1.148072494,1.250706166,1.949521753,-1.894999906,-0.6113478362,-1.385514104,identity_certain
324,True,21,33,-7.658006509,-0.7773799494,-0.02150562525,-0.03523087788,2.543908945,0.681437159,1.774856133,1.941121958,-2.117944765,-1.009253026,-2.237799124,identity_certain
325,True,15,50,-7.183560434,-0.4234515096,-0.4784298967,-1.007225345,2.192960483,2.089608275,2.470293461,2.863442979,-2.356941735,-1.696783668,-1.605097593,identity_certain
326,True,17,30,-7.591859787,-2.037330032,-1.7305425,-1.841887236,2.882541992,-1.178119044,0.4003258054,-0.216033905,0.6570923929,1.599791687,1.601858825,identity_certain
327,True,18,37,-7.404912281,-1.817684078,-1.403374447,-2.314899689,3.197932515,1.52883045,2.503061327,2.137620037,-2.539694884,-0.9586587742,-1.440591206,identity_certain
328,True,18,33,-11.41950381,0.8466379261,1.298002726,0.6648873422,2.540563478,-0.6847832259,0.5777797985,1.854795385,2.74822612,2.536670048,1.360191194,identity_certain
329,True,22,29,-7.027687688,-1.418940722,-1.487437398,-1.66856112,2.486591236,0.1221103155,0.9041453374,1.539071713,-0.7245825947,0.7314726262,-1.335010087,identity_certain
330,True,18,35,-8.656578719,0.378299701,0.811582006,0.6715757983,2.432472115,1.698644341,2.705897222,2.601608999,-1.824842589,-1.943019717,-2.083504274,identity_certain
331,True,19,30,-7.668953879,-1.12798218,-0.9170885756,-0.8331487483,2.721251081,-0.2368934384,1.250164911,1.873683063,-0.3147277032,-0.4568565607,-0.8077119937,identity_certain
332,True,16,40,-6.36515544,-1.274789373,-1.771764588,-1.48920194,2.507812112,-0.8197991554,-0.6629969446,-0.9966847375,0.3198346235,1.300706665,1.081274101,identity_certain
333,True,19,34,-6.771108604,-1.224318355,-1.138991121,-0.5901764844,2.14043549,-1.77322844,0.2175501901,-0.2066727512,-0.1692146098,1.026708736,0.280096847,identity_certain
334,True,18,33,-7.955143442,-0.1561732628,-0.02119533306,-0.5386444857,2.887673191,0.8862006717,1.152522377,2.549731425,-1.559634846,-0.829576667,-2.137559729,identity_certain
335,True,18,30,-7.598829401,-1.948281619,-1.78913053,-2.048821858,3.543331427,-2.504829466,-0.5009401599,-0.8421356281,0.838388089,2.174382353,0.84967773,identity_certain
336,True,17,41,-7.511655175,-2.310729053,-0.9162224067,-1.695036769,3.541570184,-1.126215886,0.1194026323,0.05445361434,-0.08353088212,1.060378184,-0.1636253784,identity_certain
337,True,26,35,-7.473413363,-0.7749998363,-0.5695223949,-0.6519604904,2.122553695,0.432659069,0.3677414568,0.8562997082,-0.8764535265,0.9056830991,0.1731627881,identity_certain
338,True,22,27,-7.931715345,-2.005554997,-0.3991149422,-0.8256151802,2.54328122,1.531139574,2.292542061,2.167849232,-2.041669979,-1.038510566,-1.332072663,identity_certain
339,True,21,40,-7.231096298,-1.109245021,-1.118394194,-0.9123244605,2.555610703,0.7175199814,1.300716549,1.158743155,-0.8205493286,-0.2429814322,-0.08113490324,identity_certain
340,True,20,35,-8.815396323,-0.2441960034,0.2359969919,-0.6427817708,3.056493116,1.429226568,2.351059766,3.120672911,-1.249486818,-0.9362505706,-2.422832296,identity_certain
341,True,22,22,-7.196907604,-3.348568624,-2.362986824,-1.958310832,2.451151397,-2.321282358,-0.7920408325,-1.953501738,1.880444767,2.90657465,3.233153445,identity_certain
342,True,18,35,-7.396251631,-2.011554959,-1.111600952,-1.166015677,2.658120396,-2.048583575,0.790710091,1.096729139,0.9124897644,0.8853271542,-0.3365260838,identity_certain
343,True,21,33,-8.691380254,-0.8374078358,-0.362285615,-0.4358234532,2.725965641,-0.6434010153,0.9171134384,0.4810760687,1.206264337,0.8233837684,0.7673210596,identity_certain
344,True,18,35,-8.988534064,-0.8938227078,-0.2857256299,-0.169460027,2.474891126,-1.109767346,1.231978585,1.910364582,1.808076839,0.9946386864,0.1944237634,identity_certain
345,True,24,27,-6.900731444,-1.109901777,-1.422624178,-1.508864038,2.855082135,-0.5948476485,-0.1674696087,0.3816815612,-1.538440668,0.531029657,-0.1670005191,identity_certain
346,True,18,35,-7.002171701,-1.646122926,-1.67311696,-1.627074072,2.769057927,-1.734159409,-0.9748948089,-1.466389342,0.7514823406,2.196044323,2.309350442,identity_certain
347,True,24,28,-6.410894807,-1.508868211,-1.480850291,-1.779502829,2.202191487,-0.03221707352,-0.4458609563,0.0254117349,-1.123717701,1.16654929,0.4918527227,identity_certain
348,True,16,35,-7.142364113,-1.349129093,-0.9977478814,-1.654075846,2.511527288,-0.0414827672,1.226082698,1.549398358,-0.02476110803,-0.01749066641,-0.6356535443,identity_certain
349,True,18,25,-8.182306203,0.2055244996,-0.846011758,-1.16505956,2.815038832,-0.6974777632,1.367808803,1.957596639,0.2380351142,-0.6005308022,-0.9070463255,identity_certain
350,True,19,43,-7.785690439,0.1785689851,-0.4251375859,-0.3118077393,2.497375866,0.4810520278,0.6485968535,1.911191849,-0.8340684043,0.2140560787,-0.8071188181,identity_certain
351,True,18,39,-8.203303802,-0.3015383991,0.257393232,-0.2675067986,2.521902987,1.431754576,2.831532845,3.645482641,-1.413874131,-1.550680327,-3.059829536,identity_certain
352,True,15,42,-7.248354807,-0.9800191762,-0.5169746614,-0.496626545,2.092949381,-0.479524472,-0.1035943247,0.2309499926,0.5885219327,1.176050679,0.5747524386,identity_certain
353,True,16,37,-7.081482368,-1.050984769,-1.092391426,-2.022515461,2.170770784,-0.647639112,0.6690243971,0.7066500828,0.3996852556,1.197245336,0.396576852,identity_certain
354,True,19,30,-7.135619287,-1.518702225,-0.9958263402,-1.414349539,2.613251662,1.39738993,1.696311176,1.342484518,-1.817632257,-0.8915474782,-1.072262434,identity_certain
355,True,20,34,-8.068876319,-0.5365329708,-0.214649535,-0.6484164839,2.86908115,-0.4481705726,1.84212325,2.234531852,-0.6967686386,-0.7819292206,-1.556169083,identity_certain
356,True,17,33,-9.689619918,0.4545271269,0.840872211,0.3037269319,2.764710416,3.326288112,3.574121557,4.372225858,-3.014941378,-1.796571476,-3.21069636,identity_certain
357,True,19,35,-7.133565712,-2.218100403,-1.243414428,-0.9061844173,2.537043154,-2.652530971,-0.07276224887,0.03186761735,1.292687532,1.406419985,0.4105413795,identity_certain
358,True,17,31,-6.289375484,-2.412695834,-1.749754965,-1.726537772,2.320600918,-1.678839888,-1.344743813,-0.886271838,0.6646426784,2.143491906,1.40097784,identity_certain
359,True,17,37,-6.944524236,-0.744899359,-1.416013264,-0.8233665461,2.139926665,-0.3688228611,-0.1927560913,-1.484190918,0.06401671477,1.191025976,2.304541672,identity_certain
360,True,22,40,-7.85504109,-0.6693474842,-0.4409064671,-0.6775364148,2.454519244,0.8014011194,1.119373562,1.235870266,-0.6037136252,0.293719229,-0.1582949884,identity_certain
361,True,18,37,-6.381571532,-1.78756497,-1.200479812,-1.356511312,2.394200963,-0.05510890971,0.1792001384,0.2663805601,-0.927934701,0.2252752527,0.1197703826,identity_certain
362,True,21,32,-8.147218223,-1.98369265,-1.366078969,-3.247706328,3.849015684,-1.867298338,-1.496692666,-0.8236179892,1.326819813,3.244271108,1.747833571,identity_certain
363,True,19,40,-7.421925563,-0.3994283312,-1.326858963,-0.6085312109,2.466355522,0.1007909535,0.9087052296,1.378312268,-0.7287898108,0.4080499905,-0.2513329896,identity_certain
364,True,18,33,-7.869687518,-1.283195973,-0.6022982487,-1.30149599,2.998788922,-0.8885188479,1.128588893,0.5154521968,0.8280196498,0.09536295433,-0.1947925809,identity_certain
365,True,22,26,-8.349296288,-0.3005341557,-0.4653212588,-0.1522784293,2.680903508,-0.7077333206,0.7655687925,1.221883754,0.3536744365,0.3937786797,-0.5274864314,identity_certain
366,True,17,42,-7.739251927,-1.272815415,-1.308213791,-1.524630175,3.105558302,-0.3033546619,1.09935523,1.72992893,0.2352134371,0.0938586899,0.1034684363,identity_certain
367,True,16,41,-6.894456117,-2.22550887,-1.244676758,-1.577733266,3.006805266,-1.54756467,-0.3903158843,-0.8615584608,0.5718397214,1.58576836,0.3072050449,identity_certain
368,True,17,38,-7.583670576,-0.9540414055,-1.696810827,-1.663373702,2.532492471,-1.082214716,-0.5592911004,-0.4314520578,1.00927317,2.529447194,2.240068343,identity_certain
369,True,23,28,-7.28618585,-1.106334195,-1.252252229,-1.636951994,2.568758051,-0.1083806672,0.05990134839,-0.2592623789,-0.8116043441,1.116919564,0.9284141626,identity_certain
370,True,20,32,-7.1053972,-1.375642377,-1.002819508,-1.159073752,2.623354888,0.236882277,1.278342064,1.415963471,-0.7167440878,-0.282146543,-1.232793397,identity_certain
371,True,20,45,-6.743448284,-1.919389257,-1.417402638,-1.823181117,2.895788708,-3.325681497,-0.02725967111,0.2010544033,0.1489855167,1.27390523,0.6297394476,identity_certain
372,True,19,36,-7.58170154,-0.6023281623,-0.9056241207,-0.8582234396,2.635134102,-1.509569911,0.4797700716,1.229555092,0.5441611222,0.3118569817,0.09852175579,identity_certain
373,True,21,35,-7.968196184,-0.9095896418,-0.5330088408,-1.071285746,2.923492271,0.7801556344,2.210710957,2.31827193,-2.168295752,-0.5191343489,-1.382927786,identity_certain
374,True,18,32,-9.749681798,0.178180369,0.757271429,0.3572936,3.185489293,3.394092463,3.550290314,3.597480096,-3.978054556,-2.266417484,-2.525876166,identity_certain
375,True,18,29,-6.754198951,-0.9011141603,-1.374123523,-1.365509935,2.134686687,0.05745165046,1.268782689,2.156154853,-0.5442340851,-0.6137068954,-1.445980455,identity_certain
376,True,18,36,-8.825963568,-0.898486567,-1.150137329,-1.696934276,2.878677204,-1.538623072,-0.5662914496,0.2553884351,1.795060284,3.339632335,2.326141041,identity_certain
377,True,19,34,-9.750838282,-0.228248915,0.03043819827,-0.5699667364,3.022979397,-1.143937045,0.1742778494,1.678861856,1.688782679,2.21953501,0.9005047464,identity_certain
378,True,15,45,-6.567109493,-1.95222611,-1.433737062,-1.326890496,2.501874294,-0.4871340814,0.5468111558,1.347028664,-0.3545742926,0.4355561248,-0.4542718253,identity_certain
379,True,17,35,-7.094543164,-1.281606662,-0.9680449754,-0.9965075561,2.537513512,0.09133501583,0.4790148788,0.6283970913,-0.4636408862,0.570237798,-0.1721587123,identity_certain
380,True,19,40,-7.475828798,-1.696680078,-1.240419866,-0.7953860897,3.046573498,-2.171079635,0.3245105332,0.6333189393,0.4234010021,0.8775231771,0.03220337693,identity_certain
381,True,15,43,-6.627475977,-1.455291041,-1.184039639,-1.705474088,2.720567496,-0.9936347419,0.2756490715,0.04089450474,-0.3043867152,0.5320123363,0.5128153323,identity_certain
382,True,24,28,-10.12374096,0.7843540396,0.5709601518,0.7152142292,2.679857864,-1.409537945,0.2459529041,0.4174988251,1.972722968,1.764101618,1.462256633,identity_certain
383,True,17,40,-8.368114366,-1.317306588,-0.9184024642,-1.170390938,2.337488314,-1.394937698,-0.7795767306,-0.9717026036,1.770982292,3.483502534,3.256003897,identity_certain
384,True,17,42,-7.819880951,-1.26699368,-1.270432169,-1.783157696,2.837511791,-0.9106414084,0.183125566,-0.01948514803,1.049360151,2.047556625,1.458174447,identity_certain
385,True,38,24,-9.311917553,0.3566482669,1.186624241,1.220892417,2.360134898,0.004359049749,2.02371868,1.950470499,-1.319907995,-0.9525237465,-1.425175798,identity_certain
386,True,17,31,-6.840051582,-4.380277454,-1.694010048,-1.482401077,2.454484937,-2.160001904,0.3591284404,-0.3337150386,1.604685581,0.8430128863,0.9678404527,identity_certain
387,True,19,25,-8.218536254,-0.8034970029,-1.484042532,-0.7873834483,2.967523959,-0.7879963932,1.532372555,1.803649738,-0.2303480781,0.003593162041,-0.5401401586,identity_certain
388,True,18,31,-7.085476072,-2.144842153,-2.213483402,-2.294441924,2.764786204,-2.300625741,0.1664772607,-0.4050696589,1.310069332,1.82085849,1.496771682,identity_certain
389,True,16,33,-6.937106274,-0.669479546,-0.8290172752,-1.828354235,2.092490163,-0.8333696452,-0.3599300143,1.39354044,0.5137298861,0.8723556,-0.284936927,identity_certain
390,True,19,27,-6.500100436,-1.830288256,-1.912908603,-1.204487592,2.31307803,-0.9871231981,-0.4683152461,-0.2527936098,-0.06828542522,1.391349808,0.5076742733,identity_certain
391,True,24,38,-6.845787399,-1.749177523,-1.934076844,-2.002467132,2.940225479,-0.01445334697,0.2145390609,0.994751799,-1.184008345,0.9444652687,0.456546345,identity_certain
392,True,15,49,-7.527636434,-1.276658398,-0.6484764481,-1.32676732,2.541762154,-0.288256047,0.9581700647,1.486931589,0.4453657415,0.4194636296,0.1847001564,identity_certain
393,True,19,37,-8.604245861,-0.7098176763,-0.1805633534,-1.20869357,2.988940918,1.686229469,2.262386542,2.798640072,-1.184886905,-0.3178871243,-1.898625042,identity_certain
394,True,18,30,-7.586074187,-0.9832721555,-0.3354035841,-0.1481975573,1.8570552,-0.9302659912,1.410744514,1.548550861,1.046492618,0.07233223538,-1.428490166,identity_certain
395,True,18,31,-7.196858086,-0.8137020437,-1.23255662,-0.7642577086,2.352190913,-1.083707726,0.8243619646,1.575659113,0.2639016723,-0.1021630447,-0.3968039018,identity_certain
396,True,21,27,-10.53186449,-0.3245804888,-1.369657096,-1.692688214,3.32225511,-2.884876616,1.582184293,2.191170923,2.915377883,1.840005395,1.969107084,identity_certain
397,True,17,33,-6.677614928,-2.057595492,-1.895772098,-2.220923466,2.73254383,-1.130291461,0.9884950493,0.9645333828,0.3515296026,0.2732526173,0.2332970143,identity_certain
398,True,19,35,-7.429190038,-1.045141597,-1.410077888,-1.894071207,2.861346815,1.065956166,0.824023287,0.7644586393,-1.509980649,0.1988897778,0.8149189029,identity_certain
399,True,19,28,-7.022537804,-1.88373118,-1.491337305,-2.078380493,2.922950623,-0.3505488888,1.237210728,1.549682254,-0.6218450384,-0.5325118928,-0.5890097017,identity_certain
400,True,17,31,-7.524278185,-1.561428233,-1.379821098,-1.533789022,2.829676758,-0.3802907138,-0.09366595129,-0.08794814144,0.7924633702,1.170732839,1.172486288,identity_certain
401,True,15,44,-7.199294133,-1.741529687,-1.81152943,-1.398667322,3.127851639,-1.539455905,-1.324628492,-2.228309351,1.392023312,2.650060579,2.411784968,identity_certain
402,True,16,44,-6.646393393,-1.766141225,-1.414369341,-1.654187413,2.585767645,-1.318366464,0.51639075,0.8122940699,0.4300357684,0.4174860336,0.1505170483,identity_certain
403,True,17,36,-6.709790952,-1.411761557,-0.7086034931,-0.8194493814,1.925706701,0.6914125768,1.619564712,2.542264117,-1.378298495,-0.8451957179,-1.939762252,identity_certain
404,True,18,42,-6.649527918,-1.736592885,-1.475478891,-2.401170397,2.911421317,0.5369729371,1.535506316,1.481501743,-1.691285175,-0.5972051237,-0.9085954788,identity_certain
405,True,17,42,-7.452141487,-1.179506543,-0.8602012602,-0.9298026568,2.710993494,-1.498456813,-0.1095051777,-0.4520659139,1.160157402,1.366204023,0.7268481663,identity_certain
406,True,15,37,-6.005285239,-1.238526958,-1.027443353,-1.399127291,1.817898324,-0.2011358644,-0.3235924755,0.7267209294,-0.1584028292,0.6355679704,-0.96876456,identity_certain
407,True,19,29,-6.617780485,-1.265685263,-0.942726287,-1.242158371,2.314447008,-0.1024479074,0.3409661671,0.5412005059,-1.127054425,-0.5515912341,-0.1375920696,identity_certain
408,True,20,33,-8.32230993,-0.7740631847,-0.1931119871,-1.017796073,2.772786614,0.3334913035,2.213319686,2.587581381,-0.3795162039,-0.7315788441,-1.38104612,identity_certain
409,True,21,36,-7.678507592,-1.045542631,-1.321805893,-1.145798144,2.717424849,-1.805189817,0.2923729209,-0.03307505379,1.017248909,1.595837123,0.8583816301,identity_certain
410,True,18,32,-6.238799042,-1.804951766,-1.527902286,-1.511978652,2.25179609,-1.617632977,-0.4197685376,0.005519199085,0.3087040822,0.5637882701,0.7506593251,identity_certain
411,True,17,32,-6.645332475,-1.727890432,-0.9157604299,-1.222139803,2.34708474,-0.5421322522,-0.09919863754,0.03015671024,-0.1022359582,0.8532318462,-0.0699484134,identity_certain
412,True,16,39,-7.214953284,-0.899476893,-0.1834851343,-0.1320705489,1.999123145,0.02357260667,0.2869373429,1.973775805,0.03255363784,0.3310066057,-1.600857264,identity_certain
413,True,16,45,-7.678591655,-2.00795142,-0.9542216077,-0.8782840551,2.760131679,-0.4537381371,0.8564074286,1.502440316,0.4973487543,0.9877346638,-0.4066795841,identity_certain
414,True,18,31,-6.542319442,-2.290874736,-1.00955354,-0.768170039,2.174937054,-1.553351376,-0.3567282797,0.4160735748,0.7038195421,0.6804509339,-0.2961440708,identity_certain
415,True,16,37,-6.503163132,-1.814509512,-1.542012166,-2.037372887,2.452415897,-0.9930017877,0.2062377368,-0.003774833114,0.05477675747,1.110866658,0.6762159609,identity_certain
416,True,20,40,-7.485756068,-0.9527765381,-1.478391089,-0.9035231337,2.926803451,0.2718707213,1.772832107,1.245342253,-0.9409172146,-0.5180991796,-0.332261978,identity_certain
417,True,18,29,-7.40648661,-2.533802506,-0.8859832654,-1.255067996,2.542385268,-1.043154948,1.542851667,0.9413062335,0.4567667307,-0.2452895363,-0.3331792107,identity_certain
418,True,19,33,-7.379200844,-1.264656265,-1.258349492,-1.314621921,2.614662061,0.2838689054,1.063953762,1.426876988,-0.3955530449,0.2396622029,-0.2570012585,identity_certain
419,True,17,36,-6.941912145,-1.683607748,-1.217437346,-1.932424995,2.642179539,-1.930202228,-0.6772745896,-0.09124405846,0.7568596099,1.771601667,1.197985138,identity_certain
420,True,16,35,-8.119011136,-0.4848002487,-0.7671294061,-0.7978573878,2.267990873,-0.5409895262,-0.8260588919,-0.7209582545,1.576290357,2.45576324,2.353727138,identity_certain
421,True,19,37,-6.836697159,-1.444171136,-1.557699167,-1.357950706,2.663068506,-2.011028723,-1.178783268,-0.9609516411,0.2170456528,2.09938417,1.79734926,identity_certain
422,True,18,31,-7.142112806,-1.022267864,-0.8351510225,-0.5983840286,2.544510832,-0.8074170824,-0.5343614241,-0.5000086225,0.1523490631,0.8082685245,0.7807767818,identity_certain
423,True,19,32,-8.337775539,-1.018027185,-0.6109348835,-1.57912216,3.160058701,-0.9710374027,1.334335914,1.185307741,-0.2308522001,0.4438900347,0.13521032,identity_certain
424,True,17,39,-6.419125759,-1.588417779,-1.477741583,-1.764095307,2.55129617,-1.359860274,-0.2491508381,0.2938619174,-0.3003561649,0.9166373647,0.5587488371,identity_certain
425,True,17,33,-9.311666956,-0.5141635826,-0.05861597961,-1.108987358,4.001861659,-0.687191672,-0.2619673702,-0.3606703636,0.1336726255,1.701437817,0.8644053859,identity_certain
426,True,16,44,-6.583270218,-1.539818178,-1.723457213,-2.231493059,2.680273904,-0.2160578149,-0.5199344432,-0.09717190705,-0.2592714677,1.532818131,1.062723743,identity_certain
427,True,16,40,-7.415100876,-1.125989957,-0.9966074251,-2.09845444,2.498681885,-0.3426591897,0.1744884258,0.9269641277,0.8900711603,1.284939241,0.6547982374,identity_certain
428,True,17,36,-7.766022934,-0.6859416436,-1.034654326,-1.009291451,2.472417847,-1.137280603,1.292497605,1.520478316,0.5422526699,0.3265276913,0.009214254285,identity_certain
429,True,16,40,-7.766477141,-0.5256439107,-0.703339131,-0.735996934,2.384130027,-0.5390765137,-0.3649084184,1.479314671,0.7613915863,1.353989282,0.1331609434,identity_certain
430,True,21,32,-8.55457387,-2.445310094,-0.4731832039,-1.643288477,3.532023954,-0.1534686678,1.207700414,1.537505207,-0.3852068705,0.4994089651,-0.9087617513,identity_certain
431,True,18,34,-6.332441108,-1.723822733,-1.308424099,-1.107685317,2.258348176,-0.03799114301,0.8051182897,-0.3461791998,-0.2134720735,-0.3448979912,-0.1840720594,identity_certain
432,True,19,29,-7.670539237,-2.231415113,-2.747636796,-3.413353476,4.130139347,-1.872330313,-0.7601540637,0.04862730337,1.007833017,1.990822509,1.808765553,identity_certain
433,True,24,29,-8.128960997,-2.096425475,-1.87451479,-1.592715319,3.100146235,-2.306946655,-0.1355541917,-1.76664263,1.752046439,2.478803076,2.464902487,identity_certain
434,True,17,35,-7.174731004,-1.761902974,-2.003723825,-2.011278078,3.200436107,-1.748721833,-0.7623166099,-0.3587090576,0.8401651348,2.262344965,1.121103476,identity_certain
435,True,20,26,-7.470339823,-1.285127433,-1.252523187,-1.203091159,2.051040716,-1.393726179,-1.077542114,-0.7371264389,0.8214589022,2.535985873,2.65329775,identity_certain
436,True,18,35,-6.649562023,-2.287503296,-1.422446279,-1.488074598,2.758881535,-2.613798791,-1.112790183,-0.7135616239,0.6428462804,2.028969474,1.238561337,identity_certain
437,True,17,34,-7.875690402,-0.5066655563,-0.03681273988,-0.3740141494,2.432359695,-1.22591319,1.054009939,1.961549436,0.6342501505,0.1005981102,-1.63577372,identity_certain
438,True,17,36,-7.047508377,-1.303178277,-1.025250004,-1.435857914,2.825046628,-0.06485084767,-0.4009765753,0.2737995072,-0.3581383119,0.9105286088,0.2873681819,identity_certain
439,True,23,28,-7.397523453,-1.770899109,-1.617934261,-2.908349644,2.918547594,-1.962361688,-0.2558542707,-0.675155144,0.8542046316,1.860714147,2.179566806,identity_certain
440,True,18,33,-6.598281874,-1.31006848,-1.191032665,-1.754774003,2.580690416,1.091774248,0.8901579067,1.189580629,-1.449776542,-0.6081209602,-1.016839883,identity_certain
441,True,17,38,-7.479710062,-0.7849789452,-0.5995396772,-1.163241244,2.435672064,0.9892374308,1.40177131,2.455561955,-0.5444955327,-0.3078637691,-1.75559642,identity_certain
442,True,17,37,-7.048196536,-1.170899711,-1.422126255,-1.595560956,2.70281617,-0.4185763405,-0.2484644197,0.2798720635,-0.01708809389,1.301615545,0.7360154712,identity_certain
443,True,18,35,-7.47146563,-1.332079023,-0.6260750509,-1.057829252,2.447710795,-0.3108752038,1.550975658,2.046835959,-0.1385710191,-0.2653001363,-1.055769511,identity_certain
444,True,19,39,-7.530673117,-0.5314508092,-0.4187180802,0.2872115575,2.523405188,-1.124743733,0.0689404584,0.0851212274,0.4504616976,0.3032722602,-0.04492214932,identity_certain
445,True,18,34,-6.7304723,-2.010812524,-1.803083563,-1.176102731,3.002481015,-1.903578915,-0.6110699738,0.08252527256,0.9115363116,0.9418225315,0.01043289642,identity_certain
446,True,16,47,-7.65781394,-1.168434007,-1.336750619,-1.852559414,3.457573866,-0.8976552401,0.1056961284,0.7017251999,-0.02951044597,1.29366749,0.6879046734,identity_certain
447,True,17,38,-7.574906439,-1.525351373,-1.197441792,-1.365101107,2.744455098,-1.318424681,0.293035556,-0.3970880514,0.826850624,1.615753576,1.335176568,identity_certain
448,True,19,41,-8.471757894,-0.7583367534,-0.7093053635,-0.5369741526,3.38810541,1.396576054,1.74968242,1.114136731,-2.345627023,-0.5091331676,-0.04534270014,identity_certain
449,True,19,29,-9.392855421,0.3442438724,0.4597797603,-0.1544669883,2.997335632,0.6023560126,2.592357302,4.031481775,-0.8177015593,-1.118965343,-2.771454699,identity_certain
450,True,16,35,-6.642048309,-0.9973730517,-1.835779124,-1.164269497,2.146009245,-1.321867037,-0.3975844374,0.1929578228,0.4330538087,1.242920822,0.9973673277,identity_certain
451,True,18,35,-6.300424016,-1.665567852,-1.67844857,-1.472463467,2.205132051,-1.650320425,-0.08606358081,0.02237199345,0.1973439756,1.176548471,0.1219739724,identity_certain
452,True,17,38,-7.360862514,-1.605286752,-1.309478409,-2.039758959,3.439913037,1.405847583,1.907706642,1.538312346,-2.728691074,-0.7591717505,-1.063732979,identity_certain
453,True,17,30,-6.868081157,-1.902636943,-1.576497041,-1.350422817,2.659541921,-1.261876774,-0.003912152633,-0.2750128353,0.09643176624,1.111571571,0.8248145498,identity_certain
454,True,21,26,-7.720142517,-1.083719975,0.06625671945,0.1039001659,2.507328708,0.8451825754,2.04868551,1.760312272,-1.376172443,-1.814015067,-1.792753724,identity_certain
455,True,20,30,-7.52425143,-1.21255956,-0.7356621175,-0.9075824586,2.211923655,-0.9525250894,0.1059596549,-0.1629743168,0.3819084314,1.531828567,0.8826209175,identity_certain
456,True,18,33,-7.282578869,-1.631502,-1.601556005,-1.331180873,2.014412943,-2.321621578,-0.8766998242,-0.9950308104,2.118098269,2.908533343,2.652069215,identity_certain
457,True,18,39,-6.725137199,-1.075196185,-1.261570568,-1.406266838,2.357083001,0.5874962985,1.572416063,1.598883799,-1.165251655,-0.9287913671,-0.7045749761,identity_certain
458,True,20,31,-7.622470811,-0.805959742,-0.7029567923,-1.242775912,2.512129598,1.342443577,1.844778462,1.914388197,-2.625407821,-0.6131742198,-0.7358941489,identity_certain
459,True,18,31,-8.458974769,-0.1176863302,0.2632295932,-1.15526667,2.139928969,-0.578377657,1.179415148,2.876133396,0.9289656145,-0.1531770624,-1.070856502,identity_certain
460,True,17,37,-7.172949766,-0.8431444049,-0.8562137743,-0.6483981715,2.218738352,-0.461462358,0.4413413354,1.316971463,0.01657499144,0.6330672607,-0.5055917939,identity_certain
461,True,19,44,-7.569125772,-0.9503217457,-0.9059972151,-1.241735389,2.929559977,1.340979921,2.109445229,1.919400187,-1.818993415,-0.7150104737,-0.8008061813,identity_certain
462,True,18,43,-7.60846115,-1.720299086,-1.409820362,-1.399970489,3.152796917,-1.202582804,0.4268304822,0.2948561946,0.5741916707,1.176828331,1.052913714,identity_certain
463,True,18,32,-7.098335791,-1.475901224,-1.749468454,-1.559311882,2.971120575,1.247334222,1.991652443,2.648106684,-2.197213001,-1.215985533,-1.973973155,identity_certain
464,True,17,36,-6.638925975,-1.622453649,-0.9399343161,-1.410784107,2.322716537,-0.7806588871,0.5162263705,0.4350088684,0.412723865,0.3737367738,-0.2827772972,identity_certain
465,True,23,39,-6.96589651,-1.27771988,-1.885179168,-1.546887361,2.861729199,-0.5569648797,0.03277574054,-0.3058047516,-1.37723505,1.211993547,1.092243881,identity_certain
466,True,18,34,-8.496708347,-0.2570969254,-0.2646943059,-0.3792290519,2.341473617,-2.205191041,-1.625449147,-1.969972005,1.958078748,3.568853366,3.008141253,identity_certain
467,True,19,32,-7.149567616,-0.7832168578,-1.083807037,-1.107690361,2.379000554,-1.764434547,-0.8387930958,-0.399389559,0.6347381929,1.94203857,0.7985140184,identity_certain
468,True,19,40,-7.249071642,-1.003381649,-0.4315466107,-0.5429963266,2.733799149,-0.269271633,0.3716879359,1.315363184,-1.124366222,0.2590589478,-1.048749314,identity_certain
469,True,18,36,-5.863801255,-2.087951829,-2.30236993,-1.277458331,1.876834625,-1.266717963,-0.1787271164,-0.4734449252,0.3764307227,0.9342296901,1.254912368,identity_certain
470,True,23,34,-7.959546934,-0.6063876137,-1.027259806,-1.411256191,3.319600603,-0.06977596685,0.4845234438,0.8362563686,-1.054238234,0.4262354099,0.5272230293,identity_certain
471,True,22,29,-8.99735968,-0.2834152581,0.1759497846,-0.3698695009,2.552541177,0.9792391973,2.424904846,2.780880713,0.07739299418,-0.8361307667,-1.209089713,identity_certain
472,True,30,31,-9.347583226,1.321452052,0.7083110764,1.308069983,2.237876946,0.7977665921,1.632829066,2.420383938,-0.8852897855,-0.3253670405,-1.444608018,identity_certain
473,True,17,42,-6.971698404,-0.8229499919,-0.3841364352,-0.5163492615,1.946854731,-1.233346433,-0.3116738211,-0.352481758,0.6275620443,1.407257027,0.8117283279,identity_certain
474,True,19,35,-6.67681419,-1.372290948,-1.727842401,-2.016175326,2.688285013,-2.081272151,-1.312437508,-0.8273989614,0.1636297541,2.203495965,1.644898823,identity_certain
475,True,17,37,-6.52472842,-1.958538771,-1.855571074,-2.313737708,2.981706714,-1.297691785,-1.630728654,-1.873372926,-0.02880781347,2.102420958,2.514450349,identity_certain
476,True,18,36,-8.126533666,-0.5321028712,0.04156920852,-0.03118369156,2.20011679,0.008934148245,1.457142237,2.096911702,0.3498262739,-0.0008101454206,-1.409445034,identity_certain
477,True,19,28,-9.390888092,0.4312806876,0.4788815306,-0.1169156959,2.158871487,2.672142403,3.412157125,4.213730572,-1.848805195,-1.52992059,-2.006845916,identity_certain
478,True,19,34,-6.166458855,-2.278772972,-1.94685827,-1.404471554,2.608754157,-1.992029101,-0.7526372024,-0.1924164953,-0.457890172,1.210927029,0.5119891412,identity_certain
479,True,21,32,-8.378365812,-0.3902789531,-0.3009120554,-1.275797115,2.525651599,0.08359532775,2.127315848,2.631772213,-0.2064914797,-0.01070046078,-1.460944152,identity_certain
480,True,24,33,-7.926626568,-0.7832251279,-0.9227511379,-1.208460984,2.170625146,-0.183199198,1.16450586,1.266353702,-0.1418878057,0.9487812809,0.8465136292,identity_certain
481,True,16,37,-7.167065844,-1.190907324,-1.08711563,-1.452037294,2.912885171,-0.6308166934,1.090336619,2.473374183,-0.3439955859,-0.3272455145,-1.932190362,identity_certain
482,True,19,25,-6.956842639,-1.223017775,-1.267429996,-1.789084416,2.689761251,0.04836939431,0.7855337181,0.6641397298,-0.6912679435,-0.036635215,-0.7193913699,identity_certain
483,True,40,22,-10.13761595,0.02523349954,0.7923420165,-0.323217783,4.073028102,-1.092740062,1.388481381,0.1509511888,-1.76538487,-0.4199895898,-0.2602588959,identity_certain
484,True,19,35,-7.352129372,-0.7638457907,-0.7411022273,-2.174665429,2.484561409,0.8682453138,0.9757488506,1.947540466,-0.4899410925,-0.01834517841,-0.9858926631,identity_certain
485,True,20,35,-8.166858117,-0.03363189202,0.2798818946,0.9207495077,2.590153073,-1.30759283,0.3093317427,0.7474916209,-0.2985464732,0.3049800271,-0.7002813086,identity_certain
486,True,18,40,-7.036836585,-1.830847811,-1.594160311,-1.532477046,2.849805382,-2.276173138,-0.3039000607,0.04257013288,1.279660207,1.44851482,1.034090131,identity_certain
487,True,17,44,-7.398899742,-0.6639738848,-1.109588365,-0.9948295288,2.359495664,0.7631500567,2.19006374,2.838780385,-0.7423834388,-0.8309435005,-1.389600806,identity_certain
488,True,18,45,-6.13645239,-1.696970855,-1.48971669,-1.399895425,2.307083516,0.1854443329,0.4787974217,0.8489355751,-0.8935343189,0.2002682375,-0.3544031161,identity_certain
489,True,19,38,-7.219136703,-1.702512986,-1.482207479,-0.9598836537,2.413162813,-1.234682741,-0.1057881933,-0.1637321061,1.133480068,1.311791843,1.602192173,identity_certain
490,True,16,37,-6.835753131,-2.19940967,-2.035900911,-2.515412002,2.631719958,-1.564755317,-1.373291308,-1.474733267,1.30868506,3.062025933,2.93210018,identity_certain
491,True,16,35,-6.855411258,-1.957933836,-1.755966713,-2.658541216,3.229978115,-1.606513254,-0.2383616618,0.5231465504,0.2548872943,0.9711861703,0.3149079911,identity_certain
492,True,17,33,-7.206803886,-1.101852782,-1.410052439,-0.9893806563,2.897694514,-1.307208639,1.007631423,1.309203375,0.1318655092,0.01658504795,-1.152911865,identity_certain
493,True,20,30,-7.145773676,-2.377963204,-1.541991488,-1.633211591,2.922050741,-2.587424187,-0.4585879039,0.2623029948,1.216303428,1.511656155,0.4838554089,identity_certain
494,True,20,34,-6.611830453,-2.333126486,-1.893285546,-2.422687021,2.899096947,-2.818663408,-1.435286445,-1.81148834,1.067926224,2.242933465,2.667894435,identity_certain
495,True,20,36,-8.237027957,-0.08256465647,0.4783344772,0.08699992084,2.598012538,1.3515045,2.407314454,2.440486443,-2.020554854,-1.676832068,-1.951823374,identity_certain
496,True,18,29,-8.11622081,-0.7342932228,-0.8261038098,-1.566549979,2.8146819,-1.424608681,0.360208812,1.65248287,1.028420292,0.6036781908,0.1562764568,identity_certain
497,True,17,31,-7.226470074,-1.1133567,-1.412929499,-1.160532532,2.086791784,-2.081616455,-1.309147871,0.4490317345,1.343980822,2.553700205,1.193067245,identity_certain
498,True,18,36,-7.922646926,-0.6915922812,-0.8200529001,-0.9046699307,3.132667897,-1.268602375,1.070647928,2.116012742,0.136432189,0.005389508104,-1.19759756,identity_certain
