repetition,converged,iterations,events,const,age_per_10y,log_processing_capacity,calendar_per_5y,log_elapsed_risk,model
0,True,14,34,-6.628749,-0.40496,2.656678,0.519668,-0.219561,Broad reduced-DF frame
1,True,13,49,-6.225976,-0.439728,2.861472,0.821666,-0.291705,Broad reduced-DF frame
2,True,14,31,-4.808364,-0.861831,3.629817,0.892667,-0.970664,Broad reduced-DF frame
3,True,15,32,-6.597391,-0.28214,2.749158,0.687825,-0.435118,Broad reduced-DF frame
4,True,13,38,-6.505546,-0.34629,2.253069,0.44284,-0.106217,Broad reduced-DF frame
5,True,14,28,-5.378072,-0.51755,2.544159,0.617712,-0.644574,Broad reduced-DF frame
6,True,13,25,-3.403986,-0.271166,2.271447,1.058083,-1.772544,Broad reduced-DF frame
7,True,14,33,-6.108571,-0.39829,2.745251,0.631792,-0.492574,Broad reduced-DF frame
8,True,14,31,-6.585235,-0.279041,2.736022,0.701718,-0.418904,Broad reduced-DF frame
9,True,13,40,-4.50593,-0.2673,3.021609,0.950419,-1.375133,Broad reduced-DF frame
10,True,13,44,-5.913936,-0.108086,2.254973,0.463163,-0.559783,Broad reduced-DF frame
11,True,14,41,-6.576934,-0.478485,3.150918,0.500835,-0.249587,Broad reduced-DF frame
12,True,14,40,-6.832486,-0.202269,2.660583,0.397311,-0.194829,Broad reduced-DF frame
13,True,13,33,-4.291874,-0.06167,2.253482,0.905841,-1.453006,Broad reduced-DF frame
14,True,13,30,-5.201832,-0.426736,2.642767,0.669762,-0.811872,Broad reduced-DF frame
15,True,14,38,-5.782436,-0.328734,3.366033,0.673382,-0.857271,Broad reduced-DF frame
16,True,13,36,-4.574806,-0.212212,3.148347,1.217082,-1.528031,Broad reduced-DF frame
17,True,14,30,-4.561053,-0.386286,2.841237,1.144329,-1.274203,Broad reduced-DF frame
18,True,12,44,-5.094186,-0.307198,2.308019,0.708933,-0.739188,Broad reduced-DF frame
19,True,14,31,-6.469776,-0.533923,2.819576,0.557231,-0.223057,Broad reduced-DF frame
20,True,13,39,-6.219416,-0.686596,2.739859,0.189872,-0.040959,Broad reduced-DF frame
21,True,14,32,-6.664113,-0.321609,3.061596,0.634097,-0.443032,Broad reduced-DF frame
22,True,13,40,-4.394324,-0.166151,2.319176,0.826312,-1.183394,Broad reduced-DF frame
23,True,13,33,-5.049691,-0.267556,2.889542,0.859689,-1.14261,Broad reduced-DF frame
24,True,15,27,-7.259433,-0.387649,2.163884,0.483687,0.144563,Broad reduced-DF frame
25,True,14,38,-5.869553,-0.182299,2.98365,0.628619,-0.824113,Broad reduced-DF frame
26,True,14,49,-6.815835,-0.36687,2.666385,0.676233,-0.033043,Broad reduced-DF frame
27,True,14,34,-6.709107,-0.61996,2.647139,0.5857,0.028723,Broad reduced-DF frame
28,True,17,26,-9.131475,-0.382887,2.745447,0.31721,0.720512,Broad reduced-DF frame
29,True,13,37,-5.125398,-0.184769,2.737074,0.749915,-1.08524,Broad reduced-DF frame
30,True,15,29,-6.169308,-0.179206,2.596709,0.60255,-0.664912,Broad reduced-DF frame
31,True,13,38,-4.043274,-0.34561,2.607245,0.978592,-1.343734,Broad reduced-DF frame
32,True,15,29,-5.795155,-0.222355,2.759202,0.662181,-0.845456,Broad reduced-DF frame
33,True,14,30,-5.154203,-0.114401,2.452357,0.869662,-1.138419,Broad reduced-DF frame
34,True,15,34,-8.066046,-0.39774,2.413637,0.207907,0.525615,Broad reduced-DF frame
35,True,13,38,-5.028308,-0.595621,3.390161,0.956918,-0.97201,Broad reduced-DF frame
36,True,14,35,-5.78631,-0.472559,3.246575,0.830308,-0.736752,Broad reduced-DF frame
37,True,13,39,-6.497641,-0.581175,2.619716,0.462249,-0.022134,Broad reduced-DF frame
38,True,14,31,-4.712862,-0.346389,2.839767,0.99037,-1.21011,Broad reduced-DF frame
39,True,13,31,-4.337736,-0.097409,2.855226,0.921051,-1.636025,Broad reduced-DF frame
40,True,13,43,-5.317129,-0.40199,3.103467,0.813091,-0.837398,Broad reduced-DF frame
41,True,14,26,-5.724003,-0.065558,2.400363,0.62009,-0.96042,Broad reduced-DF frame
42,True,16,23,-7.072232,-0.44507,3.280157,0.868965,-0.403102,Broad reduced-DF frame
43,True,14,32,-5.732318,-0.481095,2.681499,0.7455,-0.54024,Broad reduced-DF frame
44,True,14,45,-8.14419,-0.610042,3.080515,0.324982,0.580737,Broad reduced-DF frame
45,True,12,41,-4.291095,-0.167502,2.461394,0.948639,-1.349503,Broad reduced-DF frame
46,True,13,40,-6.210099,-0.396094,2.580854,0.361302,-0.286555,Broad reduced-DF frame
47,True,14,28,-6.288409,0.17689,2.880342,0.625827,-1.081886,Broad reduced-DF frame
48,True,13,31,-4.883243,0.0365,2.806592,1.043931,-1.547561,Broad reduced-DF frame
49,True,13,41,-5.555783,0.045747,3.163157,0.723696,-1.256473,Broad reduced-DF frame
50,True,15,26,-6.016767,-0.023737,2.452718,0.618498,-0.870386,Broad reduced-DF frame
51,True,20,29,-11.622636,-0.063622,2.130593,-0.020796,1.694593,Broad reduced-DF frame
52,True,14,37,-6.659956,-0.332555,2.381211,0.512443,-0.101344,Broad reduced-DF frame
53,True,14,35,-6.253043,-0.4158,2.513743,0.399883,-0.253499,Broad reduced-DF frame
54,True,15,30,-7.709029,-0.211094,3.25222,0.326415,-0.176531,Broad reduced-DF frame
55,True,13,41,-5.373157,-0.150903,2.94534,0.939235,-1.060301,Broad reduced-DF frame
56,True,17,31,-11.565208,-0.827873,3.519158,0.401843,1.84076,Broad reduced-DF frame
57,True,14,36,-5.08648,-0.628819,3.706067,0.880814,-1.027,Broad reduced-DF frame
58,True,16,30,-8.282056,-0.370091,2.914475,0.338871,0.34703,Broad reduced-DF frame
59,True,13,49,-5.843633,-0.257946,2.781537,0.66408,-0.607572,Broad reduced-DF frame
60,True,13,48,-6.407903,-0.24906,2.229536,0.699797,-0.171497,Broad reduced-DF frame
61,True,15,27,-5.715183,-0.291873,3.048925,0.44445,-0.967313,Broad reduced-DF frame
62,True,13,47,-7.02192,-0.159421,2.437674,0.53508,-0.02622,Broad reduced-DF frame
63,True,16,25,-8.104814,-0.379498,2.425014,0.231854,0.390871,Broad reduced-DF frame
64,True,15,35,-9.981886,-0.619326,2.957746,-0.194086,1.368787,Broad reduced-DF frame
65,True,17,29,-9.223774,-0.690642,3.131866,0.147598,0.984972,Broad reduced-DF frame
66,True,14,40,-6.877966,-0.559772,2.950757,0.399362,0.037748,Broad reduced-DF frame
67,True,14,31,-5.835009,-0.456576,2.691836,0.873291,-0.575265,Broad reduced-DF frame
68,True,13,35,-5.059287,-0.466098,2.832319,0.783674,-0.865642,Broad reduced-DF frame
69,True,14,31,-5.440885,-0.199044,2.972308,0.913327,-1.076108,Broad reduced-DF frame
70,True,15,38,-8.623167,-0.452465,2.730336,0.216758,0.755454,Broad reduced-DF frame
71,True,13,38,-5.394571,-0.192759,2.544544,0.844365,-0.857673,Broad reduced-DF frame
72,True,14,38,-7.28226,-0.198538,3.722547,0.66097,-0.483918,Broad reduced-DF frame
73,True,14,30,-6.328453,-0.409062,3.008769,0.747752,-0.45623,Broad reduced-DF frame
74,True,14,33,-6.039727,-0.519375,4.149783,0.894277,-0.972708,Broad reduced-DF frame
75,True,15,34,-7.827977,-0.261644,2.683302,0.399479,0.199302,Broad reduced-DF frame
76,True,15,33,-8.504636,-0.672256,2.911275,0.245764,0.735635,Broad reduced-DF frame
77,True,13,37,-5.880111,-0.023761,2.183249,0.689343,-0.695512,Broad reduced-DF frame
78,True,14,26,-5.578285,-0.316715,2.774539,1.19137,-0.952538,Broad reduced-DF frame
79,True,14,37,-6.074797,-0.661027,2.75606,0.740183,-0.211623,Broad reduced-DF frame
80,True,14,35,-7.570093,-0.607386,3.036876,0.26431,0.307286,Broad reduced-DF frame
81,True,14,29,-6.759099,-0.167425,2.507276,0.572928,-0.383315,Broad reduced-DF frame
82,True,13,34,-5.32183,-0.135274,1.990542,0.522081,-0.77032,Broad reduced-DF frame
83,True,13,33,-4.82143,-0.114044,2.408557,0.829509,-1.240514,Broad reduced-DF frame
84,True,14,28,-4.391965,0.077881,3.182772,1.155983,-2.030773,Broad reduced-DF frame
85,True,14,32,-6.310029,-0.568135,2.856703,0.638364,-0.275038,Broad reduced-DF frame
86,True,14,37,-6.902573,-0.535318,2.690984,0.466549,0.10044,Broad reduced-DF frame
87,True,14,39,-6.426941,-0.327389,2.589653,0.715407,-0.292918,Broad reduced-DF frame
88,True,15,32,-8.118518,-0.331411,3.224735,0.337372,0.134998,Broad reduced-DF frame
89,True,13,44,-5.492125,0.012697,3.351073,0.807613,-1.301016,Broad reduced-DF frame
90,True,19,24,-11.171646,-0.714539,3.441504,-0.312705,1.657888,Broad reduced-DF frame
91,True,14,33,-5.401659,-0.334345,3.093778,0.847735,-1.067408,Broad reduced-DF frame
92,True,14,37,-7.005251,-0.155418,2.653822,0.613264,-0.232292,Broad reduced-DF frame
93,True,13,33,-5.878334,-0.183512,2.57081,0.877264,-0.743471,Broad reduced-DF frame
94,True,13,46,-7.084009,-0.373004,2.95249,0.776109,-0.049354,Broad reduced-DF frame
95,True,15,26,-5.376039,-0.476429,3.101565,0.890272,-0.947868,Broad reduced-DF frame
96,True,13,33,-4.844048,-0.083791,2.746589,0.972714,-1.349903,Broad reduced-DF frame
97,True,16,26,-7.699134,-0.320025,2.343202,0.167815,0.202736,Broad reduced-DF frame
98,True,13,36,-3.714967,-0.075298,3.09604,1.29753,-2.001359,Broad reduced-DF frame
99,True,13,47,-4.761328,-0.45677,3.068585,0.956892,-1.02958,Broad reduced-DF frame
100,True,13,37,-5.193005,-0.367543,2.635097,0.873598,-0.826988,Broad reduced-DF frame
101,True,14,29,-4.833656,-0.172786,2.994799,0.909014,-1.402883,Broad reduced-DF frame
102,True,13,42,-4.858347,-0.264387,2.676982,0.753081,-1.026095,Broad reduced-DF frame
103,True,14,30,-7.052645,-0.184532,2.134464,0.370463,-0.055846,Broad reduced-DF frame
104,True,14,36,-6.504696,-0.439469,2.504296,0.543238,-0.106291,Broad reduced-DF frame
105,True,15,33,-7.537514,-0.384984,3.265056,0.4726,-0.047271,Broad reduced-DF frame
106,True,13,48,-7.625079,-0.313869,3.013941,0.139092,0.154159,Broad reduced-DF frame
107,True,13,37,-5.589448,-0.479488,3.037956,0.651982,-0.687798,Broad reduced-DF frame
108,True,13,32,-4.140328,-0.241535,2.880138,1.01534,-1.597955,Broad reduced-DF frame
109,True,14,38,-8.439003,-0.692929,2.651868,0.199292,0.919569,Broad reduced-DF frame
110,True,15,35,-8.965766,-0.892686,3.026359,0.29837,1.117126,Broad reduced-DF frame
111,True,12,48,-5.294823,0.005115,2.339564,0.830256,-0.947431,Broad reduced-DF frame
112,True,12,42,-4.592702,-0.210055,2.698396,0.946294,-1.23223,Broad reduced-DF frame
113,True,13,43,-5.304084,-0.596992,2.649876,0.747806,-0.504169,Broad reduced-DF frame
114,True,15,37,-8.015566,-0.676512,2.834094,0.390022,0.625239,Broad reduced-DF frame
115,True,17,31,-9.700305,-0.543203,3.4464,0.131249,0.934351,Broad reduced-DF frame
116,True,14,36,-5.787159,-0.558083,3.367553,0.668632,-0.655733,Broad reduced-DF frame
117,True,13,32,-5.058618,-0.256263,2.149879,0.595834,-0.856717,Broad reduced-DF frame
118,True,14,33,-6.574754,-0.231026,2.964205,0.659255,-0.546364,Broad reduced-DF frame
119,True,14,32,-4.131149,-0.268283,2.984647,0.624616,-1.641614,Broad reduced-DF frame
120,True,15,31,-7.753751,-0.344517,2.604019,0.311339,0.227422,Broad reduced-DF frame
121,True,16,27,-7.880724,-0.168262,3.043649,0.472598,-0.136329,Broad reduced-DF frame
122,True,13,36,-4.079588,-0.314386,2.800541,1.100694,-1.470638,Broad reduced-DF frame
123,True,14,28,-7.288812,-0.6252,3.352307,0.231282,-0.013344,Broad reduced-DF frame
124,True,14,33,-5.37044,-0.447864,2.379674,0.470841,-0.596811,Broad reduced-DF frame
125,True,13,34,-5.193944,-0.293892,2.426555,0.845607,-0.829108,Broad reduced-DF frame
126,True,13,41,-4.905376,-0.512609,3.253434,0.838522,-0.994006,Broad reduced-DF frame
127,True,14,32,-7.144967,0.082777,2.458725,0.586341,-0.37534,Broad reduced-DF frame
128,True,13,36,-4.460775,-0.292168,2.338424,0.672503,-1.105583,Broad reduced-DF frame
129,True,15,32,-7.709588,-0.329855,2.390885,0.190144,0.316736,Broad reduced-DF frame
130,True,14,43,-7.185551,-0.766708,2.91147,0.358236,0.414509,Broad reduced-DF frame
131,True,14,39,-6.376702,-0.330426,2.517913,0.450566,-0.272398,Broad reduced-DF frame
132,True,14,29,-4.406042,-0.219158,3.273037,1.120291,-1.720083,Broad reduced-DF frame
133,True,14,27,-5.700902,-0.09554,2.407123,0.588798,-0.89872,Broad reduced-DF frame
134,True,15,28,-6.763124,-0.153882,3.203024,0.547934,-0.656607,Broad reduced-DF frame
135,True,15,41,-9.062803,-0.695777,2.942687,0.296182,1.04636,Broad reduced-DF frame
136,True,13,38,-4.285325,-0.104488,2.544096,0.998411,-1.479715,Broad reduced-DF frame
137,True,15,31,-6.640569,-0.429874,2.915999,0.581513,-0.292255,Broad reduced-DF frame
138,True,14,35,-6.798331,-0.689152,2.903699,0.342695,0.08936,Broad reduced-DF frame
139,True,13,45,-4.752671,-0.580998,2.994012,0.898282,-0.884661,Broad reduced-DF frame
140,True,13,31,-5.733143,0.041608,2.084271,0.852501,-0.886154,Broad reduced-DF frame
141,True,14,24,-5.309036,-0.125453,2.483556,1.012464,-1.158035,Broad reduced-DF frame
142,True,15,29,-7.369699,-0.116044,2.709426,0.610617,-0.292453,Broad reduced-DF frame
143,True,16,27,-7.454205,-0.521299,3.253391,0.648971,-0.011737,Broad reduced-DF frame
144,True,13,36,-4.768558,-0.34852,3.068267,1.06928,-1.198971,Broad reduced-DF frame
145,True,13,46,-4.313576,-0.258129,2.627377,0.909793,-1.226355,Broad reduced-DF frame
146,True,16,31,-10.094677,-0.3792,3.053743,0.093429,1.135493,Broad reduced-DF frame
147,True,14,37,-5.029728,-0.045364,2.560915,0.813639,-1.185943,Broad reduced-DF frame
148,True,12,42,-6.062453,-0.015485,2.018485,0.585135,-0.494399,Broad reduced-DF frame
149,True,13,42,-5.017744,-0.233453,2.769273,0.69788,-1.010439,Broad reduced-DF frame
150,True,14,30,-6.902219,-0.545139,3.074488,0.730131,-0.179956,Broad reduced-DF frame
151,True,14,29,-4.482694,-0.174096,2.265418,0.987232,-1.278138,Broad reduced-DF frame
152,True,13,35,-4.260476,0.054897,2.407232,1.157158,-1.648696,Broad reduced-DF frame
153,True,15,30,-6.792468,-0.610712,2.896375,0.57314,-0.089181,Broad reduced-DF frame
154,True,14,31,-6.497603,-0.12404,2.298116,0.524544,-0.431488,Broad reduced-DF frame
155,True,16,26,-7.921452,-0.248256,1.959721,0.629871,0.325648,Broad reduced-DF frame
156,True,14,41,-5.933799,-0.549197,3.157561,0.594188,-0.473164,Broad reduced-DF frame
157,True,15,44,-8.569725,-0.420893,3.280902,0.046609,0.565036,Broad reduced-DF frame
158,True,15,34,-7.846755,-0.279517,3.116431,0.422712,0.042478,Broad reduced-DF frame
159,True,15,36,-8.804712,-0.733014,2.901816,0.1891,1.019407,Broad reduced-DF frame
160,True,14,29,-6.39845,-0.100359,2.64906,0.729007,-0.610239,Broad reduced-DF frame
161,True,16,28,-8.140904,-0.013429,2.270027,0.382604,0.143709,Broad reduced-DF frame
162,True,14,46,-8.229568,-0.17112,2.83897,0.165489,0.319484,Broad reduced-DF frame
163,True,15,25,-6.828586,-0.16787,2.728389,0.846575,-0.529415,Broad reduced-DF frame
164,True,13,41,-6.026298,-0.198547,2.581581,0.574397,-0.555824,Broad reduced-DF frame
165,True,14,33,-4.623718,-0.4767,1.73976,0.631743,-0.713416,Broad reduced-DF frame
166,True,16,26,-9.337321,-0.196645,3.054113,0.087751,0.542391,Broad reduced-DF frame
167,True,12,54,-5.671793,-0.273406,2.313358,0.461969,-0.387124,Broad reduced-DF frame
168,True,15,37,-7.479886,-0.286292,1.698421,-0.043275,0.472718,Broad reduced-DF frame
169,True,13,42,-5.639772,-0.605649,3.04237,0.79912,-0.488741,Broad reduced-DF frame
170,True,14,41,-5.745718,-0.351792,3.352578,0.571543,-0.813426,Broad reduced-DF frame
171,True,13,38,-6.069441,-0.517083,2.302028,0.372428,-0.155285,Broad reduced-DF frame
172,True,13,39,-5.471134,-0.485135,2.858849,0.861399,-0.661162,Broad reduced-DF frame
173,True,14,43,-6.452744,-0.340034,2.719562,0.625561,-0.24965,Broad reduced-DF frame
174,True,14,39,-6.417566,-0.572252,3.024466,0.822048,-0.230246,Broad reduced-DF frame
175,True,13,52,-6.288787,-0.493471,2.346943,0.341164,0.061252,Broad reduced-DF frame
176,True,13,41,-4.625272,-0.059429,2.069629,0.62345,-1.115286,Broad reduced-DF frame
177,True,13,41,-5.009676,-0.473213,3.739748,1.15782,-1.215985,Broad reduced-DF frame
178,True,16,20,-7.165365,-0.140252,2.672666,0.395749,-0.418488,Broad reduced-DF frame
179,True,13,44,-5.022401,-0.533106,3.688389,1.063294,-1.089859,Broad reduced-DF frame
180,True,15,34,-7.768086,-0.442113,2.953297,0.664822,0.155121,Broad reduced-DF frame
181,True,16,38,-9.813064,-0.373844,2.656928,-0.035732,1.226673,Broad reduced-DF frame
182,True,13,30,-5.364288,-0.070301,2.165515,0.807833,-0.949087,Broad reduced-DF frame
183,True,18,36,-20.858198,-0.56821,3.378281,-1.732994,5.733187,Broad reduced-DF frame
184,True,14,37,-5.077581,-0.742867,3.095729,1.052965,-0.708274,Broad reduced-DF frame
185,True,13,42,-5.650768,-0.19838,3.153612,0.999646,-0.967732,Broad reduced-DF frame
186,True,13,32,-4.370471,-0.571982,2.731037,0.858999,-1.11457,Broad reduced-DF frame
187,True,18,32,-10.431463,-0.235963,2.827065,-0.110162,1.242959,Broad reduced-DF frame
188,True,15,32,-7.963339,-0.60087,2.806824,0.027534,0.529501,Broad reduced-DF frame
189,True,13,37,-6.06386,-0.36401,2.644185,0.540765,-0.438468,Broad reduced-DF frame
190,True,14,23,-4.118837,-0.240121,2.688772,0.931609,-1.63619,Broad reduced-DF frame
191,True,15,21,-5.764916,-0.076411,2.444542,0.800489,-1.053473,Broad reduced-DF frame
192,True,14,30,-5.870552,-1.104743,3.343719,0.739908,-0.230619,Broad reduced-DF frame
193,True,16,28,-8.98809,-0.362884,2.452312,0.114459,0.816988,Broad reduced-DF frame
194,True,14,35,-5.048364,-0.320565,3.173359,0.986084,-1.202693,Broad reduced-DF frame
195,True,13,40,-4.954884,-0.490118,2.904828,0.72412,-0.850793,Broad reduced-DF frame
196,True,14,31,-6.524349,-0.10069,2.906875,0.703751,-0.706876,Broad reduced-DF frame
197,True,14,38,-8.313926,-0.059798,2.497162,0.11694,0.321793,Broad reduced-DF frame
198,True,14,31,-5.529945,-0.168556,2.830135,0.67091,-0.982413,Broad reduced-DF frame
199,True,16,26,-7.477167,-0.573523,3.064381,0.663679,0.031011,Broad reduced-DF frame
200,True,15,32,-6.848475,-0.149224,2.690286,0.702799,-0.43834,Broad reduced-DF frame
201,True,14,32,-4.809556,-0.660411,2.994254,0.788133,-0.95631,Broad reduced-DF frame
202,True,15,27,-6.406323,-0.286537,2.404695,0.642678,-0.390431,Broad reduced-DF frame
203,True,14,35,-6.468977,-0.471936,2.269396,0.262484,0.002715,Broad reduced-DF frame
204,True,14,33,-5.195216,-0.43384,2.921191,0.900317,-0.940449,Broad reduced-DF frame
205,True,14,41,-7.343425,-0.468811,2.577621,0.620653,0.23256,Broad reduced-DF frame
206,True,15,33,-7.538059,-0.398572,3.076813,0.529144,0.019245,Broad reduced-DF frame
207,True,15,28,-7.447695,-0.272811,2.342142,0.088591,0.082073,Broad reduced-DF frame
208,True,13,35,-4.872402,-0.266967,2.824684,0.649928,-1.167822,Broad reduced-DF frame
209,True,13,40,-5.940099,-0.348185,2.864724,0.750779,-0.55662,Broad reduced-DF frame
210,True,13,44,-5.66014,-0.422501,3.024687,0.818925,-0.651447,Broad reduced-DF frame
211,True,13,39,-6.050124,-0.341193,3.434319,0.512383,-0.72356,Broad reduced-DF frame
212,True,13,35,-5.06997,-0.401105,2.547718,0.839467,-0.821271,Broad reduced-DF frame
213,True,13,38,-5.359399,-0.108507,2.504831,0.726406,-0.946661,Broad reduced-DF frame
214,True,15,38,-8.680939,-0.113917,2.718532,0.253298,0.421624,Broad reduced-DF frame
215,True,14,33,-7.707068,-0.357903,3.337255,0.657216,-0.07941,Broad reduced-DF frame
216,True,13,39,-4.438151,-0.390276,3.146525,1.100972,-1.368429,Broad reduced-DF frame
217,True,13,33,-7.053122,-0.157985,2.492869,0.453364,-0.159087,Broad reduced-DF frame
218,True,13,37,-5.606703,-0.260239,2.347847,0.665439,-0.598107,Broad reduced-DF frame
219,True,15,31,-7.143528,-0.43086,3.318666,0.667471,-0.264262,Broad reduced-DF frame
220,True,14,45,-6.660371,-0.172514,2.952038,0.87966,-0.536113,Broad reduced-DF frame
221,True,15,30,-6.359005,-0.032643,2.995859,0.625371,-0.862552,Broad reduced-DF frame
222,True,14,30,-4.691511,-0.314039,2.429794,0.868556,-1.112729,Broad reduced-DF frame
223,True,13,33,-4.01596,-0.113602,3.012697,1.039589,-1.821145,Broad reduced-DF frame
224,True,14,42,-6.158544,-0.427029,2.641397,0.39898,-0.281689,Broad reduced-DF frame
225,True,13,29,-3.955546,-0.081048,2.341027,0.95598,-1.667543,Broad reduced-DF frame
226,True,13,35,-5.257191,-0.730697,2.932864,0.584642,-0.565432,Broad reduced-DF frame
227,True,16,32,-9.452847,-0.545513,2.876374,0.014887,1.058465,Broad reduced-DF frame
228,True,14,36,-6.511588,-0.279482,3.407801,0.689272,-0.670729,Broad reduced-DF frame
229,True,15,30,-8.940024,-0.234395,2.372996,-0.081317,0.713216,Broad reduced-DF frame
230,True,16,27,-9.035838,-0.337807,3.074761,0.248067,0.52123,Broad reduced-DF frame
231,True,13,31,-5.191877,-0.149024,3.082967,0.872114,-1.271398,Broad reduced-DF frame
232,True,13,43,-4.431068,-0.384196,2.661535,0.836902,-1.065754,Broad reduced-DF frame
233,True,14,36,-6.328373,-0.302047,3.197325,0.697472,-0.609076,Broad reduced-DF frame
234,True,13,35,-4.181572,-0.441647,2.334186,0.872025,-1.135358,Broad reduced-DF frame
235,True,13,37,-5.607066,-0.241558,2.740929,0.844806,-0.795193,Broad reduced-DF frame
236,True,14,33,-6.744733,-0.250567,3.205302,0.784006,-0.534676,Broad reduced-DF frame
237,True,13,36,-4.135916,-0.440316,2.274672,0.781917,-1.131722,Broad reduced-DF frame
238,True,14,30,-3.901564,-0.457062,2.827628,1.006859,-1.48566,Broad reduced-DF frame
239,True,18,30,-10.06587,-0.513264,3.451053,0.162634,1.038335,Broad reduced-DF frame
240,True,14,37,-7.370347,-0.387842,2.29247,0.150295,0.316353,Broad reduced-DF frame
241,True,13,41,-5.346989,-0.397345,2.387133,0.548807,-0.570749,Broad reduced-DF frame
242,True,15,29,-6.359333,-0.312835,2.603998,0.621069,-0.464809,Broad reduced-DF frame
243,True,13,46,-4.227001,-0.436377,2.445792,0.873173,-1.030426,Broad reduced-DF frame
244,True,17,28,-10.839994,-0.596737,3.316672,0.317911,1.407457,Broad reduced-DF frame
245,True,12,49,-4.79613,-0.110016,2.062166,0.544898,-0.904366,Broad reduced-DF frame
246,True,13,34,-4.248159,-0.309079,2.455723,0.895699,-1.265,Broad reduced-DF frame
247,True,14,34,-7.034284,-0.412426,2.780304,0.224211,-0.01356,Broad reduced-DF frame
248,True,13,42,-5.732976,-0.105326,2.861081,0.885331,-0.923582,Broad reduced-DF frame
249,True,14,38,-6.528905,-0.577612,3.28704,0.733283,-0.28324,Broad reduced-DF frame
250,True,14,30,-5.535798,-0.255409,2.502986,0.63591,-0.819949,Broad reduced-DF frame
251,True,13,41,-4.392499,-0.453348,3.124511,1.094158,-1.28909,Broad reduced-DF frame
252,True,14,25,-5.338105,-0.367345,2.410608,0.695136,-0.814546,Broad reduced-DF frame
253,True,13,44,-5.776549,-0.427365,2.800715,0.681053,-0.500472,Broad reduced-DF frame
254,True,14,33,-5.647866,-0.132146,2.792024,0.940084,-1.015632,Broad reduced-DF frame
255,True,13,43,-5.054079,-0.336249,2.250995,0.582075,-0.706425,Broad reduced-DF frame
256,True,13,39,-4.830727,-0.490593,2.878913,0.655785,-0.933174,Broad reduced-DF frame
257,True,13,30,-5.0988,-0.319287,2.373608,0.880605,-0.888467,Broad reduced-DF frame
258,True,14,37,-5.942733,-0.418349,2.784185,0.54691,-0.48674,Broad reduced-DF frame
259,True,14,25,-4.017324,-0.022662,3.002231,1.242007,-2.023078,Broad reduced-DF frame
260,True,14,43,-6.510434,-0.186074,3.24219,0.774477,-0.642094,Broad reduced-DF frame
261,True,14,36,-6.463918,-0.087585,2.579575,0.508713,-0.564444,Broad reduced-DF frame
262,True,13,38,-6.070104,-0.517513,3.134908,0.623742,-0.444207,Broad reduced-DF frame
263,True,14,30,-6.666357,-0.035774,2.582262,0.750045,-0.557606,Broad reduced-DF frame
264,True,14,33,-5.710349,-0.40285,2.450021,0.594132,-0.542252,Broad reduced-DF frame
265,True,14,35,-7.372853,-0.324847,2.420918,0.452175,0.148704,Broad reduced-DF frame
266,True,14,33,-5.528698,-0.40245,2.827155,0.690667,-0.774976,Broad reduced-DF frame
267,True,15,32,-7.561463,-0.305154,2.661852,0.337154,0.085778,Broad reduced-DF frame
268,True,14,39,-7.728385,-0.654412,3.626301,0.413959,0.226885,Broad reduced-DF frame
269,True,13,36,-4.542456,-0.11933,2.318427,0.88243,-1.253565,Broad reduced-DF frame
270,True,13,38,-5.732931,-0.28812,2.962377,0.911581,-0.774013,Broad reduced-DF frame
271,True,13,37,-4.695928,-0.351591,3.127834,0.998494,-1.246581,Broad reduced-DF frame
272,True,14,29,-5.461593,-0.146904,2.341956,0.708867,-0.907273,Broad reduced-DF frame
273,True,13,35,-4.834956,-0.271814,2.363849,0.800094,-1.007794,Broad reduced-DF frame
274,True,16,31,-8.239547,-0.166604,2.831336,0.393843,0.171999,Broad reduced-DF frame
275,True,14,36,-5.720817,-0.414929,2.694252,1.078114,-0.667877,Broad reduced-DF frame
276,True,13,45,-4.877687,-0.326404,2.532276,0.6349,-0.862242,Broad reduced-DF frame
277,True,15,33,-8.687871,-0.392621,2.50676,0.379856,0.700145,Broad reduced-DF frame
278,True,14,33,-5.103676,-0.647531,2.382185,0.445509,-0.547129,Broad reduced-DF frame
279,True,13,34,-5.243541,-0.266824,2.324173,0.636375,-0.827507,Broad reduced-DF frame
280,True,15,24,-4.305088,-0.643405,3.120239,1.048503,-1.328507,Broad reduced-DF frame
281,True,13,36,-4.954836,0.148974,2.357787,0.873,-1.410319,Broad reduced-DF frame
282,True,15,37,-6.935786,0.2492,2.445975,0.370816,-0.620867,Broad reduced-DF frame
283,True,16,35,-11.668698,-0.853125,3.472573,-0.321807,2.100934,Broad reduced-DF frame
284,True,14,40,-6.830036,-0.57231,2.699434,0.221235,0.126473,Broad reduced-DF frame
285,True,13,41,-5.066127,-0.105295,2.609758,0.880228,-1.066504,Broad reduced-DF frame
286,True,15,24,-5.482112,-0.606468,3.315714,1.14825,-0.933978,Broad reduced-DF frame
287,True,14,34,-5.02016,-0.283871,3.208326,1.160035,-1.326088,Broad reduced-DF frame
288,True,14,36,-5.493441,-0.268217,2.5678,0.622266,-0.772859,Broad reduced-DF frame
289,True,14,34,-5.957262,-0.43734,2.296703,0.48746,-0.342258,Broad reduced-DF frame
290,True,13,36,-5.158728,-0.208589,2.446715,0.759115,-0.94339,Broad reduced-DF frame
291,True,14,35,-6.974426,-0.119309,2.806665,0.441842,-0.375818,Broad reduced-DF frame
292,True,17,37,-9.117437,-0.521981,3.05859,0.200641,0.887414,Broad reduced-DF frame
293,True,14,35,-6.744985,-0.269896,2.725969,0.55279,-0.287446,Broad reduced-DF frame
294,True,15,24,-6.032641,-0.413353,2.824365,0.930351,-0.703317,Broad reduced-DF frame
295,True,14,40,-7.807401,-0.250129,2.99342,0.694932,0.034302,Broad reduced-DF frame
296,True,14,39,-8.329776,-0.797138,3.186742,0.473321,0.738799,Broad reduced-DF frame
297,True,13,39,-4.879648,0.075916,2.382061,0.979507,-1.325046,Broad reduced-DF frame
298,True,14,39,-6.658788,-0.574104,2.932667,0.32101,-0.026157,Broad reduced-DF frame
299,True,14,34,-5.246214,-0.434798,3.286231,0.958548,-1.071867,Broad reduced-DF frame
300,True,13,39,-5.341006,-0.509569,3.247121,0.695763,-0.788389,Broad reduced-DF frame
301,True,15,31,-7.437856,-0.258329,2.84322,0.574345,-0.113319,Broad reduced-DF frame
302,True,14,32,-7.188507,-0.36655,2.585095,0.482112,0.023516,Broad reduced-DF frame
303,True,14,32,-5.110276,-0.326537,3.014895,0.905374,-1.091253,Broad reduced-DF frame
304,True,13,40,-4.051433,-0.598797,3.482995,0.898252,-1.404691,Broad reduced-DF frame
305,True,13,35,-4.456972,-0.170451,2.478358,0.948773,-1.306136,Broad reduced-DF frame
306,True,13,41,-4.995498,-0.403859,2.322145,0.614672,-0.697796,Broad reduced-DF frame
307,True,14,39,-5.954826,-0.375941,3.813053,1.295571,-0.976494,Broad reduced-DF frame
308,True,14,36,-6.157614,-0.230614,2.70904,0.855844,-0.590713,Broad reduced-DF frame
309,True,13,41,-5.807714,-0.41939,2.539194,0.449852,-0.40776,Broad reduced-DF frame
310,True,14,38,-6.128887,-0.266466,2.720837,0.594017,-0.558058,Broad reduced-DF frame
311,True,14,32,-5.916337,-0.425094,3.14249,0.764761,-0.682516,Broad reduced-DF frame
312,True,14,23,-4.24298,-0.090258,3.326905,1.102928,-1.983723,Broad reduced-DF frame
313,True,14,33,-5.959981,-0.32632,2.486238,0.733008,-0.505658,Broad reduced-DF frame
314,True,13,36,-5.62516,-0.351699,2.742825,0.962821,-0.749267,Broad reduced-DF frame
315,True,14,32,-5.57012,-0.297059,2.770037,0.828042,-0.846792,Broad reduced-DF frame
316,True,14,42,-7.339262,-0.552938,2.629257,0.441875,0.36442,Broad reduced-DF frame
317,True,13,33,-4.048569,-0.648139,2.837231,0.813591,-1.218749,Broad reduced-DF frame
318,True,13,43,-4.546133,-0.410601,3.231511,1.076622,-1.253635,Broad reduced-DF frame
319,True,14,37,-7.368488,-0.402196,2.86103,0.188393,0.083876,Broad reduced-DF frame
320,True,14,35,-5.757721,-0.162048,2.273694,0.804913,-0.68043,Broad reduced-DF frame
321,True,14,28,-4.299062,-0.214274,2.617478,0.715388,-1.513634,Broad reduced-DF frame
322,True,13,36,-5.162472,-0.117399,2.415068,0.779129,-0.986689,Broad reduced-DF frame
323,True,13,44,-4.023059,-0.389204,2.662339,1.031757,-1.292998,Broad reduced-DF frame
324,True,13,46,-4.907152,-0.643737,3.04193,0.891685,-0.744716,Broad reduced-DF frame
325,True,13,43,-6.150501,-0.540576,3.458185,0.925173,-0.476424,Broad reduced-DF frame
326,True,13,36,-4.745709,-0.684662,2.940423,0.848104,-0.843942,Broad reduced-DF frame
327,True,15,22,-4.139553,-0.286772,2.297824,0.793277,-1.450461,Broad reduced-DF frame
328,True,15,32,-8.054314,-0.11265,2.787812,0.153531,0.086193,Broad reduced-DF frame
329,True,13,33,-4.063041,0.094378,2.927517,0.845651,-1.991072,Broad reduced-DF frame
330,True,15,25,-6.649767,-0.788492,2.381672,0.337522,0.164202,Broad reduced-DF frame
331,True,13,36,-5.417055,-0.531302,2.759745,0.742402,-0.586197,Broad reduced-DF frame
332,True,15,28,-9.417333,-0.799458,3.862542,-0.322716,0.853042,Broad reduced-DF frame
333,True,14,32,-6.187936,-0.544265,2.789791,0.642282,-0.332771,Broad reduced-DF frame
334,True,13,36,-5.977882,-0.410481,2.969727,0.41868,-0.579772,Broad reduced-DF frame
335,True,13,39,-4.803881,-0.254224,2.479436,1.094308,-1.088378,Broad reduced-DF frame
336,True,14,35,-6.161394,-0.316274,2.81604,0.702848,-0.510822,Broad reduced-DF frame
337,True,15,31,-7.213717,-0.325702,2.74407,0.47993,-0.066641,Broad reduced-DF frame
338,True,15,30,-6.229635,-0.236046,2.979135,0.361915,-0.677821,Broad reduced-DF frame
339,True,14,35,-5.928388,-0.347218,2.82038,0.646389,-0.6133,Broad reduced-DF frame
340,True,13,34,-4.553809,-0.384123,2.638963,0.62318,-1.133898,Broad reduced-DF frame
341,True,14,34,-5.208969,-0.158287,2.544043,0.635882,-1.018556,Broad reduced-DF frame
342,True,14,34,-5.723115,-0.289882,2.902861,0.804817,-0.822029,Broad reduced-DF frame
343,True,13,43,-4.533414,-0.450252,2.677176,0.937276,-0.996455,Broad reduced-DF frame
344,True,13,34,-4.441462,-0.083621,2.38191,0.848123,-1.384586,Broad reduced-DF frame
345,True,14,36,-6.979967,-0.363592,3.21403,0.672202,-0.267332,Broad reduced-DF frame
346,True,13,39,-6.480914,-0.095627,2.888761,0.440797,-0.628348,Broad reduced-DF frame
347,True,13,31,-4.444833,-0.437517,2.734545,0.958331,-1.211908,Broad reduced-DF frame
348,True,13,31,-4.290383,-0.403426,2.32384,0.781522,-1.125102,Broad reduced-DF frame
349,True,14,39,-7.736094,-0.429682,3.074066,0.250634,0.235877,Broad reduced-DF frame
350,True,14,30,-6.993666,0.048933,2.800725,0.286334,-0.63769,Broad reduced-DF frame
351,True,14,33,-5.494854,-0.281683,2.870056,0.670034,-0.939106,Broad reduced-DF frame
352,True,16,40,-8.993756,-0.046499,2.515453,0.059398,0.591356,Broad reduced-DF frame
353,True,14,38,-7.319198,-0.428505,2.548866,0.240602,0.242691,Broad reduced-DF frame
354,True,15,25,-6.168548,-0.363626,2.366237,0.593269,-0.450847,Broad reduced-DF frame
355,True,13,43,-6.733508,-0.261851,3.093788,0.608241,-0.379619,Broad reduced-DF frame
356,True,14,26,-4.199506,-0.265134,2.202712,0.808697,-1.345285,Broad reduced-DF frame
357,True,14,31,-6.165354,-0.424237,2.820754,0.550359,-0.438858,Broad reduced-DF frame
358,True,13,43,-6.557459,-0.277346,2.512471,0.631579,-0.20687,Broad reduced-DF frame
359,True,14,30,-4.413938,-0.343317,2.706981,1.104572,-1.327139,Broad reduced-DF frame
360,True,12,47,-4.412621,-0.203801,2.774634,0.771466,-1.300658,Broad reduced-DF frame
361,True,13,31,-5.817451,0.005223,2.236994,0.371134,-0.852351,Broad reduced-DF frame
362,True,15,30,-8.13724,-0.68319,2.708828,0.07113,0.692357,Broad reduced-DF frame
363,True,13,35,-5.480523,-0.306092,3.169118,0.808332,-0.979118,Broad reduced-DF frame
364,True,13,39,-5.487474,-0.246749,2.011833,0.509772,-0.545747,Broad reduced-DF frame
365,True,13,46,-6.901208,-0.416964,2.663228,0.412084,0.097762,Broad reduced-DF frame
366,True,16,32,-8.183238,0.16208,2.972291,0.542029,-0.255,Broad reduced-DF frame
367,True,14,31,-5.839354,-0.189462,2.95753,0.894309,-0.920874,Broad reduced-DF frame
368,True,14,41,-6.79109,-0.187927,3.093669,0.707503,-0.46185,Broad reduced-DF frame
369,True,14,31,-6.443854,-0.484357,3.126523,0.709632,-0.409714,Broad reduced-DF frame
370,True,14,30,-6.204643,-0.061651,2.441898,0.651696,-0.689196,Broad reduced-DF frame
371,True,13,31,-4.738245,-0.006835,2.243952,0.522998,-1.319243,Broad reduced-DF frame
372,True,13,41,-5.077094,-0.065196,2.689081,0.998721,-1.167991,Broad reduced-DF frame
373,True,13,35,-4.420542,-0.565467,2.29757,0.626801,-0.865768,Broad reduced-DF frame
374,True,13,34,-5.737874,-0.203844,2.51737,0.793972,-0.738402,Broad reduced-DF frame
375,True,13,30,-6.443817,-0.081495,1.791301,0.512304,-0.325696,Broad reduced-DF frame
376,True,13,42,-5.545849,-0.549634,3.209929,0.699959,-0.649552,Broad reduced-DF frame
377,True,15,41,-7.916663,-0.114582,2.335377,0.116635,0.301194,Broad reduced-DF frame
378,True,14,39,-5.69798,-0.021661,3.363906,0.989692,-1.22908,Broad reduced-DF frame
379,True,13,33,-4.188656,-0.384688,2.648067,0.810395,-1.314692,Broad reduced-DF frame
380,True,15,33,-7.79577,-0.476248,2.608762,0.38379,0.384355,Broad reduced-DF frame
381,True,14,28,-5.220567,-0.247901,3.009617,0.757851,-1.194832,Broad reduced-DF frame
382,True,14,41,-8.718351,-0.598861,2.910491,0.42393,0.849837,Broad reduced-DF frame
383,True,14,32,-6.584115,-0.012795,2.815665,0.575531,-0.6804,Broad reduced-DF frame
384,True,14,31,-4.44751,-0.113052,2.62372,0.836529,-1.487938,Broad reduced-DF frame
385,True,14,32,-6.80299,-0.556669,3.050844,0.632035,-0.12866,Broad reduced-DF frame
386,True,15,39,-7.507181,-0.418268,3.059668,0.83112,0.018284,Broad reduced-DF frame
387,True,13,34,-5.589794,-0.118888,2.263809,0.69342,-0.744543,Broad reduced-DF frame
388,True,13,39,-3.999431,-0.316117,2.55723,1.017775,-1.338866,Broad reduced-DF frame
389,True,13,34,-5.472787,-0.39702,2.522612,0.622556,-0.615876,Broad reduced-DF frame
390,True,13,39,-6.309009,-0.387478,2.393483,0.630049,-0.204497,Broad reduced-DF frame
391,True,15,25,-5.856705,-0.717904,4.394294,1.01474,-1.081265,Broad reduced-DF frame
392,True,14,31,-6.339633,-0.635551,3.077989,0.732558,-0.337247,Broad reduced-DF frame
393,True,15,38,-10.079015,-0.522274,2.688066,-0.19311,1.470885,Broad reduced-DF frame
394,True,13,33,-4.631234,-0.141431,2.906597,0.851885,-1.446708,Broad reduced-DF frame
395,True,16,23,-8.652701,-0.428289,3.156365,0.107598,0.370008,Broad reduced-DF frame
396,True,15,34,-8.582677,-0.061866,2.49929,0.12796,0.362184,Broad reduced-DF frame
397,True,15,32,-7.672276,-0.342807,2.826709,0.550418,0.090935,Broad reduced-DF frame
398,True,13,45,-5.696135,-0.451208,2.857185,0.654839,-0.473305,Broad reduced-DF frame
399,True,14,29,-4.345829,-0.498695,3.323428,1.165773,-1.465259,Broad reduced-DF frame
400,True,14,42,-7.256553,-0.425954,2.287552,0.455589,0.289005,Broad reduced-DF frame
401,True,13,45,-5.936473,-0.441116,2.579255,0.414699,-0.299524,Broad reduced-DF frame
402,True,15,37,-9.082858,-0.205794,2.611074,0.280634,0.732366,Broad reduced-DF frame
403,True,14,47,-7.159044,-0.681404,2.527659,0.638663,0.430133,Broad reduced-DF frame
404,True,13,37,-5.085329,-0.26372,3.076264,0.837066,-1.162492,Broad reduced-DF frame
405,True,13,36,-4.995696,-0.000895,2.300346,0.961598,-1.20433,Broad reduced-DF frame
406,True,14,39,-6.010548,-0.396121,2.932581,0.888115,-0.590877,Broad reduced-DF frame
407,True,13,38,-5.408704,-0.197159,2.687107,0.799259,-0.899112,Broad reduced-DF frame
408,True,14,40,-6.664248,-0.388404,2.578886,0.472536,-0.13271,Broad reduced-DF frame
409,True,14,34,-6.781871,-0.392019,2.475198,0.619071,-0.072125,Broad reduced-DF frame
410,True,14,24,-4.818268,-0.309313,2.728508,0.930889,-1.266841,Broad reduced-DF frame
411,True,14,34,-5.825118,-0.078864,3.328155,0.890812,-1.181926,Broad reduced-DF frame
412,True,13,34,-5.528872,0.001581,2.695194,1.170364,-1.155591,Broad reduced-DF frame
413,True,13,43,-4.882718,-0.018808,3.03208,0.895284,-1.386884,Broad reduced-DF frame
414,True,15,27,-6.877461,-0.389431,2.840107,0.241398,-0.234894,Broad reduced-DF frame
415,True,14,37,-6.036835,-0.707181,2.368828,0.546687,-0.0476,Broad reduced-DF frame
416,True,14,35,-6.20725,0.275859,3.132046,0.943301,-1.273944,Broad reduced-DF frame
417,True,13,34,-3.660208,-0.59181,2.112502,0.866496,-1.164957,Broad reduced-DF frame
418,True,12,45,-4.830884,-0.329054,2.32405,0.584084,-0.813594,Broad reduced-DF frame
419,True,14,34,-7.615992,-0.570848,3.338262,0.57312,0.143651,Broad reduced-DF frame
420,True,14,35,-5.498463,-0.68057,3.609403,0.631521,-0.806307,Broad reduced-DF frame
421,True,14,31,-5.341697,-0.445771,2.939161,0.747776,-0.850087,Broad reduced-DF frame
422,True,16,30,-8.249765,-0.372246,3.044522,0.103876,0.295165,Broad reduced-DF frame
423,True,14,36,-6.938671,-0.346929,2.632904,0.587894,-0.088907,Broad reduced-DF frame
424,True,13,35,-5.268132,-0.258211,2.682445,0.854343,-0.948599,Broad reduced-DF frame
425,True,13,45,-4.47503,-0.552796,2.807711,1.104206,-0.97563,Broad reduced-DF frame
426,True,13,37,-3.698007,-0.353458,2.60296,0.895988,-1.506974,Broad reduced-DF frame
427,True,13,38,-4.899791,-0.261044,3.0302,1.08418,-1.215326,Broad reduced-DF frame
428,True,16,25,-8.037381,-0.43002,3.298151,0.468735,0.064801,Broad reduced-DF frame
429,True,13,45,-4.92014,-0.217492,2.549147,0.776218,-0.996576,Broad reduced-DF frame
430,True,13,44,-4.956906,-0.178295,2.769345,0.873323,-1.124212,Broad reduced-DF frame
431,True,13,41,-6.497706,-0.202673,2.966528,1.011833,-0.570345,Broad reduced-DF frame
432,True,14,31,-5.971461,-0.634093,2.590487,0.708668,-0.298955,Broad reduced-DF frame
433,True,13,38,-5.750645,-0.327728,2.809172,0.739292,-0.646575,Broad reduced-DF frame
434,True,14,29,-4.474245,-0.575421,2.486753,0.822401,-0.98664,Broad reduced-DF frame
435,True,15,20,-5.291919,-0.528635,3.701181,1.057541,-1.335944,Broad reduced-DF frame
436,True,15,31,-7.376274,-0.266413,2.743631,0.491298,-0.063038,Broad reduced-DF frame
437,True,14,32,-5.869375,-0.352833,1.948281,0.405058,-0.354337,Broad reduced-DF frame
438,True,13,32,-5.675299,-0.097936,2.613768,0.556839,-0.9214,Broad reduced-DF frame
439,True,13,40,-5.41203,-0.300257,2.823174,1.010373,-0.876053,Broad reduced-DF frame
440,True,13,39,-7.232021,-0.593637,3.688114,0.726944,-0.123244,Broad reduced-DF frame
441,True,13,40,-4.947898,-0.090677,2.27621,0.894318,-1.076732,Broad reduced-DF frame
442,True,13,43,-6.109885,-0.569249,2.597385,0.502093,-0.12403,Broad reduced-DF frame
443,True,13,38,-4.553259,-0.309906,2.713656,0.785481,-1.164506,Broad reduced-DF frame
444,True,15,39,-9.226897,-0.287037,2.787914,0.247696,0.798792,Broad reduced-DF frame
445,True,14,28,-4.779286,-0.309147,3.178241,1.128425,-1.412899,Broad reduced-DF frame
446,True,14,37,-6.468177,-0.327434,3.170735,0.525955,-0.4853,Broad reduced-DF frame
447,True,13,33,-5.689939,-0.307353,2.145219,0.563363,-0.512079,Broad reduced-DF frame
448,True,14,31,-5.50885,-0.587609,3.326013,0.899011,-0.838715,Broad reduced-DF frame
449,True,13,36,-6.557133,-0.0203,2.55779,0.483724,-0.57982,Broad reduced-DF frame
450,True,15,24,-7.171372,-0.259691,2.011428,0.339195,0.012939,Broad reduced-DF frame
451,True,15,33,-7.325919,-0.269098,2.731227,0.247177,-0.084151,Broad reduced-DF frame
452,True,15,31,-6.771058,-0.303227,2.726947,0.470196,-0.253929,Broad reduced-DF frame
453,True,14,32,-7.066957,-0.569078,3.013355,0.763273,-0.024168,Broad reduced-DF frame
454,True,13,38,-4.623385,-0.236179,3.327613,1.023544,-1.503465,Broad reduced-DF frame
455,True,14,32,-6.022474,-0.399899,2.673259,0.862461,-0.522875,Broad reduced-DF frame
456,True,14,36,-6.983339,-0.120958,2.61112,0.384731,-0.270397,Broad reduced-DF frame
457,True,14,31,-4.656231,-0.480948,3.385255,0.895442,-1.315595,Broad reduced-DF frame
458,True,13,38,-4.900466,-0.499002,2.806699,0.775522,-0.893513,Broad reduced-DF frame
459,True,13,33,-5.471049,0.021799,2.625194,0.848054,-1.163527,Broad reduced-DF frame
460,True,14,30,-4.147934,-0.45743,2.358411,0.736567,-1.178239,Broad reduced-DF frame
461,True,16,30,-8.440574,-0.41187,2.786979,0.329101,0.523538,Broad reduced-DF frame
462,True,13,38,-4.716699,-0.449986,2.736038,0.914981,-1.001646,Broad reduced-DF frame
463,True,14,36,-6.552208,-0.488403,3.161144,0.6054,-0.304914,Broad reduced-DF frame
464,True,14,34,-6.539041,-0.403479,2.35941,0.401948,-0.120507,Broad reduced-DF frame
465,True,14,33,-7.069447,-0.377266,2.921774,0.51213,-0.142462,Broad reduced-DF frame
466,True,15,30,-6.594553,-0.284219,3.066662,0.964843,-0.545743,Broad reduced-DF frame
467,True,14,31,-6.703927,-0.599539,3.921963,0.929241,-0.568192,Broad reduced-DF frame
468,True,14,32,-6.385673,-0.481171,3.01676,0.386506,-0.342992,Broad reduced-DF frame
469,True,13,36,-5.810529,-0.371601,3.017758,0.847836,-0.701889,Broad reduced-DF frame
470,True,13,43,-4.399731,-0.394237,2.977949,0.603624,-1.241757,Broad reduced-DF frame
471,True,14,34,-6.550161,-0.423892,2.847879,0.656369,-0.297184,Broad reduced-DF frame
472,True,14,46,-6.959362,-0.302996,3.118625,0.499163,-0.205507,Broad reduced-DF frame
473,True,13,42,-4.734988,-0.298676,2.445857,0.876981,-1.00129,Broad reduced-DF frame
474,True,14,34,-5.412254,-0.446488,3.199193,0.713115,-0.931985,Broad reduced-DF frame
475,True,14,31,-5.242266,-0.683555,3.476074,1.062078,-0.900925,Broad reduced-DF frame
476,True,13,37,-5.564823,-0.33773,2.833434,0.943162,-0.769623,Broad reduced-DF frame
477,True,14,32,-5.912994,-0.603584,2.997104,0.939744,-0.521419,Broad reduced-DF frame
478,True,14,27,-5.31033,-0.152102,3.08172,0.920672,-1.327909,Broad reduced-DF frame
479,True,14,37,-6.329502,-0.035545,3.011398,0.504871,-0.79596,Broad reduced-DF frame
480,True,13,39,-6.194647,-0.587823,3.186988,0.673557,-0.348293,Broad reduced-DF frame
481,True,14,36,-6.218412,-0.446933,2.782976,0.453074,-0.337851,Broad reduced-DF frame
482,True,14,35,-6.442926,-0.068156,2.573508,0.644086,-0.545508,Broad reduced-DF frame
483,True,16,37,-8.680807,-0.313925,2.170679,0.022807,0.84426,Broad reduced-DF frame
484,True,13,43,-5.900506,-0.418897,3.168693,0.654994,-0.596058,Broad reduced-DF frame
485,True,13,44,-5.941737,-0.126315,2.838323,0.547713,-0.770238,Broad reduced-DF frame
486,True,13,34,-4.597741,-0.159984,2.588524,0.814243,-1.304177,Broad reduced-DF frame
487,True,15,28,-7.151857,-0.383574,2.815646,0.740833,-0.178607,Broad reduced-DF frame
488,True,14,37,-4.781519,-0.525388,2.870733,0.829488,-0.972662,Broad reduced-DF frame
489,True,14,30,-6.094427,-0.394544,2.580088,0.92569,-0.491478,Broad reduced-DF frame
490,True,13,39,-5.545039,-0.352009,2.713421,0.809006,-0.70586,Broad reduced-DF frame
491,True,13,37,-4.299638,-0.33492,2.517305,0.840337,-1.171207,Broad reduced-DF frame
492,True,13,39,-6.750005,-0.073414,2.782894,0.233197,-0.460791,Broad reduced-DF frame
493,True,14,35,-6.320328,-0.484634,2.89251,0.83332,-0.394228,Broad reduced-DF frame
494,True,14,29,-7.838066,-0.250542,3.201469,0.445492,-0.061688,Broad reduced-DF frame
495,True,15,36,-8.165024,-0.252524,3.982677,0.576125,-0.1866,Broad reduced-DF frame
496,True,15,31,-7.423547,-0.31199,3.307925,0.482329,-0.243138,Broad reduced-DF frame
497,True,15,32,-6.746048,-0.568749,3.197237,0.580077,-0.213374,Broad reduced-DF frame
498,True,13,41,-4.598153,-0.300993,3.055695,0.749312,-1.280433,Broad reduced-DF frame
499,True,17,29,-10.574816,-0.867309,3.74957,0.064373,1.517336,Broad reduced-DF frame
500,True,14,39,-7.049816,-0.357193,2.917906,0.319991,-0.100417,Broad reduced-DF frame
501,True,14,31,-5.738911,-0.033392,2.64461,0.993407,-1.011742,Broad reduced-DF frame
502,True,14,35,-5.234234,-0.564655,3.275054,0.873298,-0.828558,Broad reduced-DF frame
503,True,15,30,-9.016026,-0.601415,2.935608,0.063904,0.923808,Broad reduced-DF frame
504,True,14,40,-7.335309,-0.091783,2.421391,0.334044,-0.045541,Broad reduced-DF frame
505,True,13,35,-5.233087,-0.171681,2.806043,1.214305,-1.195467,Broad reduced-DF frame
506,True,14,34,-6.273061,-0.016487,3.134433,0.846212,-0.917711,Broad reduced-DF frame
507,True,14,36,-3.477314,-0.444125,3.671141,1.24739,-1.970035,Broad reduced-DF frame
508,True,15,30,-8.679009,0.039893,2.595475,0.110887,0.204358,Broad reduced-DF frame
509,True,14,31,-3.380803,-0.510943,3.158253,1.30307,-1.798558,Broad reduced-DF frame
510,True,13,41,-6.21757,-0.674511,3.456508,0.700794,-0.352804,Broad reduced-DF frame
511,True,13,33,-5.223839,-0.472597,2.659228,0.803847,-0.76929,Broad reduced-DF frame
512,True,13,39,-5.213679,-0.533176,2.150156,0.699099,-0.472518,Broad reduced-DF frame
513,True,16,24,-7.79335,-0.177356,2.631983,0.263248,-0.060396,Broad reduced-DF frame
514,True,12,45,-4.508376,-0.170194,2.693406,1.004885,-1.28435,Broad reduced-DF frame
515,True,15,37,-8.915242,-0.517311,2.468077,0.150655,1.029466,Broad reduced-DF frame
516,True,14,35,-5.404047,-0.555285,2.464727,0.739045,-0.513877,Broad reduced-DF frame
517,True,13,38,-5.246334,-0.32479,2.514307,0.628656,-0.752417,Broad reduced-DF frame
518,True,15,42,-9.080154,-0.329482,2.680529,0.210943,0.845789,Broad reduced-DF frame
519,True,14,29,-5.697911,-0.529517,2.667899,0.893053,-0.57405,Broad reduced-DF frame
520,True,13,40,-5.797447,-0.328773,2.263932,0.610677,-0.425907,Broad reduced-DF frame
521,True,14,35,-6.071889,-0.39487,2.66604,0.517381,-0.443614,Broad reduced-DF frame
522,True,14,40,-5.963089,-0.210377,2.816277,0.633041,-0.669266,Broad reduced-DF frame
523,True,14,33,-5.186681,-0.542856,2.941311,0.763338,-0.80998,Broad reduced-DF frame
524,True,14,40,-6.499976,-0.42429,2.838638,0.462525,-0.211146,Broad reduced-DF frame
525,True,13,39,-4.552772,-0.10343,2.778461,0.82668,-1.407629,Broad reduced-DF frame
526,True,14,42,-6.749591,-0.366011,2.840712,0.344609,-0.135199,Broad reduced-DF frame
527,True,13,35,-4.676777,-0.274825,2.805042,0.682133,-1.242918,Broad reduced-DF frame
528,True,13,44,-4.697603,-0.406998,2.719115,0.760508,-0.983364,Broad reduced-DF frame
529,True,14,35,-5.553454,-0.137229,2.761484,0.823344,-0.968675,Broad reduced-DF frame
530,True,13,47,-7.098292,-0.428378,2.822075,0.264137,0.135021,Broad reduced-DF frame
531,True,13,34,-5.6361,-0.290107,2.914621,0.970006,-0.874736,Broad reduced-DF frame
532,True,14,32,-4.901242,-0.528061,2.936867,0.770868,-0.960918,Broad reduced-DF frame
533,True,13,46,-6.618919,-0.49566,2.731527,0.623901,-0.055959,Broad reduced-DF frame
534,True,13,33,-5.282056,-0.438796,2.687611,0.68712,-0.764213,Broad reduced-DF frame
535,True,15,23,-7.083919,-0.094716,2.828093,0.914934,-0.567647,Broad reduced-DF frame
536,True,14,32,-6.970748,-0.585119,2.850935,0.303366,0.094616,Broad reduced-DF frame
537,True,13,37,-4.758624,-0.072053,2.504995,0.807683,-1.269638,Broad reduced-DF frame
538,True,14,34,-5.81512,-0.403002,3.259441,0.632608,-0.785131,Broad reduced-DF frame
539,True,13,36,-3.718576,-0.347911,3.120601,0.763839,-1.725451,Broad reduced-DF frame
540,True,14,41,-6.679466,-0.194929,2.637217,0.490685,-0.293988,Broad reduced-DF frame
541,True,15,27,-6.854427,-0.319019,2.073682,0.350353,-0.052237,Broad reduced-DF frame
542,True,14,33,-4.375577,-0.607895,2.658978,0.953702,-1.039448,Broad reduced-DF frame
543,True,17,24,-9.455934,-0.115233,2.357719,0.102311,0.726283,Broad reduced-DF frame
544,True,16,25,-7.351518,-0.313357,3.288457,0.644492,-0.340258,Broad reduced-DF frame
545,True,15,36,-9.226346,-0.547263,2.975462,-0.006629,0.997882,Broad reduced-DF frame
546,True,14,35,-6.244739,-0.148233,2.803428,0.579042,-0.650295,Broad reduced-DF frame
547,True,14,30,-6.061377,-0.648924,3.38893,0.589338,-0.557898,Broad reduced-DF frame
548,True,14,32,-5.39932,-0.358402,2.661732,0.677864,-0.81446,Broad reduced-DF frame
549,True,13,30,-5.906885,0.118933,2.192925,0.712331,-0.937697,Broad reduced-DF frame
550,True,14,39,-6.624984,-0.324655,2.669941,0.251548,-0.200905,Broad reduced-DF frame
551,True,13,39,-4.864373,-0.248977,3.178898,1.172622,-1.294606,Broad reduced-DF frame
552,True,13,40,-5.392741,0.01221,2.510976,0.663936,-1.02818,Broad reduced-DF frame
553,True,15,33,-9.103982,-0.520057,2.984834,0.026415,0.874968,Broad reduced-DF frame
554,True,13,47,-6.549468,-0.070989,2.656114,0.719556,-0.458983,Broad reduced-DF frame
555,True,13,33,-4.545651,-0.259342,2.926073,0.862833,-1.35028,Broad reduced-DF frame
556,True,15,29,-6.807332,-0.385464,2.840281,1.322013,-0.464175,Broad reduced-DF frame
557,True,15,31,-7.753706,-0.40641,2.970405,0.376514,0.147737,Broad reduced-DF frame
558,True,15,27,-8.94469,-0.848739,3.157315,-0.01152,0.932369,Broad reduced-DF frame
559,True,15,31,-8.191842,-0.31292,2.820583,0.284754,0.311458,Broad reduced-DF frame
560,True,14,31,-7.641449,-0.17129,3.141062,0.650415,-0.210066,Broad reduced-DF frame
561,True,13,41,-5.686543,-0.719751,2.738712,0.549572,-0.257456,Broad reduced-DF frame
562,True,14,34,-4.90004,-0.217317,2.760139,0.762145,-1.136752,Broad reduced-DF frame
563,True,13,37,-5.24024,-0.422406,2.431498,0.846199,-0.701987,Broad reduced-DF frame
564,True,13,30,-6.284742,-0.17629,2.060497,0.591734,-0.404504,Broad reduced-DF frame
565,True,15,29,-6.00165,-0.122794,3.415451,0.671995,-1.119956,Broad reduced-DF frame
566,True,14,28,-5.152379,-0.610162,2.736261,0.814393,-0.785654,Broad reduced-DF frame
567,True,14,38,-5.75263,-0.468904,2.117667,0.508243,-0.296975,Broad reduced-DF frame
568,True,13,30,-4.306789,-0.063493,2.292148,1.231247,-1.532448,Broad reduced-DF frame
569,True,13,39,-4.967636,-0.272789,2.786066,0.624071,-1.039411,Broad reduced-DF frame
570,True,14,46,-7.830959,-0.419432,2.717488,0.378321,0.446793,Broad reduced-DF frame
571,True,15,30,-6.754849,-0.19603,2.318756,0.606677,-0.280433,Broad reduced-DF frame
572,True,15,32,-8.481752,-0.457793,2.723444,0.321312,0.59685,Broad reduced-DF frame
573,True,14,34,-5.68399,-0.342966,3.055837,0.887534,-0.852619,Broad reduced-DF frame
574,True,14,39,-7.31577,-0.382541,2.239444,0.365249,0.284939,Broad reduced-DF frame
575,True,14,32,-6.770876,-0.066377,2.434742,0.867557,-0.437531,Broad reduced-DF frame
576,True,13,41,-5.799805,0.011453,2.367839,0.791877,-0.841774,Broad reduced-DF frame
577,True,13,32,-4.963348,-0.134983,2.935617,0.690947,-1.314297,Broad reduced-DF frame
578,True,16,28,-8.489143,-0.357458,2.549928,0.581948,0.46202,Broad reduced-DF frame
579,True,14,34,-6.923125,-0.412963,2.502614,0.446081,0.003892,Broad reduced-DF frame
580,True,14,32,-5.860717,-0.228066,2.69956,0.71211,-0.729019,Broad reduced-DF frame
581,True,13,46,-3.935143,-0.293711,2.932031,0.772567,-1.479765,Broad reduced-DF frame
582,True,13,33,-5.626626,-0.21865,2.201545,0.829115,-0.671007,Broad reduced-DF frame
583,True,15,34,-8.780875,-0.237023,2.77673,0.004284,0.546743,Broad reduced-DF frame
584,True,14,34,-5.791111,-0.226891,2.937811,0.781057,-0.807285,Broad reduced-DF frame
585,True,16,30,-8.961833,-0.231945,2.655287,0.030209,0.612677,Broad reduced-DF frame
586,True,13,29,-5.144579,0.051415,2.54973,0.730179,-1.360333,Broad reduced-DF frame
587,True,14,30,-6.28595,-0.379542,3.336317,0.767651,-0.678874,Broad reduced-DF frame
588,True,14,37,-7.077996,-0.612438,3.091657,0.434828,0.060301,Broad reduced-DF frame
589,True,14,38,-7.786111,-0.037119,2.458706,0.274597,0.060372,Broad reduced-DF frame
590,True,14,39,-6.307356,-0.109129,2.525811,0.542503,-0.518008,Broad reduced-DF frame
591,True,15,28,-5.922241,-0.560782,3.20296,0.808503,-0.670624,Broad reduced-DF frame
592,True,16,32,-9.259785,-0.340861,3.703382,0.410069,0.433181,Broad reduced-DF frame
593,True,14,28,-5.144275,-0.223226,3.314735,1.155614,-1.372854,Broad reduced-DF frame
594,True,14,37,-6.288472,-0.730982,3.048699,0.391572,-0.16229,Broad reduced-DF frame
595,True,14,30,-6.438118,-0.49682,2.681406,0.81804,-0.270281,Broad reduced-DF frame
596,True,14,40,-6.281235,-0.476776,3.336487,0.605434,-0.464685,Broad reduced-DF frame
597,True,13,38,-6.23199,-0.207508,2.469019,0.466708,-0.430036,Broad reduced-DF frame
598,True,14,30,-5.67604,-0.248314,2.998103,1.013411,-0.998525,Broad reduced-DF frame
599,True,16,25,-8.091837,-0.612502,2.729296,0.318606,0.495609,Broad reduced-DF frame
600,True,14,25,-6.681425,-0.383878,2.509448,0.390267,-0.229422,Broad reduced-DF frame
601,True,13,42,-5.493403,-0.309815,2.890052,1.032741,-0.828395,Broad reduced-DF frame
602,True,14,31,-5.485875,-0.681278,2.790189,0.626708,-0.516071,Broad reduced-DF frame
603,True,15,19,-3.922298,-0.718942,3.686702,0.999954,-1.747747,Broad reduced-DF frame
604,True,14,36,-5.843669,-0.445592,2.789443,0.531875,-0.530959,Broad reduced-DF frame
605,True,15,24,-5.240513,-0.477299,4.095274,1.276426,-1.467477,Broad reduced-DF frame
606,True,13,32,-4.625777,-0.299361,2.819863,1.035062,-1.27059,Broad reduced-DF frame
607,True,14,25,-5.443047,-0.590945,2.712662,0.542164,-0.645824,Broad reduced-DF frame
608,True,13,61,-6.49817,-0.355842,2.476226,0.780383,-0.044442,Broad reduced-DF frame
609,True,14,43,-6.201673,-0.415861,3.018,0.659988,-0.436104,Broad reduced-DF frame
610,True,14,38,-5.926142,-0.285604,2.303756,0.739747,-0.454564,Broad reduced-DF frame
611,True,14,33,-6.07994,-0.395148,2.362074,0.432898,-0.341662,Broad reduced-DF frame
612,True,14,25,-5.050091,-0.309438,2.646561,1.035343,-1.128238,Broad reduced-DF frame
613,True,17,28,-10.900911,-0.361098,3.056818,-0.252926,1.442844,Broad reduced-DF frame
614,True,13,45,-5.523296,-0.470064,2.478722,0.554401,-0.422883,Broad reduced-DF frame
615,True,13,39,-6.127816,-0.335582,3.24565,0.985899,-0.693734,Broad reduced-DF frame
616,True,17,34,-9.567111,-0.048405,3.163815,0.114694,0.551609,Broad reduced-DF frame
617,True,13,42,-5.123954,-0.080946,3.072772,0.730567,-1.265484,Broad reduced-DF frame
618,True,14,30,-4.989021,-0.748654,2.821204,0.657793,-0.761055,Broad reduced-DF frame
619,True,14,29,-5.508825,-0.551847,2.293057,0.658133,-0.459585,Broad reduced-DF frame
620,True,13,39,-4.92989,-0.285673,2.512828,0.817505,-0.944831,Broad reduced-DF frame
621,True,13,40,-5.109075,-0.324474,2.663832,0.987582,-0.934501,Broad reduced-DF frame
622,True,13,40,-5.882818,-0.530693,3.28091,0.627957,-0.520397,Broad reduced-DF frame
623,True,13,37,-4.925811,-0.046032,2.669305,0.902865,-1.283864,Broad reduced-DF frame
624,True,13,39,-7.036793,-0.33371,2.702641,0.53799,-0.01325,Broad reduced-DF frame
625,True,13,46,-6.50681,-0.070595,2.517941,0.758901,-0.438869,Broad reduced-DF frame
626,True,14,39,-7.418968,-0.38771,2.879399,0.65624,0.091243,Broad reduced-DF frame
627,True,14,37,-7.62036,-0.384499,2.621662,0.200875,0.319087,Broad reduced-DF frame
628,True,14,31,-6.178755,-0.204817,2.295866,1.030842,-0.584502,Broad reduced-DF frame
629,True,13,35,-4.498547,-0.255745,2.781071,0.931729,-1.358865,Broad reduced-DF frame
630,True,14,27,-5.569709,-0.53163,3.267235,0.971931,-0.88573,Broad reduced-DF frame
631,True,13,49,-6.625844,-0.399282,2.869959,0.383561,-0.095017,Broad reduced-DF frame
632,True,14,33,-6.918435,-0.114382,2.630895,0.421885,-0.379474,Broad reduced-DF frame
633,True,14,34,-5.913758,-0.469672,2.314778,0.564331,-0.336969,Broad reduced-DF frame
634,True,14,34,-6.569944,-0.545898,3.292837,0.73507,-0.341865,Broad reduced-DF frame
635,True,15,41,-8.872672,-0.265569,3.526835,0.111709,0.412682,Broad reduced-DF frame
636,True,13,34,-4.381395,-0.216021,2.535706,1.128412,-1.367664,Broad reduced-DF frame
637,True,13,38,-6.39348,-0.008299,1.835414,0.557863,-0.342856,Broad reduced-DF frame
638,True,15,28,-6.146996,-0.768079,3.648079,0.880741,-0.53511,Broad reduced-DF frame
639,True,16,27,-8.368976,-0.717401,2.957924,0.382045,0.624357,Broad reduced-DF frame
640,True,15,36,-8.786399,-0.739905,3.294805,0.163549,0.874588,Broad reduced-DF frame
641,True,14,29,-6.270656,-0.331517,2.850405,0.609526,-0.520611,Broad reduced-DF frame
642,True,14,26,-5.800206,-0.315809,3.306807,0.775519,-1.056934,Broad reduced-DF frame
643,True,13,40,-4.987387,-0.634525,2.614183,0.647298,-0.601533,Broad reduced-DF frame
644,True,15,29,-7.736167,-0.320967,1.845324,0.188446,0.454695,Broad reduced-DF frame
645,True,13,38,-5.045814,-0.474105,3.610189,0.943428,-1.18334,Broad reduced-DF frame
646,True,14,33,-6.17376,-0.1342,3.014353,0.759038,-0.794718,Broad reduced-DF frame
647,True,13,39,-5.356211,-0.685509,3.065127,0.696967,-0.614683,Broad reduced-DF frame
648,True,15,35,-7.76941,-0.278879,2.341225,0.494363,0.269366,Broad reduced-DF frame
649,True,15,30,-7.403224,-0.198739,2.715511,0.216548,-0.123924,Broad reduced-DF frame
650,True,14,33,-6.74424,-0.256255,2.547922,0.876316,-0.317654,Broad reduced-DF frame
651,True,18,24,-10.919388,-0.476646,3.173417,-0.249076,1.428919,Broad reduced-DF frame
652,True,15,32,-7.703864,0.023123,2.623453,0.453071,-0.17112,Broad reduced-DF frame
653,True,14,31,-6.561809,-0.164252,2.717699,0.552504,-0.527928,Broad reduced-DF frame
654,True,14,38,-7.19761,-0.06518,2.644327,0.367384,-0.200412,Broad reduced-DF frame
655,True,14,33,-6.363992,-0.2396,2.901187,0.531411,-0.5603,Broad reduced-DF frame
656,True,14,32,-6.381798,-0.226475,2.971062,0.856072,-0.63709,Broad reduced-DF frame
657,True,15,23,-6.56908,-0.241611,3.126357,0.661005,-0.694772,Broad reduced-DF frame
658,True,14,33,-6.091866,-0.325626,2.921072,0.758344,-0.607986,Broad reduced-DF frame
659,True,15,33,-8.683794,-0.399414,2.322444,0.065017,0.840145,Broad reduced-DF frame
660,True,14,32,-4.531517,-0.430275,2.529221,0.858416,-1.081862,Broad reduced-DF frame
661,True,16,36,-7.807726,-0.039324,2.461937,0.305783,0.076307,Broad reduced-DF frame
662,True,14,39,-6.394012,-0.196613,2.858741,0.945586,-0.591803,Broad reduced-DF frame
663,True,15,31,-6.30872,-0.178185,2.963576,0.473567,-0.715623,Broad reduced-DF frame
664,True,13,46,-6.072658,-0.22779,2.757923,0.706505,-0.547759,Broad reduced-DF frame
665,True,15,30,-6.577298,-0.136963,2.554902,0.588992,-0.493477,Broad reduced-DF frame
666,True,14,32,-5.330124,-0.385458,2.907199,0.68893,-0.924041,Broad reduced-DF frame
667,True,15,34,-9.583005,-0.446162,2.843284,0.064674,1.084266,Broad reduced-DF frame
668,True,14,44,-6.851316,-0.544813,3.258216,0.485833,-0.104894,Broad reduced-DF frame
669,True,14,29,-4.184938,-0.424191,2.763573,1.163136,-1.384566,Broad reduced-DF frame
670,True,14,29,-4.557573,0.02906,2.593905,1.134808,-1.68282,Broad reduced-DF frame
671,True,13,37,-5.00445,-0.409284,2.48134,0.627288,-0.790956,Broad reduced-DF frame
672,True,17,29,-8.370144,-0.350319,2.697246,0.475555,0.422911,Broad reduced-DF frame
673,True,15,25,-6.424471,-0.345756,2.749755,0.802315,-0.507369,Broad reduced-DF frame
674,True,13,33,-4.195295,-0.072859,2.646406,0.834772,-1.62653,Broad reduced-DF frame
675,True,14,34,-5.617914,-0.682388,3.697763,0.894797,-0.839075,Broad reduced-DF frame
676,True,13,35,-5.418334,-0.475311,2.945238,0.768319,-0.78845,Broad reduced-DF frame
677,True,15,28,-6.766766,-0.189464,2.671834,0.529715,-0.402116,Broad reduced-DF frame
678,True,13,33,-5.61933,-0.181329,2.942185,1.193287,-1.027137,Broad reduced-DF frame
679,True,13,39,-3.783899,-0.243359,2.913626,1.085553,-1.66209,Broad reduced-DF frame
680,True,13,43,-5.81239,-0.058732,2.578154,0.527139,-0.738869,Broad reduced-DF frame
681,True,14,37,-4.940222,-0.570688,3.415549,0.847033,-1.037187,Broad reduced-DF frame
682,True,14,36,-6.231032,-0.261071,2.355937,0.577599,-0.362853,Broad reduced-DF frame
683,True,13,28,-4.980982,0.023378,2.602252,1.105978,-1.477792,Broad reduced-DF frame
684,True,14,30,-5.636353,-0.264978,2.522454,0.769816,-0.747442,Broad reduced-DF frame
685,True,16,35,-11.547765,-0.216153,3.024999,-0.606924,1.592611,Broad reduced-DF frame
686,True,13,38,-5.341432,-0.420561,2.65918,0.874638,-0.71399,Broad reduced-DF frame
687,True,15,34,-8.385865,-0.096605,2.438355,0.266335,0.357374,Broad reduced-DF frame
688,True,16,38,-9.665187,-0.478595,2.873469,-0.119237,1.205916,Broad reduced-DF frame
689,True,13,38,-4.874947,-0.34066,2.489536,0.968208,-0.950147,Broad reduced-DF frame
690,True,13,38,-5.846527,-0.392452,2.694794,0.609229,-0.487301,Broad reduced-DF frame
691,True,14,31,-4.903883,-0.506712,3.49501,0.898148,-1.295613,Broad reduced-DF frame
692,True,14,39,-6.437729,-0.415224,2.911873,0.555094,-0.320839,Broad reduced-DF frame
693,True,13,40,-4.622317,-0.456758,3.05682,1.071226,-1.125564,Broad reduced-DF frame
694,True,13,43,-6.088484,-0.136755,2.44793,0.372313,-0.513415,Broad reduced-DF frame
695,True,14,26,-6.915372,-0.387098,2.49833,0.685743,-0.133607,Broad reduced-DF frame
696,True,14,27,-6.795768,-0.670942,3.181604,0.607289,-0.133022,Broad reduced-DF frame
697,True,14,29,-5.204707,-0.232834,2.771876,0.999435,-1.112609,Broad reduced-DF frame
698,True,13,43,-5.856027,-0.350573,3.150044,0.65301,-0.694974,Broad reduced-DF frame
699,True,15,31,-8.25971,-0.314738,2.938166,0.316374,0.307458,Broad reduced-DF frame
700,True,14,36,-6.551816,-0.387227,2.755171,0.606101,-0.25756,Broad reduced-DF frame
701,True,13,37,-4.516887,-0.445143,3.067573,0.955136,-1.200986,Broad reduced-DF frame
702,True,14,34,-5.953787,-0.33944,2.677742,0.647357,-0.587932,Broad reduced-DF frame
703,True,14,31,-4.804209,-0.274212,2.80465,0.848357,-1.242837,Broad reduced-DF frame
704,True,13,37,-4.169267,-0.209209,2.546552,0.947938,-1.400831,Broad reduced-DF frame
705,True,14,44,-7.60053,-0.707604,2.8055,0.356573,0.558823,Broad reduced-DF frame
706,True,15,26,-6.726386,-0.292347,2.810599,0.718406,-0.475091,Broad reduced-DF frame
707,True,14,43,-8.665289,-0.372258,3.300275,0.168307,0.519357,Broad reduced-DF frame
708,True,14,37,-6.488531,0.039033,2.845425,0.432714,-0.721645,Broad reduced-DF frame
709,True,13,32,-4.335108,-0.393967,2.759869,0.889437,-1.278077,Broad reduced-DF frame
710,True,12,44,-5.170009,0.109449,2.24363,0.85909,-1.151699,Broad reduced-DF frame
711,True,15,25,-5.065543,-0.681726,3.543972,0.760914,-1.090922,Broad reduced-DF frame
712,True,13,37,-4.257232,-0.040268,2.36794,0.981728,-1.458416,Broad reduced-DF frame
713,True,14,41,-7.932734,-0.49162,2.670052,0.18022,0.555343,Broad reduced-DF frame
714,True,15,24,-7.273536,-0.342792,1.943179,0.11718,0.147139,Broad reduced-DF frame
715,True,15,41,-8.361337,-0.206994,3.113187,0.241835,0.304866,Broad reduced-DF frame
716,True,13,35,-4.640589,-0.468786,2.2405,0.721155,-0.852935,Broad reduced-DF frame
717,True,13,40,-6.008657,-0.549285,3.614336,0.783313,-0.662174,Broad reduced-DF frame
718,True,14,24,-6.436191,-0.586266,3.094385,0.618304,-0.408437,Broad reduced-DF frame
719,True,13,31,-4.187433,0.024664,2.735808,1.102876,-1.791387,Broad reduced-DF frame
720,True,14,33,-7.625369,-0.525898,3.405086,0.71008,0.077096,Broad reduced-DF frame
721,True,14,32,-7.230628,-0.367078,3.315118,0.792631,-0.26488,Broad reduced-DF frame
722,True,14,32,-6.121708,-0.341647,2.744338,0.253489,-0.527904,Broad reduced-DF frame
723,True,13,37,-5.397473,-0.46078,3.320632,0.843472,-0.926587,Broad reduced-DF frame
724,True,12,46,-4.55159,0.16845,2.359901,0.966116,-1.501284,Broad reduced-DF frame
725,True,13,42,-4.207904,-0.083364,2.759939,1.10935,-1.556382,Broad reduced-DF frame
726,True,13,33,-4.519101,0.171641,2.706081,1.083681,-1.829746,Broad reduced-DF frame
727,True,14,35,-6.838851,-0.347322,2.921867,0.46301,-0.270125,Broad reduced-DF frame
728,True,17,30,-12.446829,0.10498,2.345621,-0.45401,1.881012,Broad reduced-DF frame
729,True,14,35,-4.437562,-0.808948,3.229363,0.917867,-0.990729,Broad reduced-DF frame
730,True,13,42,-4.196115,-0.186132,2.321906,0.821609,-1.292116,Broad reduced-DF frame
731,True,13,39,-5.531242,-0.271608,2.858636,0.844288,-0.815998,Broad reduced-DF frame
732,True,13,40,-4.651103,-0.508784,2.810369,0.859405,-0.981158,Broad reduced-DF frame
733,True,15,21,-4.280589,-0.487164,2.607442,0.714616,-1.355649,Broad reduced-DF frame
734,True,14,29,-6.554019,-0.037364,3.061322,0.655952,-0.829454,Broad reduced-DF frame
735,True,13,34,-4.75847,-0.311231,2.599663,0.899901,-1.112756,Broad reduced-DF frame
736,True,16,27,-8.292249,-0.606064,3.205283,0.676584,0.350165,Broad reduced-DF frame
737,True,12,48,-5.138617,-0.555731,2.533516,0.523762,-0.485349,Broad reduced-DF frame
738,True,13,51,-5.479124,-0.746396,3.444749,0.813985,-0.49007,Broad reduced-DF frame
739,True,16,31,-10.254692,-0.457787,2.627803,0.014701,1.355631,Broad reduced-DF frame
740,True,13,36,-4.956923,-0.256303,3.240375,1.074215,-1.291159,Broad reduced-DF frame
741,True,13,42,-5.309095,-0.32821,2.394846,0.678128,-0.652377,Broad reduced-DF frame
742,True,14,31,-6.293139,-0.500193,2.249974,0.495555,-0.137853,Broad reduced-DF frame
743,True,15,33,-7.553862,-0.496749,2.703338,0.318488,0.286282,Broad reduced-DF frame
744,True,13,39,-5.793351,0.208041,1.875117,0.660709,-0.855838,Broad reduced-DF frame
745,True,15,32,-6.811738,-0.595548,3.118999,0.606534,-0.149154,Broad reduced-DF frame
746,True,12,51,-3.938083,-0.266006,2.818751,1.056457,-1.424529,Broad reduced-DF frame
747,True,14,37,-8.075642,-0.529227,2.535571,0.085293,0.650895,Broad reduced-DF frame
748,True,14,32,-5.360661,-0.336513,2.80477,0.792433,-0.8789,Broad reduced-DF frame
749,True,13,36,-4.520429,-0.397092,3.021477,0.798175,-1.261442,Broad reduced-DF frame
750,True,14,35,-6.091266,-0.274195,2.549763,0.682392,-0.521693,Broad reduced-DF frame
751,True,13,40,-6.696264,-0.270044,3.008843,0.447237,-0.325915,Broad reduced-DF frame
752,True,13,37,-5.394949,-0.219516,2.676839,0.842794,-0.900746,Broad reduced-DF frame
753,True,14,28,-4.480871,-0.217645,3.00336,0.946518,-1.538644,Broad reduced-DF frame
754,True,14,37,-7.722749,-0.493881,2.59365,0.202622,0.447678,Broad reduced-DF frame
755,True,14,30,-8.061116,-0.947713,3.561913,0.656685,0.519926,Broad reduced-DF frame
756,True,13,34,-5.57945,-0.232216,2.754836,0.588618,-0.84881,Broad reduced-DF frame
757,True,14,36,-5.666911,-0.586421,2.747289,0.557986,-0.445241,Broad reduced-DF frame
758,True,13,39,-6.51025,-0.52848,2.590316,0.463464,-0.054752,Broad reduced-DF frame
759,True,13,38,-5.727105,0.097784,2.663728,0.685247,-1.052448,Broad reduced-DF frame
760,True,13,44,-6.894257,-0.121048,2.546883,0.70986,-0.243537,Broad reduced-DF frame
761,True,14,27,-4.800805,-0.566508,3.571952,1.161914,-1.32061,Broad reduced-DF frame
762,True,14,33,-5.644121,-0.411574,4.394955,1.160941,-1.334441,Broad reduced-DF frame
763,True,13,28,-4.452436,0.201564,1.977824,0.863821,-1.598669,Broad reduced-DF frame
764,True,15,36,-8.003011,-0.08426,2.457548,0.603966,0.122561,Broad reduced-DF frame
765,True,15,35,-9.4571,-0.204409,3.335755,0.027447,0.61706,Broad reduced-DF frame
766,True,13,35,-4.690938,0.21705,2.384592,0.856974,-1.631888,Broad reduced-DF frame
767,True,13,40,-6.831818,-0.559601,3.372971,0.606393,-0.159049,Broad reduced-DF frame
768,True,13,34,-5.410473,-0.390745,2.589457,0.843969,-0.727941,Broad reduced-DF frame
769,True,13,46,-5.901759,-0.321401,2.869628,0.883195,-0.57098,Broad reduced-DF frame
770,True,13,36,-5.22944,-0.346578,2.639446,0.793012,-0.832373,Broad reduced-DF frame
771,True,13,38,-6.164192,-0.073272,2.365705,0.463673,-0.550953,Broad reduced-DF frame
772,True,15,37,-8.732591,-0.560994,2.597306,0.223997,0.941169,Broad reduced-DF frame
773,True,15,34,-7.60263,-0.112401,2.557047,0.137434,-0.014036,Broad reduced-DF frame
774,True,14,33,-6.769173,-0.263599,2.89963,0.256159,-0.386204,Broad reduced-DF frame
775,True,14,35,-5.855411,-0.24476,2.784972,0.872158,-0.747405,Broad reduced-DF frame
776,True,14,32,-5.003496,-0.3393,2.595075,0.687191,-0.970857,Broad reduced-DF frame
777,True,14,35,-7.794894,-0.932816,2.797882,0.391355,0.767228,Broad reduced-DF frame
778,True,13,42,-4.70438,-0.380244,3.005927,0.889611,-1.09213,Broad reduced-DF frame
779,True,14,41,-7.498082,-0.215567,2.641525,0.225158,0.080883,Broad reduced-DF frame
780,True,12,47,-4.704262,-0.467302,2.3262,0.868075,-0.756521,Broad reduced-DF frame
781,True,14,37,-7.340442,-0.291141,3.012095,0.783735,-0.148597,Broad reduced-DF frame
782,True,14,29,-5.722323,-0.140392,2.312919,0.73875,-0.800988,Broad reduced-DF frame
783,True,14,40,-5.878295,0.099813,3.166581,0.689013,-1.185525,Broad reduced-DF frame
784,True,14,34,-6.408065,-0.353748,3.381788,0.995884,-0.671283,Broad reduced-DF frame
785,True,13,36,-4.103576,-0.323256,2.366064,0.856458,-1.247616,Broad reduced-DF frame
786,True,13,33,-4.7166,-0.133951,2.689279,1.034505,-1.385694,Broad reduced-DF frame
787,True,14,29,-5.154642,-0.485137,2.635339,0.818471,-0.811264,Broad reduced-DF frame
788,True,13,38,-5.060376,-0.129418,2.991211,0.851712,-1.245824,Broad reduced-DF frame
789,True,15,42,-8.169522,-0.324775,2.888674,0.246457,0.406887,Broad reduced-DF frame
790,True,14,34,-4.980958,-0.588069,3.610461,1.183216,-1.121641,Broad reduced-DF frame
791,True,14,28,-5.580674,-0.24165,3.523123,1.168162,-1.298839,Broad reduced-DF frame
792,True,13,42,-7.259411,-0.198567,3.100628,0.714638,-0.22584,Broad reduced-DF frame
793,True,13,43,-6.300127,-0.191308,2.557005,0.771695,-0.435432,Broad reduced-DF frame
794,True,15,41,-8.54372,-0.499699,3.315858,0.721152,0.510751,Broad reduced-DF frame
795,True,14,35,-6.164974,-0.44117,3.126838,0.478011,-0.50174,Broad reduced-DF frame
796,True,14,34,-7.528584,-0.511988,3.285848,0.749845,0.041927,Broad reduced-DF frame
797,True,14,32,-7.001309,-0.398809,2.780105,0.560342,-0.102309,Broad reduced-DF frame
798,True,14,29,-5.718058,-0.504739,3.132726,0.702081,-0.737216,Broad reduced-DF frame
799,True,13,44,-7.012409,-0.681387,3.391468,0.422653,0.111339,Broad reduced-DF frame
800,True,14,35,-5.343645,-0.169551,2.663425,0.770056,-1.006439,Broad reduced-DF frame
801,True,13,37,-5.862822,-0.324705,2.670176,0.683531,-0.60313,Broad reduced-DF frame
802,True,14,37,-6.028183,-0.776243,3.46483,0.627312,-0.347684,Broad reduced-DF frame
803,True,14,37,-5.13572,-0.633133,3.608453,0.742849,-0.956991,Broad reduced-DF frame
804,True,14,35,-6.678748,-0.315395,2.97711,0.544499,-0.376905,Broad reduced-DF frame
805,True,14,36,-6.04433,-0.659301,2.540658,0.252332,-0.144515,Broad reduced-DF frame
806,True,13,34,-5.160802,-0.205483,2.599143,0.688116,-1.049332,Broad reduced-DF frame
807,True,13,39,-5.967841,-0.210767,2.377433,0.571894,-0.510192,Broad reduced-DF frame
808,True,15,39,-8.715656,-0.559397,2.414701,0.270239,0.996802,Broad reduced-DF frame
809,True,13,39,-5.137753,-0.046185,2.299438,0.585575,-0.997358,Broad reduced-DF frame
810,True,13,35,-5.169009,-0.513406,3.251061,0.908263,-0.954246,Broad reduced-DF frame
811,True,15,23,-5.398292,-0.256487,2.372932,0.768442,-0.947913,Broad reduced-DF frame
812,True,13,39,-5.784506,-0.386991,2.701707,0.753126,-0.539303,Broad reduced-DF frame
813,True,14,34,-6.113796,-0.589516,2.90897,0.750852,-0.380927,Broad reduced-DF frame
814,True,13,37,-4.541303,-0.192464,2.559866,0.879373,-1.291834,Broad reduced-DF frame
815,True,13,42,-5.455374,-0.415998,3.076818,0.694579,-0.784988,Broad reduced-DF frame
816,True,15,26,-6.448329,-0.276336,2.920074,0.854818,-0.643247,Broad reduced-DF frame
817,True,13,40,-5.464694,-0.286809,2.23635,0.781616,-0.58761,Broad reduced-DF frame
818,True,14,39,-7.517979,-0.262677,2.494512,0.523049,0.122328,Broad reduced-DF frame
819,True,14,38,-7.662078,-0.315509,2.68802,0.259881,0.217236,Broad reduced-DF frame
820,True,14,35,-5.452932,-0.469109,3.173511,0.594832,-0.877465,Broad reduced-DF frame
821,True,14,31,-6.805285,-0.349681,2.737459,0.489569,-0.208167,Broad reduced-DF frame
822,True,14,33,-6.304529,-0.259006,2.714026,0.761148,-0.533265,Broad reduced-DF frame
823,True,14,38,-7.217765,-0.377658,2.354237,0.48203,0.172954,Broad reduced-DF frame
824,True,14,30,-6.25099,-0.342402,3.010527,0.427449,-0.5734,Broad reduced-DF frame
825,True,13,33,-4.486182,-0.23979,2.41521,0.925969,-1.244557,Broad reduced-DF frame
826,True,15,35,-7.258689,-0.707012,3.60599,0.887374,-0.040246,Broad reduced-DF frame
827,True,14,29,-4.342393,-0.127523,3.686672,1.304403,-1.988959,Broad reduced-DF frame
828,True,17,23,-8.562723,-0.566499,3.202739,0.099613,0.48841,Broad reduced-DF frame
829,True,14,28,-4.961277,0.030849,2.724923,1.021638,-1.520587,Broad reduced-DF frame
830,True,13,34,-4.513483,0.00681,2.106765,0.595802,-1.353718,Broad reduced-DF frame
831,True,13,30,-5.150896,-0.167073,2.162743,0.632439,-0.93564,Broad reduced-DF frame
832,True,14,34,-5.901556,-0.526594,2.954039,1.010276,-0.591348,Broad reduced-DF frame
833,True,14,34,-5.832452,-0.417732,3.08537,0.751897,-0.717556,Broad reduced-DF frame
834,True,15,34,-8.764992,-0.14335,2.463446,0.081705,0.575788,Broad reduced-DF frame
835,True,14,38,-7.862243,-0.716363,2.665146,0.193337,0.69902,Broad reduced-DF frame
836,True,14,40,-5.711899,-0.420102,3.333286,0.705406,-0.77876,Broad reduced-DF frame
837,True,14,33,-5.783222,-0.529234,3.006834,0.816805,-0.570402,Broad reduced-DF frame
838,True,13,35,-4.632147,-0.71314,3.105857,0.87091,-0.957017,Broad reduced-DF frame
839,True,14,35,-7.043143,-0.586702,3.624032,0.705342,-0.243066,Broad reduced-DF frame
840,True,13,33,-5.904543,-0.387713,2.545512,0.585388,-0.472357,Broad reduced-DF frame
841,True,13,45,-4.826971,-0.352648,3.636633,0.975027,-1.310445,Broad reduced-DF frame
842,True,14,30,-4.989855,-0.378422,2.751068,0.888246,-1.036357,Broad reduced-DF frame
843,True,13,42,-4.882045,-0.44986,2.554896,0.847341,-0.82583,Broad reduced-DF frame
844,True,14,36,-6.011337,-0.172404,2.488601,0.901943,-0.623812,Broad reduced-DF frame
845,True,18,33,-12.372857,-0.189956,2.699306,-0.230931,2.0301,Broad reduced-DF frame
846,True,15,34,-6.931797,-0.076044,3.152963,0.684293,-0.592645,Broad reduced-DF frame
847,True,14,32,-6.213835,-0.403135,2.740799,0.313137,-0.421946,Broad reduced-DF frame
848,True,13,32,-4.97492,-0.130952,2.349985,0.692718,-1.112613,Broad reduced-DF frame
849,True,14,42,-7.562227,-0.496017,2.582395,0.049767,0.424633,Broad reduced-DF frame
850,True,13,42,-5.911761,-0.070936,2.752919,0.906525,-0.801134,Broad reduced-DF frame
851,True,13,41,-3.850484,-0.186473,2.699603,1.265452,-1.660332,Broad reduced-DF frame
852,True,14,37,-6.249652,-0.175299,2.852382,0.675309,-0.637976,Broad reduced-DF frame
853,True,16,30,-9.228744,-0.239727,3.662966,0.159649,0.342701,Broad reduced-DF frame
854,True,13,31,-4.893367,-0.152816,2.568303,1.04043,-1.251062,Broad reduced-DF frame
855,True,14,23,-4.821629,-0.563278,2.525759,0.787695,-0.946486,Broad reduced-DF frame
856,True,14,41,-6.869511,-0.463825,2.34713,0.453374,0.172852,Broad reduced-DF frame
857,True,13,41,-5.798955,-0.287446,2.472912,0.636285,-0.545156,Broad reduced-DF frame
858,True,13,34,-4.869862,-0.349914,2.412772,0.691952,-0.920593,Broad reduced-DF frame
859,True,14,23,-4.643765,-0.078375,2.433626,0.781494,-1.490801,Broad reduced-DF frame
860,True,13,37,-4.428555,-0.472581,2.643141,0.837568,-1.074604,Broad reduced-DF frame
861,True,14,24,-4.175626,-0.52135,2.590242,0.893937,-1.292418,Broad reduced-DF frame
862,True,13,45,-5.369932,-0.754993,2.984575,0.549289,-0.417949,Broad reduced-DF frame
863,True,14,30,-5.127626,-0.226382,2.633228,0.42647,-1.109887,Broad reduced-DF frame
864,True,14,40,-6.087398,-0.259136,2.571996,0.749409,-0.50504,Broad reduced-DF frame
865,True,13,34,-4.845413,0.049666,2.546181,0.778887,-1.390971,Broad reduced-DF frame
866,True,13,42,-5.26588,-0.42515,2.854854,0.865733,-0.780606,Broad reduced-DF frame
867,True,13,38,-4.13291,-0.557843,2.590881,0.870419,-1.069318,Broad reduced-DF frame
868,True,13,39,-6.051033,-0.478619,1.971023,0.804698,-0.139175,Broad reduced-DF frame
869,True,14,35,-6.055708,-0.25605,2.77242,0.648688,-0.645958,Broad reduced-DF frame
870,True,15,40,-8.026277,-0.583882,3.240678,0.707655,0.378476,Broad reduced-DF frame
871,True,14,33,-5.060789,-0.590143,2.624411,0.790464,-0.682656,Broad reduced-DF frame
872,True,13,36,-5.214368,-0.29799,2.841367,0.860766,-0.957656,Broad reduced-DF frame
873,True,14,33,-6.641041,-0.197411,2.673118,0.57934,-0.411018,Broad reduced-DF frame
874,True,12,67,-4.088956,-0.207671,2.533331,0.920515,-1.190017,Broad reduced-DF frame
875,True,14,28,-4.981807,-0.492104,2.805828,0.82972,-0.974188,Broad reduced-DF frame
876,True,15,25,-5.452246,-0.486214,3.561233,1.099914,-1.141308,Broad reduced-DF frame
877,True,14,35,-6.316038,-0.173014,2.678379,0.408344,-0.570321,Broad reduced-DF frame
878,True,14,39,-5.427338,-0.425979,2.792675,0.661189,-0.682338,Broad reduced-DF frame
879,True,14,33,-3.889586,-0.490334,3.189605,0.950652,-1.572447,Broad reduced-DF frame
880,True,15,27,-6.685331,-0.046521,3.194975,0.881447,-0.889045,Broad reduced-DF frame
881,True,13,34,-4.347485,-0.276054,2.819736,0.920297,-1.410835,Broad reduced-DF frame
882,True,14,31,-7.065034,-0.861277,3.537528,0.80033,0.044795,Broad reduced-DF frame
883,True,14,32,-5.255877,-0.374832,3.202811,0.611349,-1.047112,Broad reduced-DF frame
884,True,13,34,-5.029902,0.042737,2.904603,0.989923,-1.513567,Broad reduced-DF frame
885,True,15,28,-7.833324,-0.13031,2.570914,0.284414,0.032815,Broad reduced-DF frame
886,True,14,35,-6.490782,-0.635466,2.774848,0.483118,-0.059995,Broad reduced-DF frame
887,True,15,32,-8.067553,-0.149775,2.90819,0.635162,0.016658,Broad reduced-DF frame
888,True,15,31,-7.051193,-0.185759,2.230532,0.554683,-0.13668,Broad reduced-DF frame
889,True,14,33,-4.932649,-0.587017,3.303624,0.881495,-1.027425,Broad reduced-DF frame
890,True,13,39,-5.096233,-0.656533,2.791408,0.705687,-0.606974,Broad reduced-DF frame
891,True,13,34,-4.986948,-0.034841,2.727197,0.845554,-1.304129,Broad reduced-DF frame
892,True,14,33,-5.251146,-0.585466,2.959405,0.999542,-0.801089,Broad reduced-DF frame
893,True,14,33,-5.437619,-0.256739,3.375583,0.967575,-1.181079,Broad reduced-DF frame
894,True,15,36,-7.67237,-0.188224,2.442568,0.25618,0.192221,Broad reduced-DF frame
895,True,13,47,-4.878044,-0.246233,2.606184,1.012492,-1.003242,Broad reduced-DF frame
896,True,16,24,-8.706407,-0.774149,3.481836,0.608534,0.573341,Broad reduced-DF frame
897,True,13,31,-4.930494,-0.025097,1.903583,0.984885,-1.117277,Broad reduced-DF frame
898,True,16,27,-8.292605,-0.215888,3.043096,0.166496,0.11372,Broad reduced-DF frame
899,True,14,38,-6.272931,-0.445806,2.692319,0.623604,-0.296721,Broad reduced-DF frame
900,True,15,31,-7.466595,-0.595423,2.608976,0.193414,0.335179,Broad reduced-DF frame
901,True,15,32,-6.946926,-0.186571,3.705039,0.6554,-0.716473,Broad reduced-DF frame
902,True,13,36,-4.456344,-0.567627,3.220555,0.982445,-1.216161,Broad reduced-DF frame
903,True,14,38,-6.644963,-0.489235,2.387889,0.522332,0.029515,Broad reduced-DF frame
904,True,14,23,-5.076309,-0.236389,2.376195,0.98494,-1.136955,Broad reduced-DF frame
905,True,13,37,-5.789361,-0.203535,3.020094,0.637553,-0.833777,Broad reduced-DF frame
906,True,14,39,-7.661317,-0.315591,2.299202,0.280479,0.37424,Broad reduced-DF frame
907,True,13,36,-5.084403,-0.206372,2.170773,0.845837,-0.868046,Broad reduced-DF frame
908,True,14,35,-6.845241,-0.138372,2.361675,0.635021,-0.238015,Broad reduced-DF frame
909,True,15,24,-6.415734,-0.510994,2.382008,0.371206,-0.201454,Broad reduced-DF frame
910,True,14,38,-7.094524,-0.064793,2.456317,0.675054,-0.247346,Broad reduced-DF frame
911,True,13,36,-5.158257,-0.082022,2.353306,0.671001,-1.03338,Broad reduced-DF frame
912,True,13,34,-4.864437,-0.225821,2.784025,0.971105,-1.219038,Broad reduced-DF frame
913,True,13,35,-4.701006,-0.396147,2.591315,1.043804,-1.049592,Broad reduced-DF frame
914,True,15,28,-7.297446,-0.137395,2.65087,0.404976,-0.216997,Broad reduced-DF frame
915,True,14,30,-6.065176,-0.585637,2.155739,0.398724,-0.119516,Broad reduced-DF frame
916,True,13,36,-4.735467,-0.205316,2.714446,0.858559,-1.2372,Broad reduced-DF frame
917,True,13,45,-7.355107,-0.118125,2.523795,0.024002,0.065718,Broad reduced-DF frame
918,True,14,42,-5.744815,-0.478811,3.368794,0.787115,-0.728751,Broad reduced-DF frame
919,True,13,36,-6.35878,0.156768,3.04512,0.964085,-1.067404,Broad reduced-DF frame
920,True,14,29,-5.194536,-0.44744,2.779376,1.047193,-0.939869,Broad reduced-DF frame
921,True,13,32,-4.730813,-0.318946,2.845812,0.890785,-1.167916,Broad reduced-DF frame
922,True,14,32,-6.014468,-0.410493,2.520141,0.673335,-0.433524,Broad reduced-DF frame
923,True,14,32,-5.441053,-0.620442,2.758195,0.514898,-0.552327,Broad reduced-DF frame
924,True,15,30,-6.613592,-0.689832,3.16804,0.589789,-0.178125,Broad reduced-DF frame
925,True,14,38,-5.921341,-0.627767,2.720012,0.574818,-0.266105,Broad reduced-DF frame
926,True,13,42,-4.961071,-0.230636,2.926344,0.933757,-1.136678,Broad reduced-DF frame
927,True,13,34,-4.347269,-0.289855,2.627852,0.893271,-1.317816,Broad reduced-DF frame
928,True,15,35,-9.403684,-0.804253,2.787485,-0.27472,1.389911,Broad reduced-DF frame
929,True,14,35,-6.79032,-0.717443,2.880983,0.309049,0.091791,Broad reduced-DF frame
930,True,14,28,-6.262188,-0.045549,2.223272,0.9438,-0.675752,Broad reduced-DF frame
931,True,13,39,-5.904745,-0.500158,2.450563,0.535464,-0.269103,Broad reduced-DF frame
932,True,14,38,-7.57887,-0.276026,2.683789,0.369416,0.146603,Broad reduced-DF frame
933,True,13,44,-6.569715,-0.29969,2.775422,0.567776,-0.273764,Broad reduced-DF frame
934,True,15,30,-8.675088,-0.217518,3.28619,0.134439,0.243296,Broad reduced-DF frame
935,True,13,36,-4.800042,0.013159,2.615692,1.13887,-1.467321,Broad reduced-DF frame
936,True,14,31,-7.418052,-0.217282,2.452975,0.54246,-0.034759,Broad reduced-DF frame
937,True,13,39,-5.026083,-0.353537,2.820334,0.987729,-0.979802,Broad reduced-DF frame
938,True,14,35,-5.624137,-0.656403,3.279018,0.623396,-0.657809,Broad reduced-DF frame
939,True,13,34,-4.539393,-0.199976,2.013369,0.809133,-1.069189,Broad reduced-DF frame
940,True,15,36,-6.977605,-0.347263,2.389029,0.679101,-0.038584,Broad reduced-DF frame
941,True,14,39,-7.969604,-0.480752,2.940074,0.112944,0.48207,Broad reduced-DF frame
942,True,13,28,-3.647841,-0.290545,2.460487,0.830451,-1.670126,Broad reduced-DF frame
943,True,14,42,-9.701573,-0.204071,2.588178,-0.195257,1.099396,Broad reduced-DF frame
944,True,13,50,-6.582877,-0.413826,3.116862,0.383142,-0.200325,Broad reduced-DF frame
945,True,13,39,-5.90149,0.000562,2.729625,0.849373,-0.891921,Broad reduced-DF frame
946,True,14,34,-6.957882,-0.391392,2.83313,0.721214,-0.145638,Broad reduced-DF frame
947,True,13,34,-6.935765,0.126397,2.320023,0.338942,-0.439897,Broad reduced-DF frame
948,True,13,36,-6.37779,-0.727701,3.090948,0.498317,-0.115898,Broad reduced-DF frame
949,True,13,37,-5.730528,-0.482975,2.672449,0.709375,-0.483141,Broad reduced-DF frame
950,True,14,31,-6.487544,-0.334864,3.230594,0.696386,-0.622066,Broad reduced-DF frame
951,True,14,34,-6.497762,-0.513027,3.024077,0.80092,-0.323417,Broad reduced-DF frame
952,True,15,28,-5.951899,-0.645969,2.78085,0.828162,-0.379253,Broad reduced-DF frame
953,True,14,35,-5.849309,-0.615089,2.688089,0.731165,-0.343693,Broad reduced-DF frame
954,True,13,41,-7.474888,-0.015003,2.81668,0.313715,-0.179197,Broad reduced-DF frame
955,True,14,40,-6.027255,-0.468474,3.423879,0.819049,-0.659036,Broad reduced-DF frame
956,True,14,34,-5.366844,-0.390683,3.197542,0.868329,-0.956751,Broad reduced-DF frame
957,True,15,36,-9.331918,-0.277712,2.599272,-0.164191,0.9322,Broad reduced-DF frame
958,True,14,24,-4.452472,-0.218343,2.764523,0.847695,-1.503747,Broad reduced-DF frame
959,True,13,36,-5.085488,-0.004043,2.806892,0.790838,-1.351404,Broad reduced-DF frame
960,True,14,34,-5.5784,-0.349073,2.647006,0.663504,-0.711642,Broad reduced-DF frame
961,True,13,32,-6.293461,-0.238004,2.116673,0.45812,-0.316853,Broad reduced-DF frame
962,True,15,37,-7.955994,-0.507586,3.242128,0.674682,0.231613,Broad reduced-DF frame
963,True,14,35,-5.607066,0.016322,2.566207,0.728817,-1.044617,Broad reduced-DF frame
964,True,15,26,-6.646355,-0.798518,2.602299,0.289854,0.066042,Broad reduced-DF frame
965,True,13,37,-4.060678,-0.484979,3.002523,0.809612,-1.353611,Broad reduced-DF frame
966,True,13,41,-5.419281,-0.419814,2.837333,0.800417,-0.697265,Broad reduced-DF frame
967,True,14,31,-5.279629,-0.33385,3.25547,0.856965,-1.0876,Broad reduced-DF frame
968,True,13,44,-4.905349,-0.672851,2.976553,0.498082,-0.740608,Broad reduced-DF frame
969,True,14,31,-5.059367,-0.517097,2.983356,0.929396,-0.965196,Broad reduced-DF frame
970,True,15,24,-4.523787,-0.284519,3.57959,1.431854,-1.839073,Broad reduced-DF frame
971,True,13,39,-4.863476,-0.216998,2.760203,1.034478,-1.17383,Broad reduced-DF frame
972,True,14,34,-7.977052,-0.489949,3.390863,0.410568,0.24005,Broad reduced-DF frame
973,True,15,21,-5.176607,-0.350322,3.371015,0.853658,-1.402105,Broad reduced-DF frame
974,True,13,37,-4.662563,-0.587917,2.718843,0.734582,-0.841708,Broad reduced-DF frame
975,True,14,37,-5.907599,-0.523793,2.918283,0.807791,-0.483536,Broad reduced-DF frame
976,True,15,31,-7.704459,-0.294868,2.649652,0.129106,0.200407,Broad reduced-DF frame
977,True,13,36,-5.868497,-0.596746,2.524197,0.225759,-0.257202,Broad reduced-DF frame
978,True,14,33,-6.909801,-0.519434,3.060899,0.733507,-0.158545,Broad reduced-DF frame
979,True,13,39,-5.041505,-0.277366,2.879569,0.69443,-1.045757,Broad reduced-DF frame
980,True,17,31,-10.137258,-0.179453,3.169068,0.144563,0.858851,Broad reduced-DF frame
981,True,14,36,-5.083746,-0.784024,2.58519,0.578804,-0.467508,Broad reduced-DF frame
982,True,13,37,-4.480706,-0.178306,2.656535,0.692317,-1.298694,Broad reduced-DF frame
983,True,14,34,-4.738533,-0.555964,3.072273,1.098504,-1.088875,Broad reduced-DF frame
984,True,13,50,-5.933613,-0.349626,3.1976,0.601863,-0.594874,Broad reduced-DF frame
985,True,15,31,-7.989535,-0.516279,2.76156,0.568603,0.389559,Broad reduced-DF frame
986,True,14,30,-6.00839,-0.299037,3.012452,0.51676,-0.795889,Broad reduced-DF frame
987,True,14,31,-6.423758,-0.427142,2.417912,0.474496,-0.216849,Broad reduced-DF frame
988,True,13,40,-6.490169,-0.664887,2.760218,0.615806,0.032755,Broad reduced-DF frame
989,True,14,34,-6.234241,-0.197001,2.697724,0.839041,-0.597134,Broad reduced-DF frame
990,True,14,31,-6.912715,-0.114132,2.45291,0.525522,-0.32605,Broad reduced-DF frame
991,True,14,34,-6.947005,-0.397789,2.705666,0.304511,-0.032784,Broad reduced-DF frame
992,True,14,27,-6.965127,-0.365419,2.713854,0.740777,-0.221848,Broad reduced-DF frame
993,True,14,37,-5.90868,-0.345373,2.749788,0.661562,-0.574783,Broad reduced-DF frame
994,True,16,28,-8.660528,-0.272672,3.190382,0.227929,0.311758,Broad reduced-DF frame
995,True,13,43,-5.685098,-0.248637,2.435072,0.556168,-0.57171,Broad reduced-DF frame
996,True,13,47,-5.423314,-0.541314,2.675569,0.652972,-0.459328,Broad reduced-DF frame
997,True,14,33,-6.292739,0.091186,3.043455,0.764184,-1.057184,Broad reduced-DF frame
998,True,14,30,-6.895808,-0.219384,3.39252,0.894839,-0.65357,Broad reduced-DF frame
999,True,14,36,-5.856432,-0.421724,2.755349,0.737032,-0.530646,Broad reduced-DF frame
1000,True,13,42,-4.73532,-0.159952,2.763303,0.800808,-1.218891,Broad reduced-DF frame
1001,True,14,41,-7.473557,0.134845,2.306732,0.383287,-0.166438,Broad reduced-DF frame
1002,True,13,36,-4.41673,-0.397836,2.7026,0.871709,-1.163297,Broad reduced-DF frame
1003,True,14,33,-5.6167,-0.150107,2.853565,0.707368,-0.953917,Broad reduced-DF frame
1004,True,13,47,-5.542,-0.561437,2.888742,0.538568,-0.45749,Broad reduced-DF frame
1005,True,16,31,-9.098162,-0.273429,3.02534,0.151462,0.541794,Broad reduced-DF frame
1006,True,14,33,-6.319063,0.015482,2.372767,0.904541,-0.715145,Broad reduced-DF frame
1007,True,15,33,-7.295337,-0.472669,2.686772,0.306193,0.159285,Broad reduced-DF frame
1008,True,14,39,-5.090226,-0.950479,3.75982,0.943307,-0.777835,Broad reduced-DF frame
1009,True,15,29,-7.27567,0.158746,3.57715,0.70975,-0.936434,Broad reduced-DF frame
1010,True,14,35,-5.435329,-0.49943,2.841048,0.666169,-0.707644,Broad reduced-DF frame
1011,True,14,40,-6.672001,-0.535169,2.433614,0.586832,0.065005,Broad reduced-DF frame
1012,True,15,29,-6.477889,-0.579601,3.309043,0.58109,-0.406802,Broad reduced-DF frame
1013,True,14,28,-5.545011,-0.472627,2.807462,1.06006,-0.796012,Broad reduced-DF frame
1014,True,14,28,-4.917954,-0.247458,2.948015,0.762551,-1.315994,Broad reduced-DF frame
1015,True,13,41,-4.245805,-0.63558,3.099296,0.791911,-1.122996,Broad reduced-DF frame
1016,True,13,45,-5.711477,-0.152045,3.037276,1.227807,-0.984364,Broad reduced-DF frame
1017,True,13,43,-5.655633,-0.072482,2.572655,0.811435,-0.844696,Broad reduced-DF frame
1018,True,13,33,-5.70561,-0.360547,2.542432,0.78104,-0.632519,Broad reduced-DF frame
1019,True,13,34,-4.547252,0.10884,2.128425,0.783897,-1.470321,Broad reduced-DF frame
1020,True,14,32,-6.388997,-0.282729,2.670255,0.542632,-0.480036,Broad reduced-DF frame
1021,True,14,38,-7.233148,-0.284538,2.924507,0.542854,-0.112703,Broad reduced-DF frame
1022,True,15,20,-5.689145,0.129079,2.053438,0.658786,-1.142694,Broad reduced-DF frame
1023,True,14,39,-6.426786,-0.677205,3.009339,0.703349,-0.127582,Broad reduced-DF frame
1024,True,14,34,-6.256827,-0.673851,2.599911,0.667537,-0.112903,Broad reduced-DF frame
1025,True,15,28,-8.372903,-0.1582,2.60473,0.164504,0.256504,Broad reduced-DF frame
1026,True,17,23,-10.253083,-0.849565,2.95749,-0.00757,1.52683,Broad reduced-DF frame
1027,True,14,30,-5.333597,-0.131713,3.076721,0.722931,-1.293696,Broad reduced-DF frame
1028,True,14,36,-6.78118,-0.298937,2.620438,0.693772,-0.217126,Broad reduced-DF frame
1029,True,13,37,-5.767807,-0.254954,2.299732,0.601538,-0.562052,Broad reduced-DF frame
1030,True,12,51,-4.777241,-0.053857,2.901244,0.951163,-1.328616,Broad reduced-DF frame
1031,True,15,37,-9.696125,-0.607393,3.474697,0.160024,1.019709,Broad reduced-DF frame
1032,True,13,35,-5.901424,-0.479142,2.98908,0.65614,-0.551332,Broad reduced-DF frame
1033,True,14,39,-6.182525,-0.358296,3.103418,0.734511,-0.601247,Broad reduced-DF frame
1034,True,13,44,-6.331129,-0.104207,3.008829,0.90133,-0.682694,Broad reduced-DF frame
1035,True,16,26,-8.158582,-0.790609,3.829924,0.373835,0.244863,Broad reduced-DF frame
1036,True,15,35,-8.850113,-0.602657,3.40478,0.50222,0.61606,Broad reduced-DF frame
1037,True,14,35,-6.748513,-0.187168,3.615217,0.953497,-0.737011,Broad reduced-DF frame
1038,True,14,33,-6.336511,-0.279167,2.801021,0.59131,-0.526848,Broad reduced-DF frame
1039,True,14,31,-7.077163,-0.132133,2.624647,0.570345,-0.301651,Broad reduced-DF frame
1040,True,14,33,-6.144733,-0.059939,3.040576,0.769136,-0.931536,Broad reduced-DF frame
1041,True,14,30,-6.402819,-0.584354,3.455785,0.992453,-0.505583,Broad reduced-DF frame
1042,True,14,31,-5.697724,-0.330535,2.786627,0.841683,-0.738155,Broad reduced-DF frame
1043,True,14,36,-5.556677,-0.557305,2.598802,0.364212,-0.501176,Broad reduced-DF frame
1044,True,14,40,-6.816941,-0.244883,2.777215,0.476631,-0.223828,Broad reduced-DF frame
1045,True,14,37,-6.703927,-0.237081,2.82235,0.625684,-0.361061,Broad reduced-DF frame
1046,True,13,40,-6.141972,-0.450304,3.152001,0.743648,-0.51876,Broad reduced-DF frame
1047,True,13,33,-5.343804,-0.050636,2.806035,0.850205,-1.202594,Broad reduced-DF frame
1048,True,15,39,-7.953726,-0.369424,3.666173,0.537023,0.015704,Broad reduced-DF frame
1049,True,12,49,-5.058027,0.009616,2.201506,0.796306,-0.994894,Broad reduced-DF frame
1050,True,15,26,-7.245146,-0.496452,3.839936,0.840605,-0.463432,Broad reduced-DF frame
1051,True,14,31,-5.566685,-0.461081,2.919217,0.915286,-0.771346,Broad reduced-DF frame
1052,True,14,37,-5.658219,-0.553441,3.62979,0.919988,-0.850615,Broad reduced-DF frame
1053,True,14,31,-5.458489,-0.612408,2.5838,0.425074,-0.523388,Broad reduced-DF frame
1054,True,14,36,-5.906272,-0.289366,3.168886,0.469857,-0.80262,Broad reduced-DF frame
1055,True,13,35,-5.444766,-0.151579,2.649791,0.705,-0.952672,Broad reduced-DF frame
1056,True,14,27,-4.772202,-0.204218,2.142099,0.647646,-1.136115,Broad reduced-DF frame
1057,True,15,26,-6.585966,-0.311073,2.850375,0.784841,-0.467926,Broad reduced-DF frame
1058,True,13,43,-5.755126,-0.439341,2.218923,0.467752,-0.268988,Broad reduced-DF frame
1059,True,14,42,-7.471642,-0.440758,2.49331,0.324738,0.386978,Broad reduced-DF frame
1060,True,15,31,-5.798453,-0.498242,3.109472,0.518722,-0.667593,Broad reduced-DF frame
1061,True,13,38,-5.988739,0.069752,2.048338,0.900505,-0.703437,Broad reduced-DF frame
1062,True,14,42,-5.650489,-0.232566,2.698006,0.819243,-0.763921,Broad reduced-DF frame
1063,True,14,30,-4.756796,-0.557231,3.553126,0.852367,-1.316898,Broad reduced-DF frame
1064,True,15,25,-6.916031,-0.764777,4.162273,1.029669,-0.43398,Broad reduced-DF frame
1065,True,14,36,-6.559315,-0.253354,2.913003,0.755834,-0.4672,Broad reduced-DF frame
1066,True,14,35,-6.836735,-0.598024,2.795645,0.317091,0.065525,Broad reduced-DF frame
1067,True,14,27,-3.657966,-0.527236,3.033962,1.105019,-1.645573,Broad reduced-DF frame
1068,True,14,29,-5.987321,0.047773,2.222651,0.530471,-0.828917,Broad reduced-DF frame
1069,True,14,31,-5.611027,-0.20868,2.350313,0.684164,-0.782937,Broad reduced-DF frame
1070,True,13,37,-5.450902,-0.420976,3.05489,0.896447,-0.80719,Broad reduced-DF frame
1071,True,16,33,-8.513898,-0.546871,2.843965,0.660812,0.609347,Broad reduced-DF frame
1072,True,15,24,-6.485485,-0.6275,3.325376,0.795724,-0.43542,Broad reduced-DF frame
1073,True,14,27,-4.712023,-0.45938,2.700325,1.127792,-1.162556,Broad reduced-DF frame
1074,True,14,35,-5.215606,-0.445548,2.881342,0.894806,-0.87985,Broad reduced-DF frame
1075,True,15,24,-5.98425,-0.807163,2.960021,0.231061,-0.377333,Broad reduced-DF frame
1076,True,13,42,-5.376385,-0.379561,3.279403,1.06007,-0.954191,Broad reduced-DF frame
1077,True,14,40,-6.813444,-0.369326,2.98346,0.802072,-0.225956,Broad reduced-DF frame
1078,True,13,33,-5.113056,-0.237845,2.444572,0.763809,-0.965142,Broad reduced-DF frame
1079,True,14,39,-7.911155,-0.615276,3.008553,0.429604,0.500696,Broad reduced-DF frame
1080,True,14,30,-6.147136,-0.364181,3.211066,0.863551,-0.7108,Broad reduced-DF frame
1081,True,13,44,-4.946994,-0.173877,3.168687,0.785971,-1.238292,Broad reduced-DF frame
1082,True,15,38,-7.639455,-0.211427,2.782486,0.470544,0.03005,Broad reduced-DF frame
1083,True,14,38,-6.543459,-0.287541,2.713994,0.408126,-0.309491,Broad reduced-DF frame
1084,True,14,46,-8.564862,-0.188184,2.605635,0.129351,0.602187,Broad reduced-DF frame
1085,True,13,42,-5.075055,-0.24665,2.742008,1.176146,-1.057819,Broad reduced-DF frame
1086,True,15,25,-5.327604,-0.456305,2.769967,1.048262,-0.935854,Broad reduced-DF frame
1087,True,13,34,-5.954612,0.25005,2.763003,0.706609,-1.209261,Broad reduced-DF frame
1088,True,14,32,-4.925431,-0.572725,2.778916,0.680076,-0.855007,Broad reduced-DF frame
1089,True,13,35,-5.382508,0.068299,2.079016,0.606913,-1.011208,Broad reduced-DF frame
1090,True,13,35,-5.279383,-0.212493,2.690745,1.069839,-1.033032,Broad reduced-DF frame
1091,True,13,34,-5.584748,-0.434261,2.15635,0.714904,-0.453649,Broad reduced-DF frame
1092,True,15,23,-6.188352,-0.539182,3.689503,1.040284,-0.857901,Broad reduced-DF frame
1093,True,14,31,-6.515954,-0.032984,2.255991,0.686894,-0.530999,Broad reduced-DF frame
1094,True,13,39,-4.492364,-0.292967,2.682999,0.82234,-1.218176,Broad reduced-DF frame
1095,True,14,36,-6.014407,-0.31405,2.909304,0.699836,-0.61202,Broad reduced-DF frame
1096,True,13,40,-6.995226,-0.506462,2.971058,0.710012,0.031523,Broad reduced-DF frame
1097,True,14,28,-7.635385,0.069958,2.532989,0.162368,-0.248792,Broad reduced-DF frame
1098,True,13,34,-5.036062,-0.451777,2.582193,0.758869,-0.808589,Broad reduced-DF frame
1099,True,14,29,-4.669187,-0.137472,2.616117,0.679905,-1.417788,Broad reduced-DF frame
1100,True,13,42,-5.339754,-0.163062,2.258123,0.501968,-0.765382,Broad reduced-DF frame
1101,True,13,44,-5.582442,-0.432323,3.043394,0.847266,-0.707081,Broad reduced-DF frame
1102,True,14,32,-7.78695,-0.650227,3.387281,0.486402,0.234012,Broad reduced-DF frame
1103,True,15,21,-6.665954,-0.723747,3.268687,0.722517,-0.287034,Broad reduced-DF frame
1104,True,13,42,-6.165843,-0.47382,2.733782,0.690392,-0.265367,Broad reduced-DF frame
1105,True,13,47,-4.101632,-0.544563,3.019808,1.040174,-1.185355,Broad reduced-DF frame
1106,True,14,29,-5.347893,-0.123263,2.949665,1.131991,-1.270403,Broad reduced-DF frame
1107,True,14,40,-6.484261,-0.468525,2.592042,0.59372,-0.119743,Broad reduced-DF frame
1108,True,14,27,-3.976988,-0.36874,2.000181,0.826135,-1.265515,Broad reduced-DF frame
1109,True,14,39,-5.516794,-0.320111,2.993695,0.656065,-0.85168,Broad reduced-DF frame
1110,True,13,32,-4.068558,-0.056897,2.166287,1.068559,-1.532739,Broad reduced-DF frame
1111,True,14,31,-5.293194,-0.514091,2.915062,0.86894,-0.801377,Broad reduced-DF frame
1112,True,13,42,-5.693529,-0.54539,3.768182,0.930504,-0.806046,Broad reduced-DF frame
1113,True,15,29,-6.991346,-0.021867,2.589772,0.666462,-0.488335,Broad reduced-DF frame
1114,True,13,46,-5.491396,-0.113749,2.753528,0.773417,-0.893821,Broad reduced-DF frame
1115,True,13,36,-5.128468,-0.550042,3.266089,0.887817,-0.947907,Broad reduced-DF frame
1116,True,14,36,-6.805561,-0.57803,2.650964,0.342106,0.090183,Broad reduced-DF frame
1117,True,14,29,-5.792275,-0.241898,2.188894,0.697336,-0.641025,Broad reduced-DF frame
1118,True,13,36,-5.063523,-0.309093,2.742808,1.094238,-1.04152,Broad reduced-DF frame
1119,True,14,33,-5.403653,-0.188194,2.871694,0.759537,-1.09072,Broad reduced-DF frame
1120,True,14,35,-4.897715,-0.519574,2.539008,1.047644,-0.813127,Broad reduced-DF frame
1121,True,14,31,-6.03171,-0.498601,2.754409,0.660649,-0.435715,Broad reduced-DF frame
1122,True,15,24,-5.494472,-0.505324,2.292262,0.852386,-0.638174,Broad reduced-DF frame
1123,True,13,37,-5.640022,-0.361019,2.641331,0.638795,-0.642002,Broad reduced-DF frame
1124,True,14,36,-5.926249,-0.24239,2.883669,0.702993,-0.681788,Broad reduced-DF frame
1125,True,13,30,-4.661379,0.033541,2.513272,0.864874,-1.52198,Broad reduced-DF frame
1126,True,12,47,-4.465368,0.03944,2.8059,0.944077,-1.560845,Broad reduced-DF frame
1127,True,13,41,-4.592427,-0.40946,3.177399,1.014323,-1.226078,Broad reduced-DF frame
1128,True,16,35,-10.277976,-0.455293,3.121221,0.042153,1.261106,Broad reduced-DF frame
1129,True,15,31,-7.7323,-0.346019,2.787474,0.112222,0.165412,Broad reduced-DF frame
1130,True,13,43,-6.706012,-0.091223,2.822215,0.595194,-0.435245,Broad reduced-DF frame
1131,True,14,37,-6.551591,-0.639422,3.246321,0.492314,-0.143851,Broad reduced-DF frame
1132,True,14,30,-5.810237,-0.159429,2.588217,0.75045,-0.830935,Broad reduced-DF frame
1133,True,16,26,-8.893981,-0.300319,2.700153,0.164863,0.596371,Broad reduced-DF frame
1134,True,16,28,-8.247019,-0.590587,3.68308,0.531781,0.21954,Broad reduced-DF frame
1135,True,15,37,-8.911455,-0.930317,2.603594,-0.025098,1.358461,Broad reduced-DF frame
1136,True,13,34,-4.953469,-0.260058,2.512027,0.420428,-1.03596,Broad reduced-DF frame
1137,True,14,32,-5.192359,-0.280213,3.501069,0.814438,-1.296158,Broad reduced-DF frame
1138,True,14,34,-5.831759,-0.275007,3.378812,0.67883,-0.960733,Broad reduced-DF frame
1139,True,14,36,-6.495839,-0.254438,3.214083,0.761382,-0.61138,Broad reduced-DF frame
1140,True,14,27,-6.283045,0.009698,2.20617,0.469679,-0.652103,Broad reduced-DF frame
1141,True,14,40,-5.889613,-0.837763,3.766987,0.893405,-0.480687,Broad reduced-DF frame
1142,True,13,36,-5.249379,-0.385223,2.867384,0.836143,-0.887678,Broad reduced-DF frame
1143,True,13,43,-6.196755,-0.2221,2.621233,0.68968,-0.475128,Broad reduced-DF frame
1144,True,15,33,-7.327448,-0.445472,3.026971,0.388942,-0.014366,Broad reduced-DF frame
1145,True,13,44,-6.44241,-0.842617,2.929916,0.419428,0.147765,Broad reduced-DF frame
1146,True,14,34,-5.431719,-0.399091,3.212496,0.946984,-0.967249,Broad reduced-DF frame
1147,True,13,38,-3.649118,-0.237597,3.356005,1.195969,-1.943546,Broad reduced-DF frame
1148,True,13,39,-4.669824,-0.239449,3.605738,1.115056,-1.549587,Broad reduced-DF frame
1149,True,14,36,-7.600626,-0.462153,3.17196,0.540023,0.125958,Broad reduced-DF frame
1150,True,14,37,-6.587582,-0.738179,3.057297,0.507868,0.000214,Broad reduced-DF frame
1151,True,14,34,-6.25983,-0.496342,3.078716,0.804499,-0.418464,Broad reduced-DF frame
1152,True,13,45,-6.464907,-0.536487,3.04973,0.655347,-0.170392,Broad reduced-DF frame
1153,True,15,34,-7.236257,-0.542497,2.787382,0.802676,0.086254,Broad reduced-DF frame
1154,True,14,36,-7.552326,0.137963,3.411808,0.488169,-0.625139,Broad reduced-DF frame
1155,True,14,36,-5.634007,-0.569546,2.707876,0.382911,-0.458192,Broad reduced-DF frame
1156,True,13,38,-5.33098,-0.305694,2.451178,0.531758,-0.730194,Broad reduced-DF frame
1157,True,14,38,-6.849489,-0.717556,3.285329,0.519192,-0.001133,Broad reduced-DF frame
1158,True,14,36,-7.227477,-0.394236,3.284814,0.940176,-0.235252,Broad reduced-DF frame
1159,True,15,34,-9.579851,-0.515947,2.959898,0.091074,1.102016,Broad reduced-DF frame
1160,True,13,47,-6.93543,-0.291759,2.395718,0.181218,0.081988,Broad reduced-DF frame
1161,True,14,31,-4.400823,-0.781067,3.85201,1.188389,-1.334632,Broad reduced-DF frame
1162,True,14,37,-5.383725,-0.42932,3.113415,0.760555,-0.898648,Broad reduced-DF frame
1163,True,14,32,-5.307009,-0.589117,2.755627,0.672511,-0.684734,Broad reduced-DF frame
1164,True,14,36,-6.689542,-0.361907,2.913534,0.546602,-0.269697,Broad reduced-DF frame
1165,True,13,40,-5.924623,-0.402518,2.857301,0.564364,-0.501847,Broad reduced-DF frame
1166,True,13,40,-4.683738,-0.449954,3.143486,0.989527,-1.118862,Broad reduced-DF frame
1167,True,15,30,-7.867752,-0.578655,2.816696,0.287059,0.376562,Broad reduced-DF frame
1168,True,14,40,-8.091022,-0.515361,2.773425,0.306383,0.565315,Broad reduced-DF frame
1169,True,14,38,-6.406619,-0.329479,2.781676,0.876771,-0.40178,Broad reduced-DF frame
1170,True,12,49,-4.811194,-0.313095,2.316056,0.746051,-0.800517,Broad reduced-DF frame
1171,True,14,34,-5.737762,-0.663244,3.302316,0.749315,-0.577182,Broad reduced-DF frame
1172,True,13,35,-5.819418,-0.165007,2.539321,0.722231,-0.721633,Broad reduced-DF frame
1173,True,12,52,-6.102032,-0.157178,2.422893,0.48539,-0.397898,Broad reduced-DF frame
1174,True,14,39,-7.108786,-0.6946,3.886481,0.444604,-0.15111,Broad reduced-DF frame
1175,True,14,33,-7.387236,-0.748459,2.478187,0.07562,0.531566,Broad reduced-DF frame
1176,True,13,40,-5.652867,-0.516873,2.631571,0.876289,-0.508191,Broad reduced-DF frame
1177,True,15,42,-8.909146,-0.381767,2.86575,0.228982,0.764716,Broad reduced-DF frame
1178,True,14,29,-4.710537,-0.220874,2.402832,0.990986,-1.227717,Broad reduced-DF frame
1179,True,15,35,-7.918455,-0.529807,2.93945,0.363625,0.379396,Broad reduced-DF frame
1180,True,15,28,-7.467348,-0.412692,2.934007,0.332168,-0.007188,Broad reduced-DF frame
1181,True,14,38,-6.538947,-0.160098,2.474079,0.576635,-0.358707,Broad reduced-DF frame
1182,True,15,31,-8.869634,-0.064287,3.181323,0.275144,0.191185,Broad reduced-DF frame
1183,True,14,34,-5.754649,-0.396441,3.184083,0.967437,-0.82987,Broad reduced-DF frame
1184,True,14,39,-7.592738,-0.005824,2.05742,0.222311,0.104752,Broad reduced-DF frame
1185,True,15,30,-6.70897,-0.287404,2.785328,0.367965,-0.35834,Broad reduced-DF frame
1186,True,14,30,-6.004867,-0.192068,2.719292,0.859886,-0.762992,Broad reduced-DF frame
1187,True,16,26,-9.635078,-0.783305,3.377638,0.078833,1.070824,Broad reduced-DF frame
1188,True,17,18,-7.507924,-0.18691,3.318146,0.750376,-0.560011,Broad reduced-DF frame
1189,True,14,37,-7.534309,-0.54538,2.96496,0.297715,0.249669,Broad reduced-DF frame
1190,True,13,45,-5.254682,-0.40971,3.362793,1.035089,-1.012882,Broad reduced-DF frame
1191,True,15,45,-8.406566,-0.683608,3.472176,0.4028,0.635138,Broad reduced-DF frame
1192,True,15,32,-7.496518,-0.400341,2.934506,0.392664,0.084815,Broad reduced-DF frame
1193,True,14,35,-5.746333,-0.666804,2.250683,0.627779,-0.205019,Broad reduced-DF frame
1194,True,14,26,-5.116429,0.045883,2.975165,1.010444,-1.557398,Broad reduced-DF frame
1195,True,17,30,-8.792592,-0.150207,2.470508,0.064468,0.541346,Broad reduced-DF frame
1196,True,13,42,-5.624177,-0.715051,3.300158,0.703109,-0.506952,Broad reduced-DF frame
1197,True,13,40,-5.030989,-0.268293,2.710128,0.968881,-1.051265,Broad reduced-DF frame
1198,True,13,38,-4.539561,-0.276768,2.765636,1.06498,-1.235332,Broad reduced-DF frame
1199,True,14,38,-5.861306,-0.346557,2.786298,0.703149,-0.608188,Broad reduced-DF frame
1200,True,14,33,-5.449174,-0.411689,3.198423,0.735331,-0.897572,Broad reduced-DF frame
1201,True,13,37,-5.237639,-0.069049,2.670432,0.886726,-1.110346,Broad reduced-DF frame
1202,True,13,37,-6.019655,-0.25442,2.917825,0.837554,-0.684561,Broad reduced-DF frame
1203,True,14,28,-5.497439,-0.564894,2.686985,0.60534,-0.627218,Broad reduced-DF frame
1204,True,14,37,-5.815449,-0.469464,2.732709,0.824482,-0.494514,Broad reduced-DF frame
1205,True,13,41,-5.637234,-0.298743,2.593496,0.7067,-0.623709,Broad reduced-DF frame
1206,True,13,44,-6.435825,-0.360197,2.844919,0.521233,-0.261983,Broad reduced-DF frame
1207,True,14,35,-5.969727,-0.144375,3.29691,0.712983,-0.984529,Broad reduced-DF frame
1208,True,13,41,-4.801499,-0.080826,2.719988,0.984682,-1.316378,Broad reduced-DF frame
1209,True,13,39,-4.984407,-0.675182,2.333858,0.69498,-0.502852,Broad reduced-DF frame
1210,True,13,36,-5.485314,-0.270109,2.645354,0.715163,-0.819085,Broad reduced-DF frame
1211,True,15,27,-7.566156,-0.92831,2.67681,0.033082,0.621741,Broad reduced-DF frame
1212,True,15,24,-5.538901,-0.572894,2.960468,0.924003,-0.813245,Broad reduced-DF frame
1213,True,13,33,-3.977683,-0.359669,2.354066,1.09518,-1.339267,Broad reduced-DF frame
1214,True,13,42,-5.403137,0.103575,2.807858,1.104539,-1.256295,Broad reduced-DF frame
1215,True,14,28,-5.473818,-0.184624,2.933669,0.823136,-1.068238,Broad reduced-DF frame
1216,True,13,45,-4.748275,-0.593284,3.282603,1.00037,-0.974881,Broad reduced-DF frame
1217,True,14,33,-6.120893,-0.16536,2.577976,0.697024,-0.664015,Broad reduced-DF frame
1218,True,13,46,-5.85328,-0.337139,2.675566,0.500768,-0.478687,Broad reduced-DF frame
1219,True,19,28,-11.041461,-0.782357,3.625123,0.059357,1.596321,Broad reduced-DF frame
1220,True,13,33,-4.943927,-0.249606,2.766091,0.766753,-1.162424,Broad reduced-DF frame
1221,True,13,32,-4.420297,0.020033,2.05036,0.813918,-1.44068,Broad reduced-DF frame
1222,True,14,36,-5.56103,-0.317311,3.006772,0.707275,-0.850778,Broad reduced-DF frame
1223,True,15,32,-7.270857,-0.413542,3.159377,0.503664,-0.139613,Broad reduced-DF frame
1224,True,21,25,-19.468075,-0.391325,3.346238,-1.581343,4.908665,Broad reduced-DF frame
1225,True,15,32,-7.415379,-0.624738,2.888994,0.144057,0.267738,Broad reduced-DF frame
1226,True,15,31,-8.134702,-0.432226,2.815514,0.129954,0.423317,Broad reduced-DF frame
1227,True,13,39,-5.602255,-0.263537,2.701103,0.528456,-0.724045,Broad reduced-DF frame
1228,True,13,38,-5.122528,-0.473227,2.613421,0.513846,-0.736931,Broad reduced-DF frame
1229,True,15,32,-7.025807,-0.455213,3.247588,0.426901,-0.222769,Broad reduced-DF frame
1230,True,13,32,-6.226883,-0.310723,1.942895,0.456176,-0.20236,Broad reduced-DF frame
1231,True,14,31,-5.533943,-0.73717,4.178793,1.054195,-0.996037,Broad reduced-DF frame
1232,True,14,29,-4.637078,-0.394636,2.363079,0.76223,-1.040261,Broad reduced-DF frame
1233,True,15,29,-6.530158,-0.598977,2.851723,0.527055,-0.182139,Broad reduced-DF frame
1234,True,14,29,-6.659481,-0.717902,3.481164,0.577285,-0.228626,Broad reduced-DF frame
1235,True,16,27,-9.033204,-0.182098,2.376955,0.470316,0.565102,Broad reduced-DF frame
1236,True,14,30,-7.621569,-0.312221,2.707862,0.28893,0.114967,Broad reduced-DF frame
1237,True,15,35,-7.206358,-0.154054,3.161884,0.498319,-0.390844,Broad reduced-DF frame
1238,True,15,33,-7.976197,0.069524,3.073654,0.485064,-0.283459,Broad reduced-DF frame
1239,True,16,34,-8.982183,-0.326726,2.278497,-0.222788,0.948616,Broad reduced-DF frame
1240,True,15,26,-7.68186,-0.241067,2.708212,0.187887,-0.024181,Broad reduced-DF frame
1241,True,13,34,-5.709862,-0.608571,3.060692,0.811963,-0.562217,Broad reduced-DF frame
1242,True,15,30,-6.929142,-0.198198,2.949737,0.811834,-0.460712,Broad reduced-DF frame
1243,True,15,37,-8.934601,-0.459464,3.109995,0.305924,0.749494,Broad reduced-DF frame
1244,True,15,33,-8.958401,-0.316087,2.952985,0.278559,0.594334,Broad reduced-DF frame
1245,True,15,32,-6.960358,-0.0567,2.562104,0.823588,-0.456617,Broad reduced-DF frame
1246,True,14,34,-4.963223,-0.246823,2.968287,0.849444,-1.240059,Broad reduced-DF frame
1247,True,14,41,-6.995259,-0.469412,2.621516,0.913738,0.028164,Broad reduced-DF frame
1248,True,14,30,-5.155731,-0.405528,2.628464,0.645372,-0.868694,Broad reduced-DF frame
1249,True,13,38,-5.528326,0.01917,2.870837,0.747113,-1.129708,Broad reduced-DF frame
1250,True,14,24,-4.865022,0.198025,2.496039,1.016254,-1.669587,Broad reduced-DF frame
1251,True,14,35,-7.01189,-0.217881,2.434527,0.506968,-0.106736,Broad reduced-DF frame
1252,True,13,38,-5.076984,-0.224698,2.473884,0.71034,-0.956307,Broad reduced-DF frame
1253,True,15,33,-7.690223,-0.317485,2.262183,0.647358,0.240337,Broad reduced-DF frame
1254,True,13,32,-4.329624,-0.243714,2.482293,1.041631,-1.369384,Broad reduced-DF frame
1255,True,13,34,-5.614137,-0.646356,2.622406,0.392958,-0.40266,Broad reduced-DF frame
1256,True,16,25,-7.118058,-0.306171,2.733706,0.876407,-0.271643,Broad reduced-DF frame
1257,True,15,32,-7.923027,-0.516951,2.699512,0.403523,0.425738,Broad reduced-DF frame
1258,True,14,35,-7.231483,-0.651961,3.494375,0.316232,0.045864,Broad reduced-DF frame
1259,True,13,32,-4.887444,-0.015599,2.665157,0.762944,-1.402766,Broad reduced-DF frame
1260,True,13,38,-5.493652,-0.489136,2.748584,0.64764,-0.615386,Broad reduced-DF frame
1261,True,14,30,-4.696375,-0.144716,3.343394,1.194802,-1.623587,Broad reduced-DF frame
1262,True,16,27,-8.285016,-0.156829,3.788814,0.586823,-0.270947,Broad reduced-DF frame
1263,True,14,35,-6.986007,-0.549199,2.671126,0.368641,0.10859,Broad reduced-DF frame
1264,True,14,30,-5.84314,-0.690094,3.136003,0.865132,-0.484449,Broad reduced-DF frame
1265,True,13,34,-4.817376,-0.292941,2.769127,0.851416,-1.137729,Broad reduced-DF frame
1266,True,15,27,-5.777518,-0.603151,3.365846,0.73885,-0.741459,Broad reduced-DF frame
1267,True,14,30,-4.800891,-0.599443,2.453966,0.687021,-0.764777,Broad reduced-DF frame
1268,True,15,36,-7.040837,-0.446784,3.280253,0.641404,-0.22448,Broad reduced-DF frame
1269,True,14,39,-6.357823,-0.669537,3.482352,0.530882,-0.298062,Broad reduced-DF frame
1270,True,13,36,-6.03705,-0.312532,2.991622,0.978149,-0.667219,Broad reduced-DF frame
1271,True,14,31,-6.254502,-0.82104,3.455842,0.820585,-0.313551,Broad reduced-DF frame
1272,True,13,39,-4.933149,-0.090352,2.556231,0.996781,-1.203837,Broad reduced-DF frame
1273,True,14,29,-5.47441,-0.120851,2.769509,0.673647,-1.11337,Broad reduced-DF frame
1274,True,14,37,-5.275593,-0.11953,2.379402,0.557215,-0.949695,Broad reduced-DF frame
1275,True,14,35,-4.619398,-0.48514,3.176154,0.664263,-1.200906,Broad reduced-DF frame
1276,True,17,33,-10.605942,-0.241449,2.878127,0.137332,1.228274,Broad reduced-DF frame
1277,True,14,29,-5.77625,-0.522536,2.508724,0.677693,-0.46628,Broad reduced-DF frame
1278,True,13,36,-5.738483,0.039638,2.665193,0.663905,-1.021948,Broad reduced-DF frame
1279,True,15,36,-8.177774,-0.191334,2.685133,0.214732,0.288621,Broad reduced-DF frame
1280,True,14,27,-6.022201,-0.433357,2.87845,0.614881,-0.616208,Broad reduced-DF frame
1281,True,14,42,-6.425178,-0.523319,2.889887,0.717519,-0.198089,Broad reduced-DF frame
1282,True,14,37,-7.360131,-0.612457,3.411545,0.444657,0.073245,Broad reduced-DF frame
1283,True,15,35,-8.595181,-0.443709,3.071169,0.481545,0.520189,Broad reduced-DF frame
1284,True,13,38,-6.182152,-0.246395,2.580124,0.724193,-0.472883,Broad reduced-DF frame
1285,True,13,34,-4.885829,-0.095318,2.366365,0.985684,-1.163021,Broad reduced-DF frame
1286,True,14,32,-4.417773,-0.373995,3.12496,0.968555,-1.457244,Broad reduced-DF frame
1287,True,14,36,-5.598782,-0.591109,3.123157,0.763733,-0.626524,Broad reduced-DF frame
1288,True,13,41,-5.297438,-0.065584,3.309597,0.942364,-1.285823,Broad reduced-DF frame
1289,True,14,34,-5.610627,-0.288269,3.237471,0.855554,-1.002799,Broad reduced-DF frame
1290,True,14,32,-5.435396,-0.27094,2.859551,0.864602,-0.983633,Broad reduced-DF frame
1291,True,14,24,-5.047593,-0.266649,2.524773,0.826719,-1.138376,Broad reduced-DF frame
1292,True,14,27,-5.237396,0.152926,2.232822,0.798118,-1.330891,Broad reduced-DF frame
1293,True,14,40,-8.084199,-0.50123,2.957019,0.36319,0.464052,Broad reduced-DF frame
1294,True,13,39,-5.649816,-0.492634,2.64049,0.684749,-0.458954,Broad reduced-DF frame
1295,True,17,32,-9.515435,-0.419869,2.555734,-0.243179,1.09863,Broad reduced-DF frame
1296,True,13,36,-6.247489,-0.360199,3.024545,0.604309,-0.494679,Broad reduced-DF frame
1297,True,15,23,-5.626096,-0.345584,2.802641,1.15909,-0.96528,Broad reduced-DF frame
1298,True,13,31,-5.1232,-0.28478,2.160495,0.506931,-0.803342,Broad reduced-DF frame
1299,True,14,35,-5.064324,-0.285253,2.575609,0.75869,-0.950199,Broad reduced-DF frame
1300,True,14,34,-5.828507,-0.431435,2.484499,0.477641,-0.435908,Broad reduced-DF frame
1301,True,13,35,-5.186427,-0.294902,1.98867,0.799989,-0.69497,Broad reduced-DF frame
1302,True,14,29,-5.391129,-0.188622,2.347587,0.680188,-0.936635,Broad reduced-DF frame
1303,True,14,33,-5.398131,-0.605397,3.261843,0.804676,-0.750112,Broad reduced-DF frame
1304,True,13,28,-5.070995,0.092707,2.208181,0.914529,-1.299645,Broad reduced-DF frame
1305,True,13,31,-4.881228,-0.078547,2.026702,0.660685,-1.090764,Broad reduced-DF frame
1306,True,15,33,-7.770321,0.04327,2.667488,0.370671,-0.148534,Broad reduced-DF frame
1307,True,13,35,-5.122038,-0.485551,2.976768,0.841021,-0.882082,Broad reduced-DF frame
1308,True,13,41,-4.508725,-0.404484,2.577903,0.994653,-1.079504,Broad reduced-DF frame
1309,True,13,38,-6.621826,-0.196882,2.436122,0.640429,-0.301709,Broad reduced-DF frame
1310,True,13,52,-6.942895,-0.247974,2.968289,0.556223,-0.197047,Broad reduced-DF frame
1311,True,15,30,-6.750882,-0.43019,2.826384,0.596585,-0.254546,Broad reduced-DF frame
1312,True,18,27,-11.52052,-0.298488,2.564753,-0.124264,1.730188,Broad reduced-DF frame
1313,True,15,25,-6.372619,-0.312006,2.557577,0.485894,-0.491463,Broad reduced-DF frame
1314,True,13,34,-4.258422,-0.364494,2.27528,0.864649,-1.18081,Broad reduced-DF frame
1315,True,15,38,-9.465964,-0.457618,3.154438,-0.011976,1.012588,Broad reduced-DF frame
1316,True,13,34,-4.337476,-0.054427,2.575415,0.972876,-1.551864,Broad reduced-DF frame
1317,True,15,29,-7.63175,-0.438326,2.391768,0.251737,0.313687,Broad reduced-DF frame
1318,True,13,31,-6.098411,-0.336938,2.388939,0.62432,-0.416974,Broad reduced-DF frame
1319,True,13,39,-4.995476,-0.367202,2.833719,1.155073,-1.046166,Broad reduced-DF frame
1320,True,14,34,-6.625332,-0.426452,3.159754,0.590682,-0.348475,Broad reduced-DF frame
1321,True,16,26,-7.32276,-0.597094,3.309669,0.907275,-0.10076,Broad reduced-DF frame
1322,True,18,28,-14.331498,-0.483275,3.056354,-0.836988,2.981139,Broad reduced-DF frame
1323,True,13,34,-5.02523,-0.284349,2.6463,0.929147,-1.081065,Broad reduced-DF frame
1324,True,14,28,-6.529224,-0.601045,2.588983,0.519037,-0.124186,Broad reduced-DF frame
1325,True,15,31,-6.912051,-0.306562,2.527047,0.49373,-0.141779,Broad reduced-DF frame
1326,True,14,28,-3.420279,-0.188528,2.735679,1.251633,-1.994944,Broad reduced-DF frame
1327,True,14,30,-5.738969,-0.280675,2.790546,0.650533,-0.789831,Broad reduced-DF frame
1328,True,14,39,-7.862801,-0.266301,2.571916,0.396635,0.294153,Broad reduced-DF frame
1329,True,14,26,-6.335459,-0.248092,2.42677,0.741053,-0.489515,Broad reduced-DF frame
1330,True,14,28,-6.070603,-0.346195,1.917431,0.628525,-0.320406,Broad reduced-DF frame
1331,True,13,48,-4.653041,-0.534479,2.753089,0.659495,-0.837768,Broad reduced-DF frame
1332,True,14,34,-7.604787,-0.481246,3.529251,0.734597,-0.031513,Broad reduced-DF frame
1333,True,13,37,-4.788338,-0.405563,2.40897,0.812404,-0.885006,Broad reduced-DF frame
1334,True,17,34,-9.972208,-0.763351,3.263891,0.444854,1.283271,Broad reduced-DF frame
1335,True,14,40,-6.114304,-0.288827,3.326212,0.551641,-0.653917,Broad reduced-DF frame
1336,True,13,39,-4.187584,-0.563253,2.769037,0.914572,-1.099823,Broad reduced-DF frame
1337,True,13,36,-3.972695,-0.369916,2.481645,0.720575,-1.327419,Broad reduced-DF frame
1338,True,13,43,-4.673098,-0.823511,4.198067,1.210396,-1.193202,Broad reduced-DF frame
1339,True,15,31,-7.60445,-0.132013,2.841028,0.270009,-0.119449,Broad reduced-DF frame
1340,True,13,36,-4.539539,-0.267391,2.960228,0.938833,-1.373038,Broad reduced-DF frame
1341,True,15,33,-7.212539,-0.352616,2.332688,0.313855,0.143794,Broad reduced-DF frame
1342,True,14,34,-7.46163,-0.10152,2.609704,0.215107,-0.095653,Broad reduced-DF frame
1343,True,13,34,-3.562747,-0.205606,3.359256,1.030546,-2.026755,Broad reduced-DF frame
1344,True,14,27,-5.962421,-0.273841,2.924304,0.871877,-0.81228,Broad reduced-DF frame
1345,True,14,32,-5.668439,-0.107074,2.554378,0.643446,-0.903756,Broad reduced-DF frame
1346,True,14,27,-5.911115,-1.187215,3.56501,0.594703,-0.22806,Broad reduced-DF frame
1347,True,14,28,-5.191335,-0.60355,2.262369,0.199727,-0.609413,Broad reduced-DF frame
1348,True,14,39,-7.027805,-0.484586,2.74209,0.320477,0.136086,Broad reduced-DF frame
1349,True,13,46,-6.100987,-0.551441,3.102979,0.688673,-0.333852,Broad reduced-DF frame
1350,True,15,37,-10.119943,-0.643447,3.140839,-0.025885,1.381262,Broad reduced-DF frame
1351,True,14,31,-5.702924,-0.424296,3.150714,0.919112,-0.846055,Broad reduced-DF frame
1352,True,14,39,-6.432638,-0.600957,3.354507,0.629956,-0.274953,Broad reduced-DF frame
1353,True,13,40,-7.540702,-0.855133,3.165394,0.277486,0.556493,Broad reduced-DF frame
1354,True,14,32,-6.408797,-0.537415,2.932083,0.596944,-0.291992,Broad reduced-DF frame
1355,True,15,40,-8.325654,-0.224753,3.294294,0.337114,0.200232,Broad reduced-DF frame
1356,True,14,41,-7.150826,-0.231677,3.141204,0.890167,-0.292125,Broad reduced-DF frame
1357,True,14,31,-5.853217,-0.672472,2.879397,0.636035,-0.372917,Broad reduced-DF frame
1358,True,13,36,-5.550373,-0.178927,2.862515,0.580433,-0.909521,Broad reduced-DF frame
1359,True,13,37,-4.773825,-0.518025,2.588535,0.653288,-0.859345,Broad reduced-DF frame
1360,True,14,33,-5.549819,-0.056846,2.820004,0.792584,-1.096616,Broad reduced-DF frame
1361,True,16,35,-8.80604,-0.19325,2.435465,0.10974,0.651784,Broad reduced-DF frame
1362,True,13,32,-4.716072,-0.202285,3.064221,0.931194,-1.47785,Broad reduced-DF frame
1363,True,14,36,-4.125731,-0.541614,3.968998,1.090327,-1.735512,Broad reduced-DF frame
1364,True,15,29,-7.250783,-0.739845,2.966843,0.646614,0.191779,Broad reduced-DF frame
1365,True,14,34,-7.30116,-0.055038,2.714507,0.297597,-0.240909,Broad reduced-DF frame
1366,True,13,41,-5.653848,-0.100003,2.32831,0.718683,-0.739002,Broad reduced-DF frame
1367,True,14,35,-6.511326,-0.340076,3.196378,0.942623,-0.551627,Broad reduced-DF frame
1368,True,13,38,-5.084321,-0.440422,2.41658,0.664647,-0.687375,Broad reduced-DF frame
1369,True,14,37,-5.658252,-0.044557,2.776988,0.694762,-0.98673,Broad reduced-DF frame
1370,True,13,38,-4.958802,-0.444192,2.503856,0.689611,-0.772327,Broad reduced-DF frame
1371,True,15,35,-7.03217,0.07321,3.046129,0.531396,-0.647541,Broad reduced-DF frame
1372,True,14,36,-5.862918,-0.259696,3.039744,0.684367,-0.803665,Broad reduced-DF frame
1373,True,14,30,-4.617048,-0.045133,3.682104,1.082709,-1.965736,Broad reduced-DF frame
1374,True,14,37,-6.316224,-0.499416,2.858067,0.471286,-0.262279,Broad reduced-DF frame
1375,True,13,40,-4.749867,-0.163768,2.473331,0.593688,-1.126178,Broad reduced-DF frame
1376,True,14,38,-6.597144,-0.458273,3.231993,0.833796,-0.348949,Broad reduced-DF frame
1377,True,17,20,-8.658554,-0.577562,2.955696,0.289474,0.567471,Broad reduced-DF frame
1378,True,13,36,-4.922115,-0.424842,2.488009,0.692819,-0.811315,Broad reduced-DF frame
1379,True,13,36,-5.310626,-0.120268,2.463012,0.613591,-0.967214,Broad reduced-DF frame
1380,True,14,36,-6.821351,-0.356782,2.499265,0.579607,-0.098716,Broad reduced-DF frame
1381,True,14,31,-8.025491,-0.69294,3.264457,0.462648,0.427793,Broad reduced-DF frame
1382,True,14,38,-6.762293,-0.739694,3.214074,0.436746,0.022289,Broad reduced-DF frame
1383,True,14,39,-6.16182,-0.10028,2.492394,0.495525,-0.551342,Broad reduced-DF frame
1384,True,13,39,-4.825394,-0.01195,2.250752,0.729358,-1.168566,Broad reduced-DF frame
1385,True,15,38,-8.048601,-0.558791,2.912934,0.305007,0.492166,Broad reduced-DF frame
1386,True,14,33,-5.445138,-0.508121,2.679646,0.443665,-0.663191,Broad reduced-DF frame
1387,True,14,31,-6.245004,0.077895,2.38271,0.798259,-0.832912,Broad reduced-DF frame
1388,True,13,35,-3.834295,-0.130489,2.455397,1.098213,-1.653383,Broad reduced-DF frame
1389,True,15,28,-6.627869,-0.154443,2.778232,0.567562,-0.544315,Broad reduced-DF frame
1390,True,13,46,-5.126016,-0.470894,2.76148,0.881598,-0.729951,Broad reduced-DF frame
1391,True,13,32,-6.337666,0.180942,2.126652,0.782743,-0.780917,Broad reduced-DF frame
1392,True,14,29,-6.04391,-0.08908,2.639481,0.836762,-0.871658,Broad reduced-DF frame
1393,True,14,41,-7.680972,-0.287548,2.596992,0.080952,0.297531,Broad reduced-DF frame
1394,True,13,39,-3.8615,0.07581,2.401713,1.086213,-1.827014,Broad reduced-DF frame
1395,True,13,49,-6.218659,-0.503388,2.798719,0.786429,-0.156358,Broad reduced-DF frame
1396,True,13,52,-6.348816,-0.177434,2.280059,0.743906,-0.247762,Broad reduced-DF frame
1397,True,14,40,-6.930582,-0.514821,2.711297,0.577351,0.084476,Broad reduced-DF frame
1398,True,13,40,-7.015817,-0.810692,3.117716,0.488143,0.295,Broad reduced-DF frame
1399,True,14,30,-5.304202,-0.36154,2.513988,0.763491,-0.817721,Broad reduced-DF frame
1400,True,15,28,-6.814173,-0.286267,3.063577,0.483752,-0.484203,Broad reduced-DF frame
1401,True,14,41,-6.427173,-0.287233,2.454561,0.662646,-0.249686,Broad reduced-DF frame
1402,True,13,37,-4.509757,-0.388269,2.399569,0.74134,-1.030032,Broad reduced-DF frame
1403,True,14,34,-5.330819,-0.356666,2.466391,0.575241,-0.752516,Broad reduced-DF frame
1404,True,15,30,-7.492699,-0.286589,2.232727,0.520105,0.155744,Broad reduced-DF frame
1405,True,15,34,-9.019922,-0.701508,2.931914,-0.063257,1.040634,Broad reduced-DF frame
1406,True,16,26,-7.857723,-0.133977,2.581225,0.165816,0.002873,Broad reduced-DF frame
1407,True,14,27,-5.748424,-0.532454,3.274501,0.751963,-0.757889,Broad reduced-DF frame
1408,True,14,32,-4.994268,-0.60714,2.988348,1.017373,-0.904406,Broad reduced-DF frame
1409,True,14,39,-5.683795,-0.210532,2.587484,0.793743,-0.763108,Broad reduced-DF frame
1410,True,13,42,-5.170238,-0.26575,2.808872,0.803857,-0.934928,Broad reduced-DF frame
1411,True,14,32,-6.02331,-0.260544,2.792854,0.774655,-0.682631,Broad reduced-DF frame
1412,True,14,35,-7.26634,-0.423025,2.085443,0.469761,0.296248,Broad reduced-DF frame
1413,True,13,40,-6.494412,-0.055839,2.308733,0.450914,-0.360689,Broad reduced-DF frame
1414,True,13,44,-5.605564,-0.443359,2.239482,0.404604,-0.318028,Broad reduced-DF frame
1415,True,16,29,-9.193469,-0.25264,3.082748,0.404084,0.480397,Broad reduced-DF frame
1416,True,13,35,-4.737212,-0.18612,2.73511,0.781114,-1.243569,Broad reduced-DF frame
1417,True,14,36,-7.069838,-0.384212,2.387018,0.499293,0.079859,Broad reduced-DF frame
1418,True,14,29,-4.210326,-0.15709,2.771342,1.075817,-1.661072,Broad reduced-DF frame
1419,True,15,35,-8.159143,-0.317892,2.760009,0.006971,0.423758,Broad reduced-DF frame
1420,True,14,32,-6.778982,0.064685,2.082132,0.77139,-0.450046,Broad reduced-DF frame
1421,True,13,43,-6.954111,-0.224353,3.357738,0.653706,-0.396447,Broad reduced-DF frame
1422,True,13,36,-5.724358,-0.417502,3.474461,0.775425,-0.865805,Broad reduced-DF frame
1423,True,14,28,-6.82875,-0.364995,2.151841,0.353125,-0.02597,Broad reduced-DF frame
1424,True,15,32,-8.457725,-0.377414,2.694664,0.429278,0.541575,Broad reduced-DF frame
1425,True,14,28,-4.360016,-0.101179,2.882743,0.74365,-1.751686,Broad reduced-DF frame
1426,True,14,34,-6.228391,-0.777043,3.326164,0.641717,-0.266705,Broad reduced-DF frame
1427,True,14,35,-6.477128,-0.269521,2.609531,0.688836,-0.353299,Broad reduced-DF frame
1428,True,13,44,-4.613686,0.058438,2.852121,1.134023,-1.56659,Broad reduced-DF frame
1429,True,14,36,-5.69125,-0.229905,3.271989,0.689279,-0.990661,Broad reduced-DF frame
1430,True,13,37,-5.085287,-0.062926,2.257034,0.7623,-0.997261,Broad reduced-DF frame
1431,True,15,39,-8.231849,-0.560227,2.841784,0.742904,0.558572,Broad reduced-DF frame
1432,True,14,31,-5.228932,-0.336589,2.824511,1.045291,-1.030837,Broad reduced-DF frame
1433,True,14,37,-7.169731,-0.34629,3.151352,0.984626,-0.262087,Broad reduced-DF frame
1434,True,13,43,-7.477826,-0.449117,3.40908,0.583277,0.033286,Broad reduced-DF frame
1435,True,16,33,-9.530732,-0.711955,2.780654,0.033541,1.305681,Broad reduced-DF frame
1436,True,13,42,-6.113795,-0.422334,2.530221,0.4445,-0.240708,Broad reduced-DF frame
1437,True,14,31,-5.311823,-0.331217,3.071146,0.869466,-1.087995,Broad reduced-DF frame
1438,True,15,36,-8.230523,-0.68866,3.101379,0.371519,0.621661,Broad reduced-DF frame
1439,True,15,26,-6.288871,-0.016838,2.455456,0.576793,-0.801947,Broad reduced-DF frame
1440,True,13,38,-5.11176,-0.410048,2.685922,0.970816,-0.849507,Broad reduced-DF frame
1441,True,14,36,-5.776013,-0.42823,2.756604,0.581731,-0.519865,Broad reduced-DF frame
1442,True,14,32,-5.444783,-0.711394,2.504474,0.640905,-0.393649,Broad reduced-DF frame
1443,True,13,31,-4.672926,-0.10145,3.102199,1.097216,-1.611767,Broad reduced-DF frame
1444,True,14,36,-6.919197,-0.39645,2.703373,0.28557,-0.05436,Broad reduced-DF frame
1445,True,14,36,-6.470966,-0.316905,3.457031,0.900461,-0.666657,Broad reduced-DF frame
1446,True,16,29,-8.40203,-0.404836,3.261144,0.34714,0.256095,Broad reduced-DF frame
1447,True,14,31,-5.145603,-0.348104,3.022058,0.914759,-1.093766,Broad reduced-DF frame
1448,True,14,36,-5.536288,-0.528591,2.317141,0.300841,-0.411232,Broad reduced-DF frame
1449,True,13,40,-4.878931,-0.320551,2.719759,0.861422,-0.982545,Broad reduced-DF frame
1450,True,13,38,-5.12486,-0.328132,2.582079,0.599107,-0.854185,Broad reduced-DF frame
1451,True,13,26,-4.530787,-0.260096,1.656571,0.709373,-1.009033,Broad reduced-DF frame
1452,True,13,51,-5.369645,-0.295824,3.32022,0.595062,-0.992824,Broad reduced-DF frame
1453,True,13,44,-4.518417,-0.424943,2.804453,0.762352,-1.061141,Broad reduced-DF frame
1454,True,15,31,-7.079531,-0.232049,3.005464,0.622187,-0.382467,Broad reduced-DF frame
1455,True,13,43,-5.065864,-0.507011,3.156494,0.695113,-0.895594,Broad reduced-DF frame
1456,True,14,39,-6.42592,-0.443497,2.774776,0.482212,-0.229692,Broad reduced-DF frame
1457,True,15,31,-7.615993,-0.239874,2.903865,0.371623,-0.054067,Broad reduced-DF frame
1458,True,13,37,-4.786069,-0.253956,3.280895,1.251425,-1.398231,Broad reduced-DF frame
1459,True,13,42,-5.012998,-0.31751,2.982854,0.755997,-1.034374,Broad reduced-DF frame
1460,True,14,34,-6.656681,-0.627149,2.685635,0.40809,0.00776,Broad reduced-DF frame
1461,True,14,40,-7.622517,-0.344851,3.550767,0.641952,-0.103333,Broad reduced-DF frame
1462,True,13,39,-7.020267,0.096613,3.22094,0.516417,-0.704515,Broad reduced-DF frame
1463,True,15,25,-7.335861,-0.189243,2.12001,0.369716,-0.016738,Broad reduced-DF frame
1464,True,14,42,-6.387217,-0.143394,2.798138,0.630938,-0.554079,Broad reduced-DF frame
1465,True,15,28,-5.743546,0.067691,2.632985,0.589124,-1.122683,Broad reduced-DF frame
1466,True,13,39,-4.5725,-0.292046,3.025329,0.941403,-1.301897,Broad reduced-DF frame
1467,True,13,38,-4.683023,-0.405611,3.024031,0.900542,-1.095145,Broad reduced-DF frame
1468,True,14,33,-5.890052,-0.274089,3.278655,0.917485,-0.915964,Broad reduced-DF frame
1469,True,14,32,-4.824856,-0.276867,2.795619,0.88704,-1.21029,Broad reduced-DF frame
1470,True,14,32,-4.568356,-0.442968,3.158823,1.04478,-1.305238,Broad reduced-DF frame
1471,True,14,34,-7.213444,-0.637076,2.519198,0.582567,0.301311,Broad reduced-DF frame
1472,True,13,36,-4.290201,-0.147909,2.082798,0.855485,-1.228196,Broad reduced-DF frame
1473,True,13,35,-4.670317,-0.496211,2.496821,0.760444,-0.875804,Broad reduced-DF frame
1474,True,14,32,-6.497273,-0.568138,3.431746,0.716984,-0.433911,Broad reduced-DF frame
1475,True,14,36,-5.689741,-0.17999,2.756492,0.958295,-0.865647,Broad reduced-DF frame
1476,True,15,31,-6.005279,-0.695703,3.064177,0.757789,-0.417624,Broad reduced-DF frame
1477,True,13,35,-4.73528,-0.003224,2.274704,0.696905,-1.298949,Broad reduced-DF frame
1478,True,14,32,-6.777162,-0.405283,2.730096,0.580823,-0.179497,Broad reduced-DF frame
1479,True,13,36,-6.251609,-0.196308,2.672006,0.699083,-0.547838,Broad reduced-DF frame
1480,True,14,33,-6.431878,-0.450035,3.144057,0.766434,-0.43947,Broad reduced-DF frame
1481,True,14,33,-5.800056,-0.238251,3.002976,0.618562,-0.852571,Broad reduced-DF frame
1482,True,13,36,-5.189651,-0.436317,3.148061,0.972714,-1.009498,Broad reduced-DF frame
1483,True,13,38,-5.611626,-0.083012,2.357402,0.65424,-0.802916,Broad reduced-DF frame
1484,True,14,24,-4.501706,-0.113539,2.866702,1.190812,-1.701631,Broad reduced-DF frame
1485,True,15,26,-7.045949,-0.289499,2.430747,0.513445,-0.164997,Broad reduced-DF frame
1486,True,14,34,-7.285401,-0.619778,2.562548,0.151791,0.347418,Broad reduced-DF frame
1487,True,14,29,-5.856423,-0.45488,2.039116,0.405329,-0.304371,Broad reduced-DF frame
1488,True,14,35,-5.851148,-0.019445,2.598066,0.346819,-0.902718,Broad reduced-DF frame
1489,True,14,39,-6.766585,-0.399855,3.005081,0.741658,-0.290901,Broad reduced-DF frame
1490,True,14,24,-4.228438,-0.24886,2.765148,1.216098,-1.622591,Broad reduced-DF frame
1491,True,14,35,-5.839878,-0.410696,2.426087,0.861461,-0.489119,Broad reduced-DF frame
1492,True,13,39,-6.962938,-0.238585,2.429869,0.665219,-0.071894,Broad reduced-DF frame
1493,True,14,42,-6.386574,-0.517058,3.130476,0.634249,-0.298505,Broad reduced-DF frame
1494,True,13,32,-4.890136,-0.349026,2.493431,0.897233,-1.002437,Broad reduced-DF frame
1495,True,13,34,-4.074314,0.012505,2.377836,1.083848,-1.688006,Broad reduced-DF frame
1496,True,13,43,-4.778064,-0.422597,2.405204,0.858825,-0.823415,Broad reduced-DF frame
1497,True,14,36,-7.073451,-0.335497,2.495671,0.543355,-0.000612,Broad reduced-DF frame
1498,True,14,35,-4.93116,-0.337265,3.045119,0.733474,-1.18247,Broad reduced-DF frame
1499,True,16,30,-9.070404,0.015518,2.314452,0.476566,0.449899,Broad reduced-DF frame
1500,True,15,31,-6.653184,-0.212851,3.056079,0.593092,-0.58556,Broad reduced-DF frame
1501,True,14,26,-4.91447,-0.495236,2.496031,0.924756,-0.922495,Broad reduced-DF frame
1502,True,15,30,-8.694682,-0.551132,2.362488,0.193557,0.921036,Broad reduced-DF frame
1503,True,14,32,-6.407168,-0.413382,2.557419,0.53363,-0.253813,Broad reduced-DF frame
1504,True,13,43,-5.462664,-0.612468,2.717609,0.493693,-0.42996,Broad reduced-DF frame
1505,True,13,28,-5.770303,0.169618,2.337155,0.587164,-1.1031,Broad reduced-DF frame
1506,True,14,38,-7.161206,-0.313912,2.842535,0.650554,-0.08907,Broad reduced-DF frame
1507,True,16,36,-8.982364,-0.341914,2.602053,0.290727,0.761064,Broad reduced-DF frame
1508,True,17,29,-9.914409,-0.291371,2.539592,-0.292682,1.136988,Broad reduced-DF frame
1509,True,15,38,-8.999437,-0.614849,3.324882,0.317083,0.791854,Broad reduced-DF frame
1510,True,13,37,-4.386931,-0.567898,2.297626,0.762928,-0.888751,Broad reduced-DF frame
1511,True,15,31,-7.852777,-0.365977,2.836898,0.211157,0.226486,Broad reduced-DF frame
1512,True,15,36,-7.459503,-0.195067,3.06585,0.88393,-0.21136,Broad reduced-DF frame
1513,True,13,49,-5.47882,-0.331941,2.63453,0.727434,-0.611766,Broad reduced-DF frame
1514,True,13,39,-5.134248,-0.282571,2.721671,0.744497,-0.907927,Broad reduced-DF frame
1515,True,14,40,-8.223879,-0.385072,2.657867,0.035446,0.578629,Broad reduced-DF frame
1516,True,16,25,-7.561309,-0.535171,3.098308,0.520991,0.042172,Broad reduced-DF frame
1517,True,13,37,-5.538385,-0.155864,2.347479,0.876219,-0.809633,Broad reduced-DF frame
1518,True,14,35,-6.139672,-0.415979,2.806334,0.868503,-0.451022,Broad reduced-DF frame
1519,True,15,37,-8.957348,-0.802735,3.038923,-0.134387,1.116394,Broad reduced-DF frame
1520,True,14,37,-8.015394,-0.382701,2.825303,0.08702,0.445593,Broad reduced-DF frame
1521,True,13,49,-5.99388,-0.221952,2.512991,0.633637,-0.444495,Broad reduced-DF frame
1522,True,16,40,-10.723251,-0.388907,2.762423,-0.165074,1.586249,Broad reduced-DF frame
1523,True,13,31,-4.898039,-0.143512,2.173554,0.964815,-1.08066,Broad reduced-DF frame
1524,True,13,38,-5.205907,-0.236356,2.998097,0.674044,-1.074852,Broad reduced-DF frame
1525,True,14,42,-8.262112,-0.525766,2.687427,-0.061643,0.749493,Broad reduced-DF frame
1526,True,14,29,-5.218049,-0.336295,2.706786,1.067404,-1.009098,Broad reduced-DF frame
1527,True,13,37,-6.198674,-0.120989,2.58978,0.672847,-0.623291,Broad reduced-DF frame
1528,True,14,31,-4.96182,-0.371787,2.108506,0.731917,-0.782472,Broad reduced-DF frame
1529,True,14,31,-5.794937,-0.669603,2.673431,0.52979,-0.357566,Broad reduced-DF frame
1530,True,14,34,-5.527768,-0.603685,3.442286,0.997133,-0.818891,Broad reduced-DF frame
1531,True,17,29,-9.497344,-0.335818,2.748124,0.195395,0.864539,Broad reduced-DF frame
1532,True,14,26,-5.051095,-0.046144,2.24743,0.668451,-1.178345,Broad reduced-DF frame
1533,True,14,33,-4.618087,-0.575793,3.008219,0.840797,-1.084016,Broad reduced-DF frame
1534,True,14,36,-6.811401,-0.606089,2.887396,0.260037,0.029031,Broad reduced-DF frame
1535,True,13,34,-5.28015,-0.124035,2.299136,0.478575,-0.91648,Broad reduced-DF frame
1536,True,15,38,-7.893618,-0.469552,3.072166,0.254193,0.333203,Broad reduced-DF frame
1537,True,13,39,-5.04362,-0.484771,2.697206,0.715162,-0.737066,Broad reduced-DF frame
1538,True,13,35,-5.131089,-0.292162,2.521043,0.753403,-0.879601,Broad reduced-DF frame
1539,True,13,39,-5.098342,-0.279257,2.694851,0.997542,-0.981801,Broad reduced-DF frame
1540,True,14,29,-6.298423,-0.479018,2.494504,0.658749,-0.277372,Broad reduced-DF frame
1541,True,13,41,-5.47798,-0.234683,2.734609,0.649812,-0.82283,Broad reduced-DF frame
1542,True,13,39,-5.830034,-0.071762,2.320785,0.692073,-0.695042,Broad reduced-DF frame
1543,True,14,36,-6.542461,-0.71663,2.723936,0.493566,0.06012,Broad reduced-DF frame
1544,True,14,30,-5.568052,-0.195177,2.779367,1.102525,-1.008346,Broad reduced-DF frame
1545,True,13,37,-5.658593,-0.081945,1.884535,0.743167,-0.633248,Broad reduced-DF frame
1546,True,13,36,-5.652264,-0.396337,2.888818,0.646994,-0.656235,Broad reduced-DF frame
1547,True,14,42,-6.244166,-0.645412,3.000348,0.876372,-0.219259,Broad reduced-DF frame
1548,True,14,36,-6.33964,-0.457541,2.755736,0.484954,-0.262823,Broad reduced-DF frame
1549,True,14,29,-5.749021,-0.120231,2.537597,0.882116,-0.919747,Broad reduced-DF frame
1550,True,13,38,-5.34448,-0.262308,2.763799,0.756095,-0.900114,Broad reduced-DF frame
1551,True,13,43,-4.40013,-0.140684,2.421527,1.180005,-1.316656,Broad reduced-DF frame
1552,True,16,28,-8.056697,-0.120688,2.547638,0.240667,0.123549,Broad reduced-DF frame
1553,True,13,44,-4.494468,-0.33457,2.386599,0.668662,-1.007965,Broad reduced-DF frame
1554,True,14,35,-4.98179,-0.449357,2.806263,0.499098,-0.920916,Broad reduced-DF frame
1555,True,15,29,-5.98984,-0.325799,2.971999,0.86076,-0.753371,Broad reduced-DF frame
1556,True,13,40,-5.612636,-0.504532,2.88245,0.729536,-0.565893,Broad reduced-DF frame
1557,True,13,35,-5.102617,0.061969,2.407554,1.020176,-1.283024,Broad reduced-DF frame
1558,True,16,32,-8.254328,-0.030576,3.4097,0.385123,-0.149856,Broad reduced-DF frame
1559,True,14,36,-6.38529,-0.471324,2.822157,0.632608,-0.292322,Broad reduced-DF frame
1560,True,15,32,-8.085044,-0.406871,2.804186,0.163837,0.373931,Broad reduced-DF frame
1561,True,16,31,-10.315411,-0.707601,3.140575,-0.163104,1.490571,Broad reduced-DF frame
1562,True,13,36,-5.122318,-0.241838,2.177165,0.732553,-0.825166,Broad reduced-DF frame
1563,True,13,40,-6.297791,-0.332158,2.760747,0.703333,-0.406052,Broad reduced-DF frame
1564,True,13,37,-5.20582,-0.488904,2.729209,0.72699,-0.741203,Broad reduced-DF frame
1565,True,14,39,-7.771341,-0.522959,2.580446,0.367918,0.497319,Broad reduced-DF frame
1566,True,14,38,-6.908759,-0.446486,3.061739,0.729971,-0.121681,Broad reduced-DF frame
1567,True,18,33,-12.724426,-0.080093,2.171478,-0.398681,2.231915,Broad reduced-DF frame
1568,True,13,39,-5.262483,-0.325929,2.276822,0.665021,-0.662867,Broad reduced-DF frame
1569,True,14,26,-6.243994,-0.280467,2.797148,0.986435,-0.70608,Broad reduced-DF frame
1570,True,12,52,-4.274095,-0.456666,2.657257,0.775078,-0.975088,Broad reduced-DF frame
1571,True,14,32,-6.888939,-0.807381,3.609723,0.743767,-0.095278,Broad reduced-DF frame
1572,True,15,26,-7.592543,-0.354533,2.399526,0.380586,0.14861,Broad reduced-DF frame
1573,True,14,36,-6.099418,-0.273647,2.769528,0.555995,-0.587522,Broad reduced-DF frame
1574,True,14,26,-5.791659,-0.04169,2.145044,0.623298,-0.857169,Broad reduced-DF frame
1575,True,14,44,-9.600509,-0.686458,3.254143,-0.070298,1.232245,Broad reduced-DF frame
1576,True,15,36,-8.613563,-0.246986,2.50933,0.143216,0.612901,Broad reduced-DF frame
1577,True,13,38,-6.136318,-0.33341,2.609614,0.606531,-0.378971,Broad reduced-DF frame
1578,True,15,36,-9.270456,-0.514086,3.234365,0.032259,0.870655,Broad reduced-DF frame
1579,True,14,30,-6.357742,-0.205307,2.414753,0.751751,-0.471529,Broad reduced-DF frame
1580,True,13,38,-4.573949,-0.231928,2.923231,0.841898,-1.378145,Broad reduced-DF frame
1581,True,13,42,-5.508252,-0.25593,2.723252,0.71481,-0.786824,Broad reduced-DF frame
1582,True,14,38,-7.183958,-0.345755,2.643907,0.80455,0.009278,Broad reduced-DF frame
1583,True,15,32,-7.750143,-0.667782,2.784224,0.168734,0.466244,Broad reduced-DF frame
1584,True,15,32,-7.45681,-0.754169,2.777577,0.480922,0.39646,Broad reduced-DF frame
1585,True,14,37,-5.664485,-0.101034,2.559696,0.59287,-0.87387,Broad reduced-DF frame
1586,True,14,30,-4.870246,-0.60974,2.96885,0.864927,-0.941216,Broad reduced-DF frame
1587,True,14,30,-5.234309,-0.862153,3.11394,0.461612,-0.595883,Broad reduced-DF frame
1588,True,14,35,-5.374174,-0.473683,2.840832,0.493685,-0.71838,Broad reduced-DF frame
1589,True,14,36,-7.146248,-0.243807,2.748619,0.489778,-0.115502,Broad reduced-DF frame
1590,True,13,47,-5.198541,-0.714718,3.447185,0.946081,-0.728603,Broad reduced-DF frame
1591,True,13,40,-5.520767,-0.320564,2.426816,0.77324,-0.620791,Broad reduced-DF frame
1592,True,14,35,-7.054509,-0.183567,2.659102,0.65875,-0.263219,Broad reduced-DF frame
1593,True,13,44,-4.702791,-0.729662,3.313533,0.858736,-0.901014,Broad reduced-DF frame
1594,True,13,37,-5.102482,-0.524832,2.589654,0.937097,-0.735284,Broad reduced-DF frame
1595,True,14,33,-5.649521,-0.317107,2.820387,0.699927,-0.776275,Broad reduced-DF frame
1596,True,15,31,-9.576357,-0.341594,2.384855,-0.2959,1.104331,Broad reduced-DF frame
1597,True,14,32,-6.503284,-0.479307,3.152408,0.807199,-0.384289,Broad reduced-DF frame
1598,True,14,30,-6.10696,-0.307963,2.979794,0.510646,-0.636323,Broad reduced-DF frame
1599,True,14,33,-6.120027,-0.310092,2.656649,0.6647,-0.550847,Broad reduced-DF frame
1600,True,14,37,-7.531962,-0.745632,2.78821,0.486363,0.494838,Broad reduced-DF frame
1601,True,13,42,-5.877247,-0.506931,2.800217,0.682959,-0.39073,Broad reduced-DF frame
1602,True,14,28,-5.847984,-0.459446,2.294502,0.498735,-0.405784,Broad reduced-DF frame
1603,True,14,36,-6.881098,-0.156821,2.578422,0.574146,-0.294188,Broad reduced-DF frame
1604,True,13,50,-5.872085,-0.299307,2.940836,0.53117,-0.591535,Broad reduced-DF frame
1605,True,14,33,-7.543135,-0.080269,2.360862,0.375055,-0.023818,Broad reduced-DF frame
1606,True,14,37,-5.330815,-0.683816,3.192421,0.803031,-0.66836,Broad reduced-DF frame
1607,True,14,33,-5.306668,-0.443287,2.631015,0.767985,-0.741094,Broad reduced-DF frame
1608,True,14,29,-6.316036,-0.712451,2.858958,0.449461,-0.143094,Broad reduced-DF frame
1609,True,13,48,-5.182446,-0.27928,2.425133,0.761114,-0.726862,Broad reduced-DF frame
1610,True,14,39,-7.326535,-0.507233,2.474706,0.481118,0.321713,Broad reduced-DF frame
1611,True,14,28,-5.40727,-0.202204,2.399155,0.902651,-0.93975,Broad reduced-DF frame
1612,True,15,31,-7.778114,-0.41791,3.092948,0.731757,0.057608,Broad reduced-DF frame
1613,True,13,44,-5.855591,-0.530557,3.193706,0.862615,-0.493627,Broad reduced-DF frame
1614,True,15,35,-12.384639,-0.696256,3.341593,-0.229896,2.304759,Broad reduced-DF frame
1615,True,13,35,-6.290774,-0.527963,3.160815,0.760355,-0.404363,Broad reduced-DF frame
1616,True,14,31,-7.141307,-0.096498,2.332673,0.134683,-0.188953,Broad reduced-DF frame
1617,True,13,49,-4.194118,-0.35335,2.800416,1.15689,-1.247647,Broad reduced-DF frame
1618,True,14,36,-7.311997,-0.579823,2.774434,0.257221,0.260002,Broad reduced-DF frame
1619,True,15,29,-6.881867,-0.582301,2.960204,0.436893,-0.075594,Broad reduced-DF frame
1620,True,14,43,-6.542966,-0.055629,2.697029,0.260101,-0.528998,Broad reduced-DF frame
1621,True,15,31,-8.11723,-0.550664,2.690181,0.280977,0.561274,Broad reduced-DF frame
1622,True,14,36,-5.431143,-0.613058,3.170637,0.805168,-0.741854,Broad reduced-DF frame
1623,True,13,45,-6.607343,-0.21794,2.563455,0.49296,-0.226819,Broad reduced-DF frame
1624,True,14,30,-4.913473,-0.348302,2.422489,1.108588,-0.988875,Broad reduced-DF frame
1625,True,13,37,-5.014812,-0.138874,2.414307,0.766747,-1.06347,Broad reduced-DF frame
1626,True,13,38,-5.702751,0.141317,2.567679,0.833359,-1.123743,Broad reduced-DF frame
1627,True,13,43,-5.071713,-0.386043,2.802357,0.949999,-0.895604,Broad reduced-DF frame
1628,True,14,33,-7.45219,-0.032958,3.074041,0.848038,-0.453469,Broad reduced-DF frame
1629,True,14,29,-6.460039,0.006305,2.314142,0.758951,-0.6586,Broad reduced-DF frame
1630,True,15,30,-6.790614,-0.24128,3.242764,0.838364,-0.546179,Broad reduced-DF frame
1631,True,16,26,-8.918382,-0.802816,2.918421,0.51422,0.898141,Broad reduced-DF frame
1632,True,15,23,-7.256664,-0.312859,2.229033,0.627546,0.017945,Broad reduced-DF frame
1633,True,13,37,-5.171591,-0.412022,2.611804,0.589811,-0.800262,Broad reduced-DF frame
1634,True,14,32,-5.166269,-0.535732,2.104808,0.663635,-0.564472,Broad reduced-DF frame
1635,True,14,32,-5.749736,-0.234823,2.403346,0.852866,-0.723806,Broad reduced-DF frame
1636,True,14,35,-6.376509,-0.480659,2.951717,0.637591,-0.312141,Broad reduced-DF frame
1637,True,14,36,-5.801567,-0.341157,3.33344,1.080933,-0.876726,Broad reduced-DF frame
1638,True,14,30,-5.537297,-0.157822,2.204854,0.53478,-0.813488,Broad reduced-DF frame
1639,True,14,32,-6.247224,-0.464846,4.144468,1.172937,-0.98507,Broad reduced-DF frame
1640,True,13,41,-5.157236,-0.866226,2.867575,0.454545,-0.432136,Broad reduced-DF frame
1641,True,13,36,-5.398763,-0.18386,2.538121,0.698353,-0.900899,Broad reduced-DF frame
1642,True,14,43,-7.27419,-0.299794,2.9809,0.359222,-0.087514,Broad reduced-DF frame
1643,True,14,36,-6.149475,-0.446133,2.978861,0.928822,-0.512969,Broad reduced-DF frame
1644,True,18,34,-10.234576,-0.378731,2.32179,-0.017725,1.451981,Broad reduced-DF frame
1645,True,14,35,-6.67306,-0.230883,2.965297,0.678869,-0.441752,Broad reduced-DF frame
1646,True,14,43,-7.902678,-0.335926,2.183577,-0.09053,0.571919,Broad reduced-DF frame
1647,True,15,20,-5.289101,-0.712464,2.874462,0.923666,-0.806893,Broad reduced-DF frame
1648,True,14,36,-5.463424,-0.563802,3.009275,0.66476,-0.691411,Broad reduced-DF frame
1649,True,13,46,-4.355839,-0.349868,2.635865,0.645315,-1.125267,Broad reduced-DF frame
1650,True,15,31,-8.587894,-0.567692,2.64446,0.053796,0.823889,Broad reduced-DF frame
1651,True,14,29,-4.956742,-0.137433,2.402392,0.70616,-1.185012,Broad reduced-DF frame
1652,True,14,31,-6.861293,-0.700523,4.045299,1.108361,-0.443196,Broad reduced-DF frame
1653,True,13,32,-5.082192,-0.229209,2.350992,0.811977,-0.941104,Broad reduced-DF frame
1654,True,13,41,-3.626038,-0.275451,2.435034,1.00139,-1.491408,Broad reduced-DF frame
1655,True,14,38,-6.926291,-0.226771,2.859413,0.490556,-0.259864,Broad reduced-DF frame
1656,True,14,35,-5.303393,-0.320333,3.037639,0.657477,-0.947723,Broad reduced-DF frame
1657,True,13,47,-5.504247,-0.475213,2.398443,0.563043,-0.377478,Broad reduced-DF frame
1658,True,14,39,-8.01366,-0.345297,2.869209,0.235373,0.349346,Broad reduced-DF frame
1659,True,14,38,-5.626789,-0.24655,2.674664,0.660357,-0.77088,Broad reduced-DF frame
1660,True,15,39,-8.690841,-0.487445,3.228766,0.160161,0.586602,Broad reduced-DF frame
1661,True,13,42,-6.692233,-0.607388,2.632288,0.559404,0.106743,Broad reduced-DF frame
1662,True,13,39,-5.458747,-0.245415,2.553345,0.767557,-0.791984,Broad reduced-DF frame
1663,True,14,35,-5.808688,0.003599,2.713465,0.721546,-0.98383,Broad reduced-DF frame
1664,True,12,43,-3.540097,0.004785,2.235832,0.996539,-1.760284,Broad reduced-DF frame
1665,True,19,39,-12.968195,-0.702973,3.084085,-0.021354,2.623009,Broad reduced-DF frame
1666,True,14,33,-6.542362,-0.538705,3.056201,0.672005,-0.267984,Broad reduced-DF frame
1667,True,14,25,-5.929154,-0.485299,2.057202,0.291517,-0.309807,Broad reduced-DF frame
1668,True,14,33,-6.32907,-0.29638,2.358615,0.654309,-0.337176,Broad reduced-DF frame
1669,True,14,40,-7.136726,-0.544066,3.17338,0.423665,0.037031,Broad reduced-DF frame
1670,True,13,36,-4.123656,-0.034378,3.205274,1.270624,-1.990898,Broad reduced-DF frame
1671,True,15,38,-8.058527,-0.325833,3.137274,0.378491,0.204986,Broad reduced-DF frame
1672,True,14,42,-7.3673,-0.129211,2.649855,0.348172,-0.076335,Broad reduced-DF frame
1673,True,13,37,-4.706877,-0.095127,3.052784,1.014313,-1.509276,Broad reduced-DF frame
1674,True,15,27,-6.403472,-0.375501,3.347131,0.874981,-0.709192,Broad reduced-DF frame
1675,True,15,27,-6.549092,-0.440459,2.853894,0.986141,-0.430059,Broad reduced-DF frame
1676,True,14,35,-6.132213,-0.435757,3.329396,0.668917,-0.621046,Broad reduced-DF frame
1677,True,13,38,-5.431645,-0.530152,3.177349,0.784698,-0.748157,Broad reduced-DF frame
1678,True,15,35,-7.591061,-0.316274,2.627148,0.55839,0.12896,Broad reduced-DF frame
1679,True,16,33,-9.267621,-0.360174,2.348769,0.014887,1.007101,Broad reduced-DF frame
1680,True,13,38,-6.604497,-0.44168,3.21465,0.977999,-0.360001,Broad reduced-DF frame
1681,True,15,37,-7.480688,-0.352144,2.409352,0.12448,0.30342,Broad reduced-DF frame
1682,True,17,33,-11.501133,-0.659351,2.843259,-0.191696,2.067337,Broad reduced-DF frame
1683,True,13,38,-4.191432,-0.240915,2.252825,0.964225,-1.261697,Broad reduced-DF frame
1684,True,15,34,-8.865074,-0.644679,2.963918,0.075021,0.914039,Broad reduced-DF frame
1685,True,16,25,-7.920736,-0.45881,2.926601,0.393904,0.189603,Broad reduced-DF frame
1686,True,14,26,-3.982516,-0.282377,2.928942,0.959316,-1.738524,Broad reduced-DF frame
1687,True,14,37,-6.418845,-0.466464,3.036983,0.495446,-0.316352,Broad reduced-DF frame
1688,True,13,42,-4.452724,-0.24966,2.327682,0.61405,-1.118046,Broad reduced-DF frame
1689,True,15,26,-5.16434,-0.703018,3.280206,0.605717,-0.936371,Broad reduced-DF frame
1690,True,15,34,-8.085436,-0.609874,2.720686,0.554534,0.564935,Broad reduced-DF frame
1691,True,14,37,-5.811052,-0.271697,2.897513,0.771156,-0.74779,Broad reduced-DF frame
1692,True,13,40,-5.360635,0.09467,2.272502,0.604993,-1.052478,Broad reduced-DF frame
1693,True,14,38,-7.740158,-0.339936,2.320729,0.27591,0.405691,Broad reduced-DF frame
1694,True,13,34,-5.221561,-0.260746,2.502966,0.697837,-0.914043,Broad reduced-DF frame
1695,True,16,28,-8.337377,-0.546573,3.118776,0.324089,0.471078,Broad reduced-DF frame
1696,True,17,30,-11.111767,-0.536315,3.47615,-0.114789,1.537674,Broad reduced-DF frame
1697,True,13,42,-5.902788,-0.500815,3.289288,0.746264,-0.602845,Broad reduced-DF frame
1698,True,12,48,-5.86151,-0.358439,2.727896,0.565792,-0.435454,Broad reduced-DF frame
1699,True,16,21,-6.509907,-0.180137,2.597126,0.763472,-0.700298,Broad reduced-DF frame
1700,True,14,32,-6.575027,-0.15085,2.773863,0.775511,-0.557232,Broad reduced-DF frame
1701,True,13,38,-4.592381,-0.322259,2.509071,0.800184,-1.092916,Broad reduced-DF frame
1702,True,13,37,-6.048125,-0.34697,2.718195,0.737499,-0.500624,Broad reduced-DF frame
1703,True,13,34,-5.162547,0.133243,1.841693,0.509878,-1.06678,Broad reduced-DF frame
1704,True,14,29,-5.645498,-0.091181,2.166594,0.51408,-0.799702,Broad reduced-DF frame
1705,True,14,42,-6.940321,-0.223001,2.719967,0.599008,-0.186407,Broad reduced-DF frame
1706,True,16,26,-8.142555,-0.321291,3.237796,0.479549,0.029689,Broad reduced-DF frame
1707,True,15,30,-7.362244,-0.305128,2.205142,0.384061,0.166367,Broad reduced-DF frame
1708,True,14,33,-4.901658,-0.279589,3.001984,0.703645,-1.251867,Broad reduced-DF frame
1709,True,14,29,-5.825415,-0.461209,2.558829,0.683792,-0.535626,Broad reduced-DF frame
1710,True,15,27,-7.062779,-0.38571,2.723943,0.591627,-0.194543,Broad reduced-DF frame
1711,True,14,32,-5.587112,-0.256282,2.538195,0.739486,-0.77691,Broad reduced-DF frame
1712,True,13,36,-3.92395,-0.312825,2.48737,0.86312,-1.390908,Broad reduced-DF frame
1713,True,16,32,-12.430582,-0.118849,2.29317,-0.772252,2.162169,Broad reduced-DF frame
1714,True,13,34,-4.394087,-0.192737,2.778055,0.903792,-1.448179,Broad reduced-DF frame
1715,True,14,31,-5.261831,-0.345562,2.66442,0.755631,-0.903862,Broad reduced-DF frame
1716,True,14,35,-4.718445,-0.350401,3.258008,1.041761,-1.337506,Broad reduced-DF frame
1717,True,13,37,-5.545189,-0.512661,2.887262,0.76748,-0.617546,Broad reduced-DF frame
1718,True,14,32,-6.533513,-0.488422,2.712089,0.359329,-0.214317,Broad reduced-DF frame
1719,True,15,31,-6.695629,-0.327151,2.997552,0.49605,-0.375949,Broad reduced-DF frame
1720,True,15,35,-8.560777,-0.145922,3.003244,0.174876,0.28948,Broad reduced-DF frame
1721,True,13,48,-5.922205,-0.353935,2.818015,0.631226,-0.493965,Broad reduced-DF frame
1722,True,13,43,-6.113925,-0.831681,3.117608,0.507006,-0.058526,Broad reduced-DF frame
1723,True,13,36,-4.572035,0.136812,2.639451,0.884537,-1.610206,Broad reduced-DF frame
1724,True,14,30,-5.414373,-0.111187,2.386146,0.890885,-0.981892,Broad reduced-DF frame
1725,True,13,38,-5.982203,-0.317554,2.095251,0.608088,-0.308133,Broad reduced-DF frame
1726,True,15,36,-7.723139,-0.14948,2.326774,0.465153,0.163264,Broad reduced-DF frame
1727,True,14,36,-6.624543,-0.323213,2.268197,0.341004,-0.07912,Broad reduced-DF frame
1728,True,14,25,-5.830114,-0.22108,2.470321,0.817719,-0.791264,Broad reduced-DF frame
1729,True,14,38,-5.432021,-0.535948,3.638933,1.162999,-0.98872,Broad reduced-DF frame
1730,True,15,32,-6.868205,-0.564989,2.398749,0.752125,0.066009,Broad reduced-DF frame
1731,True,14,34,-7.226016,-0.397132,2.860926,0.566309,0.033993,Broad reduced-DF frame
1732,True,13,33,-6.192115,-0.099991,2.31404,0.498231,-0.544706,Broad reduced-DF frame
1733,True,14,34,-4.607892,-0.340711,3.420222,1.039439,-1.421335,Broad reduced-DF frame
1734,True,14,38,-6.164491,-0.511682,3.34526,0.797379,-0.510832,Broad reduced-DF frame
1735,True,17,29,-12.139374,-0.545335,3.499028,0.013975,1.886831,Broad reduced-DF frame
1736,True,13,34,-5.328843,-0.349766,2.997188,0.831719,-0.95534,Broad reduced-DF frame
1737,True,14,34,-6.041581,-0.23163,2.55479,0.769373,-0.589748,Broad reduced-DF frame
1738,True,13,38,-5.694261,-0.62824,2.457291,0.612137,-0.254948,Broad reduced-DF frame
1739,True,14,35,-7.307319,-0.639666,3.010934,0.490742,0.218441,Broad reduced-DF frame
1740,True,13,35,-4.780085,-0.167427,2.629113,0.807083,-1.250556,Broad reduced-DF frame
1741,True,14,38,-6.230574,-0.447121,2.870727,0.729459,-0.354898,Broad reduced-DF frame
1742,True,13,35,-4.357152,-0.310386,2.648555,0.790548,-1.278505,Broad reduced-DF frame
1743,True,14,35,-4.367937,-0.421101,2.756296,0.936637,-1.218904,Broad reduced-DF frame
1744,True,16,25,-8.328677,-0.219687,2.075144,0.305758,0.44127,Broad reduced-DF frame
1745,True,14,32,-6.685613,-0.531206,2.728605,0.647719,-0.096358,Broad reduced-DF frame
1746,True,15,35,-7.301024,-0.574102,3.393888,0.403393,-0.018164,Broad reduced-DF frame
1747,True,13,38,-4.567094,-0.136298,2.772531,0.816618,-1.382926,Broad reduced-DF frame
1748,True,13,43,-5.755337,-0.110839,2.719249,0.899931,-0.802934,Broad reduced-DF frame
1749,True,13,39,-4.772891,-0.068207,2.406184,0.86134,-1.243528,Broad reduced-DF frame
1750,True,12,48,-4.848903,-0.14274,2.567684,0.901637,-1.051426,Broad reduced-DF frame
1751,True,13,34,-6.775378,-0.469777,2.914048,0.59351,-0.186052,Broad reduced-DF frame
1752,True,13,35,-4.40312,-0.487556,2.576722,0.76659,-1.05002,Broad reduced-DF frame
1753,True,14,29,-5.090379,-0.605579,2.949097,0.87072,-0.843402,Broad reduced-DF frame
1754,True,14,34,-5.859759,-0.167009,2.812486,0.498276,-0.826518,Broad reduced-DF frame
1755,True,13,39,-5.607407,-0.137517,2.205753,0.652996,-0.706073,Broad reduced-DF frame
1756,True,14,31,-3.98506,-0.428888,2.709972,0.749228,-1.386768,Broad reduced-DF frame
1757,True,12,49,-7.023215,-0.371045,2.527009,0.421848,0.154264,Broad reduced-DF frame
1758,True,13,41,-5.823185,-0.599238,3.790349,1.079773,-0.75699,Broad reduced-DF frame
1759,True,14,30,-5.235857,-0.263955,2.576314,0.951866,-1.000604,Broad reduced-DF frame
1760,True,14,28,-6.461575,0.265442,2.178026,0.760553,-0.871108,Broad reduced-DF frame
1761,True,13,31,-5.827204,-0.074738,1.867567,0.818976,-0.659106,Broad reduced-DF frame
1762,True,14,32,-5.720111,-0.29723,3.213196,0.88326,-0.968337,Broad reduced-DF frame
1763,True,16,32,-8.960305,-0.124429,2.631851,0.161216,0.479723,Broad reduced-DF frame
1764,True,14,30,-5.388252,-0.847999,3.106463,0.621027,-0.574312,Broad reduced-DF frame
1765,True,14,36,-5.821949,-0.687073,2.922846,0.361121,-0.357638,Broad reduced-DF frame
1766,True,14,36,-6.739822,-0.193281,2.842041,0.290679,-0.440327,Broad reduced-DF frame
1767,True,13,38,-5.054342,0.214448,2.811035,0.937556,-1.596362,Broad reduced-DF frame
1768,True,15,31,-8.248305,-0.261661,3.969717,0.89385,-0.303674,Broad reduced-DF frame
1769,True,14,30,-6.027726,-0.294615,3.354667,0.878415,-0.933632,Broad reduced-DF frame
1770,True,13,45,-4.321396,-0.577718,3.17455,0.885007,-1.111215,Broad reduced-DF frame
1771,True,14,42,-8.311471,-0.466953,2.932413,0.335602,0.577036,Broad reduced-DF frame
1772,True,13,38,-4.603685,-0.440996,2.711331,0.960937,-1.02884,Broad reduced-DF frame
1773,True,14,39,-6.217432,-0.08981,2.875828,0.552052,-0.720723,Broad reduced-DF frame
1774,True,15,29,-6.454582,-0.377949,2.835053,0.262524,-0.416704,Broad reduced-DF frame
1775,True,14,37,-7.5878,-0.281134,3.040745,0.67969,-0.09052,Broad reduced-DF frame
1776,True,14,42,-6.674729,-0.265244,2.806009,0.641149,-0.320321,Broad reduced-DF frame
1777,True,14,32,-5.817575,-0.462379,2.820524,0.885948,-0.63316,Broad reduced-DF frame
1778,True,14,36,-4.827404,-0.300282,3.047026,1.055284,-1.236581,Broad reduced-DF frame
1779,True,14,45,-6.403803,-0.26202,2.62364,0.575347,-0.297707,Broad reduced-DF frame
1780,True,13,39,-4.26105,-0.639754,3.030419,0.942365,-1.120536,Broad reduced-DF frame
1781,True,16,27,-6.943699,-0.463291,3.263498,0.566266,-0.308916,Broad reduced-DF frame
1782,True,13,44,-5.616478,-0.280444,2.958999,0.574835,-0.808819,Broad reduced-DF frame
1783,True,14,37,-6.421065,-0.504637,3.071582,0.756742,-0.284883,Broad reduced-DF frame
1784,True,14,29,-5.903675,-0.040326,2.939832,1.272891,-1.222604,Broad reduced-DF frame
1785,True,13,39,-5.218709,0.026177,3.124568,1.050726,-1.454005,Broad reduced-DF frame
1786,True,14,33,-5.338876,-0.550775,3.147946,0.8392,-0.800965,Broad reduced-DF frame
1787,True,14,29,-5.610146,-0.176308,3.42871,1.249439,-1.32786,Broad reduced-DF frame
1788,True,13,45,-7.015501,-0.612162,2.782471,0.318367,0.250019,Broad reduced-DF frame
1789,True,14,41,-7.453212,-0.053805,2.637489,0.107735,-0.052846,Broad reduced-DF frame
1790,True,13,38,-5.502222,-0.576372,3.178152,0.762357,-0.681539,Broad reduced-DF frame
1791,True,17,30,-10.400558,-0.026826,1.976678,-0.806656,1.286006,Broad reduced-DF frame
1792,True,13,47,-5.909288,-0.39073,2.441817,0.146323,-0.327571,Broad reduced-DF frame
1793,True,13,31,-5.240612,-0.244796,2.531147,0.730035,-0.927927,Broad reduced-DF frame
1794,True,14,43,-7.447302,-0.575192,3.066731,0.1912,0.259681,Broad reduced-DF frame
1795,True,15,30,-7.099112,-0.365322,2.878458,0.367637,-0.149793,Broad reduced-DF frame
1796,True,13,38,-5.66033,-0.552527,2.306565,0.323304,-0.305539,Broad reduced-DF frame
1797,True,12,45,-5.587799,-0.149187,2.370873,0.525252,-0.684574,Broad reduced-DF frame
1798,True,13,42,-5.485766,-0.505437,2.704379,0.928141,-0.574124,Broad reduced-DF frame
1799,True,14,29,-4.894006,-0.445622,2.701091,0.799351,-0.974924,Broad reduced-DF frame
1800,True,13,32,-4.259243,-0.293071,2.714075,1.000684,-1.402163,Broad reduced-DF frame
1801,True,16,31,-10.613394,-0.723944,3.612411,0.0336,1.451027,Broad reduced-DF frame
1802,True,14,40,-6.783632,-0.117929,3.089174,0.16877,-0.476946,Broad reduced-DF frame
1803,True,16,22,-6.901973,-0.368141,3.121054,0.531635,-0.515826,Broad reduced-DF frame
1804,True,13,39,-5.173745,-0.266887,3.178434,0.812709,-1.115138,Broad reduced-DF frame
1805,True,15,33,-8.852345,-0.493771,2.907951,0.22183,0.768493,Broad reduced-DF frame
1806,True,14,28,-6.333763,-0.954403,3.241218,0.662962,-0.102243,Broad reduced-DF frame
1807,True,14,41,-7.431321,-0.316961,2.63898,0.319718,0.16128,Broad reduced-DF frame
1808,True,13,42,-5.144139,-0.280208,2.517038,0.998156,-0.886849,Broad reduced-DF frame
1809,True,13,32,-5.181008,-0.064377,2.613355,0.873117,-1.200121,Broad reduced-DF frame
1810,True,14,37,-5.577159,-0.372303,2.484527,0.597251,-0.587772,Broad reduced-DF frame
1811,True,14,29,-5.650863,-0.29959,2.718182,0.710415,-0.821458,Broad reduced-DF frame
1812,True,14,29,-5.774456,-0.635223,2.49774,0.455406,-0.374463,Broad reduced-DF frame
1813,True,13,39,-5.490303,-0.086456,2.785364,0.645529,-1.012275,Broad reduced-DF frame
1814,True,13,38,-4.485926,-0.20702,2.469864,0.925808,-1.233355,Broad reduced-DF frame
1815,True,14,32,-5.834116,-0.170579,2.352157,0.698539,-0.68455,Broad reduced-DF frame
1816,True,14,40,-7.223868,-0.319811,2.216798,0.303433,0.233484,Broad reduced-DF frame
1817,True,14,41,-7.726559,0.0867,2.323408,0.18707,-0.01974,Broad reduced-DF frame
1818,True,14,35,-5.667814,-0.369761,2.884307,0.960719,-0.786988,Broad reduced-DF frame
1819,True,15,31,-6.378446,-0.028995,2.896034,0.600638,-0.811652,Broad reduced-DF frame
1820,True,13,45,-5.355888,-0.310299,2.548098,0.732404,-0.679691,Broad reduced-DF frame
1821,True,15,29,-6.668913,-0.350943,2.529658,0.519143,-0.251219,Broad reduced-DF frame
1822,True,14,42,-7.822412,-0.340464,3.231828,0.450265,0.127791,Broad reduced-DF frame
1823,True,14,35,-7.166805,-0.372068,2.763143,0.482377,-0.016331,Broad reduced-DF frame
1824,True,14,36,-7.506085,-0.806926,2.033512,0.18272,0.820243,Broad reduced-DF frame
1825,True,15,34,-7.539102,-0.235295,3.019144,0.394874,-0.120274,Broad reduced-DF frame
1826,True,14,40,-7.992783,-0.514241,3.562739,0.518409,0.225078,Broad reduced-DF frame
1827,True,15,25,-7.034738,-0.556318,3.506929,0.393225,-0.330252,Broad reduced-DF frame
1828,True,13,35,-5.063087,-0.458944,2.365335,0.74072,-0.717232,Broad reduced-DF frame
1829,True,13,40,-5.046502,-0.283718,2.299299,0.815895,-0.819777,Broad reduced-DF frame
1830,True,13,38,-5.751917,-0.494837,3.309204,0.917418,-0.711106,Broad reduced-DF frame
1831,True,14,27,-4.100269,-0.310381,3.112464,1.129918,-1.666953,Broad reduced-DF frame
1832,True,15,25,-4.81427,-0.476985,3.547105,0.84834,-1.402238,Broad reduced-DF frame
1833,True,13,39,-5.675163,-0.195165,2.702994,0.71216,-0.792097,Broad reduced-DF frame
1834,True,16,32,-9.591454,-0.445419,2.901919,-0.019983,1.012775,Broad reduced-DF frame
1835,True,13,40,-6.089856,-0.477837,2.527214,0.541721,-0.21828,Broad reduced-DF frame
1836,True,14,42,-7.081892,-0.173648,2.459888,0.321653,-0.032609,Broad reduced-DF frame
1837,True,15,33,-7.857197,-0.246376,3.823191,0.294281,-0.338771,Broad reduced-DF frame
1838,True,14,34,-6.107195,-0.275987,2.997418,0.896109,-0.758835,Broad reduced-DF frame
1839,True,13,37,-4.68971,-0.055189,2.994417,1.017959,-1.557344,Broad reduced-DF frame
1840,True,15,33,-7.467617,-0.35771,2.970807,0.382775,-0.027259,Broad reduced-DF frame
1841,True,14,37,-4.474178,-0.441589,2.709857,0.628963,-1.07625,Broad reduced-DF frame
1842,True,14,29,-5.581531,-0.405606,2.903006,0.804567,-0.83869,Broad reduced-DF frame
1843,True,14,31,-6.537385,-0.476019,3.076857,0.581085,-0.337042,Broad reduced-DF frame
1844,True,14,38,-6.101878,-0.328272,2.730322,0.507263,-0.454246,Broad reduced-DF frame
1845,True,14,33,-5.969536,-0.23627,2.193162,0.587264,-0.498954,Broad reduced-DF frame
1846,True,13,34,-4.007419,-0.319627,2.280045,1.018299,-1.316718,Broad reduced-DF frame
1847,True,14,30,-6.349491,-0.539638,2.679141,0.531585,-0.251674,Broad reduced-DF frame
1848,True,13,43,-5.393608,-0.319378,3.292095,0.700813,-0.951039,Broad reduced-DF frame
1849,True,13,34,-5.794499,-0.668042,2.840217,0.680889,-0.356752,Broad reduced-DF frame
1850,True,13,43,-4.926591,-0.363193,2.879965,0.848596,-0.991998,Broad reduced-DF frame
1851,True,16,24,-7.398792,-0.44252,2.774446,0.184612,-0.001924,Broad reduced-DF frame
1852,True,14,41,-6.854816,-0.303085,2.645043,0.754623,-0.149265,Broad reduced-DF frame
1853,True,15,30,-6.953484,-0.215852,2.537731,0.504714,-0.232007,Broad reduced-DF frame
1854,True,14,35,-5.70798,-0.07776,2.638925,0.773825,-0.87541,Broad reduced-DF frame
1855,True,13,40,-5.192365,-0.516569,2.479687,0.591966,-0.600507,Broad reduced-DF frame
1856,True,13,39,-4.062426,-0.253484,2.733399,0.938657,-1.481569,Broad reduced-DF frame
1857,True,14,35,-5.656535,-0.788322,2.922111,0.822678,-0.345228,Broad reduced-DF frame
1858,True,15,24,-7.711712,-1.093703,3.890425,0.438859,0.321112,Broad reduced-DF frame
1859,True,14,44,-6.869458,-0.682105,3.580011,0.6157,-0.073795,Broad reduced-DF frame
1860,True,14,41,-7.447305,0.033828,2.773547,0.564258,-0.238923,Broad reduced-DF frame
1861,True,15,35,-7.640462,-0.196218,3.132658,0.257009,-0.091461,Broad reduced-DF frame
1862,True,15,23,-6.588987,-0.405277,2.132305,0.440098,-0.170412,Broad reduced-DF frame
1863,True,14,34,-6.627545,-0.129668,2.795922,0.76053,-0.533704,Broad reduced-DF frame
1864,True,15,35,-8.630203,-0.47269,2.722943,0.049219,0.720828,Broad reduced-DF frame
1865,True,14,43,-8.316316,-0.20615,2.722886,0.208261,0.428166,Broad reduced-DF frame
1866,True,13,43,-5.113519,-0.187556,2.710079,0.71393,-1.023956,Broad reduced-DF frame
1867,True,15,34,-8.078191,-0.560914,3.586853,0.242178,0.235513,Broad reduced-DF frame
1868,True,13,41,-5.303397,-0.050056,2.24743,0.735858,-0.927299,Broad reduced-DF frame
1869,True,16,17,-5.150045,-0.410372,3.379376,0.983426,-1.394633,Broad reduced-DF frame
1870,True,15,43,-8.581216,-0.164276,2.502098,0.135828,0.590952,Broad reduced-DF frame
1871,True,14,30,-5.375369,0.053277,2.690992,0.807196,-1.271512,Broad reduced-DF frame
1872,True,14,34,-6.011408,-0.015443,3.00798,0.736924,-1.029101,Broad reduced-DF frame
1873,True,13,37,-4.275025,-0.179305,2.47766,1.025047,-1.357386,Broad reduced-DF frame
1874,True,14,36,-6.468868,-0.118648,2.690911,0.630206,-0.558144,Broad reduced-DF frame
1875,True,15,27,-6.965187,-0.515235,2.420169,0.475796,0.069584,Broad reduced-DF frame
1876,True,14,47,-7.512623,-0.422093,2.606691,0.52977,0.326554,Broad reduced-DF frame
1877,True,14,43,-6.831246,-0.792177,2.747573,0.324137,0.330334,Broad reduced-DF frame
1878,True,14,37,-5.244282,-0.311417,2.913823,0.799222,-0.943262,Broad reduced-DF frame
1879,True,14,36,-5.98759,0.079353,2.132719,0.469931,-0.731263,Broad reduced-DF frame
1880,True,13,34,-6.27912,-0.336296,2.733948,0.698664,-0.4409,Broad reduced-DF frame
1881,True,14,32,-6.309208,-0.434505,3.27929,0.883254,-0.605064,Broad reduced-DF frame
1882,True,14,39,-6.045222,-0.900181,3.700103,0.649582,-0.312582,Broad reduced-DF frame
1883,True,13,35,-4.896293,-0.102178,2.618564,0.958919,-1.274832,Broad reduced-DF frame
1884,True,14,31,-5.960367,-0.389305,2.389403,0.317083,-0.413078,Broad reduced-DF frame
1885,True,15,27,-7.040192,-0.453604,2.629509,0.408547,-0.012995,Broad reduced-DF frame
1886,True,13,45,-5.615404,-0.270254,2.664877,0.535871,-0.670097,Broad reduced-DF frame
1887,True,13,40,-6.046338,-0.130994,2.342983,0.642053,-0.533614,Broad reduced-DF frame
1888,True,16,32,-9.188872,-0.644631,4.088871,0.541548,0.580641,Broad reduced-DF frame
1889,True,13,40,-5.364149,-0.344204,2.421986,0.758471,-0.663115,Broad reduced-DF frame
1890,True,13,35,-6.584075,-0.442554,2.785831,0.640555,-0.219286,Broad reduced-DF frame
1891,True,13,34,-7.384332,-0.473476,3.070545,0.558976,0.028825,Broad reduced-DF frame
1892,True,13,34,-4.724419,0.278399,2.68464,1.024084,-1.766998,Broad reduced-DF frame
1893,True,13,39,-5.876679,-0.175122,2.621419,0.679504,-0.679737,Broad reduced-DF frame
1894,True,13,36,-5.799022,-0.311152,2.274803,0.712366,-0.471662,Broad reduced-DF frame
1895,True,15,35,-7.972693,-0.194901,3.026056,0.198256,0.025858,Broad reduced-DF frame
1896,True,14,26,-4.606758,-0.111235,2.54338,0.946803,-1.444332,Broad reduced-DF frame
1897,True,13,39,-5.036986,-0.45315,2.79463,1.081779,-0.891865,Broad reduced-DF frame
1898,True,13,40,-4.810258,-0.198449,2.917428,0.834154,-1.219683,Broad reduced-DF frame
1899,True,14,26,-4.692355,-0.157059,2.73102,0.871182,-1.464769,Broad reduced-DF frame
1900,True,14,30,-6.456044,-0.537864,3.666748,0.775259,-0.602852,Broad reduced-DF frame
1901,True,14,38,-8.180471,-0.322888,2.876991,0.285263,0.364308,Broad reduced-DF frame
1902,True,15,31,-7.412786,-0.443444,2.422988,0.63521,0.184747,Broad reduced-DF frame
1903,True,14,35,-5.686433,-0.53859,3.044288,0.702196,-0.621437,Broad reduced-DF frame
1904,True,15,30,-6.332784,-0.569561,3.290993,0.614068,-0.452308,Broad reduced-DF frame
1905,True,14,40,-6.443937,-0.444484,2.584431,0.506869,-0.141254,Broad reduced-DF frame
1906,True,16,32,-11.620328,-0.457404,3.23299,-0.415519,1.749095,Broad reduced-DF frame
1907,True,14,34,-6.811956,-0.334751,3.0508,0.653587,-0.353805,Broad reduced-DF frame
1908,True,13,38,-5.2996,-0.415292,2.092061,0.536707,-0.495115,Broad reduced-DF frame
1909,True,14,32,-6.742549,-0.436543,2.258889,0.345874,0.006809,Broad reduced-DF frame
1910,True,13,37,-4.690233,0.038483,2.322763,0.697341,-1.325944,Broad reduced-DF frame
1911,True,14,37,-6.935338,-0.549943,2.723024,0.563579,0.112179,Broad reduced-DF frame
1912,True,15,26,-6.071699,-0.223936,3.139658,0.430364,-0.922285,Broad reduced-DF frame
1913,True,14,32,-5.415398,-0.322003,2.621044,1.010991,-0.873888,Broad reduced-DF frame
1914,True,14,33,-6.04559,-0.946518,2.736464,0.731734,-0.034488,Broad reduced-DF frame
1915,True,13,44,-6.379965,0.081217,2.81344,0.799327,-0.801465,Broad reduced-DF frame
1916,True,14,35,-6.916164,-0.616981,3.304964,0.406174,-0.100599,Broad reduced-DF frame
1917,True,14,37,-6.929871,-0.310579,2.238318,0.421485,0.04672,Broad reduced-DF frame
1918,True,16,20,-6.803129,-0.266143,2.615776,0.838927,-0.505295,Broad reduced-DF frame
1919,True,14,31,-3.720871,-0.397797,2.908605,0.816019,-1.692714,Broad reduced-DF frame
1920,True,14,41,-6.045602,-0.560061,3.451714,0.983857,-0.594033,Broad reduced-DF frame
1921,True,13,37,-5.801945,-0.025463,2.348865,0.938868,-0.842188,Broad reduced-DF frame
1922,True,15,48,-8.299176,-0.287071,3.049503,0.498718,0.383475,Broad reduced-DF frame
1923,True,14,26,-4.230442,-0.403679,2.774105,1.082705,-1.449395,Broad reduced-DF frame
1924,True,13,37,-6.355726,-0.373547,2.812737,0.283591,-0.320431,Broad reduced-DF frame
1925,True,15,34,-7.332022,-0.479314,2.874552,0.710893,0.075484,Broad reduced-DF frame
1926,True,13,41,-5.515206,0.057627,2.407252,0.721764,-0.962299,Broad reduced-DF frame
1927,True,13,41,-4.212044,-0.256725,2.767038,1.273578,-1.450794,Broad reduced-DF frame
1928,True,14,30,-6.994485,0.037522,2.959466,0.406988,-0.646154,Broad reduced-DF frame
1929,True,13,35,-5.609729,-0.676151,2.613077,0.489391,-0.347029,Broad reduced-DF frame
1930,True,14,33,-6.954897,-0.292869,2.639873,0.386585,-0.155657,Broad reduced-DF frame
1931,True,15,28,-7.144446,-0.575077,2.845176,0.22661,0.036818,Broad reduced-DF frame
1932,True,14,23,-4.4076,-0.300117,2.322198,0.932782,-1.316985,Broad reduced-DF frame
1933,True,12,47,-4.752462,-0.379055,2.659659,0.796033,-0.923326,Broad reduced-DF frame
1934,True,14,41,-7.852776,-0.676072,2.596469,0.244155,0.705524,Broad reduced-DF frame
1935,True,13,32,-4.926205,-0.194633,2.156053,0.751837,-0.986251,Broad reduced-DF frame
1936,True,14,38,-6.433813,-0.548979,2.604542,0.822887,-0.121937,Broad reduced-DF frame
1937,True,16,41,-11.186185,-0.275915,3.137042,-0.059713,1.545416,Broad reduced-DF frame
1938,True,13,42,-6.95181,-0.615538,2.712833,0.34338,0.251021,Broad reduced-DF frame
1939,True,13,32,-4.772641,-0.319205,2.876698,0.858871,-1.187939,Broad reduced-DF frame
1940,True,12,52,-4.374586,-0.425301,2.542571,0.856236,-0.975079,Broad reduced-DF frame
1941,True,13,43,-6.566947,-0.150544,2.819099,0.78169,-0.466016,Broad reduced-DF frame
1942,True,15,24,-7.084873,-0.207274,1.957069,0.588948,-0.062049,Broad reduced-DF frame
1943,True,13,40,-4.823245,-0.485085,3.19123,0.924751,-1.05082,Broad reduced-DF frame
1944,True,12,52,-3.96356,-0.439029,2.516605,0.765804,-1.090908,Broad reduced-DF frame
1945,True,13,31,-4.953548,-0.096055,2.163937,0.768947,-1.093138,Broad reduced-DF frame
1946,True,14,34,-5.263441,-0.548075,2.889227,0.753669,-0.750829,Broad reduced-DF frame
1947,True,13,35,-6.347512,-0.196414,2.568962,0.629128,-0.480101,Broad reduced-DF frame
1948,True,13,41,-5.510379,0.085862,2.33672,0.873683,-1.00164,Broad reduced-DF frame
1949,True,14,28,-5.772022,-0.488332,2.65864,0.425021,-0.550396,Broad reduced-DF frame
1950,True,13,35,-5.657883,-0.180739,2.509682,0.728464,-0.798334,Broad reduced-DF frame
1951,True,13,37,-4.964498,-0.223631,2.319197,0.824051,-0.987736,Broad reduced-DF frame
1952,True,15,27,-6.478557,-0.245233,2.964036,0.331122,-0.594867,Broad reduced-DF frame
1953,True,14,34,-6.51564,-0.308073,2.889009,0.620194,-0.442136,Broad reduced-DF frame
1954,True,14,33,-3.604207,-0.613363,3.907447,1.322924,-1.877176,Broad reduced-DF frame
1955,True,15,25,-5.554683,-0.470351,3.331122,1.091803,-1.010611,Broad reduced-DF frame
1956,True,13,32,-4.98898,-0.185317,2.719481,1.054118,-1.212296,Broad reduced-DF frame
1957,True,14,47,-6.844319,-0.681031,3.48324,0.544244,-0.018208,Broad reduced-DF frame
1958,True,14,30,-5.162967,-0.456101,2.154217,0.704711,-0.672843,Broad reduced-DF frame
1959,True,13,34,-6.423294,-0.198226,2.341398,0.707447,-0.386153,Broad reduced-DF frame
1960,True,14,33,-6.887265,-0.092397,2.457976,0.466146,-0.331351,Broad reduced-DF frame
1961,True,14,33,-6.328036,-0.368712,3.523855,0.886512,-0.742395,Broad reduced-DF frame
1962,True,14,32,-5.565789,-0.301699,2.679188,0.601396,-0.798034,Broad reduced-DF frame
1963,True,14,26,-5.170678,0.04039,2.255347,0.839628,-1.228795,Broad reduced-DF frame
1964,True,16,31,-10.826255,-0.397929,2.38975,-0.531738,1.693844,Broad reduced-DF frame
1965,True,15,35,-7.470055,-0.504228,2.676781,0.646025,0.236928,Broad reduced-DF frame
1966,True,14,34,-5.545159,-0.512374,3.297723,0.819995,-0.854063,Broad reduced-DF frame
1967,True,14,41,-7.722729,-0.063694,2.386974,0.252737,0.15759,Broad reduced-DF frame
1968,True,14,37,-7.377843,-0.40497,2.825838,0.384883,0.097734,Broad reduced-DF frame
1969,True,13,40,-5.421154,-0.136722,2.394523,0.532304,-0.81653,Broad reduced-DF frame
1970,True,14,32,-6.453833,-0.442241,2.61464,0.686515,-0.250735,Broad reduced-DF frame
1971,True,12,44,-4.740963,-0.163927,2.291154,0.964529,-1.080026,Broad reduced-DF frame
1972,True,15,23,-5.735154,-0.525365,3.589934,0.742553,-1.035545,Broad reduced-DF frame
1973,True,13,40,-6.073696,-0.730691,2.828774,0.718536,-0.175932,Broad reduced-DF frame
1974,True,14,44,-8.478777,-0.430708,2.439497,0.112753,0.818663,Broad reduced-DF frame
1975,True,15,29,-5.65162,-0.58685,2.742842,0.694239,-0.575289,Broad reduced-DF frame
1976,True,14,41,-7.511245,-0.242457,2.969871,0.329674,0.00017,Broad reduced-DF frame
1977,True,15,40,-9.929844,-0.25711,2.771042,-0.159234,1.181635,Broad reduced-DF frame
1978,True,14,28,-7.008594,0.014055,2.503885,0.595465,-0.465482,Broad reduced-DF frame
1979,True,15,38,-9.339141,-0.487243,3.097683,0.152356,0.909614,Broad reduced-DF frame
1980,True,13,43,-6.750863,-0.341179,2.368455,0.556061,0.019494,Broad reduced-DF frame
1981,True,14,32,-6.084766,-0.415549,2.360184,0.527809,-0.341796,Broad reduced-DF frame
1982,True,13,39,-6.144716,-0.24905,2.652315,0.668281,-0.495238,Broad reduced-DF frame
1983,True,14,35,-5.462807,-0.594342,3.499944,0.811153,-0.808971,Broad reduced-DF frame
1984,True,14,29,-6.757252,-0.676687,1.961223,0.472561,0.28831,Broad reduced-DF frame
1985,True,15,33,-8.116474,-0.748226,3.152382,0.258889,0.616814,Broad reduced-DF frame
1986,True,17,30,-9.303723,-0.466083,2.80927,0.226941,0.927915,Broad reduced-DF frame
1987,True,17,29,-10.321572,-0.236099,2.957658,0.236057,1.014647,Broad reduced-DF frame
1988,True,14,39,-6.968503,-0.810561,3.927274,0.716078,-0.141925,Broad reduced-DF frame
1989,True,14,31,-5.603258,-0.50846,3.232345,1.183768,-0.860877,Broad reduced-DF frame
1990,True,13,34,-5.922587,-0.608042,2.828964,0.622306,-0.381359,Broad reduced-DF frame
1991,True,13,47,-5.686097,-0.673233,2.90145,0.732478,-0.308087,Broad reduced-DF frame
1992,True,14,44,-6.487562,-0.206282,3.058555,0.663431,-0.524935,Broad reduced-DF frame
1993,True,15,29,-7.769347,0.154799,2.150184,0.336537,-0.147974,Broad reduced-DF frame
1994,True,13,39,-5.02896,-0.108884,2.243742,0.88663,-0.974737,Broad reduced-DF frame
1995,True,14,30,-4.942794,-0.182161,2.65611,1.019235,-1.221235,Broad reduced-DF frame
1996,True,14,30,-5.839734,-0.334399,3.09688,0.830771,-0.838881,Broad reduced-DF frame
1997,True,14,29,-5.73082,-0.166245,2.540554,0.562662,-0.841923,Broad reduced-DF frame
1998,True,15,36,-7.107828,-0.396823,2.77044,0.360788,0.007195,Broad reduced-DF frame
0,True,17,35,-10.121824,-0.566398,2.388876,-0.027945,1.619661,Prior-operation reduced-DF frame
1,True,14,37,-7.173629,-0.128554,2.316653,0.373514,0.000203,Prior-operation reduced-DF frame
2,True,13,38,-5.853648,-0.552949,3.565075,0.713068,-0.684241,Prior-operation reduced-DF frame
3,True,13,38,-5.794316,0.054644,2.262734,0.82287,-0.817296,Prior-operation reduced-DF frame
4,True,13,43,-6.585958,-0.331976,2.779858,0.529107,-0.197426,Prior-operation reduced-DF frame
5,True,16,27,-7.83574,-0.259692,2.917602,0.349603,0.066665,Prior-operation reduced-DF frame
6,True,13,38,-5.458401,-0.833106,2.945464,0.43946,-0.311669,Prior-operation reduced-DF frame
7,True,13,29,-5.922883,-0.595253,2.738371,0.523792,-0.337815,Prior-operation reduced-DF frame
8,True,19,26,-10.031215,-0.649492,3.686755,0.257959,1.056785,Prior-operation reduced-DF frame
9,True,14,33,-6.893987,-0.332038,2.475032,0.600752,-0.059612,Prior-operation reduced-DF frame
10,True,13,30,-5.420018,-0.300583,2.976029,0.702025,-0.926931,Prior-operation reduced-DF frame
11,True,13,32,-4.779353,-0.319982,3.085505,1.090856,-1.252856,Prior-operation reduced-DF frame
12,True,13,37,-5.305967,-0.358606,3.412479,0.856412,-1.06032,Prior-operation reduced-DF frame
13,True,14,42,-7.509217,-0.254709,3.241418,0.359136,-0.040779,Prior-operation reduced-DF frame
14,True,13,39,-6.088312,-0.392638,2.522961,0.85465,-0.329878,Prior-operation reduced-DF frame
15,True,14,29,-7.29204,-0.640383,3.104604,0.563172,0.134625,Prior-operation reduced-DF frame
16,True,14,27,-6.248437,-0.169735,3.052279,0.871611,-0.777208,Prior-operation reduced-DF frame
17,True,14,31,-6.219931,-0.018605,3.229317,0.935063,-1.036644,Prior-operation reduced-DF frame
18,True,14,27,-5.8879,-0.279431,2.20311,0.644813,-0.521321,Prior-operation reduced-DF frame
19,True,14,28,-6.026595,-0.920048,3.811302,0.622742,-0.497324,Prior-operation reduced-DF frame
20,True,13,33,-5.454415,-0.452284,2.310024,0.507232,-0.480434,Prior-operation reduced-DF frame
21,True,15,36,-8.359387,-0.444868,2.546285,0.31427,0.691148,Prior-operation reduced-DF frame
22,True,15,35,-8.069422,-0.072435,2.783174,0.508148,0.087074,Prior-operation reduced-DF frame
23,True,14,29,-5.580882,-0.346194,3.786246,1.0305,-1.218689,Prior-operation reduced-DF frame
24,True,14,33,-7.283536,-0.824538,3.580139,0.610721,0.153692,Prior-operation reduced-DF frame
25,True,14,36,-7.101816,-0.340881,3.02184,0.45332,-0.093746,Prior-operation reduced-DF frame
26,True,13,40,-5.363874,-0.359328,2.837869,0.662027,-0.720498,Prior-operation reduced-DF frame
27,True,14,34,-5.785025,-0.38753,3.727856,1.047641,-1.018605,Prior-operation reduced-DF frame
28,True,14,31,-5.6878,-0.264369,2.693268,0.6399,-0.765748,Prior-operation reduced-DF frame
29,True,14,26,-6.242959,-0.384799,2.589958,0.628888,-0.410256,Prior-operation reduced-DF frame
30,True,13,36,-4.85372,-0.234833,2.530916,0.859221,-1.05172,Prior-operation reduced-DF frame
31,True,14,32,-6.551621,-0.087785,2.761249,0.794738,-0.572073,Prior-operation reduced-DF frame
32,True,13,29,-5.039723,-0.277625,2.513242,0.828575,-0.968174,Prior-operation reduced-DF frame
33,True,14,28,-7.07834,-0.026358,3.109205,0.668553,-0.603178,Prior-operation reduced-DF frame
34,True,12,42,-5.869586,-0.460116,2.34228,0.538603,-0.207211,Prior-operation reduced-DF frame
35,True,14,27,-5.133153,-0.159537,3.07094,0.978326,-1.334764,Prior-operation reduced-DF frame
36,True,14,31,-5.646216,-0.225887,2.813769,0.782957,-0.818538,Prior-operation reduced-DF frame
37,True,13,36,-4.371877,-0.239018,3.039698,0.974091,-1.462076,Prior-operation reduced-DF frame
38,True,16,28,-8.101673,-0.462288,2.78944,0.348717,0.413837,Prior-operation reduced-DF frame
39,True,13,29,-6.278269,-0.333245,2.572131,0.649411,-0.40288,Prior-operation reduced-DF frame
40,True,14,32,-6.638029,-0.363404,2.068181,0.530443,-0.012406,Prior-operation reduced-DF frame
41,True,14,36,-6.937977,-0.397295,2.93728,0.862819,-0.127882,Prior-operation reduced-DF frame
42,True,13,36,-7.039221,-0.428619,3.284307,0.399473,-0.144259,Prior-operation reduced-DF frame
43,True,15,48,-9.413435,-0.314404,2.530369,0.09082,1.147229,Prior-operation reduced-DF frame
44,True,14,39,-7.111462,-0.061275,2.825135,0.444562,-0.300845,Prior-operation reduced-DF frame
45,True,13,37,-4.943001,-0.4717,2.86497,0.552901,-0.852,Prior-operation reduced-DF frame
46,True,17,27,-9.029293,-0.277883,2.47739,-0.139753,0.80387,Prior-operation reduced-DF frame
47,True,13,37,-6.920944,-0.613749,3.569743,0.433929,-0.097441,Prior-operation reduced-DF frame
48,True,16,24,-8.052994,-0.341562,2.340906,0.500384,0.364214,Prior-operation reduced-DF frame
49,True,14,37,-7.797985,-0.280408,2.72873,0.439009,0.27219,Prior-operation reduced-DF frame
50,True,13,32,-4.920062,-0.006072,2.473473,0.829002,-1.291308,Prior-operation reduced-DF frame
51,True,13,33,-4.413767,-0.287338,2.808292,0.745243,-1.328364,Prior-operation reduced-DF frame
52,True,13,35,-6.516091,-0.393754,2.823362,0.646297,-0.24689,Prior-operation reduced-DF frame
53,True,13,32,-4.774684,-0.187664,3.060829,1.070461,-1.377889,Prior-operation reduced-DF frame
54,True,14,31,-5.677993,-0.282781,3.747142,1.022204,-1.189337,Prior-operation reduced-DF frame
55,True,16,23,-8.26916,-0.135886,2.869516,0.343452,0.066599,Prior-operation reduced-DF frame
56,True,14,27,-6.661644,-0.501851,2.902963,0.629765,-0.208527,Prior-operation reduced-DF frame
57,True,14,38,-7.376465,-0.485391,3.15633,0.623497,0.121489,Prior-operation reduced-DF frame
58,True,16,32,-9.659078,-0.286253,3.234798,0.215783,0.822029,Prior-operation reduced-DF frame
59,True,13,34,-6.675177,-0.731193,2.816961,0.189776,0.109437,Prior-operation reduced-DF frame
60,True,14,34,-6.224266,-0.292562,2.389232,0.534739,-0.331552,Prior-operation reduced-DF frame
61,True,14,30,-6.640353,-0.555734,3.361115,0.566577,-0.329376,Prior-operation reduced-DF frame
62,True,14,32,-7.917204,-0.258553,3.895265,0.850708,-0.238198,Prior-operation reduced-DF frame
63,True,14,33,-6.893033,-0.313209,3.366533,0.612274,-0.42169,Prior-operation reduced-DF frame
64,True,13,30,-5.026371,-0.474437,2.59937,0.772963,-0.806421,Prior-operation reduced-DF frame
65,True,13,31,-5.522604,-0.495513,2.325612,0.397664,-0.465785,Prior-operation reduced-DF frame
66,True,13,33,-7.441814,-0.401226,2.935908,0.271348,0.090746,Prior-operation reduced-DF frame
67,True,15,33,-8.500519,-0.51325,3.266956,0.527499,0.515671,Prior-operation reduced-DF frame
68,True,14,27,-4.695949,-0.617817,2.794013,0.714909,-0.956641,Prior-operation reduced-DF frame
69,True,13,30,-5.883314,-0.397613,2.45413,0.671288,-0.457958,Prior-operation reduced-DF frame
70,True,13,31,-5.327265,-0.317436,2.80683,0.901864,-0.888263,Prior-operation reduced-DF frame
71,True,13,41,-6.559867,-0.975462,3.743099,0.567527,0.010772,Prior-operation reduced-DF frame
72,True,12,43,-4.871553,-0.358627,2.478689,0.75992,-0.79247,Prior-operation reduced-DF frame
73,True,14,38,-6.363766,-0.814955,4.265409,0.795256,-0.506312,Prior-operation reduced-DF frame
74,True,14,28,-6.327447,-0.62472,3.169797,0.739499,-0.328907,Prior-operation reduced-DF frame
75,True,17,26,-8.807066,-0.206839,3.251882,0.566412,0.239632,Prior-operation reduced-DF frame
76,True,16,33,-9.433894,-0.628439,3.001293,0.246545,1.092992,Prior-operation reduced-DF frame
77,True,13,32,-5.842926,-0.704102,2.788118,0.713127,-0.286886,Prior-operation reduced-DF frame
78,True,14,27,-5.454242,0.003899,2.44293,0.898032,-1.120303,Prior-operation reduced-DF frame
79,True,12,44,-4.614031,-0.348074,2.445332,0.684139,-0.87403,Prior-operation reduced-DF frame
80,True,15,30,-8.502001,-0.463496,3.009284,0.346085,0.587505,Prior-operation reduced-DF frame
81,True,13,35,-6.041961,-0.307821,2.449385,0.637803,-0.415461,Prior-operation reduced-DF frame
82,True,13,39,-5.291823,-0.130538,3.139759,0.981691,-1.139247,Prior-operation reduced-DF frame
83,True,13,33,-4.963944,-0.215517,3.31153,0.972833,-1.32343,Prior-operation reduced-DF frame
84,True,13,34,-5.901778,-0.619923,3.315113,0.687349,-0.557652,Prior-operation reduced-DF frame
85,True,14,29,-6.991314,-0.497618,2.846734,0.500696,-0.020512,Prior-operation reduced-DF frame
86,True,14,41,-6.845745,-0.050721,3.101972,0.716574,-0.532323,Prior-operation reduced-DF frame
87,True,14,25,-5.4168,-0.710584,3.624364,0.798186,-0.927623,Prior-operation reduced-DF frame
88,True,14,30,-7.019418,-0.288725,2.439512,0.711812,-0.101635,Prior-operation reduced-DF frame
89,True,15,22,-6.184715,-0.921269,3.989201,0.670032,-0.548949,Prior-operation reduced-DF frame
90,True,13,34,-7.294772,-0.425954,2.909836,0.441,0.076836,Prior-operation reduced-DF frame
91,True,14,29,-7.412849,0.158466,2.502016,0.336821,-0.354068,Prior-operation reduced-DF frame
92,True,13,36,-5.55265,-0.714783,3.115642,0.609102,-0.467502,Prior-operation reduced-DF frame
93,True,13,36,-3.858175,-0.153198,2.941662,0.892012,-1.721559,Prior-operation reduced-DF frame
94,True,15,25,-7.239797,-0.559435,3.540238,0.598751,-0.164244,Prior-operation reduced-DF frame
95,True,14,36,-6.296788,-0.097959,3.125568,0.713507,-0.75012,Prior-operation reduced-DF frame
96,True,13,37,-6.943225,-0.930212,2.673531,0.196737,0.480919,Prior-operation reduced-DF frame
97,True,14,42,-7.621301,-0.090016,3.211192,0.684991,-0.145267,Prior-operation reduced-DF frame
98,True,13,32,-6.154949,-0.368276,2.557097,0.942934,-0.418447,Prior-operation reduced-DF frame
99,True,13,44,-5.297752,-0.507096,2.781748,0.702448,-0.579343,Prior-operation reduced-DF frame
100,True,15,35,-7.886508,-0.232326,2.523304,0.291161,0.290978,Prior-operation reduced-DF frame
101,True,13,32,-6.344893,-0.540179,2.331513,0.426544,-0.048086,Prior-operation reduced-DF frame
102,True,14,28,-6.655941,-0.394398,2.404782,0.539266,-0.148177,Prior-operation reduced-DF frame
103,True,13,39,-5.78456,-0.255559,2.391973,0.639989,-0.503209,Prior-operation reduced-DF frame
104,True,14,24,-6.160971,-0.182035,3.956312,1.116317,-1.301158,Prior-operation reduced-DF frame
105,True,14,32,-5.36782,-0.605599,2.540548,0.675538,-0.492567,Prior-operation reduced-DF frame
106,True,14,38,-6.022985,-0.841067,4.164669,0.796672,-0.589363,Prior-operation reduced-DF frame
107,True,13,33,-6.013577,-0.528469,2.753967,0.422094,-0.346393,Prior-operation reduced-DF frame
108,True,14,32,-6.626221,0.013843,2.8779,0.696443,-0.675249,Prior-operation reduced-DF frame
109,True,13,45,-6.398241,-0.168244,2.998296,0.888669,-0.530428,Prior-operation reduced-DF frame
110,True,15,27,-6.970669,-0.04958,2.540327,0.683551,-0.420298,Prior-operation reduced-DF frame
111,True,13,41,-5.601804,-0.461282,2.791383,0.635355,-0.534963,Prior-operation reduced-DF frame
112,True,15,20,-5.722418,-0.557006,3.886571,1.266096,-1.171536,Prior-operation reduced-DF frame
113,True,13,36,-4.684334,-0.608579,3.603924,0.845097,-1.128976,Prior-operation reduced-DF frame
114,True,13,37,-6.354509,-0.199315,2.39151,0.430688,-0.302056,Prior-operation reduced-DF frame
115,True,14,23,-6.273273,-0.472423,2.701861,0.520891,-0.381443,Prior-operation reduced-DF frame
116,True,13,38,-5.809583,-0.797288,2.93895,0.733637,-0.247385,Prior-operation reduced-DF frame
117,True,15,38,-8.097919,-0.311176,2.473178,0.221981,0.538653,Prior-operation reduced-DF frame
118,True,13,34,-7.514207,-0.494577,2.487094,0.138444,0.418635,Prior-operation reduced-DF frame
119,True,13,42,-5.804333,-0.036509,2.791737,0.66551,-0.868906,Prior-operation reduced-DF frame
120,True,12,45,-4.485268,-0.281613,2.903423,0.924924,-1.198795,Prior-operation reduced-DF frame
121,True,14,24,-4.692171,0.095286,2.542591,0.755304,-1.623358,Prior-operation reduced-DF frame
122,True,14,23,-6.515244,-0.314372,2.852278,0.855002,-0.510198,Prior-operation reduced-DF frame
123,True,12,48,-5.162498,-0.374873,2.611295,0.798019,-0.673632,Prior-operation reduced-DF frame
124,True,12,47,-5.468988,-0.10143,2.283917,0.563011,-0.689751,Prior-operation reduced-DF frame
125,True,14,28,-4.669634,-0.491825,2.932304,0.653534,-1.111589,Prior-operation reduced-DF frame
126,True,13,37,-6.912158,-0.118376,2.933678,0.656994,-0.398642,Prior-operation reduced-DF frame
127,True,15,27,-6.029786,-0.187781,2.695797,0.906638,-0.760612,Prior-operation reduced-DF frame
128,True,15,34,-7.501113,-0.206085,3.186142,0.63401,-0.135649,Prior-operation reduced-DF frame
129,True,13,44,-5.596197,-0.388371,3.25886,0.771595,-0.741946,Prior-operation reduced-DF frame
130,True,13,40,-6.639807,0.022541,3.249206,0.508822,-0.713228,Prior-operation reduced-DF frame
131,True,16,34,-9.546525,0.070079,2.675231,-0.005825,0.676831,Prior-operation reduced-DF frame
132,True,13,39,-7.443316,-0.357905,3.089027,0.291226,0.048176,Prior-operation reduced-DF frame
133,True,13,38,-4.996173,-0.230814,2.677013,0.843281,-0.965395,Prior-operation reduced-DF frame
134,True,14,27,-6.734403,-0.600149,2.894908,0.59311,-0.097209,Prior-operation reduced-DF frame
135,True,18,23,-9.692676,-0.727261,3.181467,0.271404,1.079196,Prior-operation reduced-DF frame
136,True,13,32,-7.108874,-0.178285,2.400668,0.481855,-0.083204,Prior-operation reduced-DF frame
137,True,13,35,-6.319727,-0.525812,2.750107,0.445243,-0.161449,Prior-operation reduced-DF frame
138,True,13,45,-4.547901,-0.609638,3.385833,0.783224,-1.050542,Prior-operation reduced-DF frame
139,True,13,35,-6.211452,-0.147832,2.680454,0.726633,-0.568428,Prior-operation reduced-DF frame
140,True,14,27,-7.130293,-0.235397,2.435003,0.551464,-0.097826,Prior-operation reduced-DF frame
141,True,14,29,-6.460991,-0.570884,2.661556,0.453641,-0.096627,Prior-operation reduced-DF frame
142,True,13,37,-5.937953,-0.290772,2.874309,0.838465,-0.639943,Prior-operation reduced-DF frame
143,True,13,43,-6.886772,-0.278801,2.439429,0.584652,-0.017959,Prior-operation reduced-DF frame
144,True,13,32,-6.236009,-0.087594,2.112664,0.379644,-0.428332,Prior-operation reduced-DF frame
145,True,14,35,-6.569516,-0.345793,3.09175,0.410777,-0.373189,Prior-operation reduced-DF frame
146,True,13,33,-6.226375,-0.439207,2.660858,0.658875,-0.280395,Prior-operation reduced-DF frame
147,True,13,35,-5.819289,-0.346923,2.774448,0.556901,-0.591032,Prior-operation reduced-DF frame
148,True,13,41,-6.074994,-0.277473,3.662584,0.851807,-0.925011,Prior-operation reduced-DF frame
149,True,14,33,-5.05528,-0.358413,3.641671,0.994929,-1.311445,Prior-operation reduced-DF frame
150,True,13,40,-5.579844,-0.531635,2.703675,0.867925,-0.455848,Prior-operation reduced-DF frame
151,True,14,34,-6.14569,-0.262634,2.57124,0.606939,-0.475886,Prior-operation reduced-DF frame
152,True,14,29,-7.690248,-0.216004,2.627857,0.479883,0.046447,Prior-operation reduced-DF frame
153,True,13,36,-6.159976,-0.067193,2.787635,0.562345,-0.746593,Prior-operation reduced-DF frame
154,True,16,33,-9.109157,-0.511262,2.370755,0.432945,1.061105,Prior-operation reduced-DF frame
155,True,13,33,-5.323709,-0.513715,2.688865,0.48322,-0.636602,Prior-operation reduced-DF frame
156,True,13,29,-4.902474,-0.148888,2.687236,0.947774,-1.255358,Prior-operation reduced-DF frame
157,True,20,26,-11.031105,-0.685981,2.29456,0.008856,1.993538,Prior-operation reduced-DF frame
158,True,13,28,-6.500969,-0.395238,1.941424,0.464929,-0.041299,Prior-operation reduced-DF frame
159,True,14,28,-5.516214,-0.3954,2.842141,0.86004,-0.823176,Prior-operation reduced-DF frame
160,True,14,27,-6.109783,-0.014838,4.010409,0.973222,-1.352966,Prior-operation reduced-DF frame
161,True,13,35,-6.554435,-0.352031,3.133286,0.688137,-0.41029,Prior-operation reduced-DF frame
162,True,15,36,-8.675313,0.076102,2.423417,0.037511,0.40211,Prior-operation reduced-DF frame
163,True,13,50,-6.6726,-0.306519,2.787915,0.506937,-0.108468,Prior-operation reduced-DF frame
164,True,14,33,-5.960213,-0.424118,3.68544,0.735337,-0.847483,Prior-operation reduced-DF frame
165,True,13,40,-5.499077,-0.216782,2.133211,0.537377,-0.563319,Prior-operation reduced-DF frame
166,True,13,37,-4.972855,0.115007,2.345097,0.702269,-1.234402,Prior-operation reduced-DF frame
167,True,17,18,-8.89277,-1.017813,3.646393,0.483292,0.720842,Prior-operation reduced-DF frame
168,True,14,26,-5.027078,-0.588362,3.018032,0.697148,-0.939526,Prior-operation reduced-DF frame
169,True,13,32,-4.181587,-0.537563,2.841084,0.938415,-1.198766,Prior-operation reduced-DF frame
170,True,14,28,-7.634498,-0.388865,3.919261,0.594427,-0.329161,Prior-operation reduced-DF frame
171,True,13,39,-4.110882,-0.072209,2.404202,0.898238,-1.425002,Prior-operation reduced-DF frame
172,True,13,38,-6.111979,-0.49734,3.280159,0.768698,-0.485199,Prior-operation reduced-DF frame
173,True,14,34,-7.602479,-0.438287,2.494671,0.372293,0.371653,Prior-operation reduced-DF frame
174,True,18,27,-8.551003,-0.343899,3.704545,0.352514,0.122881,Prior-operation reduced-DF frame
175,True,13,34,-5.602431,-0.306534,2.236695,0.388357,-0.519937,Prior-operation reduced-DF frame
176,True,17,30,-9.562757,-0.437832,3.747886,0.597274,0.616826,Prior-operation reduced-DF frame
177,True,14,27,-6.725995,-0.536415,2.809928,0.531742,-0.113012,Prior-operation reduced-DF frame
178,True,13,35,-6.817158,-0.606024,2.629013,0.367222,0.153687,Prior-operation reduced-DF frame
179,True,13,39,-6.289201,-0.31713,3.0239,0.719646,-0.489113,Prior-operation reduced-DF frame
180,True,18,23,-8.921803,-0.380059,2.583131,0.250522,0.673666,Prior-operation reduced-DF frame
181,True,14,33,-7.135759,-0.128938,2.331287,0.4168,-0.060733,Prior-operation reduced-DF frame
182,True,14,27,-4.568012,-0.397816,2.983784,0.91937,-1.321091,Prior-operation reduced-DF frame
183,True,13,39,-5.725606,-0.041049,2.463439,0.851444,-0.830862,Prior-operation reduced-DF frame
184,True,14,30,-6.736905,-0.222573,3.224568,0.5277,-0.536736,Prior-operation reduced-DF frame
185,True,13,34,-6.362412,-0.285871,1.825036,0.335102,-0.060959,Prior-operation reduced-DF frame
186,True,14,28,-5.557576,-0.412305,3.347311,0.920611,-1.006156,Prior-operation reduced-DF frame
187,True,13,43,-5.537488,-0.389188,2.4602,0.603774,-0.463488,Prior-operation reduced-DF frame
188,True,13,43,-6.698062,-0.420237,2.736475,0.558634,-0.004031,Prior-operation reduced-DF frame
189,True,15,24,-7.586651,-0.63003,2.653358,0.157888,0.353425,Prior-operation reduced-DF frame
190,True,13,36,-6.80492,-0.362288,3.505245,0.525027,-0.424671,Prior-operation reduced-DF frame
191,True,13,33,-5.933996,-0.345373,2.395643,0.601796,-0.426462,Prior-operation reduced-DF frame
192,True,13,37,-6.334206,0.054061,1.264045,0.368232,-0.189548,Prior-operation reduced-DF frame
193,True,13,37,-5.957776,-0.232498,2.019865,0.866206,-0.373246,Prior-operation reduced-DF frame
194,True,14,30,-7.543137,-0.471066,3.216194,0.595542,0.045464,Prior-operation reduced-DF frame
195,True,15,23,-6.139992,-0.500956,2.847435,0.807167,-0.479907,Prior-operation reduced-DF frame
196,True,13,36,-4.627286,-0.324203,2.796301,0.91446,-1.144863,Prior-operation reduced-DF frame
197,True,13,39,-6.518673,-0.320012,2.857188,0.597021,-0.2975,Prior-operation reduced-DF frame
198,True,14,30,-6.074737,-0.417396,3.30017,0.763834,-0.740894,Prior-operation reduced-DF frame
199,True,13,36,-6.034122,-0.591718,3.02207,0.47186,-0.332994,Prior-operation reduced-DF frame
200,True,13,40,-5.573373,-0.703768,3.452738,0.584542,-0.55623,Prior-operation reduced-DF frame
201,True,13,37,-6.026025,-0.134813,2.390015,0.547058,-0.495771,Prior-operation reduced-DF frame
202,True,15,19,-6.104462,-0.127009,1.812362,0.77505,-0.60177,Prior-operation reduced-DF frame
203,True,13,35,-4.838932,-0.305165,2.122496,0.659075,-0.809497,Prior-operation reduced-DF frame
204,True,15,32,-8.135498,-0.579459,2.946107,0.586194,0.498902,Prior-operation reduced-DF frame
205,True,13,31,-6.05511,-0.448173,2.821546,0.571634,-0.452143,Prior-operation reduced-DF frame
206,True,13,44,-6.197136,-0.327029,3.218556,0.785853,-0.490278,Prior-operation reduced-DF frame
207,True,13,45,-6.26585,-0.126686,2.667918,0.399456,-0.473061,Prior-operation reduced-DF frame
208,True,13,39,-6.800173,-0.601033,2.558084,0.369444,0.220526,Prior-operation reduced-DF frame
209,True,16,43,-10.363518,-0.126362,3.145039,0.054622,1.089439,Prior-operation reduced-DF frame
210,True,17,28,-8.533723,-0.289708,2.118943,0.09112,0.693753,Prior-operation reduced-DF frame
211,True,13,49,-7.193858,0.239988,2.454244,0.387248,-0.321692,Prior-operation reduced-DF frame
212,True,16,38,-8.476851,0.026914,3.100576,0.523718,0.071758,Prior-operation reduced-DF frame
213,True,14,29,-5.588511,0.022709,2.379203,0.658066,-1.015686,Prior-operation reduced-DF frame
214,True,14,23,-6.922795,-0.77555,3.127118,0.581083,-0.02433,Prior-operation reduced-DF frame
215,True,15,37,-8.210633,-0.120278,3.096606,0.700459,0.033235,Prior-operation reduced-DF frame
216,True,17,30,-9.644824,-0.436325,2.788574,-0.02532,1.07196,Prior-operation reduced-DF frame
217,True,15,36,-8.859865,-0.162555,2.626448,0.269504,0.610406,Prior-operation reduced-DF frame
218,True,13,34,-5.473682,-0.305449,2.873712,0.689648,-0.856244,Prior-operation reduced-DF frame
219,True,14,20,-4.749306,-0.38982,2.1613,0.803435,-1.021083,Prior-operation reduced-DF frame
220,True,14,28,-5.34406,-0.079745,2.389159,0.745097,-0.98313,Prior-operation reduced-DF frame
221,True,16,42,-10.025472,-0.341678,2.891669,0.27632,1.177095,Prior-operation reduced-DF frame
222,True,18,30,-11.525412,-0.987938,4.247651,-0.124039,1.853972,Prior-operation reduced-DF frame
223,True,13,42,-5.132795,-0.249732,3.039111,0.671784,-1.016081,Prior-operation reduced-DF frame
224,True,14,29,-7.391396,-0.700019,3.542568,0.820863,0.019778,Prior-operation reduced-DF frame
225,True,13,33,-6.650846,-0.497994,2.790798,0.558782,-0.074386,Prior-operation reduced-DF frame
226,True,20,22,-8.802529,-0.26783,2.36602,0.230564,0.56309,Prior-operation reduced-DF frame
227,True,14,30,-6.00148,-0.45288,3.158039,0.67063,-0.584633,Prior-operation reduced-DF frame
228,True,14,28,-6.774405,-0.548457,2.677486,0.317222,-0.038635,Prior-operation reduced-DF frame
229,True,13,40,-6.142933,-0.620298,3.324066,0.824379,-0.375692,Prior-operation reduced-DF frame
230,True,13,39,-6.777975,-0.394674,2.786202,0.518967,-0.061095,Prior-operation reduced-DF frame
231,True,14,49,-8.40754,-0.279351,2.870732,0.583297,0.500609,Prior-operation reduced-DF frame
232,True,14,32,-7.550667,-0.723973,3.175324,0.484872,0.310453,Prior-operation reduced-DF frame
233,True,13,35,-4.742622,-0.32588,2.427136,0.733097,-0.972489,Prior-operation reduced-DF frame
234,True,14,28,-6.617217,0.170387,2.795989,0.696527,-0.882006,Prior-operation reduced-DF frame
235,True,14,33,-6.071836,-0.352685,3.083634,0.631875,-0.620632,Prior-operation reduced-DF frame
236,True,14,32,-5.225167,-0.395966,3.052118,0.743415,-0.951278,Prior-operation reduced-DF frame
237,True,15,25,-6.693439,-0.219869,3.090109,0.59377,-0.59542,Prior-operation reduced-DF frame
238,True,13,32,-5.248367,-0.361499,2.883543,0.662455,-0.913088,Prior-operation reduced-DF frame
239,True,19,25,-17.755751,-0.036321,2.732436,-1.159233,4.118033,Prior-operation reduced-DF frame
240,True,14,32,-7.70202,-0.496949,4.120814,0.800298,-0.244284,Prior-operation reduced-DF frame
241,True,14,31,-4.455096,-0.122649,3.327322,0.89559,-1.736604,Prior-operation reduced-DF frame
242,True,13,30,-6.180945,-0.660156,2.494143,0.337498,-0.102124,Prior-operation reduced-DF frame
243,True,14,33,-7.343947,-0.684844,4.323853,0.880708,-0.29737,Prior-operation reduced-DF frame
244,True,16,20,-6.771031,-0.424568,3.491002,0.843238,-0.602784,Prior-operation reduced-DF frame
245,True,13,43,-4.984618,-0.502619,3.090798,0.747857,-0.86195,Prior-operation reduced-DF frame
246,True,14,34,-7.866959,-0.483463,2.698006,0.525398,0.439627,Prior-operation reduced-DF frame
247,True,13,36,-4.037807,-0.394927,2.604585,0.794758,-1.285754,Prior-operation reduced-DF frame
248,True,14,38,-8.506684,-0.789583,3.00413,-0.043458,0.971138,Prior-operation reduced-DF frame
249,True,13,36,-5.493752,-0.476583,3.09284,0.610026,-0.725343,Prior-operation reduced-DF frame
250,True,14,30,-6.052396,-0.302972,2.378842,0.630625,-0.44351,Prior-operation reduced-DF frame
251,True,14,33,-6.129425,-0.285311,2.768522,0.607012,-0.55457,Prior-operation reduced-DF frame
252,True,13,36,-6.766458,-0.876701,3.288956,0.532663,0.168523,Prior-operation reduced-DF frame
253,True,13,40,-7.041645,-0.601846,3.379194,0.749526,-0.037141,Prior-operation reduced-DF frame
254,True,17,33,-9.397865,-0.023497,2.619537,0.054901,0.664529,Prior-operation reduced-DF frame
255,True,14,27,-5.682152,-0.342444,2.887431,1.067828,-0.859485,Prior-operation reduced-DF frame
256,True,14,28,-6.009443,-0.347364,2.313802,0.645963,-0.441447,Prior-operation reduced-DF frame
257,True,15,24,-7.875043,-0.39168,3.444863,0.680132,-0.081034,Prior-operation reduced-DF frame
258,True,14,28,-6.586646,0.093971,2.201165,0.803649,-0.574205,Prior-operation reduced-DF frame
259,True,13,35,-4.909252,-0.25836,2.358546,0.637984,-0.920902,Prior-operation reduced-DF frame
260,True,16,39,-10.774641,-0.320879,2.885143,0.042774,1.483495,Prior-operation reduced-DF frame
261,True,16,31,-8.350644,-0.138733,2.23091,0.186493,0.4685,Prior-operation reduced-DF frame
262,True,13,28,-3.578929,0.003505,2.211519,0.960987,-1.834497,Prior-operation reduced-DF frame
263,True,15,32,-7.857113,-0.127205,3.198265,0.458018,-0.111285,Prior-operation reduced-DF frame
264,True,18,23,-8.832796,-0.093485,2.230076,0.336378,0.492577,Prior-operation reduced-DF frame
265,True,13,44,-7.009557,-0.488318,2.98406,0.301466,0.11729,Prior-operation reduced-DF frame
266,True,14,36,-5.78575,-0.428139,3.30094,0.899863,-0.751162,Prior-operation reduced-DF frame
267,True,14,25,-4.857067,-0.630215,3.438183,0.682384,-1.15849,Prior-operation reduced-DF frame
268,True,14,28,-6.958602,-0.486827,2.956446,0.306926,-0.081316,Prior-operation reduced-DF frame
269,True,14,31,-6.654009,-0.423933,2.741239,0.717727,-0.218019,Prior-operation reduced-DF frame
270,True,14,30,-6.604309,-0.633761,3.360444,0.720302,-0.244157,Prior-operation reduced-DF frame
271,True,13,36,-4.094227,-0.620734,3.319702,1.074444,-1.315214,Prior-operation reduced-DF frame
272,True,13,31,-7.05199,-0.384751,2.623104,0.435129,0.021358,Prior-operation reduced-DF frame
273,True,14,29,-5.56376,-0.229951,3.256779,0.636435,-1.072738,Prior-operation reduced-DF frame
274,True,13,47,-7.077932,-0.16562,2.859291,0.325544,-0.105518,Prior-operation reduced-DF frame
275,True,14,25,-6.182481,-0.368806,1.746784,-0.008354,-0.157595,Prior-operation reduced-DF frame
276,True,14,31,-6.323991,-0.247678,2.984207,0.738346,-0.594093,Prior-operation reduced-DF frame
277,True,15,33,-8.735645,-0.673408,2.745841,0.332402,0.962998,Prior-operation reduced-DF frame
278,True,14,29,-7.679547,-0.882774,3.036463,0.403196,0.515086,Prior-operation reduced-DF frame
279,True,16,24,-6.248086,-0.104558,2.731,0.688697,-0.783719,Prior-operation reduced-DF frame
280,True,15,34,-7.967973,-0.178515,2.695818,0.425564,0.163196,Prior-operation reduced-DF frame
281,True,14,20,-4.694,-0.147216,2.51174,0.820008,-1.410363,Prior-operation reduced-DF frame
282,True,13,38,-6.561164,-0.575256,2.780607,0.70727,-0.025805,Prior-operation reduced-DF frame
283,True,14,34,-6.591503,-0.544178,2.220201,0.557716,0.108797,Prior-operation reduced-DF frame
284,True,13,32,-4.787375,0.04657,1.949072,0.742507,-1.17461,Prior-operation reduced-DF frame
285,True,13,32,-5.047044,-0.370522,3.039063,0.868563,-1.048752,Prior-operation reduced-DF frame
286,True,13,40,-4.163703,-0.112426,2.89323,0.960324,-1.565606,Prior-operation reduced-DF frame
287,True,14,23,-5.81718,-0.536026,2.186856,0.594539,-0.364382,Prior-operation reduced-DF frame
288,True,14,34,-5.648842,-0.556637,3.724981,0.854912,-0.865098,Prior-operation reduced-DF frame
289,True,14,28,-5.680856,-0.097893,2.477125,0.988379,-0.92672,Prior-operation reduced-DF frame
290,True,14,32,-6.453435,-0.139713,2.427402,0.626732,-0.408804,Prior-operation reduced-DF frame
291,True,13,35,-5.626553,-0.320483,2.64622,0.838971,-0.639561,Prior-operation reduced-DF frame
292,True,13,38,-5.144676,-0.310031,2.673248,0.627116,-0.804484,Prior-operation reduced-DF frame
293,True,13,38,-7.424996,-0.544219,2.359047,0.312571,0.491843,Prior-operation reduced-DF frame
294,True,13,41,-6.250278,-0.16423,2.414759,0.759546,-0.400029,Prior-operation reduced-DF frame
295,True,15,20,-4.625863,-0.147674,3.740341,0.951122,-2.033212,Prior-operation reduced-DF frame
296,True,18,24,-9.097059,-0.402673,3.176036,0.40966,0.550102,Prior-operation reduced-DF frame
297,True,14,35,-6.994038,-0.46602,3.050574,0.451632,-0.054505,Prior-operation reduced-DF frame
298,True,13,37,-6.034358,-0.120878,2.241851,0.40686,-0.463754,Prior-operation reduced-DF frame
299,True,15,25,-6.744005,-0.228451,3.719474,0.7417,-0.816687,Prior-operation reduced-DF frame
300,True,15,30,-8.003316,-0.277344,2.411599,0.148851,0.389432,Prior-operation reduced-DF frame
301,True,14,28,-4.514537,-0.284812,3.276714,0.945203,-1.524297,Prior-operation reduced-DF frame
302,True,15,38,-9.034978,-0.452034,2.521292,-0.004728,1.064288,Prior-operation reduced-DF frame
303,True,16,27,-8.935603,-0.558891,2.941207,0.130253,0.809494,Prior-operation reduced-DF frame
304,True,14,33,-7.075447,-0.347507,2.697251,0.569211,-0.04426,Prior-operation reduced-DF frame
305,True,14,26,-7.024766,-0.238886,3.361968,0.692204,-0.458151,Prior-operation reduced-DF frame
306,True,13,33,-5.333891,-0.021094,2.027699,0.68894,-0.882696,Prior-operation reduced-DF frame
307,True,14,30,-6.256903,-0.794721,2.562309,0.576318,0.018518,Prior-operation reduced-DF frame
308,True,13,36,-4.12398,0.028685,2.33127,0.752559,-1.563384,Prior-operation reduced-DF frame
309,True,18,26,-10.215583,-0.746067,3.352493,0.196421,1.320828,Prior-operation reduced-DF frame
310,True,16,28,-8.155615,0.30813,2.409884,0.27747,-0.202752,Prior-operation reduced-DF frame
311,True,13,30,-4.389264,-0.188618,2.548898,0.702341,-1.359607,Prior-operation reduced-DF frame
312,True,14,28,-5.223493,-0.691219,3.288024,0.758937,-0.806882,Prior-operation reduced-DF frame
313,True,14,29,-6.363718,-0.315897,3.526369,0.867378,-0.786245,Prior-operation reduced-DF frame
314,True,15,22,-4.629003,-0.865846,4.161701,1.1368,-1.48665,Prior-operation reduced-DF frame
315,True,14,31,-5.355008,0.198657,2.557444,1.001636,-1.35843,Prior-operation reduced-DF frame
316,True,13,37,-6.082977,-0.45057,2.700636,0.676756,-0.322727,Prior-operation reduced-DF frame
317,True,13,41,-4.404362,-0.156027,3.117838,0.828963,-1.476925,Prior-operation reduced-DF frame
318,True,14,30,-5.635644,-0.106136,2.867181,1.00481,-1.063545,Prior-operation reduced-DF frame
319,True,12,49,-5.333002,-0.033001,2.654426,0.923008,-0.936908,Prior-operation reduced-DF frame
320,True,14,27,-6.292469,-0.924227,3.547757,0.565773,-0.254881,Prior-operation reduced-DF frame
321,True,13,41,-4.13568,-0.276423,3.043531,0.986463,-1.474952,Prior-operation reduced-DF frame
322,True,13,41,-5.545129,-0.382073,3.064862,0.512382,-0.738323,Prior-operation reduced-DF frame
323,True,14,34,-6.360086,0.013844,2.31618,0.519604,-0.556428,Prior-operation reduced-DF frame
324,True,14,33,-6.22805,-0.111952,2.161379,0.479966,-0.415249,Prior-operation reduced-DF frame
325,True,14,28,-6.591398,-0.498442,3.704194,1.057262,-0.597303,Prior-operation reduced-DF frame
326,True,17,33,-10.866676,-0.55008,3.722705,-0.038329,1.436497,Prior-operation reduced-DF frame
327,True,13,30,-5.087787,-0.296003,2.210423,0.855397,-0.845883,Prior-operation reduced-DF frame
328,True,14,31,-6.609953,-0.245587,2.679453,0.569042,-0.358255,Prior-operation reduced-DF frame
329,True,16,25,-8.514241,-0.582562,2.521814,-0.190718,0.803086,Prior-operation reduced-DF frame
330,True,13,39,-5.044992,-0.500861,3.605597,1.003115,-1.063293,Prior-operation reduced-DF frame
331,True,15,19,-4.749824,0.041797,2.261174,0.909363,-1.525935,Prior-operation reduced-DF frame
332,True,13,36,-4.408057,-0.218708,2.886531,0.698537,-1.394871,Prior-operation reduced-DF frame
333,True,13,33,-3.469195,-0.276816,2.908266,1.008927,-1.821183,Prior-operation reduced-DF frame
334,True,15,25,-7.176461,-0.111378,2.545362,0.618582,-0.283294,Prior-operation reduced-DF frame
335,True,14,28,-4.959134,-0.473666,3.080431,0.774338,-1.030583,Prior-operation reduced-DF frame
336,True,13,39,-5.739611,-0.258839,3.225263,0.861186,-0.844816,Prior-operation reduced-DF frame
337,True,14,34,-5.413748,-0.381183,3.423577,0.76734,-0.988678,Prior-operation reduced-DF frame
338,True,14,31,-5.645323,-0.273334,3.299717,0.956283,-1.032422,Prior-operation reduced-DF frame
339,True,13,33,-5.471813,-0.395618,2.719263,0.78232,-0.705485,Prior-operation reduced-DF frame
340,True,14,35,-7.000866,-0.473042,3.369509,0.644595,-0.20619,Prior-operation reduced-DF frame
341,True,19,31,-11.393138,-0.480116,2.810613,-0.013204,1.851469,Prior-operation reduced-DF frame
342,True,14,38,-7.357147,-0.193829,2.511416,0.390384,0.069776,Prior-operation reduced-DF frame
343,True,15,30,-6.286554,-0.306748,3.238002,0.858644,-0.691914,Prior-operation reduced-DF frame
344,True,13,36,-5.768907,-0.65116,3.068245,0.648939,-0.409207,Prior-operation reduced-DF frame
345,True,19,28,-8.517618,0.197317,2.58329,0.478569,-0.000958,Prior-operation reduced-DF frame
346,True,14,34,-7.132487,-0.616153,3.490201,0.283414,-0.018458,Prior-operation reduced-DF frame
347,True,13,38,-4.768846,-0.102932,2.466249,0.644778,-1.135084,Prior-operation reduced-DF frame
348,True,14,30,-6.213772,-0.713528,3.561438,0.671966,-0.398436,Prior-operation reduced-DF frame
349,True,14,32,-6.902625,-0.037292,2.410155,0.712634,-0.358383,Prior-operation reduced-DF frame
350,True,14,30,-7.27073,-0.565828,3.31126,0.710385,-0.059797,Prior-operation reduced-DF frame
351,True,13,37,-7.437014,-0.319778,2.797275,0.569894,0.078831,Prior-operation reduced-DF frame
352,True,16,34,-10.09677,-0.54044,3.009356,-0.094347,1.40716,Prior-operation reduced-DF frame
353,True,17,32,-10.262744,-0.09464,2.485162,-0.050886,1.158251,Prior-operation reduced-DF frame
354,True,15,29,-8.56869,-0.524632,3.452995,0.53003,0.43108,Prior-operation reduced-DF frame
355,True,14,33,-6.859998,-0.101774,3.095422,0.72369,-0.552169,Prior-operation reduced-DF frame
356,True,15,31,-8.820841,-0.698035,2.722581,0.222278,1.011986,Prior-operation reduced-DF frame
357,True,15,31,-7.080594,-0.687456,3.862222,1.013564,-0.316588,Prior-operation reduced-DF frame
358,True,15,26,-6.441172,-0.111939,2.511756,0.583583,-0.538053,Prior-operation reduced-DF frame
359,True,13,34,-5.847403,-0.147119,2.479762,0.657996,-0.652302,Prior-operation reduced-DF frame
360,True,18,28,-9.968243,-0.266007,2.631297,-0.009126,1.085161,Prior-operation reduced-DF frame
361,True,13,31,-5.044878,-0.045948,1.977969,0.899585,-0.998858,Prior-operation reduced-DF frame
362,True,13,35,-5.170843,-0.406315,2.832737,0.755683,-0.832772,Prior-operation reduced-DF frame
363,True,14,27,-6.625568,-0.544551,3.325749,0.68754,-0.370948,Prior-operation reduced-DF frame
364,True,15,29,-7.411678,-0.054797,2.200157,0.121252,-0.00212,Prior-operation reduced-DF frame
365,True,13,32,-7.594983,-0.506878,3.042113,0.234994,0.220676,Prior-operation reduced-DF frame
366,True,14,34,-7.221724,-0.350068,2.125709,0.161597,0.282482,Prior-operation reduced-DF frame
367,True,13,44,-5.378803,-0.016841,2.921933,0.896325,-1.080323,Prior-operation reduced-DF frame
368,True,13,40,-6.368178,-0.34522,3.190132,0.92905,-0.47964,Prior-operation reduced-DF frame
369,True,13,35,-6.787585,-0.38352,2.960685,0.734045,-0.198567,Prior-operation reduced-DF frame
370,True,14,36,-7.734188,-0.490547,2.802368,0.673462,0.319906,Prior-operation reduced-DF frame
371,True,13,37,-7.447224,-0.662578,2.738451,0.415876,0.438923,Prior-operation reduced-DF frame
372,True,19,29,-10.07943,-0.221286,2.799863,0.097509,1.048631,Prior-operation reduced-DF frame
373,True,14,27,-6.015644,-0.382765,2.510321,0.568719,-0.478843,Prior-operation reduced-DF frame
374,True,17,31,-11.906906,-0.477829,2.8182,-0.430982,2.108365,Prior-operation reduced-DF frame
375,True,13,28,-4.387128,-0.179818,2.896903,0.887369,-1.519987,Prior-operation reduced-DF frame
376,True,13,33,-5.201388,0.041657,2.030078,0.683538,-0.999597,Prior-operation reduced-DF frame
377,True,13,32,-5.037468,0.039316,2.666161,0.67681,-1.352294,Prior-operation reduced-DF frame
378,True,14,29,-5.05615,-0.452873,2.998842,0.639557,-0.996361,Prior-operation reduced-DF frame
379,True,12,54,-5.596093,-0.133893,2.299939,0.571522,-0.513889,Prior-operation reduced-DF frame
380,True,13,43,-7.389027,-0.076733,2.847504,0.412721,-0.093857,Prior-operation reduced-DF frame
381,True,14,26,-5.670475,-0.037495,2.856458,0.994675,-1.131186,Prior-operation reduced-DF frame
382,True,13,37,-5.871793,-0.424988,3.678819,0.931225,-0.868104,Prior-operation reduced-DF frame
383,True,14,25,-5.248154,-0.456655,2.691781,0.736879,-0.860558,Prior-operation reduced-DF frame
384,True,14,31,-5.990275,-0.496465,3.482825,1.02898,-0.74405,Prior-operation reduced-DF frame
385,True,14,29,-6.706992,-0.504693,3.767736,0.80802,-0.571314,Prior-operation reduced-DF frame
386,True,13,38,-5.733228,-0.076546,2.726712,0.516027,-0.858168,Prior-operation reduced-DF frame
387,True,15,45,-8.478647,-0.33112,2.876331,0.526129,0.541305,Prior-operation reduced-DF frame
388,True,17,39,-9.997136,-0.35605,2.854174,0.093387,1.242326,Prior-operation reduced-DF frame
389,True,15,30,-7.676428,-0.32544,2.464495,0.148808,0.27552,Prior-operation reduced-DF frame
390,True,12,51,-4.925308,-0.393335,2.24263,0.451123,-0.573885,Prior-operation reduced-DF frame
391,True,13,40,-4.166025,-0.049795,2.526099,0.806917,-1.496416,Prior-operation reduced-DF frame
392,True,13,39,-6.276236,-0.495111,3.584931,0.696061,-0.55926,Prior-operation reduced-DF frame
393,True,17,24,-8.114152,-0.332945,2.49776,0.3715,0.358755,Prior-operation reduced-DF frame
394,True,14,29,-5.570048,-0.018601,2.05471,0.642829,-0.829843,Prior-operation reduced-DF frame
395,True,14,31,-8.265059,-0.730405,3.475867,0.108468,0.554453,Prior-operation reduced-DF frame
396,True,15,23,-6.412457,0.015299,2.75195,0.370425,-0.880798,Prior-operation reduced-DF frame
397,True,14,27,-6.571596,-0.476539,4.096362,0.918067,-0.813812,Prior-operation reduced-DF frame
398,True,15,25,-5.698859,-0.691322,3.634629,0.871128,-0.755985,Prior-operation reduced-DF frame
399,True,14,37,-8.036853,-0.175107,3.18076,0.381774,0.089002,Prior-operation reduced-DF frame
400,True,15,29,-7.443027,-0.20142,2.479278,0.609804,-0.005803,Prior-operation reduced-DF frame
401,True,14,33,-7.543885,-0.094539,2.685022,0.475911,-0.097582,Prior-operation reduced-DF frame
402,True,14,42,-7.455295,-0.121425,2.473729,0.208131,0.122077,Prior-operation reduced-DF frame
403,True,13,40,-5.919308,-0.419289,2.817488,0.490957,-0.402858,Prior-operation reduced-DF frame
404,True,13,32,-7.172005,-0.479689,2.832168,0.62371,0.060119,Prior-operation reduced-DF frame
405,True,13,37,-4.882244,-0.529831,2.839475,0.533736,-0.807198,Prior-operation reduced-DF frame
406,True,15,34,-8.578467,-0.14303,2.347263,0.057801,0.628561,Prior-operation reduced-DF frame
407,True,13,36,-6.614439,-0.408884,2.134843,0.382615,0.059284,Prior-operation reduced-DF frame
408,True,14,34,-7.085708,-0.069739,3.492083,0.829922,-0.63479,Prior-operation reduced-DF frame
409,True,14,22,-5.976304,-0.182864,3.287395,1.067566,-1.089507,Prior-operation reduced-DF frame
410,True,14,33,-5.678447,-0.561942,3.729673,0.844362,-0.896215,Prior-operation reduced-DF frame
411,True,13,36,-6.818448,-0.129051,2.56819,0.475392,-0.280141,Prior-operation reduced-DF frame
412,True,14,33,-6.662308,-0.238678,3.450487,0.730499,-0.594547,Prior-operation reduced-DF frame
413,True,14,35,-7.49665,-0.290164,2.454356,0.538595,0.185605,Prior-operation reduced-DF frame
414,True,17,27,-8.654142,-0.173853,2.665493,0.015523,0.465804,Prior-operation reduced-DF frame
415,True,15,23,-5.494052,-0.266948,2.513173,0.826057,-0.87164,Prior-operation reduced-DF frame
416,True,13,37,-6.321911,-0.583473,2.935425,0.480808,-0.161617,Prior-operation reduced-DF frame
417,True,13,41,-5.456599,-0.179398,3.150898,0.798086,-1.02315,Prior-operation reduced-DF frame
418,True,13,34,-5.190475,-0.412626,2.746076,0.890484,-0.830511,Prior-operation reduced-DF frame
419,True,13,41,-5.368461,-0.323791,2.605734,0.717728,-0.703536,Prior-operation reduced-DF frame
420,True,14,29,-5.646177,-0.059674,1.831702,0.532811,-0.655715,Prior-operation reduced-DF frame
421,True,18,31,-9.474811,-0.141584,2.699922,0.382166,0.741845,Prior-operation reduced-DF frame
422,True,14,23,-5.477135,0.28397,2.88942,0.490829,-1.617931,Prior-operation reduced-DF frame
423,True,13,33,-5.085001,-0.118895,2.437895,0.677814,-1.016863,Prior-operation reduced-DF frame
424,True,14,28,-5.59427,-0.524853,2.969851,1.050296,-0.701108,Prior-operation reduced-DF frame
425,True,13,42,-6.037356,-0.19535,2.466312,0.401477,-0.430065,Prior-operation reduced-DF frame
426,True,13,38,-4.509115,-0.364283,3.280682,1.016839,-1.295088,Prior-operation reduced-DF frame
427,True,14,31,-6.659007,-0.504589,2.391418,0.776125,-0.031425,Prior-operation reduced-DF frame
428,True,14,32,-7.307685,-0.212285,2.241293,0.768689,-0.000134,Prior-operation reduced-DF frame
429,True,13,34,-6.030305,-0.191094,2.822444,0.645379,-0.651621,Prior-operation reduced-DF frame
430,True,14,33,-7.305315,-0.320285,1.902224,0.124537,0.367743,Prior-operation reduced-DF frame
431,True,13,36,-5.846199,-0.115563,2.548203,0.762542,-0.725364,Prior-operation reduced-DF frame
432,True,15,26,-7.355136,-0.009786,1.989369,0.553643,-0.093027,Prior-operation reduced-DF frame
433,True,13,31,-5.572921,-0.479853,2.83869,0.651427,-0.663316,Prior-operation reduced-DF frame
434,True,13,35,-6.200156,-0.51875,2.822066,0.618584,-0.26216,Prior-operation reduced-DF frame
435,True,14,38,-7.27849,-0.154005,2.129768,0.323323,0.157233,Prior-operation reduced-DF frame
436,True,14,27,-5.55267,-0.264673,2.722907,0.74388,-0.864741,Prior-operation reduced-DF frame
437,True,13,35,-6.6655,-0.417416,3.1541,0.832825,-0.367918,Prior-operation reduced-DF frame
438,True,14,28,-6.100073,-0.906453,3.835262,0.693671,-0.426155,Prior-operation reduced-DF frame
439,True,13,31,-6.069545,-0.42827,3.044391,0.537604,-0.543824,Prior-operation reduced-DF frame
440,True,13,36,-5.907421,-0.367349,2.90345,0.9061,-0.604381,Prior-operation reduced-DF frame
441,True,13,40,-5.393798,-0.533927,3.352135,0.866647,-0.786219,Prior-operation reduced-DF frame
442,True,13,34,-5.389167,-0.384804,3.067119,0.890916,-0.892854,Prior-operation reduced-DF frame
443,True,14,30,-5.708283,-0.364597,2.934835,0.769359,-0.750716,Prior-operation reduced-DF frame
444,True,13,40,-6.166237,-0.37918,2.931859,0.699675,-0.437869,Prior-operation reduced-DF frame
445,True,13,32,-5.47252,-0.418318,3.234352,0.773887,-0.865721,Prior-operation reduced-DF frame
446,True,13,37,-5.994791,-0.745379,2.7171,0.583331,-0.120685,Prior-operation reduced-DF frame
447,True,15,37,-7.977141,-0.28629,1.826681,0.027129,0.675991,Prior-operation reduced-DF frame
448,True,16,31,-7.8446,-0.146413,2.274503,0.212737,0.219867,Prior-operation reduced-DF frame
449,True,15,32,-6.79994,-0.113494,2.890146,0.595183,-0.470638,Prior-operation reduced-DF frame
450,True,14,27,-6.358004,-0.649931,3.116003,0.603565,-0.329591,Prior-operation reduced-DF frame
451,True,14,29,-7.219435,-0.213431,2.558025,0.493011,-0.113044,Prior-operation reduced-DF frame
452,True,14,29,-5.342946,-0.359433,3.04061,0.65984,-0.92166,Prior-operation reduced-DF frame
453,True,13,31,-5.777511,-0.100592,2.618632,0.951291,-0.856827,Prior-operation reduced-DF frame
454,True,14,32,-5.617099,-0.279984,2.307586,0.554589,-0.585153,Prior-operation reduced-DF frame
455,True,13,35,-6.208466,-0.387295,2.640397,0.420611,-0.291635,Prior-operation reduced-DF frame
456,True,13,39,-6.261526,-0.674993,3.055038,0.533491,-0.158752,Prior-operation reduced-DF frame
457,True,19,30,-12.988693,-0.601118,2.875307,-0.307796,2.60803,Prior-operation reduced-DF frame
458,True,15,27,-7.7074,-1.060419,4.403295,0.569834,0.141628,Prior-operation reduced-DF frame
459,True,13,34,-6.1455,-0.262305,2.355568,0.464982,-0.356429,Prior-operation reduced-DF frame
460,True,15,43,-8.623867,-0.112869,2.358386,0.290761,0.616995,Prior-operation reduced-DF frame
461,True,17,25,-8.878078,-0.239828,2.77927,0.33504,0.494886,Prior-operation reduced-DF frame
462,True,14,29,-7.112194,-0.705557,3.100311,0.465485,0.141306,Prior-operation reduced-DF frame
463,True,14,32,-4.440423,-0.501908,2.986341,0.885076,-1.20663,Prior-operation reduced-DF frame
464,True,12,45,-5.297157,-0.225409,2.746169,0.730974,-0.826724,Prior-operation reduced-DF frame
465,True,13,43,-6.853728,-0.557963,2.899643,0.407746,0.09184,Prior-operation reduced-DF frame
466,True,14,38,-6.40108,0.033865,1.959335,0.258256,-0.38623,Prior-operation reduced-DF frame
467,True,15,32,-8.587837,-0.528745,3.211025,0.48962,0.566808,Prior-operation reduced-DF frame
468,True,13,45,-6.207324,-0.021933,2.116372,0.611768,-0.404237,Prior-operation reduced-DF frame
469,True,14,31,-6.788401,-0.277612,3.633107,0.887763,-0.629309,Prior-operation reduced-DF frame
470,True,13,38,-7.032286,-0.580536,3.099614,0.421391,0.100849,Prior-operation reduced-DF frame
471,True,15,28,-5.787647,-0.169728,3.114051,0.672226,-1.008863,Prior-operation reduced-DF frame
472,True,14,26,-6.384808,-0.25576,2.7142,0.670773,-0.505099,Prior-operation reduced-DF frame
473,True,16,18,-6.142379,-0.303298,3.177834,0.739862,-0.932891,Prior-operation reduced-DF frame
474,True,13,38,-5.498577,-0.264209,3.166944,0.993966,-0.94142,Prior-operation reduced-DF frame
475,True,14,27,-4.47566,-0.888994,3.171638,0.760453,-0.97565,Prior-operation reduced-DF frame
476,True,14,34,-7.36541,-0.593544,2.933408,0.449099,0.241972,Prior-operation reduced-DF frame
477,True,15,33,-8.430993,0.359917,2.898508,0.450991,-0.308731,Prior-operation reduced-DF frame
478,True,13,40,-7.494601,-0.18474,3.02421,0.655666,-0.083202,Prior-operation reduced-DF frame
479,True,13,37,-5.369438,-0.29818,2.575204,0.780416,-0.742225,Prior-operation reduced-DF frame
480,True,13,32,-4.734025,-0.206091,2.879502,0.952527,-1.303617,Prior-operation reduced-DF frame
481,True,14,31,-6.237373,-0.311395,3.24608,0.719263,-0.703996,Prior-operation reduced-DF frame
482,True,14,33,-7.216636,-0.441237,2.773617,0.663834,0.057812,Prior-operation reduced-DF frame
483,True,13,34,-6.510754,-0.569384,2.41501,0.462833,0.049401,Prior-operation reduced-DF frame
484,True,14,33,-6.719287,-0.761504,3.182103,0.731051,-0.059894,Prior-operation reduced-DF frame
485,True,13,30,-7.041793,-0.22466,2.513918,0.678764,-0.164967,Prior-operation reduced-DF frame
486,True,13,35,-4.862038,0.119668,2.992675,1.033653,-1.555654,Prior-operation reduced-DF frame
487,True,14,34,-5.041536,-0.78165,3.019588,0.723537,-0.627218,Prior-operation reduced-DF frame
488,True,16,31,-8.523477,-0.50319,3.403155,0.644986,0.396058,Prior-operation reduced-DF frame
489,True,13,38,-5.743677,-0.451268,3.100467,0.737203,-0.598745,Prior-operation reduced-DF frame
490,True,13,35,-6.380681,-0.322776,2.910832,0.720351,-0.414388,Prior-operation reduced-DF frame
491,True,14,31,-7.097375,-0.055659,3.668055,0.759425,-0.755211,Prior-operation reduced-DF frame
492,True,15,39,-7.769519,-0.104988,2.613531,0.478127,0.104534,Prior-operation reduced-DF frame
493,True,13,33,-5.550314,-0.488098,3.232806,0.664556,-0.805942,Prior-operation reduced-DF frame
494,True,13,40,-5.417476,-0.632895,2.827415,0.604304,-0.438212,Prior-operation reduced-DF frame
495,True,13,35,-4.475097,-0.288395,2.47991,0.886195,-1.161935,Prior-operation reduced-DF frame
496,True,13,29,-5.216983,-0.21842,2.575069,0.750979,-0.976385,Prior-operation reduced-DF frame
497,True,16,24,-6.277365,-0.15342,2.871605,0.595959,-0.762489,Prior-operation reduced-DF frame
498,True,14,34,-7.773705,-0.115301,2.597424,0.539344,0.060938,Prior-operation reduced-DF frame
499,True,13,29,-5.23124,-0.435885,2.178059,0.447758,-0.624043,Prior-operation reduced-DF frame
500,True,14,32,-6.610378,-0.120529,2.52374,0.641496,-0.402244,Prior-operation reduced-DF frame
501,True,13,34,-4.350498,-0.441446,2.527978,0.8192,-1.105179,Prior-operation reduced-DF frame
502,True,14,33,-5.821541,-0.477058,3.2107,0.754481,-0.623079,Prior-operation reduced-DF frame
503,True,16,31,-8.051462,0.28591,2.651236,0.407462,-0.232647,Prior-operation reduced-DF frame
504,True,13,37,-6.926275,-0.153848,2.603941,0.575557,-0.237866,Prior-operation reduced-DF frame
505,True,13,36,-5.569968,-0.603534,3.623751,0.804699,-0.755746,Prior-operation reduced-DF frame
506,True,13,38,-6.385858,-0.328381,3.069573,0.831869,-0.468302,Prior-operation reduced-DF frame
507,True,18,32,-10.700377,-0.160825,2.546827,-0.013161,1.365814,Prior-operation reduced-DF frame
508,True,14,35,-5.700585,-0.748666,3.981299,0.814496,-0.735944,Prior-operation reduced-DF frame
509,True,14,38,-7.218299,-0.074883,2.225182,0.42991,-0.041516,Prior-operation reduced-DF frame
510,True,13,36,-7.285929,-0.721544,3.177668,0.389255,0.311531,Prior-operation reduced-DF frame
511,True,15,23,-7.001344,-0.4241,2.802942,0.446508,-0.14621,Prior-operation reduced-DF frame
512,True,12,48,-5.86052,0.057412,2.860292,0.580314,-0.849505,Prior-operation reduced-DF frame
513,True,18,31,-10.370874,-0.138289,3.117364,0.435327,0.935779,Prior-operation reduced-DF frame
514,True,14,22,-6.881581,-0.260175,2.432612,0.686679,-0.286381,Prior-operation reduced-DF frame
515,True,15,35,-8.215251,-0.287755,2.876903,0.169557,0.374844,Prior-operation reduced-DF frame
516,True,13,40,-5.195935,-0.456222,2.396506,0.574192,-0.54427,Prior-operation reduced-DF frame
517,True,12,42,-6.219344,-0.110243,2.430948,0.679422,-0.462751,Prior-operation reduced-DF frame
518,True,14,30,-6.697698,-0.720312,3.457726,0.641693,-0.205577,Prior-operation reduced-DF frame
519,True,13,42,-5.056941,-0.388681,2.934204,0.833142,-0.900619,Prior-operation reduced-DF frame
520,True,13,40,-6.000904,0.008279,2.610488,0.83331,-0.770105,Prior-operation reduced-DF frame
521,True,13,33,-5.831854,-0.383832,3.029916,0.864331,-0.670339,Prior-operation reduced-DF frame
522,True,13,32,-6.841083,-0.395451,2.322186,0.458607,0.01409,Prior-operation reduced-DF frame
523,True,19,23,-9.679006,0.088297,2.42194,0.217739,0.57629,Prior-operation reduced-DF frame
524,True,13,35,-6.504198,-0.296177,3.152281,0.735754,-0.518893,Prior-operation reduced-DF frame
525,True,13,37,-5.289182,-0.419473,3.040708,0.844472,-0.877202,Prior-operation reduced-DF frame
526,True,13,29,-4.811498,-0.250782,2.035332,0.733501,-0.943122,Prior-operation reduced-DF frame
527,True,13,29,-4.503668,-0.100686,2.838798,1.112621,-1.53843,Prior-operation reduced-DF frame
528,True,14,44,-7.594614,-0.458138,2.772707,0.541765,0.366607,Prior-operation reduced-DF frame
529,True,14,31,-7.545523,-0.3104,2.771967,0.246515,0.076755,Prior-operation reduced-DF frame
530,True,13,34,-6.736258,-0.591332,3.243872,0.412381,-0.118324,Prior-operation reduced-DF frame
531,True,13,35,-7.318817,-0.322375,2.772994,0.604436,0.061692,Prior-operation reduced-DF frame
532,True,13,30,-6.308078,-0.48879,2.900368,0.45165,-0.348544,Prior-operation reduced-DF frame
533,True,14,26,-7.090677,-0.237458,2.202762,0.432989,-0.052088,Prior-operation reduced-DF frame
534,True,14,37,-7.272292,0.131473,2.0872,0.485008,-0.15153,Prior-operation reduced-DF frame
535,True,13,36,-6.67193,-0.426108,2.237763,0.335129,0.102699,Prior-operation reduced-DF frame
536,True,13,35,-5.520048,-0.166612,3.651592,1.128449,-1.304548,Prior-operation reduced-DF frame
537,True,15,22,-5.176379,-0.880153,3.239912,0.908852,-0.791883,Prior-operation reduced-DF frame
538,True,13,34,-5.409064,0.077488,2.693873,0.907563,-1.197133,Prior-operation reduced-DF frame
539,True,14,45,-8.149601,-0.499627,3.105453,0.396319,0.549785,Prior-operation reduced-DF frame
540,True,17,35,-10.226907,-0.186329,3.100949,0.041754,1.061306,Prior-operation reduced-DF frame
541,True,14,24,-4.124839,-0.023188,3.047623,0.7513,-1.992899,Prior-operation reduced-DF frame
542,True,14,27,-6.249841,-0.556723,2.504494,0.51247,-0.188477,Prior-operation reduced-DF frame
543,True,13,35,-5.880512,-0.347688,3.060513,0.834009,-0.678821,Prior-operation reduced-DF frame
544,True,13,45,-6.514354,-0.208708,2.880904,0.903128,-0.417858,Prior-operation reduced-DF frame
545,True,15,35,-7.995238,-0.764561,4.083965,0.523873,0.237162,Prior-operation reduced-DF frame
546,True,14,31,-6.409899,-0.334772,2.760288,0.564589,-0.402441,Prior-operation reduced-DF frame
547,True,13,36,-6.363889,-0.316297,2.657459,0.790662,-0.364641,Prior-operation reduced-DF frame
548,True,14,40,-7.794917,-0.526901,3.05645,0.482035,0.395031,Prior-operation reduced-DF frame
549,True,13,36,-5.310065,-0.258784,3.06486,0.869207,-1.032969,Prior-operation reduced-DF frame
550,True,17,26,-9.542102,-0.386962,2.546324,0.297768,1.044643,Prior-operation reduced-DF frame
551,True,14,29,-7.58228,-0.93877,3.530499,0.766262,0.326135,Prior-operation reduced-DF frame
552,True,13,30,-6.528313,-0.415506,2.547169,0.385738,-0.164586,Prior-operation reduced-DF frame
553,True,13,41,-4.162051,-0.194191,2.552418,0.75867,-1.359692,Prior-operation reduced-DF frame
554,True,13,44,-7.124497,-0.4658,3.227335,0.487477,0.025524,Prior-operation reduced-DF frame
555,True,17,32,-10.618505,-0.672322,2.634473,-0.152551,1.797467,Prior-operation reduced-DF frame
556,True,12,46,-5.583163,-0.121841,2.714924,0.750362,-0.797773,Prior-operation reduced-DF frame
557,True,17,23,-8.460768,-0.063884,2.96927,0.596661,-0.005566,Prior-operation reduced-DF frame
558,True,14,33,-5.558533,-0.34873,3.132499,0.620144,-0.874633,Prior-operation reduced-DF frame
559,True,14,27,-4.981423,-0.377882,2.679941,0.922939,-1.028687,Prior-operation reduced-DF frame
560,True,14,31,-6.067258,-0.501876,3.201266,0.632977,-0.548126,Prior-operation reduced-DF frame
561,True,18,30,-10.58201,-0.423081,2.592704,-0.204042,1.57664,Prior-operation reduced-DF frame
562,True,13,38,-4.573236,-0.373946,3.332331,1.071187,-1.343948,Prior-operation reduced-DF frame
563,True,14,23,-5.075858,-0.354454,3.081138,0.703127,-1.193404,Prior-operation reduced-DF frame
564,True,13,39,-6.834684,-0.155779,3.104538,0.60614,-0.407203,Prior-operation reduced-DF frame
565,True,13,34,-4.555213,-0.209372,2.650762,0.742142,-1.246688,Prior-operation reduced-DF frame
566,True,14,31,-6.054173,-0.451544,3.046595,0.631489,-0.532201,Prior-operation reduced-DF frame
567,True,14,33,-6.077528,-0.180223,2.789985,0.737165,-0.646936,Prior-operation reduced-DF frame
568,True,15,26,-7.422737,-0.098458,2.638432,0.723054,-0.263016,Prior-operation reduced-DF frame
569,True,14,30,-7.191714,-0.290229,2.006771,0.515114,0.135609,Prior-operation reduced-DF frame
570,True,14,26,-6.432697,-0.801465,3.312664,0.440875,-0.192646,Prior-operation reduced-DF frame
571,True,15,41,-9.079287,-0.555528,3.179546,0.180047,0.925131,Prior-operation reduced-DF frame
572,True,15,34,-8.968452,-0.589709,3.089043,0.174247,0.886586,Prior-operation reduced-DF frame
573,True,14,30,-6.415614,-0.182165,2.734315,0.834149,-0.569836,Prior-operation reduced-DF frame
574,True,15,33,-8.861761,-0.142007,3.474017,0.048017,0.32559,Prior-operation reduced-DF frame
575,True,14,23,-5.809984,-0.629398,3.076199,0.761132,-0.628153,Prior-operation reduced-DF frame
576,True,14,42,-7.627474,-0.363199,3.305822,0.809836,-0.030576,Prior-operation reduced-DF frame
577,True,14,31,-5.597818,-0.362693,2.450516,0.412268,-0.564577,Prior-operation reduced-DF frame
578,True,13,35,-5.688223,-0.73463,2.674501,0.678712,-0.260507,Prior-operation reduced-DF frame
579,True,13,34,-5.9555,-0.711741,3.170049,0.771469,-0.344152,Prior-operation reduced-DF frame
580,True,14,37,-6.743229,-0.287325,2.624327,0.513081,-0.174395,Prior-operation reduced-DF frame
581,True,15,26,-7.758909,-0.627536,3.147045,0.410892,0.288238,Prior-operation reduced-DF frame
582,True,14,40,-7.679611,-0.405328,2.186242,0.409205,0.542306,Prior-operation reduced-DF frame
583,True,16,32,-8.679992,-0.099975,1.967404,0.305634,0.67236,Prior-operation reduced-DF frame
584,True,13,34,-7.019349,-0.247561,2.605986,0.377489,-0.048921,Prior-operation reduced-DF frame
585,True,16,27,-7.723378,-0.355491,2.894993,0.234787,0.108648,Prior-operation reduced-DF frame
586,True,14,34,-5.567874,-0.030135,3.1996,0.781459,-1.221295,Prior-operation reduced-DF frame
587,True,16,36,-8.792741,-0.2714,3.589982,0.362485,0.32285,Prior-operation reduced-DF frame
588,True,13,44,-5.307805,-0.459019,3.059221,0.716009,-0.713989,Prior-operation reduced-DF frame
589,True,13,38,-4.213684,-0.466094,3.446278,0.863936,-1.419857,Prior-operation reduced-DF frame
590,True,13,35,-7.490488,-0.226866,3.118994,0.583549,-0.123083,Prior-operation reduced-DF frame
591,True,14,26,-5.209235,-0.405226,2.586961,0.587002,-0.853622,Prior-operation reduced-DF frame
592,True,14,31,-7.058238,-0.333729,2.809215,0.432871,-0.136388,Prior-operation reduced-DF frame
593,True,14,26,-5.112438,-0.31898,2.585103,0.641313,-0.961591,Prior-operation reduced-DF frame
594,True,13,31,-6.019258,-0.374256,2.611479,0.871628,-0.51645,Prior-operation reduced-DF frame
595,True,14,41,-8.49973,-0.34503,3.397362,0.312465,0.416787,Prior-operation reduced-DF frame
596,True,15,26,-7.276571,-0.210157,2.530863,0.327076,-0.095315,Prior-operation reduced-DF frame
597,True,13,37,-5.459862,-0.274012,2.636891,0.705015,-0.772812,Prior-operation reduced-DF frame
598,True,13,31,-5.931343,-0.494161,2.782123,0.69504,-0.450394,Prior-operation reduced-DF frame
599,True,13,35,-6.17418,-0.37779,3.238363,0.487209,-0.55704,Prior-operation reduced-DF frame
600,True,13,37,-5.019637,-0.518862,2.66453,0.783351,-0.74479,Prior-operation reduced-DF frame
601,True,16,38,-8.745023,0.155458,1.951549,0.021873,0.5407,Prior-operation reduced-DF frame
602,True,13,36,-4.315949,-0.190849,2.898545,0.982642,-1.469929,Prior-operation reduced-DF frame
603,True,13,35,-6.506141,-0.40824,2.752834,0.604874,-0.200604,Prior-operation reduced-DF frame
604,True,16,20,-5.425389,-0.239818,2.656837,0.322947,-1.078786,Prior-operation reduced-DF frame
605,True,13,41,-7.164271,-0.52545,2.752102,0.306316,0.264435,Prior-operation reduced-DF frame
606,True,13,39,-5.699763,-0.283839,2.906252,0.760316,-0.743625,Prior-operation reduced-DF frame
607,True,14,27,-5.395613,-0.302083,3.329467,1.173557,-1.169392,Prior-operation reduced-DF frame
608,True,13,35,-6.360251,-0.730043,2.392386,0.540458,0.122849,Prior-operation reduced-DF frame
609,True,15,27,-6.489868,-0.062694,2.82699,0.566606,-0.687325,Prior-operation reduced-DF frame
610,True,13,38,-6.454711,0.095715,2.339571,0.592736,-0.55844,Prior-operation reduced-DF frame
611,True,13,40,-6.384424,-0.293,2.524004,0.808991,-0.293282,Prior-operation reduced-DF frame
612,True,16,34,-7.618618,0.313588,3.005101,0.534646,-0.583342,Prior-operation reduced-DF frame
613,True,14,29,-5.054462,-0.265222,2.803097,0.787095,-1.078855,Prior-operation reduced-DF frame
614,True,14,33,-5.96728,0.079946,1.945084,0.340168,-0.621419,Prior-operation reduced-DF frame
615,True,14,30,-5.868475,-0.650364,3.407997,0.76547,-0.590712,Prior-operation reduced-DF frame
616,True,16,35,-7.856319,-0.043973,2.462202,0.505704,0.103688,Prior-operation reduced-DF frame
617,True,14,33,-6.060155,-0.56126,3.339311,0.68893,-0.499915,Prior-operation reduced-DF frame
618,True,14,24,-4.310005,-0.103088,3.02915,1.083056,-1.819864,Prior-operation reduced-DF frame
619,True,13,37,-6.884536,-0.259744,2.627393,0.651806,-0.129947,Prior-operation reduced-DF frame
620,True,13,36,-5.680998,-0.498672,3.184255,0.611405,-0.665987,Prior-operation reduced-DF frame
621,True,14,29,-5.998363,-0.657819,2.554688,0.58423,-0.204653,Prior-operation reduced-DF frame
622,True,13,42,-4.980705,-0.739161,3.235343,0.569525,-0.661955,Prior-operation reduced-DF frame
623,True,14,32,-6.497927,-0.090638,3.226793,0.722203,-0.744973,Prior-operation reduced-DF frame
624,True,14,37,-7.689705,-0.252613,2.830851,0.280365,0.133476,Prior-operation reduced-DF frame
625,True,16,38,-8.457793,-0.06615,2.439595,0.32464,0.452409,Prior-operation reduced-DF frame
626,True,18,30,-9.332911,-0.532857,4.34415,0.542825,0.354975,Prior-operation reduced-DF frame
627,True,18,23,-8.632905,0.08108,2.104353,0.166613,0.290456,Prior-operation reduced-DF frame
628,True,12,51,-6.95702,-0.024294,2.690378,0.580135,-0.229891,Prior-operation reduced-DF frame
629,True,14,24,-5.080756,0.186051,1.824559,0.793725,-1.254525,Prior-operation reduced-DF frame
630,True,14,30,-6.125454,-0.694486,3.32294,0.516767,-0.401403,Prior-operation reduced-DF frame
631,True,14,30,-6.30104,0.223027,2.784617,1.019863,-1.116329,Prior-operation reduced-DF frame
632,True,14,29,-5.879469,-0.109521,2.060251,0.571366,-0.575253,Prior-operation reduced-DF frame
633,True,14,32,-8.188223,-0.602761,3.138425,0.477188,0.498642,Prior-operation reduced-DF frame
634,True,14,32,-6.068874,0.036268,2.977898,0.571408,-0.999835,Prior-operation reduced-DF frame
635,True,13,37,-5.041333,-0.255334,3.111731,0.824267,-1.170989,Prior-operation reduced-DF frame
636,True,12,44,-5.545324,-0.528859,2.352254,0.628977,-0.288415,Prior-operation reduced-DF frame
637,True,14,37,-8.422935,-0.529277,3.112799,0.141625,0.607984,Prior-operation reduced-DF frame
638,True,14,33,-5.433549,-0.7516,3.454388,0.881603,-0.693467,Prior-operation reduced-DF frame
639,True,14,29,-6.741567,-0.683978,3.371034,0.569598,-0.182233,Prior-operation reduced-DF frame
640,True,17,41,-9.226898,-0.07184,2.398726,0.444366,0.771403,Prior-operation reduced-DF frame
641,True,16,34,-8.391079,-0.359719,3.974064,0.489492,0.060431,Prior-operation reduced-DF frame
642,True,15,36,-9.329424,-0.551047,3.33734,0.170873,0.914982,Prior-operation reduced-DF frame
643,True,13,40,-5.832143,-0.30528,3.131774,0.732047,-0.748802,Prior-operation reduced-DF frame
644,True,14,24,-7.405242,0.243716,1.963718,0.604275,-0.38794,Prior-operation reduced-DF frame
645,True,13,34,-5.291332,-0.579931,2.865638,0.811894,-0.675365,Prior-operation reduced-DF frame
646,True,18,25,-10.570608,-0.439024,2.97792,-0.087187,1.36879,Prior-operation reduced-DF frame
647,True,15,37,-8.693429,-0.238103,2.80824,0.259042,0.569585,Prior-operation reduced-DF frame
648,True,13,35,-4.972949,0.146826,3.091699,0.919896,-1.591036,Prior-operation reduced-DF frame
649,True,16,38,-10.349589,-0.044918,2.488007,-0.299421,1.24771,Prior-operation reduced-DF frame
650,True,15,32,-6.73613,-0.378782,3.654783,0.996139,-0.62858,Prior-operation reduced-DF frame
651,True,16,28,-9.057403,0.18325,3.622759,0.774013,-0.230656,Prior-operation reduced-DF frame
652,True,14,35,-6.605321,-0.496986,2.764067,0.334794,-0.106328,Prior-operation reduced-DF frame
653,True,14,29,-7.102088,-0.478357,2.821347,0.150087,0.027113,Prior-operation reduced-DF frame
654,True,13,38,-6.789289,-0.474313,3.243347,0.658759,-0.205412,Prior-operation reduced-DF frame
655,True,13,39,-6.949618,-0.296914,2.748621,0.674476,-0.159125,Prior-operation reduced-DF frame
656,True,13,33,-4.079392,-0.393718,2.83453,0.78395,-1.377427,Prior-operation reduced-DF frame
657,True,13,31,-4.850879,-0.252521,2.407111,0.699452,-0.995939,Prior-operation reduced-DF frame
658,True,13,41,-5.349307,-0.52281,3.063104,0.685484,-0.677601,Prior-operation reduced-DF frame
659,True,14,33,-6.948672,-0.538964,3.230539,0.808596,-0.116159,Prior-operation reduced-DF frame
660,True,14,34,-5.677538,-0.187574,3.177735,0.877733,-0.993202,Prior-operation reduced-DF frame
661,True,15,25,-8.092151,-0.407398,3.631706,0.761003,-0.074142,Prior-operation reduced-DF frame
662,True,13,37,-6.186887,-0.46832,2.910414,0.683142,-0.335264,Prior-operation reduced-DF frame
663,True,14,35,-5.913345,-0.15003,3.016703,0.759627,-0.871376,Prior-operation reduced-DF frame
664,True,13,39,-4.931595,-0.38743,2.928617,0.89867,-0.959367,Prior-operation reduced-DF frame
665,True,16,30,-9.048713,-0.360515,2.747538,0.138193,0.796144,Prior-operation reduced-DF frame
666,True,14,30,-5.448775,-0.058596,2.038718,0.544198,-0.790958,Prior-operation reduced-DF frame
667,True,14,33,-6.821342,-0.222264,3.122731,0.850494,-0.49335,Prior-operation reduced-DF frame
668,True,13,32,-6.357907,-0.411697,2.720127,0.708227,-0.32759,Prior-operation reduced-DF frame
669,True,14,30,-6.280891,-0.340314,2.368757,0.487921,-0.294915,Prior-operation reduced-DF frame
670,True,13,41,-5.912895,-0.394312,3.086901,0.749269,-0.58264,Prior-operation reduced-DF frame
671,True,16,35,-9.286504,-0.484485,3.185199,0.431429,0.867958,Prior-operation reduced-DF frame
672,True,14,28,-7.369249,-0.217945,2.989636,0.465422,-0.210298,Prior-operation reduced-DF frame
673,True,13,33,-5.510095,-0.663727,3.062101,0.77341,-0.560636,Prior-operation reduced-DF frame
674,True,14,30,-6.583738,0.252332,2.347764,0.554046,-0.801821,Prior-operation reduced-DF frame
675,True,13,39,-6.285901,-0.693323,3.768288,0.718604,-0.405767,Prior-operation reduced-DF frame
676,True,13,36,-5.954153,-0.411606,3.204188,0.792036,-0.617632,Prior-operation reduced-DF frame
677,True,14,39,-7.86449,-0.271241,2.640153,0.399003,0.327455,Prior-operation reduced-DF frame
678,True,15,26,-6.953888,-0.356526,3.329578,0.622316,-0.399026,Prior-operation reduced-DF frame
679,True,13,46,-6.508086,-0.354418,3.303263,0.706937,-0.379754,Prior-operation reduced-DF frame
680,True,14,43,-7.976717,-0.261559,2.497718,0.34085,0.460867,Prior-operation reduced-DF frame
681,True,21,17,-12.387848,0.092117,2.819332,-0.473204,1.503358,Prior-operation reduced-DF frame
682,True,15,35,-8.12471,-0.158511,2.812926,0.212647,0.246193,Prior-operation reduced-DF frame
683,True,13,42,-4.968736,-0.312782,3.381928,1.090297,-1.207592,Prior-operation reduced-DF frame
684,True,14,27,-5.956606,-0.402707,3.121601,1.127205,-0.770094,Prior-operation reduced-DF frame
685,True,16,29,-8.51627,-0.286438,2.625646,0.209761,0.504378,Prior-operation reduced-DF frame
686,True,13,33,-6.58376,-0.518265,2.656011,0.652463,-0.10598,Prior-operation reduced-DF frame
687,True,14,24,-5.373121,-0.332171,2.931643,0.801126,-1.031925,Prior-operation reduced-DF frame
688,True,13,35,-5.055775,-0.17102,2.788943,0.925747,-1.10485,Prior-operation reduced-DF frame
689,True,14,32,-7.417884,-0.449171,2.704718,0.435789,0.210054,Prior-operation reduced-DF frame
690,True,14,29,-6.616022,-0.181832,2.98798,0.860524,-0.589791,Prior-operation reduced-DF frame
691,True,14,38,-7.458231,-0.30777,2.324933,0.331578,0.289699,Prior-operation reduced-DF frame
692,True,13,37,-5.809145,-0.307252,2.689285,0.623767,-0.580741,Prior-operation reduced-DF frame
693,True,15,30,-6.457507,-0.360098,3.181738,0.556311,-0.548152,Prior-operation reduced-DF frame
694,True,13,31,-5.519178,-0.273608,2.153939,0.619858,-0.595271,Prior-operation reduced-DF frame
695,True,13,36,-5.370854,-0.326844,2.565484,0.725963,-0.732711,Prior-operation reduced-DF frame
696,True,14,41,-8.189696,-0.629736,2.616438,0.320775,0.824209,Prior-operation reduced-DF frame
697,True,14,27,-6.51939,-0.442798,2.643178,0.630866,-0.251599,Prior-operation reduced-DF frame
698,True,13,34,-5.213194,-0.097366,2.187515,0.563369,-0.887949,Prior-operation reduced-DF frame
699,True,14,32,-6.960747,-0.214405,3.231458,0.965397,-0.500713,Prior-operation reduced-DF frame
700,True,13,34,-5.880522,-0.311163,2.588711,0.815881,-0.567811,Prior-operation reduced-DF frame
701,True,17,29,-10.872162,-0.754556,3.036575,0.348533,1.733901,Prior-operation reduced-DF frame
702,True,17,27,-9.184597,-0.202044,3.215102,0.615971,0.39636,Prior-operation reduced-DF frame
703,True,15,22,-5.800837,-0.4299,2.518815,0.87929,-0.641637,Prior-operation reduced-DF frame
704,True,13,39,-6.952782,-0.695973,4.188627,0.745498,-0.269326,Prior-operation reduced-DF frame
705,True,13,36,-6.380574,0.042264,2.750153,0.829725,-0.766271,Prior-operation reduced-DF frame
706,True,14,29,-5.663083,-0.384297,2.899678,0.760912,-0.778665,Prior-operation reduced-DF frame
707,True,14,32,-6.327501,-0.060367,2.582491,0.618417,-0.622115,Prior-operation reduced-DF frame
708,True,13,36,-6.364365,-0.356985,2.373149,0.550826,-0.189604,Prior-operation reduced-DF frame
709,True,15,31,-7.655074,-0.298608,3.184758,0.433434,-0.022329,Prior-operation reduced-DF frame
710,True,13,41,-7.020763,-0.110067,2.60077,0.483236,-0.167259,Prior-operation reduced-DF frame
711,True,13,39,-6.177961,-0.117662,2.298906,0.57747,-0.405015,Prior-operation reduced-DF frame
712,True,14,28,-7.776624,-0.24967,2.928471,0.476144,0.010131,Prior-operation reduced-DF frame
713,True,18,21,-10.10831,-0.912366,3.381778,0.09507,1.359059,Prior-operation reduced-DF frame
714,True,13,31,-7.406585,-0.437604,2.987538,0.156221,0.063956,Prior-operation reduced-DF frame
715,True,16,42,-12.325126,-0.62537,3.817168,-0.246513,2.120922,Prior-operation reduced-DF frame
716,True,14,32,-5.374342,-0.477813,3.185705,0.810563,-0.916538,Prior-operation reduced-DF frame
717,True,14,28,-6.928591,-0.53431,2.618524,0.644868,0.041381,Prior-operation reduced-DF frame
718,True,14,27,-4.809274,-0.739162,3.213731,0.831525,-0.987163,Prior-operation reduced-DF frame
719,True,14,39,-6.827985,-0.418351,3.463596,0.435831,-0.291666,Prior-operation reduced-DF frame
720,True,14,26,-4.099363,-0.626563,3.01609,0.886135,-1.351505,Prior-operation reduced-DF frame
721,True,14,24,-4.672854,-0.19325,3.139868,0.960067,-1.576935,Prior-operation reduced-DF frame
722,True,14,24,-4.848095,-0.347246,3.041954,0.905932,-1.306983,Prior-operation reduced-DF frame
723,True,15,38,-9.96811,-0.605918,3.028108,-0.072956,1.431589,Prior-operation reduced-DF frame
724,True,14,29,-5.64013,-0.416497,3.259498,0.750261,-0.854895,Prior-operation reduced-DF frame
725,True,13,36,-5.775899,-0.678085,3.058148,0.772734,-0.436757,Prior-operation reduced-DF frame
726,True,16,30,-8.8137,-0.661278,4.095925,0.631905,0.417649,Prior-operation reduced-DF frame
727,True,13,36,-6.298353,-0.013483,2.255754,0.627319,-0.534038,Prior-operation reduced-DF frame
728,True,13,36,-6.783153,-0.054608,2.954816,0.604946,-0.465316,Prior-operation reduced-DF frame
729,True,16,32,-9.386654,-0.346966,3.044954,0.152249,0.8399,Prior-operation reduced-DF frame
730,True,13,40,-5.653801,-0.269556,2.90798,0.651325,-0.713173,Prior-operation reduced-DF frame
731,True,13,39,-6.22324,-0.138005,2.77828,0.891331,-0.653066,Prior-operation reduced-DF frame
732,True,14,45,-8.247151,-0.270267,2.977035,0.574826,0.372846,Prior-operation reduced-DF frame
733,True,13,36,-5.861283,-0.555422,2.748944,0.783466,-0.354832,Prior-operation reduced-DF frame
734,True,14,32,-6.295406,-0.408283,2.954362,0.425397,-0.408723,Prior-operation reduced-DF frame
735,True,14,35,-5.676486,-0.152966,2.886963,0.865277,-0.888235,Prior-operation reduced-DF frame
736,True,14,28,-5.88158,-0.305093,1.733343,0.647589,-0.309853,Prior-operation reduced-DF frame
737,True,15,31,-6.659817,-0.23929,2.74771,0.505077,-0.352358,Prior-operation reduced-DF frame
738,True,14,24,-7.334725,-0.768041,3.371623,0.244766,0.103156,Prior-operation reduced-DF frame
739,True,16,21,-6.482645,-0.091331,2.640797,0.685621,-0.691372,Prior-operation reduced-DF frame
740,True,15,25,-5.539369,0.239026,2.848321,0.892282,-1.513895,Prior-operation reduced-DF frame
741,True,13,36,-6.663253,-0.401841,3.341473,0.603809,-0.359277,Prior-operation reduced-DF frame
742,True,13,34,-6.627064,-0.460841,2.468867,0.280869,0.021396,Prior-operation reduced-DF frame
743,True,13,41,-6.641115,-0.610222,3.583143,0.710141,-0.266682,Prior-operation reduced-DF frame
744,True,14,30,-7.082116,-0.092369,2.544344,0.419129,-0.221689,Prior-operation reduced-DF frame
745,True,13,38,-5.309993,-0.670335,3.278884,0.650928,-0.663916,Prior-operation reduced-DF frame
746,True,14,34,-5.903042,0.087792,3.035999,1.005592,-1.149993,Prior-operation reduced-DF frame
747,True,13,37,-5.288712,0.043146,2.788252,0.967094,-1.251717,Prior-operation reduced-DF frame
748,True,14,35,-6.560355,-0.183597,2.760349,0.575831,-0.437679,Prior-operation reduced-DF frame
749,True,14,34,-6.61075,-0.140994,2.557973,0.434493,-0.315707,Prior-operation reduced-DF frame
750,True,13,41,-6.875518,-0.004115,1.831211,0.226615,-0.041132,Prior-operation reduced-DF frame
751,True,14,28,-5.851252,-0.359941,3.435263,1.013153,-0.948426,Prior-operation reduced-DF frame
752,True,14,32,-4.277851,-0.341892,3.659666,1.13423,-1.718364,Prior-operation reduced-DF frame
753,True,15,38,-8.8301,-0.285613,2.760653,0.126993,0.731877,Prior-operation reduced-DF frame
754,True,16,26,-8.083161,-0.101095,3.221488,0.898019,-0.225449,Prior-operation reduced-DF frame
755,True,14,32,-6.66021,-0.353151,2.800988,0.622962,-0.241522,Prior-operation reduced-DF frame
756,True,13,32,-5.401249,-0.355334,2.204713,0.749895,-0.586317,Prior-operation reduced-DF frame
757,True,14,34,-7.057372,-0.298824,2.694389,0.86991,-0.118842,Prior-operation reduced-DF frame
758,True,13,41,-5.779724,-0.401843,3.167467,0.770614,-0.612879,Prior-operation reduced-DF frame
759,True,12,46,-6.798528,-0.286479,2.828454,0.551857,-0.114041,Prior-operation reduced-DF frame
760,True,17,24,-9.666513,-0.800066,3.643742,0.432253,0.958812,Prior-operation reduced-DF frame
761,True,13,37,-5.568128,-0.453744,3.295589,0.881311,-0.779317,Prior-operation reduced-DF frame
762,True,14,30,-5.453925,-0.104085,2.871651,0.784399,-1.098995,Prior-operation reduced-DF frame
763,True,13,45,-6.657117,-0.48026,3.1576,0.408879,-0.07697,Prior-operation reduced-DF frame
764,True,14,35,-6.046057,-0.048709,2.765897,0.605669,-0.832159,Prior-operation reduced-DF frame
765,True,14,36,-6.005807,-0.314067,2.940093,0.398395,-0.562172,Prior-operation reduced-DF frame
766,True,13,35,-5.990568,-0.165986,1.670023,0.509959,-0.295928,Prior-operation reduced-DF frame
767,True,13,36,-5.045845,-0.637215,3.327008,0.726866,-0.868462,Prior-operation reduced-DF frame
768,True,13,39,-4.506974,-0.249177,2.455302,0.896332,-1.107028,Prior-operation reduced-DF frame
769,True,15,36,-8.256113,-0.537354,2.677945,0.197175,0.722341,Prior-operation reduced-DF frame
770,True,14,34,-6.938669,-0.112424,2.682267,0.57725,-0.31889,Prior-operation reduced-DF frame
771,True,14,35,-5.706831,-0.550921,3.763255,0.843106,-0.883192,Prior-operation reduced-DF frame
772,True,14,33,-6.426216,-0.467267,3.727258,0.835514,-0.623347,Prior-operation reduced-DF frame
773,True,13,36,-7.433339,-0.091352,2.638326,0.401353,-0.077376,Prior-operation reduced-DF frame
774,True,14,24,-4.50226,0.156698,2.741729,0.983379,-1.851043,Prior-operation reduced-DF frame
775,True,13,30,-5.221467,-0.367345,2.738999,0.826866,-0.89922,Prior-operation reduced-DF frame
776,True,18,27,-10.447791,-0.46156,3.802554,0.18265,0.977174,Prior-operation reduced-DF frame
777,True,13,36,-5.019201,-0.354603,2.254203,0.585007,-0.730369,Prior-operation reduced-DF frame
778,True,14,32,-7.648456,-0.66094,2.877291,0.364847,0.439302,Prior-operation reduced-DF frame
779,True,13,33,-4.963396,0.014316,2.307913,0.739068,-1.196016,Prior-operation reduced-DF frame
780,True,16,30,-8.999763,-0.395159,2.121248,-0.38753,1.033047,Prior-operation reduced-DF frame
781,True,18,27,-8.914076,-0.09108,2.493207,0.382294,0.461887,Prior-operation reduced-DF frame
782,True,14,28,-6.785517,-0.35411,2.772026,0.867161,-0.298329,Prior-operation reduced-DF frame
783,True,15,30,-6.648293,-0.115787,2.868723,0.674685,-0.500922,Prior-operation reduced-DF frame
784,True,14,32,-6.603332,-0.181306,2.906794,0.614799,-0.500503,Prior-operation reduced-DF frame
785,True,12,48,-5.201827,-0.564554,3.175286,0.877265,-0.65086,Prior-operation reduced-DF frame
786,True,14,40,-6.579872,0.136831,2.751745,0.841568,-0.740133,Prior-operation reduced-DF frame
787,True,13,36,-6.539075,-0.153492,3.132139,0.896691,-0.64445,Prior-operation reduced-DF frame
788,True,13,40,-6.90879,-0.173759,3.010438,0.540772,-0.367567,Prior-operation reduced-DF frame
789,True,14,28,-5.237192,-0.247223,3.326924,0.849318,-1.253834,Prior-operation reduced-DF frame
790,True,13,36,-4.818341,-0.34954,2.332987,0.742531,-0.859372,Prior-operation reduced-DF frame
791,True,13,40,-5.49711,-0.478464,2.702111,0.758022,-0.480152,Prior-operation reduced-DF frame
792,True,14,35,-5.993872,-0.068614,2.933472,0.393276,-0.827467,Prior-operation reduced-DF frame
793,True,13,36,-5.322183,-0.488653,2.548797,0.567518,-0.575043,Prior-operation reduced-DF frame
794,True,13,35,-4.788105,-0.09656,2.631834,0.802837,-1.242206,Prior-operation reduced-DF frame
795,True,16,34,-9.624557,-0.468022,3.207989,0.346912,0.958723,Prior-operation reduced-DF frame
796,True,14,25,-5.912863,-0.570887,3.076535,1.065177,-0.613934,Prior-operation reduced-DF frame
797,True,16,31,-7.996635,-0.340055,2.186105,0.606609,0.437924,Prior-operation reduced-DF frame
798,True,14,27,-5.041919,-0.224637,2.749839,0.702316,-1.158203,Prior-operation reduced-DF frame
799,True,13,43,-5.925418,0.05591,2.664373,0.912079,-0.889602,Prior-operation reduced-DF frame
800,True,16,23,-8.552873,-0.532956,3.428236,0.436981,0.368896,Prior-operation reduced-DF frame
801,True,14,28,-5.722016,-0.157325,2.729406,0.665093,-0.912771,Prior-operation reduced-DF frame
802,True,13,37,-7.109467,-0.373199,3.191147,0.438862,-0.124378,Prior-operation reduced-DF frame
803,True,19,26,-9.927798,-0.251737,3.29877,0.250705,0.763248,Prior-operation reduced-DF frame
804,True,16,32,-8.796839,-0.547547,3.273288,0.560523,0.616163,Prior-operation reduced-DF frame
805,True,13,36,-4.787379,-0.230593,2.601087,0.832226,-1.085273,Prior-operation reduced-DF frame
806,True,14,32,-6.362677,-0.32785,2.492928,0.301448,-0.27688,Prior-operation reduced-DF frame
807,True,14,31,-7.648844,-0.375729,3.68276,0.699655,-0.196024,Prior-operation reduced-DF frame
808,True,13,34,-4.101953,-0.18101,2.946942,0.941316,-1.589833,Prior-operation reduced-DF frame
809,True,13,35,-4.578166,-0.081363,2.677567,0.623004,-1.376338,Prior-operation reduced-DF frame
810,True,13,37,-4.028379,-0.315141,2.864117,0.941493,-1.469423,Prior-operation reduced-DF frame
811,True,14,34,-5.734541,-0.622759,3.305626,0.703691,-0.598871,Prior-operation reduced-DF frame
812,True,16,32,-9.175142,-0.409282,2.842333,0.279817,0.864323,Prior-operation reduced-DF frame
813,True,12,43,-6.432292,-0.140402,2.455653,0.760292,-0.362871,Prior-operation reduced-DF frame
814,True,14,34,-7.406632,-0.401043,2.901346,0.558187,0.074887,Prior-operation reduced-DF frame
815,True,14,27,-4.806441,-0.250162,2.890355,1.074812,-1.32521,Prior-operation reduced-DF frame
816,True,14,28,-6.512146,-0.615587,2.468447,0.50555,0.002864,Prior-operation reduced-DF frame
817,True,13,36,-4.942522,-0.281477,3.285823,0.9612,-1.218507,Prior-operation reduced-DF frame
818,True,15,25,-6.22208,0.201415,2.622593,0.68496,-1.076794,Prior-operation reduced-DF frame
819,True,14,27,-5.175498,-0.439665,3.782814,0.900643,-1.324027,Prior-operation reduced-DF frame
820,True,15,20,-7.587949,-0.860487,2.98684,0.667369,0.326344,Prior-operation reduced-DF frame
821,True,15,39,-8.233158,-0.397917,3.082653,0.484731,0.427087,Prior-operation reduced-DF frame
822,True,13,34,-5.938819,-0.376909,2.14717,0.673159,-0.303389,Prior-operation reduced-DF frame
823,True,14,33,-5.419871,-0.601137,3.226443,0.880248,-0.744384,Prior-operation reduced-DF frame
824,True,16,25,-7.643623,-0.375018,3.459229,0.494165,-0.124096,Prior-operation reduced-DF frame
825,True,15,30,-8.460289,-0.120826,2.896051,0.511283,0.193771,Prior-operation reduced-DF frame
826,True,14,29,-7.048778,-0.258433,3.388014,0.622823,-0.450088,Prior-operation reduced-DF frame
827,True,13,28,-3.7936,-0.051478,2.281754,0.804285,-1.71138,Prior-operation reduced-DF frame
828,True,13,42,-6.118555,-0.285766,2.645234,0.683814,-0.399967,Prior-operation reduced-DF frame
829,True,14,32,-7.668673,-0.44968,3.426469,0.844974,-0.031258,Prior-operation reduced-DF frame
830,True,13,34,-6.045462,-0.359643,2.662056,0.715022,-0.434447,Prior-operation reduced-DF frame
831,True,14,35,-7.447621,-0.258248,2.570413,0.331985,0.128443,Prior-operation reduced-DF frame
832,True,13,40,-4.759849,-0.741899,3.0158,0.810789,-0.745024,Prior-operation reduced-DF frame
833,True,14,34,-7.252757,-0.160821,2.853488,0.427762,-0.183852,Prior-operation reduced-DF frame
834,True,15,25,-5.500473,-0.041635,2.582744,0.798884,-1.120517,Prior-operation reduced-DF frame
835,True,14,31,-6.910394,-0.15791,2.421278,0.673293,-0.248855,Prior-operation reduced-DF frame
836,True,14,38,-5.426342,-0.317695,3.414303,0.801384,-1.064892,Prior-operation reduced-DF frame
837,True,15,25,-7.879322,-0.200771,3.090454,0.535195,-0.125732,Prior-operation reduced-DF frame
838,True,15,27,-6.462613,-0.050882,2.295161,0.469935,-0.48962,Prior-operation reduced-DF frame
839,True,13,39,-6.00003,-0.371688,2.994213,0.849963,-0.539537,Prior-operation reduced-DF frame
840,True,13,52,-6.122347,-0.063391,2.625608,0.810895,-0.562407,Prior-operation reduced-DF frame
841,True,14,31,-7.730569,-0.426444,3.63689,0.818242,-0.120988,Prior-operation reduced-DF frame
842,True,13,38,-5.939166,-0.258413,2.174214,0.581271,-0.358575,Prior-operation reduced-DF frame
843,True,13,39,-5.899345,-0.455273,2.897199,0.697941,-0.483704,Prior-operation reduced-DF frame
844,True,13,39,-6.585216,-0.177926,2.285351,0.564796,-0.198181,Prior-operation reduced-DF frame
845,True,14,26,-6.523052,-0.431163,3.601055,0.835545,-0.648298,Prior-operation reduced-DF frame
846,True,13,31,-4.9323,-0.281373,2.97961,0.998604,-1.191819,Prior-operation reduced-DF frame
847,True,13,40,-6.687656,-0.819115,2.856975,0.507742,0.271464,Prior-operation reduced-DF frame
848,True,14,33,-6.623484,-0.456822,3.000266,0.486069,-0.228008,Prior-operation reduced-DF frame
849,True,13,48,-6.997579,-0.330088,3.029964,0.809094,-0.106037,Prior-operation reduced-DF frame
850,True,15,27,-8.334312,-0.507356,3.345341,0.469462,0.321517,Prior-operation reduced-DF frame
851,True,13,43,-5.03819,-0.515998,3.00029,0.746785,-0.75695,Prior-operation reduced-DF frame
852,True,13,37,-6.500732,-0.410184,2.41335,0.404254,-0.055655,Prior-operation reduced-DF frame
853,True,13,43,-6.045151,-0.492507,3.356579,0.642017,-0.515299,Prior-operation reduced-DF frame
854,True,13,38,-5.612242,-0.477674,2.432201,0.47063,-0.388302,Prior-operation reduced-DF frame
855,True,13,40,-4.264323,0.019626,2.363552,0.892047,-1.431561,Prior-operation reduced-DF frame
856,True,15,31,-7.638324,-0.173109,2.482597,0.495587,0.071246,Prior-operation reduced-DF frame
857,True,14,28,-5.417385,-0.199012,3.010594,0.907989,-1.10116,Prior-operation reduced-DF frame
858,True,14,27,-5.341989,-0.652896,3.691887,0.859607,-0.985483,Prior-operation reduced-DF frame
859,True,13,40,-5.352155,-0.343713,2.6652,0.767525,-0.707286,Prior-operation reduced-DF frame
860,True,13,30,-5.271167,-0.26312,2.781141,0.751862,-0.986892,Prior-operation reduced-DF frame
861,True,14,28,-6.229019,-0.429911,2.406802,0.526075,-0.28776,Prior-operation reduced-DF frame
862,True,13,42,-6.152405,-0.56171,3.001077,0.623189,-0.240621,Prior-operation reduced-DF frame
863,True,14,32,-5.74782,-0.555884,3.310692,0.793334,-0.725243,Prior-operation reduced-DF frame
864,True,15,28,-6.34371,-0.251422,2.540621,0.450878,-0.448911,Prior-operation reduced-DF frame
865,True,14,29,-5.276793,-0.940818,3.24038,0.660161,-0.543708,Prior-operation reduced-DF frame
866,True,14,31,-6.207375,-0.273625,2.846663,0.891501,-0.592471,Prior-operation reduced-DF frame
867,True,13,40,-5.704213,-0.427905,2.639097,0.719084,-0.443882,Prior-operation reduced-DF frame
868,True,13,38,-4.71428,-0.279693,2.763405,0.787639,-1.099964,Prior-operation reduced-DF frame
869,True,13,28,-5.594653,-0.314242,2.77227,0.722797,-0.775974,Prior-operation reduced-DF frame
870,True,13,41,-6.876262,-0.314478,2.209863,0.38012,0.1194,Prior-operation reduced-DF frame
871,True,14,34,-5.84587,-0.305536,3.179691,0.414527,-0.723892,Prior-operation reduced-DF frame
872,True,15,30,-7.502298,-0.285768,3.078039,0.474116,-0.085829,Prior-operation reduced-DF frame
873,True,15,25,-7.271027,-0.470908,3.056782,0.475293,-0.076863,Prior-operation reduced-DF frame
874,True,13,38,-5.874067,-0.285672,3.057512,0.80504,-0.699891,Prior-operation reduced-DF frame
875,True,15,21,-6.695152,0.218436,2.70224,0.80712,-1.020603,Prior-operation reduced-DF frame
876,True,13,31,-6.488987,-0.187166,1.989354,0.667756,-0.244467,Prior-operation reduced-DF frame
877,True,13,30,-4.329531,-0.063544,2.810051,1.028137,-1.641469,Prior-operation reduced-DF frame
878,True,18,31,-10.642121,-0.495611,3.05901,0.032191,1.490609,Prior-operation reduced-DF frame
879,True,13,33,-5.748526,-0.365872,2.739971,0.745928,-0.642016,Prior-operation reduced-DF frame
880,True,14,31,-6.513791,-0.169345,2.549887,0.727656,-0.43124,Prior-operation reduced-DF frame
881,True,13,37,-6.864153,-0.424743,2.292746,0.379644,0.136479,Prior-operation reduced-DF frame
882,True,13,34,-5.803145,-0.312104,2.997237,0.664278,-0.68923,Prior-operation reduced-DF frame
883,True,16,26,-8.117387,-0.24437,3.343837,0.692569,-0.048936,Prior-operation reduced-DF frame
884,True,13,48,-7.607489,-0.184131,2.445917,0.423375,0.286724,Prior-operation reduced-DF frame
885,True,13,39,-6.581761,-0.438363,2.776647,0.417901,-0.09262,Prior-operation reduced-DF frame
886,True,16,38,-9.540789,-0.257792,3.756595,0.624718,0.503904,Prior-operation reduced-DF frame
887,True,12,41,-5.181729,-0.234592,2.423119,0.758207,-0.774083,Prior-operation reduced-DF frame
888,True,13,37,-5.670726,-0.526017,2.813023,0.842392,-0.490943,Prior-operation reduced-DF frame
889,True,13,40,-7.595035,-0.358346,2.626273,0.217209,0.34196,Prior-operation reduced-DF frame
890,True,15,33,-7.168189,-0.044892,2.364152,0.374879,-0.167416,Prior-operation reduced-DF frame
891,True,14,33,-6.292682,0.040682,2.343849,0.608492,-0.658951,Prior-operation reduced-DF frame
892,True,14,28,-5.064198,-0.811812,3.420118,0.987363,-0.866282,Prior-operation reduced-DF frame
893,True,14,29,-5.455969,-0.343607,3.096033,1.10337,-1.045955,Prior-operation reduced-DF frame
894,True,14,43,-7.304175,-0.263474,2.886977,0.338596,0.014432,Prior-operation reduced-DF frame
895,True,17,30,-10.383825,-0.44014,3.649216,0.109693,1.076588,Prior-operation reduced-DF frame
896,True,14,36,-6.831009,-0.035573,2.649783,0.475125,-0.380601,Prior-operation reduced-DF frame
897,True,15,27,-6.606117,0.158933,2.77387,0.913206,-0.926557,Prior-operation reduced-DF frame
898,True,14,36,-7.455166,-0.214645,2.123205,0.43118,0.222444,Prior-operation reduced-DF frame
899,True,14,43,-6.777695,-0.621852,3.437588,0.501488,-0.056658,Prior-operation reduced-DF frame
900,True,13,34,-4.401272,-0.359509,2.85154,0.736277,-1.230647,Prior-operation reduced-DF frame
901,True,13,34,-6.062862,-0.242073,2.684759,0.813559,-0.584183,Prior-operation reduced-DF frame
902,True,13,33,-6.004849,-0.433003,2.83715,0.618662,-0.464573,Prior-operation reduced-DF frame
903,True,14,29,-6.952825,-0.09012,1.913635,0.682271,-0.150409,Prior-operation reduced-DF frame
904,True,13,33,-5.977078,-0.444931,2.348094,0.313098,-0.248899,Prior-operation reduced-DF frame
905,True,14,25,-6.093123,-0.567499,3.483255,0.972131,-0.706283,Prior-operation reduced-DF frame
906,True,16,31,-9.741712,-0.798024,3.382526,0.276066,1.242733,Prior-operation reduced-DF frame
907,True,14,24,-6.261778,-0.575101,1.667257,0.534118,0.03062,Prior-operation reduced-DF frame
908,True,13,38,-6.11799,-0.348441,2.346789,0.545558,-0.256849,Prior-operation reduced-DF frame
909,True,13,39,-5.040674,-0.175761,3.366779,0.894218,-1.327182,Prior-operation reduced-DF frame
910,True,13,36,-5.593161,0.061175,2.773075,0.971161,-1.113977,Prior-operation reduced-DF frame
911,True,15,24,-4.614031,-0.609023,3.337061,1.137553,-1.301068,Prior-operation reduced-DF frame
912,True,14,27,-5.829824,-0.31289,2.048701,0.45212,-0.441003,Prior-operation reduced-DF frame
913,True,14,29,-6.584372,-0.82467,2.714866,0.408752,0.115694,Prior-operation reduced-DF frame
914,True,14,30,-6.341581,-0.181196,3.015651,0.544757,-0.71132,Prior-operation reduced-DF frame
915,True,13,37,-6.641938,-0.761212,3.690269,0.520285,-0.210792,Prior-operation reduced-DF frame
916,True,13,35,-6.736109,-0.344678,2.741877,0.648791,-0.215098,Prior-operation reduced-DF frame
917,True,13,39,-4.787795,-0.663866,3.009636,0.783,-0.797743,Prior-operation reduced-DF frame
918,True,14,33,-7.509183,-0.84954,3.370711,0.577051,0.35416,Prior-operation reduced-DF frame
919,True,14,24,-7.229346,-0.076465,3.410399,0.953023,-0.711371,Prior-operation reduced-DF frame
920,True,13,32,-6.395517,-0.393175,2.711862,0.726796,-0.30704,Prior-operation reduced-DF frame
921,True,13,33,-7.684432,-0.306044,3.329562,0.794535,-0.135226,Prior-operation reduced-DF frame
922,True,14,29,-6.552759,-0.460392,3.466893,0.854092,-0.562639,Prior-operation reduced-DF frame
923,True,14,28,-5.08587,-0.178925,2.997399,0.834851,-1.302683,Prior-operation reduced-DF frame
924,True,14,28,-5.803757,0.063412,2.631017,0.525906,-1.049269,Prior-operation reduced-DF frame
925,True,19,31,-11.662734,-0.177697,2.761287,-0.097085,1.692794,Prior-operation reduced-DF frame
926,True,18,35,-12.713945,0.152807,2.826368,-0.139069,1.80073,Prior-operation reduced-DF frame
927,True,15,35,-8.481681,-0.562931,2.848916,0.158638,0.761331,Prior-operation reduced-DF frame
928,True,13,37,-6.370233,-0.126263,3.488552,1.019616,-0.795515,Prior-operation reduced-DF frame
929,True,13,34,-6.207537,-0.284169,2.696457,0.947066,-0.513924,Prior-operation reduced-DF frame
930,True,14,21,-4.98125,-0.010753,2.333735,0.779071,-1.319914,Prior-operation reduced-DF frame
931,True,13,37,-6.177301,-0.024916,2.230298,0.641232,-0.515652,Prior-operation reduced-DF frame
932,True,13,33,-4.639319,-0.474002,2.567492,0.722749,-0.95254,Prior-operation reduced-DF frame
933,True,14,26,-6.304219,-0.263053,2.869469,0.539796,-0.582688,Prior-operation reduced-DF frame
934,True,14,26,-7.030793,-0.354623,2.473925,0.497233,-0.046883,Prior-operation reduced-DF frame
935,True,13,33,-4.966493,-0.548385,2.803839,0.764895,-0.816347,Prior-operation reduced-DF frame
936,True,15,25,-7.439469,-0.575068,3.881131,0.811961,-0.253796,Prior-operation reduced-DF frame
937,True,13,30,-6.148364,-0.733893,2.44738,0.497085,-0.014299,Prior-operation reduced-DF frame
938,True,15,34,-7.797297,-0.411162,3.309361,0.539937,0.145773,Prior-operation reduced-DF frame
939,True,15,34,-7.727924,-0.236902,2.861184,0.814101,-0.00828,Prior-operation reduced-DF frame
940,True,14,32,-5.136737,-0.482321,3.479186,0.740628,-1.051837,Prior-operation reduced-DF frame
941,True,13,39,-4.66135,-0.176195,2.910559,0.764576,-1.280285,Prior-operation reduced-DF frame
942,True,18,30,-9.149266,-0.418454,2.77344,0.307758,0.832796,Prior-operation reduced-DF frame
943,True,13,28,-5.430396,-0.183133,2.447148,0.694446,-0.893542,Prior-operation reduced-DF frame
944,True,13,39,-5.39608,-0.191093,2.962834,0.977173,-0.98801,Prior-operation reduced-DF frame
945,True,13,33,-7.407737,-0.087057,2.440296,0.240719,-0.055339,Prior-operation reduced-DF frame
946,True,15,22,-7.400513,-0.095932,3.228442,0.691581,-0.514856,Prior-operation reduced-DF frame
947,True,13,37,-5.161792,0.039567,2.044344,1.046001,-1.049589,Prior-operation reduced-DF frame
948,True,13,39,-5.594345,-0.29392,2.77092,0.722306,-0.705992,Prior-operation reduced-DF frame
949,True,14,22,-5.540563,-0.5362,2.988176,0.563611,-0.789128,Prior-operation reduced-DF frame
950,True,14,29,-7.240663,-0.380155,3.301846,0.738032,-0.25657,Prior-operation reduced-DF frame
951,True,14,24,-7.581687,-0.624567,2.928407,0.293267,0.254686,Prior-operation reduced-DF frame
952,True,16,29,-8.00752,-0.272406,3.286761,0.082502,0.057286,Prior-operation reduced-DF frame
953,True,13,36,-4.999512,0.081637,3.052452,0.742899,-1.477018,Prior-operation reduced-DF frame
954,True,13,39,-6.270977,0.042228,2.650421,0.792478,-0.716718,Prior-operation reduced-DF frame
955,True,13,34,-5.979226,-0.539237,3.210391,0.735863,-0.49719,Prior-operation reduced-DF frame
956,True,13,28,-5.712527,-0.386652,2.276036,0.372142,-0.470626,Prior-operation reduced-DF frame
957,True,13,39,-4.219529,-0.072417,2.904414,0.858297,-1.547738,Prior-operation reduced-DF frame
958,True,13,40,-6.402369,-0.324966,2.549094,0.430822,-0.212842,Prior-operation reduced-DF frame
959,True,13,34,-6.401423,-0.546735,3.136718,0.893009,-0.323155,Prior-operation reduced-DF frame
960,True,14,33,-5.693646,-0.021909,3.031262,1.076667,-1.151412,Prior-operation reduced-DF frame
961,True,14,29,-6.58467,-0.369258,2.816812,0.808108,-0.352336,Prior-operation reduced-DF frame
962,True,13,38,-5.250557,-0.398901,2.58916,0.659107,-0.689569,Prior-operation reduced-DF frame
963,True,13,43,-7.117669,-0.337942,3.172901,0.496175,-0.085969,Prior-operation reduced-DF frame
964,True,15,36,-7.570017,-0.418905,2.241001,0.116627,0.4654,Prior-operation reduced-DF frame
965,True,15,25,-8.774979,-0.912108,3.186515,0.175105,0.937831,Prior-operation reduced-DF frame
966,True,14,31,-6.722428,-0.047283,2.538497,0.624449,-0.48031,Prior-operation reduced-DF frame
967,True,14,29,-4.597183,-0.745071,2.710015,0.621701,-0.800746,Prior-operation reduced-DF frame
968,True,15,24,-6.386755,-0.6702,3.674394,0.765461,-0.529407,Prior-operation reduced-DF frame
969,True,14,33,-5.899299,-0.265719,2.907144,0.712418,-0.708584,Prior-operation reduced-DF frame
970,True,13,34,-6.414477,-0.194131,2.554073,0.612021,-0.411455,Prior-operation reduced-DF frame
971,True,18,35,-11.310172,-0.184582,3.150856,-0.010623,1.444803,Prior-operation reduced-DF frame
972,True,17,28,-8.237452,-0.23718,1.988294,0.011067,0.587508,Prior-operation reduced-DF frame
973,True,15,24,-6.965208,-0.503232,2.066937,0.706966,0.116365,Prior-operation reduced-DF frame
974,True,14,42,-7.903115,-0.337371,2.473949,0.443411,0.473658,Prior-operation reduced-DF frame
975,True,13,39,-5.579733,-0.488644,3.277141,0.76416,-0.723335,Prior-operation reduced-DF frame
976,True,13,37,-5.872602,-0.227403,2.914732,0.782924,-0.71387,Prior-operation reduced-DF frame
977,True,13,35,-5.994112,-0.370955,3.339857,0.744811,-0.68654,Prior-operation reduced-DF frame
978,True,15,34,-7.654744,0.16452,2.970238,0.5634,-0.440053,Prior-operation reduced-DF frame
979,True,13,34,-7.206997,-0.090846,2.524889,0.715825,-0.16605,Prior-operation reduced-DF frame
980,True,13,35,-3.385102,-0.432128,3.512529,1.065992,-1.93868,Prior-operation reduced-DF frame
981,True,13,46,-4.918926,-0.322403,3.540298,0.827675,-1.242858,Prior-operation reduced-DF frame
982,True,13,37,-7.401543,-0.16123,2.891935,0.385684,-0.106853,Prior-operation reduced-DF frame
983,True,14,24,-6.012812,-0.051611,2.339926,0.755592,-0.825667,Prior-operation reduced-DF frame
984,True,14,27,-6.003477,-0.491282,2.496089,0.718013,-0.386556,Prior-operation reduced-DF frame
985,True,14,31,-6.435614,-0.271458,2.74449,0.757477,-0.443802,Prior-operation reduced-DF frame
986,True,14,28,-6.785369,-0.407626,3.162975,0.681298,-0.336037,Prior-operation reduced-DF frame
987,True,13,34,-5.861535,-0.445848,3.486567,0.94433,-0.759585,Prior-operation reduced-DF frame
988,True,14,33,-6.124271,0.141589,2.577947,0.974634,-0.969287,Prior-operation reduced-DF frame
989,True,15,37,-8.187512,-0.146717,2.054631,-0.019012,0.576289,Prior-operation reduced-DF frame
990,True,14,32,-7.31389,-0.380522,3.043123,0.720209,-0.052632,Prior-operation reduced-DF frame
991,True,13,39,-6.469794,-0.501462,2.857421,0.676209,-0.170751,Prior-operation reduced-DF frame
992,True,13,39,-4.604967,-0.649692,2.471711,0.808719,-0.718052,Prior-operation reduced-DF frame
993,True,14,29,-5.85635,-0.635644,3.523914,0.736094,-0.655436,Prior-operation reduced-DF frame
994,True,18,23,-8.632797,0.199696,2.0487,0.335223,0.147797,Prior-operation reduced-DF frame
995,True,13,31,-5.833809,-0.51025,2.182055,0.308442,-0.222978,Prior-operation reduced-DF frame
996,True,13,35,-6.490808,-0.461316,2.644577,0.593698,-0.144654,Prior-operation reduced-DF frame
997,True,14,27,-4.517699,-0.26604,3.07184,0.921384,-1.536966,Prior-operation reduced-DF frame
998,True,16,27,-7.688673,-0.430495,2.36245,0.615841,0.317815,Prior-operation reduced-DF frame
999,True,14,35,-5.720468,-0.482151,3.615438,1.028473,-0.870781,Prior-operation reduced-DF frame
1000,True,14,38,-6.412859,-0.132979,2.747593,0.846417,-0.540641,Prior-operation reduced-DF frame
1001,True,14,31,-7.55068,-0.155029,2.611461,0.423521,-0.045294,Prior-operation reduced-DF frame
1002,True,13,36,-5.023372,-0.18887,3.035391,0.891266,-1.172943,Prior-operation reduced-DF frame
1003,True,17,30,-9.516793,-0.570433,2.67181,-0.054028,1.214323,Prior-operation reduced-DF frame
1004,True,13,30,-6.822859,-0.333034,2.461253,0.704495,-0.119951,Prior-operation reduced-DF frame
1005,True,14,28,-5.501562,-0.532988,2.983123,0.782024,-0.719542,Prior-operation reduced-DF frame
1006,True,14,35,-6.278997,-0.405664,3.003843,0.733163,-0.470045,Prior-operation reduced-DF frame
1007,True,13,36,-5.534561,-0.40867,2.702893,0.609936,-0.623101,Prior-operation reduced-DF frame
1008,True,14,30,-6.056222,-0.484709,2.967831,0.715905,-0.475908,Prior-operation reduced-DF frame
1009,True,14,28,-7.723638,-0.515984,3.100954,0.403357,0.204383,Prior-operation reduced-DF frame
1010,True,14,34,-6.325907,-0.124749,3.019846,0.669524,-0.703273,Prior-operation reduced-DF frame
1011,True,15,28,-7.450945,-0.356172,2.42121,0.733985,0.145879,Prior-operation reduced-DF frame
1012,True,17,41,-10.909598,-0.214389,2.578471,-0.09787,1.607053,Prior-operation reduced-DF frame
1013,True,13,31,-5.855901,-0.465195,2.377625,0.561621,-0.355853,Prior-operation reduced-DF frame
1014,True,14,33,-7.631932,-0.589999,3.958814,0.510779,-0.077641,Prior-operation reduced-DF frame
1015,True,14,29,-6.700877,-0.671404,3.59169,0.592542,-0.308722,Prior-operation reduced-DF frame
1016,True,13,35,-5.887292,-0.523688,2.464905,0.561375,-0.286377,Prior-operation reduced-DF frame
1017,True,16,42,-11.061792,-0.232649,2.992823,-0.201827,1.551047,Prior-operation reduced-DF frame
1018,True,13,43,-5.77275,0.036323,2.802012,1.022583,-0.994733,Prior-operation reduced-DF frame
1019,True,15,26,-7.205508,0.070577,2.112598,0.456663,-0.239126,Prior-operation reduced-DF frame
1020,True,13,35,-5.564572,-0.413162,2.626857,0.536921,-0.566755,Prior-operation reduced-DF frame
1021,True,14,30,-5.724528,-0.45526,2.954051,0.689744,-0.680695,Prior-operation reduced-DF frame
1022,True,15,22,-5.486971,-0.503781,3.602768,0.878106,-1.163107,Prior-operation reduced-DF frame
1023,True,15,30,-6.55374,-0.028502,2.674679,0.471348,-0.610876,Prior-operation reduced-DF frame
1024,True,14,38,-6.428026,-0.240827,3.206773,0.591183,-0.548247,Prior-operation reduced-DF frame
1025,True,14,31,-6.738843,-0.368561,3.016383,0.877839,-0.386632,Prior-operation reduced-DF frame
1026,True,13,28,-5.174362,-0.216835,3.045546,0.918198,-1.189811,Prior-operation reduced-DF frame
1027,True,14,24,-6.33054,-0.000988,3.276297,0.971274,-1.159285,Prior-operation reduced-DF frame
1028,True,15,34,-7.346901,-0.17686,2.797939,0.642534,-0.126697,Prior-operation reduced-DF frame
1029,True,13,39,-5.803634,-0.313814,2.572826,0.618358,-0.484786,Prior-operation reduced-DF frame
1030,True,14,27,-5.413413,-0.791838,2.832498,0.509929,-0.45396,Prior-operation reduced-DF frame
1031,True,14,34,-7.962207,-0.479174,3.336256,0.195644,0.267773,Prior-operation reduced-DF frame
1032,True,14,29,-6.143693,-0.244085,2.531179,0.488727,-0.522631,Prior-operation reduced-DF frame
1033,True,14,30,-6.096838,-0.415654,2.882142,0.78245,-0.543429,Prior-operation reduced-DF frame
1034,True,14,31,-7.621103,-0.315126,2.925187,0.368433,0.043272,Prior-operation reduced-DF frame
1035,True,14,28,-6.152355,-0.039964,2.5386,0.994674,-0.79878,Prior-operation reduced-DF frame
1036,True,14,23,-4.689163,-0.243827,2.65024,0.861961,-1.307323,Prior-operation reduced-DF frame
1037,True,15,33,-8.845848,-0.618442,2.850995,0.199857,0.921455,Prior-operation reduced-DF frame
1038,True,19,26,-10.352719,-0.128224,2.787137,0.282683,0.973307,Prior-operation reduced-DF frame
1039,True,15,27,-7.481493,-0.193051,1.92394,0.205841,0.241038,Prior-operation reduced-DF frame
1040,True,14,35,-6.264828,-0.329361,2.8407,0.411369,-0.424974,Prior-operation reduced-DF frame
1041,True,13,33,-6.023116,-0.208583,3.135,0.812754,-0.808549,Prior-operation reduced-DF frame
1042,True,13,34,-5.21073,-0.369645,2.859619,0.61729,-0.860938,Prior-operation reduced-DF frame
1043,True,13,36,-4.724491,-0.385101,2.967003,0.890878,-1.147172,Prior-operation reduced-DF frame
1044,True,13,28,-5.037365,-0.129883,2.957296,0.975664,-1.33065,Prior-operation reduced-DF frame
1045,True,13,35,-5.008843,0.093453,2.415847,0.846259,-1.290319,Prior-operation reduced-DF frame
1046,True,12,44,-5.105031,-0.224154,2.884412,0.738536,-0.944819,Prior-operation reduced-DF frame
1047,True,14,27,-5.825524,-0.673384,1.886475,0.198469,-0.076807,Prior-operation reduced-DF frame
1048,True,13,36,-5.596153,-0.2265,1.748682,0.33233,-0.398737,Prior-operation reduced-DF frame
1049,True,13,31,-4.993022,-0.383375,2.661754,0.644334,-0.925079,Prior-operation reduced-DF frame
1050,True,14,24,-5.052108,-0.252786,2.755759,1.002629,-1.178409,Prior-operation reduced-DF frame
1051,True,13,37,-4.450791,0.043573,2.621,1.117698,-1.524418,Prior-operation reduced-DF frame
1052,True,14,31,-5.869493,-0.038888,2.656571,0.823517,-0.961384,Prior-operation reduced-DF frame
1053,True,13,39,-6.458384,0.004724,3.270879,0.838924,-0.811393,Prior-operation reduced-DF frame
1054,True,16,23,-8.120418,-0.226427,2.250664,0.206473,0.321291,Prior-operation reduced-DF frame
1055,True,14,30,-6.569332,-0.135203,3.005365,0.734771,-0.652569,Prior-operation reduced-DF frame
1056,True,15,28,-6.131858,0.197015,2.749943,0.6858,-1.10015,Prior-operation reduced-DF frame
1057,True,13,30,-5.210425,-0.421047,2.704989,0.685704,-0.795699,Prior-operation reduced-DF frame
1058,True,13,33,-6.128603,-0.825087,3.112474,0.687283,-0.175266,Prior-operation reduced-DF frame
1059,True,17,28,-9.396033,-0.678071,3.159012,0.365647,1.015612,Prior-operation reduced-DF frame
1060,True,14,29,-6.957319,-0.12891,3.355629,0.584463,-0.639451,Prior-operation reduced-DF frame
1061,True,14,28,-6.399722,-0.362545,3.344088,1.046752,-0.67093,Prior-operation reduced-DF frame
1062,True,15,28,-8.200666,-0.042081,3.026095,0.492638,-0.035418,Prior-operation reduced-DF frame
1063,True,13,39,-5.884971,-0.479531,3.463091,0.935365,-0.713681,Prior-operation reduced-DF frame
1064,True,14,39,-7.241561,-0.034985,2.44492,0.411169,-0.09134,Prior-operation reduced-DF frame
1065,True,13,36,-6.126725,-0.249277,3.026917,0.540614,-0.616971,Prior-operation reduced-DF frame
1066,True,14,30,-5.158663,-0.753486,3.884668,0.798174,-1.004777,Prior-operation reduced-DF frame
1067,True,13,37,-5.644175,-0.214179,3.650079,0.899177,-1.131193,Prior-operation reduced-DF frame
1068,True,13,33,-5.180975,-0.423165,2.8404,0.558924,-0.864243,Prior-operation reduced-DF frame
1069,True,13,40,-6.596816,-0.326903,2.38705,0.47358,-0.037854,Prior-operation reduced-DF frame
1070,True,13,35,-4.928106,-0.08414,2.800633,0.921201,-1.270103,Prior-operation reduced-DF frame
1071,True,13,40,-6.153791,-0.483312,2.798863,0.717321,-0.293876,Prior-operation reduced-DF frame
1072,True,19,21,-10.885926,-0.052308,3.007244,-0.239538,1.063418,Prior-operation reduced-DF frame
1073,True,13,37,-5.684653,-0.312888,2.945802,0.717247,-0.738795,Prior-operation reduced-DF frame
1074,True,18,36,-12.494412,-0.293547,3.149826,-0.108042,2.076485,Prior-operation reduced-DF frame
1075,True,14,33,-7.155551,-0.391993,3.420272,0.530809,-0.246064,Prior-operation reduced-DF frame
1076,True,13,37,-7.185759,-0.57589,2.736933,0.263772,0.266542,Prior-operation reduced-DF frame
1077,True,15,32,-6.739938,-0.197549,3.567817,0.789181,-0.725813,Prior-operation reduced-DF frame
1078,True,17,25,-9.08167,-0.265859,2.595856,0.159746,0.655312,Prior-operation reduced-DF frame
1079,True,15,30,-7.354498,0.03933,2.357792,0.547494,-0.248231,Prior-operation reduced-DF frame
1080,True,14,36,-6.215831,-0.846008,3.575321,0.693833,-0.248869,Prior-operation reduced-DF frame
1081,True,17,32,-8.734934,-0.176669,2.777823,0.336171,0.488466,Prior-operation reduced-DF frame
1082,True,14,38,-6.904546,-0.106101,2.708554,0.439324,-0.309848,Prior-operation reduced-DF frame
1083,True,15,33,-8.071173,-0.271488,3.098059,0.479772,0.162025,Prior-operation reduced-DF frame
1084,True,14,28,-6.185201,-0.680886,3.342734,0.739538,-0.441242,Prior-operation reduced-DF frame
1085,True,14,37,-7.402392,-0.443272,3.346505,0.353549,0.01598,Prior-operation reduced-DF frame
1086,True,14,34,-6.652076,-0.258882,3.186271,0.635823,-0.468264,Prior-operation reduced-DF frame
1087,True,13,39,-6.537617,-0.341791,2.521882,0.585053,-0.129498,Prior-operation reduced-DF frame
1088,True,13,40,-6.322148,-0.457721,3.115144,0.501664,-0.325687,Prior-operation reduced-DF frame
1089,True,13,39,-7.230743,-0.218669,2.261026,0.546684,0.113822,Prior-operation reduced-DF frame
1090,True,13,41,-6.110491,-0.114244,2.419926,0.563428,-0.456687,Prior-operation reduced-DF frame
1091,True,14,34,-6.451425,-0.13236,2.813972,0.495363,-0.515501,Prior-operation reduced-DF frame
1092,True,13,37,-6.406136,-0.595316,3.983933,0.843605,-0.609105,Prior-operation reduced-DF frame
1093,True,14,33,-7.961926,-0.494829,3.410969,0.543466,0.21202,Prior-operation reduced-DF frame
1094,True,13,33,-5.197517,-0.318885,3.662185,0.974563,-1.30607,Prior-operation reduced-DF frame
1095,True,13,33,-4.434387,-0.141756,2.357411,0.76412,-1.261051,Prior-operation reduced-DF frame
1096,True,14,40,-7.761793,-0.400024,3.727955,0.487867,0.014566,Prior-operation reduced-DF frame
1097,True,14,26,-5.570493,-0.743783,3.086838,0.676128,-0.59568,Prior-operation reduced-DF frame
1098,True,14,36,-5.811778,0.057322,2.335544,0.633761,-0.834098,Prior-operation reduced-DF frame
1099,True,14,22,-6.299333,-0.241586,3.441649,1.036037,-0.983814,Prior-operation reduced-DF frame
1100,True,13,35,-6.358995,-0.100015,2.341298,0.578838,-0.436425,Prior-operation reduced-DF frame
1101,True,16,39,-9.441905,-0.101602,2.819004,0.34177,0.719035,Prior-operation reduced-DF frame
1102,True,17,33,-9.484915,-0.494858,2.910678,0.208237,1.068225,Prior-operation reduced-DF frame
1103,True,14,49,-7.638897,-0.383362,2.353194,0.255346,0.554315,Prior-operation reduced-DF frame
1104,True,13,34,-6.379056,-0.23373,3.466238,0.673184,-0.706714,Prior-operation reduced-DF frame
1105,True,13,42,-6.293872,-0.101136,2.628551,0.436647,-0.450667,Prior-operation reduced-DF frame
1106,True,13,36,-4.859269,-0.337299,2.352474,0.828651,-0.841539,Prior-operation reduced-DF frame
1107,True,14,35,-7.663954,-0.475859,2.848587,0.705296,0.241416,Prior-operation reduced-DF frame
1108,True,14,32,-5.707144,-0.278188,2.891865,0.761767,-0.79145,Prior-operation reduced-DF frame
1109,True,15,32,-8.510184,-0.472353,2.646746,0.416626,0.663089,Prior-operation reduced-DF frame
1110,True,13,36,-7.072936,-0.332613,2.753358,0.521981,-0.022741,Prior-operation reduced-DF frame
1111,True,13,33,-7.613066,-0.667948,2.904411,0.299516,0.449593,Prior-operation reduced-DF frame
1112,True,13,34,-6.156126,-0.284582,2.854413,0.428266,-0.528455,Prior-operation reduced-DF frame
1113,True,13,38,-6.25017,-0.145698,3.66501,0.976944,-0.981139,Prior-operation reduced-DF frame
1114,True,14,28,-5.570891,-0.259383,2.742033,0.723998,-0.888932,Prior-operation reduced-DF frame
1115,True,13,38,-5.176018,-0.369268,2.740832,0.656645,-0.798339,Prior-operation reduced-DF frame
1116,True,13,38,-6.705504,-0.102563,2.071258,0.422265,-0.158899,Prior-operation reduced-DF frame
1117,True,13,38,-5.497122,-0.536323,2.706359,0.591502,-0.499093,Prior-operation reduced-DF frame
1118,True,16,38,-10.345026,-0.449682,3.022606,-0.017059,1.394611,Prior-operation reduced-DF frame
1119,True,13,43,-6.804306,0.024042,2.516991,0.597916,-0.377974,Prior-operation reduced-DF frame
1120,True,14,30,-6.592585,-0.106314,2.625748,0.574416,-0.469843,Prior-operation reduced-DF frame
1121,True,13,38,-5.421753,-0.010035,3.152245,1.0254,-1.30667,Prior-operation reduced-DF frame
1122,True,14,32,-6.092797,-0.260747,4.205443,1.116218,-1.153881,Prior-operation reduced-DF frame
1123,True,14,28,-7.18767,0.26694,3.365604,1.211138,-1.102752,Prior-operation reduced-DF frame
1124,True,14,37,-6.584955,-0.111038,3.186653,0.579099,-0.634116,Prior-operation reduced-DF frame
1125,True,13,35,-6.113239,-0.230797,3.101409,0.604475,-0.693222,Prior-operation reduced-DF frame
1126,True,13,28,-5.535444,-0.067376,2.557581,0.848876,-1.029263,Prior-operation reduced-DF frame
1127,True,14,29,-7.438387,-0.277375,2.884779,0.438648,-0.077138,Prior-operation reduced-DF frame
1128,True,16,41,-11.978049,-0.244158,2.639244,-0.501883,2.132265,Prior-operation reduced-DF frame
1129,True,14,28,-6.826566,-0.613613,3.265035,0.592569,-0.205109,Prior-operation reduced-DF frame
1130,True,13,34,-6.466973,-0.365298,3.221862,0.796242,-0.479006,Prior-operation reduced-DF frame
1131,True,13,36,-6.475223,-0.305373,2.156221,0.478853,-0.103256,Prior-operation reduced-DF frame
1132,True,13,38,-6.118145,-0.108241,2.728854,0.804551,-0.671189,Prior-operation reduced-DF frame
1133,True,15,32,-7.6207,-0.142748,2.542875,0.360276,0.056852,Prior-operation reduced-DF frame
1134,True,16,19,-6.110757,-0.694738,2.521922,0.497744,-0.276542,Prior-operation reduced-DF frame
1135,True,14,29,-7.307282,-0.243449,3.095373,0.596948,-0.255491,Prior-operation reduced-DF frame
1136,True,13,41,-5.720217,-0.798881,2.406776,0.293544,-0.045089,Prior-operation reduced-DF frame
1137,True,14,25,-5.082601,-0.20596,2.948647,0.910134,-1.255911,Prior-operation reduced-DF frame
1138,True,15,39,-8.07296,0.156078,2.272758,0.370905,0.114004,Prior-operation reduced-DF frame
1139,True,13,39,-6.292791,-0.045046,2.906575,0.586707,-0.686668,Prior-operation reduced-DF frame
1140,True,15,35,-8.572073,-0.41398,2.808795,-0.023649,0.705371,Prior-operation reduced-DF frame
1141,True,13,35,-7.104019,-0.112582,2.909793,0.596143,-0.298911,Prior-operation reduced-DF frame
1142,True,14,28,-6.008006,-0.438652,3.579911,0.688941,-0.770517,Prior-operation reduced-DF frame
1143,True,14,32,-6.866448,-0.344367,3.086007,0.818719,-0.320673,Prior-operation reduced-DF frame
1144,True,13,34,-5.22928,-0.388965,2.822539,0.668312,-0.838901,Prior-operation reduced-DF frame
1145,True,14,26,-6.982092,-0.319395,2.597551,0.534053,-0.164325,Prior-operation reduced-DF frame
1146,True,13,30,-7.287193,-0.114083,2.595479,0.770473,-0.202523,Prior-operation reduced-DF frame
1147,True,13,37,-5.160306,-0.392848,3.103162,0.859062,-0.95408,Prior-operation reduced-DF frame
1148,True,14,31,-6.823129,-0.378648,2.074169,0.212412,0.099499,Prior-operation reduced-DF frame
1149,True,13,29,-5.740497,0.413703,1.960515,0.820006,-1.21682,Prior-operation reduced-DF frame
1150,True,14,33,-6.209856,-0.19699,3.075694,0.863251,-0.721211,Prior-operation reduced-DF frame
1151,True,13,39,-6.319383,-0.384527,2.630842,0.494117,-0.215855,Prior-operation reduced-DF frame
1152,True,15,33,-8.517057,0.133126,2.963323,0.158739,0.042703,Prior-operation reduced-DF frame
1153,True,14,35,-5.303665,-0.650768,3.764427,0.803493,-0.905133,Prior-operation reduced-DF frame
1154,True,13,29,-4.696056,-0.131498,1.774131,0.550567,-1.006008,Prior-operation reduced-DF frame
1155,True,13,38,-6.364362,-0.390487,2.815795,0.825855,-0.334821,Prior-operation reduced-DF frame
1156,True,14,23,-5.625567,-0.495727,2.892207,0.521132,-0.710028,Prior-operation reduced-DF frame
1157,True,14,30,-5.283727,-0.328685,2.728633,0.75815,-0.867483,Prior-operation reduced-DF frame
1158,True,13,39,-5.85212,-0.295016,3.269831,0.849237,-0.776289,Prior-operation reduced-DF frame
1159,True,15,29,-7.945646,-0.15077,2.989994,0.606454,-0.055387,Prior-operation reduced-DF frame
1160,True,14,30,-6.056345,-0.204885,2.849572,0.8992,-0.770702,Prior-operation reduced-DF frame
1161,True,14,35,-6.28227,-0.277933,2.563012,0.244888,-0.390986,Prior-operation reduced-DF frame
1162,True,14,33,-7.388907,-0.493422,3.121823,0.739028,0.03152,Prior-operation reduced-DF frame
1163,True,14,27,-5.853602,0.079609,2.423587,0.770057,-1.028004,Prior-operation reduced-DF frame
1164,True,13,37,-5.520886,-0.045137,2.588972,0.638276,-0.903773,Prior-operation reduced-DF frame
1165,True,13,33,-5.76219,0.320257,2.760187,0.615393,-1.299185,Prior-operation reduced-DF frame
1166,True,14,27,-7.474527,-0.192857,2.789804,0.648092,-0.125537,Prior-operation reduced-DF frame
1167,True,14,34,-5.736265,-0.273413,3.24249,0.826474,-0.917636,Prior-operation reduced-DF frame
1168,True,14,38,-7.430094,-0.384579,3.224801,1.035502,-0.146952,Prior-operation reduced-DF frame
1169,True,16,34,-8.506349,0.000482,2.705693,0.428922,0.202179,Prior-operation reduced-DF frame
1170,True,15,43,-8.896023,-0.51358,3.525998,0.300802,0.748404,Prior-operation reduced-DF frame
1171,True,13,43,-6.15646,-0.716957,2.889206,0.59408,-0.059388,Prior-operation reduced-DF frame
1172,True,19,30,-9.35456,0.089703,2.807739,0.419577,0.381975,Prior-operation reduced-DF frame
1173,True,14,36,-6.222339,-0.985566,4.237323,0.979045,-0.418334,Prior-operation reduced-DF frame
1174,True,16,41,-8.461752,-0.061908,2.767539,0.349053,0.317003,Prior-operation reduced-DF frame
1175,True,13,31,-4.865802,-0.507747,2.795363,0.78931,-0.920226,Prior-operation reduced-DF frame
1176,True,13,47,-6.586577,-0.559304,2.876776,0.651751,0.024505,Prior-operation reduced-DF frame
1177,True,13,37,-5.518172,-0.459065,3.289917,0.831296,-0.811036,Prior-operation reduced-DF frame
1178,True,15,32,-7.745029,-0.597561,2.645463,0.155337,0.49982,Prior-operation reduced-DF frame
1179,True,14,29,-5.259345,-0.398102,3.132512,0.953915,-1.020503,Prior-operation reduced-DF frame
1180,True,14,29,-5.150997,0.419165,2.106691,0.708598,-1.500515,Prior-operation reduced-DF frame
1181,True,13,28,-6.768054,-0.318139,2.632656,0.369555,-0.196619,Prior-operation reduced-DF frame
1182,True,15,25,-6.418721,-0.319006,2.160273,0.405565,-0.261818,Prior-operation reduced-DF frame
1183,True,14,38,-5.946149,-0.000496,2.825958,0.691371,-0.858054,Prior-operation reduced-DF frame
1184,True,14,37,-7.450828,-0.212566,2.106942,0.261421,0.26396,Prior-operation reduced-DF frame
1185,True,13,43,-6.597706,-0.442166,2.820915,0.525219,-0.04436,Prior-operation reduced-DF frame
1186,True,14,26,-5.311722,-0.253288,2.510537,1.056067,-0.975992,Prior-operation reduced-DF frame
1187,True,14,38,-6.234067,-0.270375,3.176795,0.712347,-0.601843,Prior-operation reduced-DF frame
1188,True,14,36,-7.587779,-0.448767,2.576119,0.258962,0.413443,Prior-operation reduced-DF frame
1189,True,13,39,-7.23006,-0.406846,2.83819,0.551152,0.105776,Prior-operation reduced-DF frame
1190,True,13,36,-5.020999,-0.269696,2.693448,0.585998,-0.985908,Prior-operation reduced-DF frame
1191,True,14,23,-5.251463,-0.194109,2.558373,0.973917,-1.128249,Prior-operation reduced-DF frame
1192,True,16,35,-8.930472,0.198504,2.074734,0.014355,0.510495,Prior-operation reduced-DF frame
1193,True,14,32,-6.118645,-0.17359,2.375199,0.598449,-0.519126,Prior-operation reduced-DF frame
1194,True,13,35,-4.905259,-0.583975,3.405342,0.817845,-1.005816,Prior-operation reduced-DF frame
1195,True,14,35,-6.611897,-0.558846,2.641468,0.374874,0.017528,Prior-operation reduced-DF frame
1196,True,14,27,-6.591501,-0.645713,3.019266,0.316237,-0.136462,Prior-operation reduced-DF frame
1197,True,13,42,-4.060214,-0.430598,3.544486,0.921417,-1.525907,Prior-operation reduced-DF frame
1198,True,16,30,-8.156538,-0.393752,2.691853,0.709565,0.3567,Prior-operation reduced-DF frame
1199,True,16,32,-8.993051,-0.384582,3.385765,0.596155,0.472859,Prior-operation reduced-DF frame
1200,True,13,43,-6.888639,-0.518796,2.555329,0.598216,0.182563,Prior-operation reduced-DF frame
1201,True,14,33,-5.60103,-0.366905,3.546631,0.794336,-0.985339,Prior-operation reduced-DF frame
1202,True,15,18,-5.295616,-0.258829,2.330854,0.75981,-1.012321,Prior-operation reduced-DF frame
1203,True,15,28,-7.978773,-0.093088,3.246279,0.579296,-0.185867,Prior-operation reduced-DF frame
1204,True,16,41,-10.77645,-0.305442,2.733889,-0.110426,1.605862,Prior-operation reduced-DF frame
1205,True,14,31,-5.773318,-0.415027,3.258396,0.914867,-0.813235,Prior-operation reduced-DF frame
1206,True,17,31,-10.273873,-0.404688,3.283693,-0.287209,1.202544,Prior-operation reduced-DF frame
1207,True,14,38,-7.101971,-0.120917,3.713295,0.658002,-0.636107,Prior-operation reduced-DF frame
1208,True,13,37,-5.511813,-0.497353,3.718836,0.699648,-0.971766,Prior-operation reduced-DF frame
1209,True,12,44,-3.908416,-0.305114,2.954305,1.038356,-1.466773,Prior-operation reduced-DF frame
1210,True,14,35,-6.383339,0.041841,2.588224,0.851021,-0.707941,Prior-operation reduced-DF frame
1211,True,13,36,-5.817844,-0.287524,3.094076,0.94624,-0.795601,Prior-operation reduced-DF frame
1212,True,13,38,-4.914468,-0.217702,3.073445,0.904976,-1.245355,Prior-operation reduced-DF frame
1213,True,15,34,-9.22626,-0.370326,2.743345,-0.056404,0.950879,Prior-operation reduced-DF frame
1214,True,12,51,-5.598655,-0.579054,2.84082,0.593725,-0.318271,Prior-operation reduced-DF frame
1215,True,15,25,-7.805246,-0.687199,2.181756,-0.011384,0.700917,Prior-operation reduced-DF frame
1216,True,14,35,-7.373045,-0.213704,2.871353,0.47393,-0.067501,Prior-operation reduced-DF frame
1217,True,14,23,-6.312739,-0.39545,3.053603,0.670188,-0.601919,Prior-operation reduced-DF frame
1218,True,14,30,-7.992627,-0.328813,2.742815,0.418945,0.314954,Prior-operation reduced-DF frame
1219,True,14,26,-7.52834,-0.846122,3.52673,0.489424,0.211061,Prior-operation reduced-DF frame
1220,True,16,34,-9.155187,-0.406219,2.052403,-0.096637,1.21411,Prior-operation reduced-DF frame
1221,True,13,39,-7.208733,-0.489645,2.801748,0.485683,0.170151,Prior-operation reduced-DF frame
1222,True,14,34,-8.401729,-0.488291,2.139636,0.020595,0.933025,Prior-operation reduced-DF frame
1223,True,15,31,-7.720817,-0.039224,2.741136,0.583408,-0.126865,Prior-operation reduced-DF frame
1224,True,13,41,-6.737319,0.090562,2.813508,0.643966,-0.576782,Prior-operation reduced-DF frame
1225,True,14,35,-6.788421,-0.162263,2.617305,0.550183,-0.300416,Prior-operation reduced-DF frame
1226,True,13,35,-5.485332,-0.135258,3.194734,0.833249,-1.082049,Prior-operation reduced-DF frame
1227,True,14,31,-7.290928,-0.400998,2.932852,0.318587,0.019432,Prior-operation reduced-DF frame
1228,True,13,36,-5.765618,-0.108122,2.784067,0.739318,-0.823401,Prior-operation reduced-DF frame
1229,True,14,25,-5.98106,-0.244519,3.061194,0.714251,-0.841065,Prior-operation reduced-DF frame
1230,True,14,30,-7.191269,-0.460195,2.581942,0.476306,0.116689,Prior-operation reduced-DF frame
1231,True,17,19,-6.658748,0.213819,2.724917,0.72526,-1.031915,Prior-operation reduced-DF frame
1232,True,15,26,-6.109391,-0.556754,3.410457,0.525711,-0.648479,Prior-operation reduced-DF frame
1233,True,13,37,-5.458023,-0.342485,2.425434,0.629387,-0.595134,Prior-operation reduced-DF frame
1234,True,17,32,-9.277057,-0.339563,2.880227,0.288557,0.810441,Prior-operation reduced-DF frame
1235,True,13,43,-6.649197,-0.146405,2.784634,0.601032,-0.352031,Prior-operation reduced-DF frame
1236,True,13,43,-7.582269,-0.543587,2.915677,0.223042,0.432787,Prior-operation reduced-DF frame
1237,True,14,33,-5.666384,-0.635708,3.422177,0.964915,-0.680551,Prior-operation reduced-DF frame
1238,True,13,38,-6.690839,-0.828828,3.082037,0.4641,0.157425,Prior-operation reduced-DF frame
1239,True,17,27,-8.550691,-0.274068,2.425352,0.319331,0.556883,Prior-operation reduced-DF frame
1240,True,17,37,-9.252753,-0.237806,2.310671,0.116554,0.99023,Prior-operation reduced-DF frame
1241,True,13,29,-6.575152,-0.271423,2.857648,0.68967,-0.4399,Prior-operation reduced-DF frame
1242,True,12,47,-6.312968,-0.201931,2.364582,0.519536,-0.258701,Prior-operation reduced-DF frame
1243,True,14,28,-6.77707,-0.779356,3.015255,0.541305,0.051175,Prior-operation reduced-DF frame
1244,True,14,34,-5.468121,-0.043128,2.639279,0.504094,-1.02722,Prior-operation reduced-DF frame
1245,True,14,34,-7.323897,-0.633367,3.627671,0.642772,-0.02828,Prior-operation reduced-DF frame
1246,True,15,25,-7.115954,-0.296806,2.557073,0.416041,-0.101945,Prior-operation reduced-DF frame
1247,True,13,35,-4.96251,-0.475037,3.430102,0.93303,-1.12817,Prior-operation reduced-DF frame
1248,True,14,39,-8.065966,-0.311142,2.658774,0.370125,0.433294,Prior-operation reduced-DF frame
1249,True,14,40,-6.829826,-0.320081,2.851638,0.488273,-0.132155,Prior-operation reduced-DF frame
1250,True,13,40,-7.094145,-0.631086,2.768759,0.466369,0.268422,Prior-operation reduced-DF frame
1251,True,14,27,-6.469782,-0.482693,1.907156,0.327005,0.044293,Prior-operation reduced-DF frame
1252,True,16,31,-9.370381,-0.423969,3.852985,0.511119,0.503107,Prior-operation reduced-DF frame
1253,True,16,35,-9.945158,-0.198562,2.79018,-0.160323,1.071335,Prior-operation reduced-DF frame
1254,True,14,30,-5.472244,-0.416878,3.178905,0.87118,-0.911495,Prior-operation reduced-DF frame
1255,True,15,35,-8.382533,-0.367735,2.550895,0.303209,0.602083,Prior-operation reduced-DF frame
1256,True,13,36,-6.054483,0.072619,2.779221,0.526728,-0.912794,Prior-operation reduced-DF frame
1257,True,14,30,-6.043344,-0.31416,3.570348,0.934067,-0.893381,Prior-operation reduced-DF frame
1258,True,14,34,-6.176962,-0.600554,3.061535,0.794942,-0.368809,Prior-operation reduced-DF frame
1259,True,13,34,-6.298247,-0.417301,2.737328,0.787068,-0.317566,Prior-operation reduced-DF frame
1260,True,13,37,-6.446592,-0.356607,2.669968,0.636806,-0.22414,Prior-operation reduced-DF frame
1261,True,14,31,-7.367582,0.004024,2.346003,0.383388,-0.177415,Prior-operation reduced-DF frame
1262,True,13,41,-5.80314,-0.535074,3.03127,0.655114,-0.481533,Prior-operation reduced-DF frame
1263,True,13,32,-6.023995,-0.376642,2.421613,0.694404,-0.38835,Prior-operation reduced-DF frame
1264,True,13,42,-5.048169,-0.516747,2.909274,0.797555,-0.746992,Prior-operation reduced-DF frame
1265,True,13,32,-4.891396,-0.195638,2.538736,0.894809,-1.069481,Prior-operation reduced-DF frame
1266,True,13,39,-5.445974,-0.436187,2.614835,0.731923,-0.552664,Prior-operation reduced-DF frame
1267,True,16,34,-9.075429,-0.215193,2.244489,-0.028753,0.900088,Prior-operation reduced-DF frame
1268,True,13,45,-7.539201,-0.32166,3.380025,0.557865,0.002345,Prior-operation reduced-DF frame
1269,True,14,29,-6.799546,-0.667058,2.934463,0.626057,-0.022367,Prior-operation reduced-DF frame
1270,True,14,26,-5.224958,-0.295996,2.784016,0.863983,-1.025726,Prior-operation reduced-DF frame
1271,True,13,29,-4.775939,0.041272,3.045472,0.695242,-1.630447,Prior-operation reduced-DF frame
1272,True,13,36,-4.859106,-0.441344,2.770743,0.822277,-0.874156,Prior-operation reduced-DF frame
1273,True,15,35,-8.229377,-0.562177,2.483469,0.171978,0.768903,Prior-operation reduced-DF frame
1274,True,14,37,-5.933919,-0.39567,3.249711,1.124192,-0.75548,Prior-operation reduced-DF frame
1275,True,13,39,-5.767838,-0.372499,2.576771,0.562827,-0.455266,Prior-operation reduced-DF frame
1276,True,14,30,-7.434357,-0.295114,2.54034,0.333577,0.110209,Prior-operation reduced-DF frame
1277,True,13,39,-6.028155,-0.295912,2.377061,0.510109,-0.359723,Prior-operation reduced-DF frame
1278,True,13,30,-4.429459,-0.202816,2.388299,0.810662,-1.263617,Prior-operation reduced-DF frame
1279,True,14,37,-6.261753,0.087551,3.327751,0.925156,-1.064033,Prior-operation reduced-DF frame
1280,True,14,32,-7.390335,-0.255377,2.690422,0.292544,0.03163,Prior-operation reduced-DF frame
1281,True,13,40,-6.432991,-0.107988,2.624716,0.66252,-0.484895,Prior-operation reduced-DF frame
1282,True,15,29,-8.006801,-0.435155,2.03644,0.1765,0.657772,Prior-operation reduced-DF frame
1283,True,15,38,-7.873155,-0.325783,2.967516,0.623943,0.221113,Prior-operation reduced-DF frame
1284,True,13,40,-5.904411,-0.535031,2.638046,0.548922,-0.225662,Prior-operation reduced-DF frame
1285,True,14,34,-6.638857,-0.552987,3.13805,0.536335,-0.182141,Prior-operation reduced-DF frame
1286,True,14,35,-5.016889,-0.617268,3.316142,1.104121,-0.943667,Prior-operation reduced-DF frame
1287,True,13,34,-4.788096,-0.173475,2.532327,0.899937,-1.167675,Prior-operation reduced-DF frame
1288,True,14,34,-6.727899,-0.217779,2.882481,0.506676,-0.321303,Prior-operation reduced-DF frame
1289,True,14,35,-7.336106,-0.365778,3.266825,0.715241,-0.10899,Prior-operation reduced-DF frame
1290,True,13,36,-5.290102,-0.022641,2.600257,0.864207,-1.078552,Prior-operation reduced-DF frame
1291,True,14,25,-6.938227,-0.679035,2.940611,0.472042,0.000827,Prior-operation reduced-DF frame
1292,True,20,30,-16.960654,-0.734985,3.251144,-0.86734,4.242072,Prior-operation reduced-DF frame
1293,True,19,26,-12.257546,-0.441916,2.358583,-0.613459,2.341507,Prior-operation reduced-DF frame
1294,True,13,35,-7.016027,-0.208351,2.302292,0.285344,0.001528,Prior-operation reduced-DF frame
1295,True,13,36,-5.971648,-0.494133,2.884822,0.781046,-0.441802,Prior-operation reduced-DF frame
1296,True,13,31,-6.492553,-0.596907,3.289476,0.450266,-0.288525,Prior-operation reduced-DF frame
1297,True,16,40,-11.223874,-0.620842,3.166853,-0.308363,1.942302,Prior-operation reduced-DF frame
1298,True,14,34,-6.648707,-0.75223,2.694603,0.490134,0.171404,Prior-operation reduced-DF frame
1299,True,13,34,-5.188233,-0.167014,2.389307,0.774214,-0.911081,Prior-operation reduced-DF frame
1300,True,13,33,-4.153955,-0.325463,2.690653,0.846879,-1.376697,Prior-operation reduced-DF frame
1301,True,12,38,-4.055116,-0.053717,2.566459,1.134242,-1.575251,Prior-operation reduced-DF frame
1302,True,15,34,-8.795886,-0.627804,2.820162,-0.040358,0.961288,Prior-operation reduced-DF frame
1303,True,14,30,-7.950272,-0.614415,3.162384,0.400744,0.413961,Prior-operation reduced-DF frame
1304,True,12,43,-6.807201,-0.15604,2.508631,0.493731,-0.154294,Prior-operation reduced-DF frame
1305,True,13,36,-6.479486,-0.352458,2.862349,0.762335,-0.335967,Prior-operation reduced-DF frame
1306,True,18,32,-10.166701,-0.256891,2.042371,-0.037793,1.440416,Prior-operation reduced-DF frame
1307,True,16,31,-8.554567,-0.114863,3.026052,0.142366,0.281482,Prior-operation reduced-DF frame
1308,True,15,27,-6.545068,-0.351508,3.283837,0.551859,-0.545132,Prior-operation reduced-DF frame
1309,True,15,27,-6.058709,-0.399451,2.763163,0.588393,-0.53543,Prior-operation reduced-DF frame
1310,True,14,34,-7.097706,-0.577135,3.100896,0.384099,0.046163,Prior-operation reduced-DF frame
1311,True,14,30,-5.230073,-0.272992,2.406306,0.465892,-0.834484,Prior-operation reduced-DF frame
1312,True,15,42,-8.499757,0.219958,2.802402,0.140424,0.081453,Prior-operation reduced-DF frame
1313,True,14,28,-7.242003,-0.349194,3.134269,0.860861,-0.244582,Prior-operation reduced-DF frame
1314,True,14,31,-5.768695,-0.473474,3.67827,0.894382,-0.938081,Prior-operation reduced-DF frame
1315,True,14,30,-7.101624,-0.275811,2.557684,0.376365,-0.060379,Prior-operation reduced-DF frame
1316,True,14,31,-7.044074,-0.262373,2.865304,0.592835,-0.226282,Prior-operation reduced-DF frame
1317,True,13,38,-6.276851,-0.385737,2.834621,0.592462,-0.338363,Prior-operation reduced-DF frame
1318,True,15,30,-7.580144,-0.412624,3.819424,0.57779,-0.242562,Prior-operation reduced-DF frame
1319,True,15,25,-5.551987,-0.13632,2.620683,0.755878,-0.99551,Prior-operation reduced-DF frame
1320,True,15,39,-8.469734,-0.468886,3.606788,0.305936,0.364338,Prior-operation reduced-DF frame
1321,True,13,36,-5.4446,0.267378,3.015042,0.939333,-1.463325,Prior-operation reduced-DF frame
1322,True,13,42,-4.895499,-0.272558,3.027258,0.918902,-1.09712,Prior-operation reduced-DF frame
1323,True,14,30,-4.17536,-0.759648,3.627498,1.036314,-1.389522,Prior-operation reduced-DF frame
1324,True,13,35,-5.599515,-0.17524,2.817289,0.737754,-0.893018,Prior-operation reduced-DF frame
1325,True,14,23,-6.367787,-0.415376,2.928756,0.873218,-0.567948,Prior-operation reduced-DF frame
1326,True,19,24,-11.337002,-0.323899,2.51263,-0.304256,1.758846,Prior-operation reduced-DF frame
1327,True,13,41,-6.394984,-0.54099,2.827664,0.477966,-0.12185,Prior-operation reduced-DF frame
1328,True,13,38,-6.63586,-0.505973,3.250503,0.54432,-0.18016,Prior-operation reduced-DF frame
1329,True,16,28,-8.857982,-0.413243,2.507896,0.370922,0.772791,Prior-operation reduced-DF frame
1330,True,14,28,-6.513396,-0.628849,2.754291,0.534158,-0.097436,Prior-operation reduced-DF frame
1331,True,14,29,-5.864875,-0.360837,2.894603,0.841205,-0.685902,Prior-operation reduced-DF frame
1332,True,13,32,-6.393326,-0.19794,2.97448,0.701165,-0.598404,Prior-operation reduced-DF frame
1333,True,13,31,-6.167912,0.094336,2.454,0.677401,-0.791907,Prior-operation reduced-DF frame
1334,True,15,39,-8.937049,-0.608909,2.742382,0.191886,1.071898,Prior-operation reduced-DF frame
1335,True,13,37,-6.710544,-0.206792,3.216103,0.776425,-0.486634,Prior-operation reduced-DF frame
1336,True,14,39,-7.525168,0.086335,2.464841,0.529979,-0.131426,Prior-operation reduced-DF frame
1337,True,14,30,-5.937073,0.064585,2.512704,0.869255,-0.926009,Prior-operation reduced-DF frame
1338,True,15,28,-4.962618,0.006174,3.100101,0.925466,-1.563912,Prior-operation reduced-DF frame
1339,True,13,37,-7.218523,-0.344627,2.740464,0.433535,0.079609,Prior-operation reduced-DF frame
1340,True,13,35,-6.054392,-0.625554,2.349302,0.606457,-0.063763,Prior-operation reduced-DF frame
1341,True,15,24,-7.313391,-0.598136,3.123371,0.662413,0.007422,Prior-operation reduced-DF frame
1342,True,14,29,-6.503111,-0.677476,3.01445,0.553418,-0.136978,Prior-operation reduced-DF frame
1343,True,13,41,-5.324136,-0.487501,2.764281,0.397526,-0.579201,Prior-operation reduced-DF frame
1344,True,14,26,-5.96467,-0.294141,2.616462,0.820782,-0.634007,Prior-operation reduced-DF frame
1345,True,12,51,-6.661006,-0.456787,2.937715,0.587756,-0.043807,Prior-operation reduced-DF frame
1346,True,13,32,-7.958649,-0.30413,2.66592,0.32175,0.319153,Prior-operation reduced-DF frame
1347,True,13,36,-4.808096,-0.434179,2.976758,0.96808,-1.047258,Prior-operation reduced-DF frame
1348,True,18,33,-9.745942,-0.479531,3.316582,0.129308,1.022607,Prior-operation reduced-DF frame
1349,True,15,22,-7.633814,-0.319566,2.911443,0.961315,-0.150179,Prior-operation reduced-DF frame
1350,True,13,31,-6.299296,-0.115423,2.016372,0.577041,-0.38027,Prior-operation reduced-DF frame
1351,True,13,33,-6.005834,-0.282927,2.574922,0.755516,-0.541869,Prior-operation reduced-DF frame
1352,True,17,29,-8.952279,-0.225246,2.327476,-0.292722,0.74482,Prior-operation reduced-DF frame
1353,True,14,30,-6.990741,-0.67448,2.816192,0.67072,0.139749,Prior-operation reduced-DF frame
1354,True,14,37,-6.695381,-0.237497,2.995931,0.659797,-0.398266,Prior-operation reduced-DF frame
1355,True,14,42,-7.057546,-0.357634,2.671758,0.639366,0.036359,Prior-operation reduced-DF frame
1356,True,15,34,-7.949021,-0.363268,3.380916,0.662075,0.046909,Prior-operation reduced-DF frame
1357,True,14,35,-6.924622,0.292549,2.370676,0.465048,-0.641346,Prior-operation reduced-DF frame
1358,True,12,42,-5.350981,-0.3875,2.496914,0.638631,-0.580406,Prior-operation reduced-DF frame
1359,True,13,48,-5.801866,-0.14193,2.42457,0.274136,-0.515696,Prior-operation reduced-DF frame
1360,True,14,28,-6.24134,-0.314884,2.900456,0.898565,-0.588783,Prior-operation reduced-DF frame
1361,True,14,32,-5.194655,-0.300428,3.470132,0.949244,-1.177744,Prior-operation reduced-DF frame
1362,True,13,33,-4.645801,-0.454981,3.001746,0.770986,-1.144355,Prior-operation reduced-DF frame
1363,True,14,33,-6.647429,0.050265,2.039588,0.515055,-0.375056,Prior-operation reduced-DF frame
1364,True,14,29,-6.433836,-0.045426,2.697005,0.73373,-0.659458,Prior-operation reduced-DF frame
1365,True,15,29,-8.440041,-0.55214,2.930153,0.330082,0.602207,Prior-operation reduced-DF frame
1366,True,14,36,-7.339583,-0.022655,2.89723,0.817727,-0.366033,Prior-operation reduced-DF frame
1367,True,12,44,-4.938559,-0.29614,2.42171,0.82125,-0.796351,Prior-operation reduced-DF frame
1368,True,14,39,-6.351948,-0.071843,2.720917,0.531789,-0.567616,Prior-operation reduced-DF frame
1369,True,14,30,-7.118465,-0.421397,2.486489,0.513457,0.105849,Prior-operation reduced-DF frame
1370,True,14,30,-6.582998,-0.612457,3.35026,0.593162,-0.313268,Prior-operation reduced-DF frame
1371,True,14,31,-5.987425,-0.600587,3.65113,0.734984,-0.676671,Prior-operation reduced-DF frame
1372,True,13,41,-5.124428,-0.147519,2.3783,0.548661,-0.88281,Prior-operation reduced-DF frame
1373,True,13,39,-5.624045,-0.440325,3.710569,0.87777,-0.91974,Prior-operation reduced-DF frame
1374,True,14,34,-7.314652,-0.45144,3.225536,0.570607,-0.029605,Prior-operation reduced-DF frame
1375,True,12,42,-6.047667,-0.144997,2.556845,0.454672,-0.499684,Prior-operation reduced-DF frame
1376,True,14,38,-7.11487,-0.191076,2.746609,0.469605,-0.138181,Prior-operation reduced-DF frame
1377,True,18,23,-10.311062,-0.251713,2.622266,-0.273673,1.203026,Prior-operation reduced-DF frame
1378,True,14,32,-7.592023,-0.487385,2.853061,0.384375,0.236163,Prior-operation reduced-DF frame
1379,True,13,34,-7.078961,-0.431378,3.503419,0.864781,-0.262882,Prior-operation reduced-DF frame
1380,True,14,34,-6.59465,-0.249237,3.028208,0.549717,-0.497245,Prior-operation reduced-DF frame
1381,True,14,46,-7.724618,-0.403213,2.880669,0.08004,0.383783,Prior-operation reduced-DF frame
1382,True,13,39,-6.412751,-0.573613,2.975795,0.726458,-0.154653,Prior-operation reduced-DF frame
1383,True,13,41,-6.995376,-0.190322,2.699948,0.48853,-0.16421,Prior-operation reduced-DF frame
1384,True,13,36,-7.069352,-0.368612,3.025329,0.850758,-0.167856,Prior-operation reduced-DF frame
1385,True,14,33,-7.751616,-0.600778,2.953459,0.602576,0.350539,Prior-operation reduced-DF frame
1386,True,14,26,-6.817559,-0.547525,2.865585,0.412944,-0.090312,Prior-operation reduced-DF frame
1387,True,14,30,-6.946809,-0.37251,2.478829,0.767305,-0.041032,Prior-operation reduced-DF frame
1388,True,13,39,-6.390095,-0.501789,2.717137,0.709111,-0.150758,Prior-operation reduced-DF frame
1389,True,14,26,-6.806618,-0.584545,3.093675,0.596686,-0.170156,Prior-operation reduced-DF frame
1390,True,13,37,-4.738488,-0.486171,2.680573,0.833401,-0.899508,Prior-operation reduced-DF frame
1391,True,14,30,-6.766706,-0.653583,3.167675,0.285754,-0.055879,Prior-operation reduced-DF frame
1392,True,16,26,-8.355972,-0.366137,2.407335,0.206489,0.565994,Prior-operation reduced-DF frame
1393,True,13,39,-4.523202,-0.705519,3.014685,1.017896,-0.914931,Prior-operation reduced-DF frame
1394,True,16,34,-8.611827,-0.290482,2.357151,0.218528,0.688073,Prior-operation reduced-DF frame
1395,True,14,31,-6.812416,0.019492,2.699032,0.405872,-0.488976,Prior-operation reduced-DF frame
1396,True,12,44,-6.952309,-0.364279,2.840819,0.448076,0.007381,Prior-operation reduced-DF frame
1397,True,13,42,-5.693435,-0.083314,2.563901,0.627607,-0.73098,Prior-operation reduced-DF frame
1398,True,14,35,-6.643994,-0.62218,3.931003,0.683444,-0.406029,Prior-operation reduced-DF frame
1399,True,13,32,-3.93001,-0.474506,2.356149,0.596627,-1.211411,Prior-operation reduced-DF frame
1400,True,15,38,-8.742602,-0.439944,3.129548,0.188469,0.702573,Prior-operation reduced-DF frame
1401,True,15,29,-7.641867,-0.126862,2.624194,0.311355,0.013232,Prior-operation reduced-DF frame
1402,True,13,40,-5.597294,-0.343475,3.104674,0.798445,-0.748596,Prior-operation reduced-DF frame
1403,True,17,27,-11.225437,-0.306216,3.409326,-0.193374,1.346385,Prior-operation reduced-DF frame
1404,True,14,32,-7.384068,-0.110442,3.283105,0.636961,-0.422894,Prior-operation reduced-DF frame
1405,True,13,33,-5.655923,-0.326509,2.31807,0.599571,-0.530277,Prior-operation reduced-DF frame
1406,True,15,26,-6.617244,-0.852534,3.038576,0.469103,0.013341,Prior-operation reduced-DF frame
1407,True,16,42,-9.339852,-0.65244,2.776242,-0.06153,1.337022,Prior-operation reduced-DF frame
1408,True,17,26,-9.269334,-0.494798,2.795251,0.285896,0.911559,Prior-operation reduced-DF frame
1409,True,13,44,-4.471934,-0.50398,2.49653,0.492589,-0.840687,Prior-operation reduced-DF frame
1410,True,14,38,-7.172835,-0.480706,3.388386,0.819311,-0.100705,Prior-operation reduced-DF frame
1411,True,12,42,-4.783159,-0.079452,2.285729,0.675478,-1.060095,Prior-operation reduced-DF frame
1412,True,14,32,-5.96288,-0.277766,2.654666,0.762692,-0.60806,Prior-operation reduced-DF frame
1413,True,14,35,-7.833868,-0.685716,2.642023,0.050419,0.709978,Prior-operation reduced-DF frame
1414,True,13,38,-5.806458,-0.124692,2.711564,0.690202,-0.758121,Prior-operation reduced-DF frame
1415,True,14,34,-7.914002,-0.439018,2.648193,0.406014,0.439049,Prior-operation reduced-DF frame
1416,True,14,36,-7.235469,-0.325115,2.83962,0.461935,0.016475,Prior-operation reduced-DF frame
1417,True,13,38,-6.579225,-0.050053,2.442303,0.640204,-0.409046,Prior-operation reduced-DF frame
1418,True,14,26,-5.894144,-0.560663,2.908609,0.643175,-0.516029,Prior-operation reduced-DF frame
1419,True,14,31,-6.82358,-0.362423,3.040053,0.666376,-0.323068,Prior-operation reduced-DF frame
1420,True,13,36,-5.665048,-0.434549,3.184295,0.628514,-0.771455,Prior-operation reduced-DF frame
1421,True,13,36,-6.817597,-0.139318,2.63198,0.510967,-0.316976,Prior-operation reduced-DF frame
1422,True,13,43,-4.877106,-0.276791,3.327044,1.000539,-1.23524,Prior-operation reduced-DF frame
1423,True,15,41,-8.135182,-0.258333,3.676535,0.529033,0.048593,Prior-operation reduced-DF frame
1424,True,13,31,-5.909226,-0.540232,2.451852,0.636203,-0.295305,Prior-operation reduced-DF frame
1425,True,14,30,-4.884479,-0.231199,3.286867,0.8806,-1.35058,Prior-operation reduced-DF frame
1426,True,13,40,-6.969292,-0.257704,2.240303,0.252843,0.074406,Prior-operation reduced-DF frame
1427,True,16,24,-6.035039,0.063447,2.245965,0.409496,-0.857984,Prior-operation reduced-DF frame
1428,True,14,26,-6.607203,-0.338276,2.149456,0.482939,-0.121889,Prior-operation reduced-DF frame
1429,True,13,43,-4.664414,-0.340125,2.88183,0.702032,-1.087841,Prior-operation reduced-DF frame
1430,True,15,22,-7.126914,-0.644175,3.761557,1.104285,-0.389219,Prior-operation reduced-DF frame
1431,True,13,37,-4.935913,-0.436817,3.298967,0.920228,-1.123863,Prior-operation reduced-DF frame
1432,True,15,28,-7.624067,-0.36479,3.770977,0.71527,-0.298967,Prior-operation reduced-DF frame
1433,True,13,37,-5.436971,-0.56387,3.466364,0.89619,-0.778511,Prior-operation reduced-DF frame
1434,True,13,35,-5.632151,-0.180975,2.394072,0.583716,-0.699203,Prior-operation reduced-DF frame
1435,True,14,30,-6.89187,-0.260085,3.366507,0.581425,-0.499421,Prior-operation reduced-DF frame
1436,True,13,33,-5.523256,-0.058377,2.284024,0.771271,-0.842064,Prior-operation reduced-DF frame
1437,True,17,41,-10.750953,-0.173917,3.711026,0.21202,1.084175,Prior-operation reduced-DF frame
1438,True,13,34,-5.898761,-0.212202,2.555407,0.528083,-0.592399,Prior-operation reduced-DF frame
1439,True,14,31,-6.737748,-0.533228,3.763072,0.730912,-0.440025,Prior-operation reduced-DF frame
1440,True,14,30,-5.874014,-0.054063,2.575918,0.677295,-0.842705,Prior-operation reduced-DF frame
1441,True,14,30,-6.542162,0.031526,2.238173,0.637589,-0.484453,Prior-operation reduced-DF frame
1442,True,14,29,-4.892709,-0.006374,2.824536,0.72651,-1.441208,Prior-operation reduced-DF frame
1443,True,13,33,-6.039189,-0.627431,2.37585,0.451398,-0.10158,Prior-operation reduced-DF frame
1444,True,13,35,-5.625727,-0.361923,2.597966,0.882664,-0.619025,Prior-operation reduced-DF frame
1445,True,13,42,-5.938086,-0.059447,2.584794,0.633719,-0.663409,Prior-operation reduced-DF frame
1446,True,14,28,-5.751519,-0.734911,2.99729,0.842804,-0.459255,Prior-operation reduced-DF frame
1447,True,19,22,-9.480008,-0.011398,2.096219,0.033913,0.72213,Prior-operation reduced-DF frame
1448,True,13,36,-5.410285,-0.430527,3.234395,0.736456,-0.894647,Prior-operation reduced-DF frame
1449,True,13,37,-6.60087,-0.047792,2.824489,0.457903,-0.545518,Prior-operation reduced-DF frame
1450,True,13,40,-5.252893,-0.694931,3.40708,0.803555,-0.710214,Prior-operation reduced-DF frame
1451,True,14,33,-6.264543,-0.251191,2.454215,0.550753,-0.381455,Prior-operation reduced-DF frame
1452,True,14,27,-5.202264,-0.118426,3.092009,0.904761,-1.296796,Prior-operation reduced-DF frame
1453,True,15,31,-7.6217,-0.225421,2.6818,0.61874,0.028601,Prior-operation reduced-DF frame
1454,True,13,44,-5.982006,-0.429301,3.168046,0.675076,-0.500851,Prior-operation reduced-DF frame
1455,True,13,35,-6.571333,-0.424542,1.883328,0.348445,0.133517,Prior-operation reduced-DF frame
1456,True,14,31,-5.869048,-0.201365,2.282481,0.532471,-0.596764,Prior-operation reduced-DF frame
1457,True,13,37,-6.115313,-0.274934,2.497338,0.606742,-0.394961,Prior-operation reduced-DF frame
1458,True,14,34,-7.81867,-0.354859,2.877782,0.41536,0.248322,Prior-operation reduced-DF frame
1459,True,14,35,-7.457378,-0.061888,2.796311,0.705232,-0.18194,Prior-operation reduced-DF frame
1460,True,13,26,-4.782802,-0.252161,2.253379,0.774233,-1.068641,Prior-operation reduced-DF frame
1461,True,14,35,-8.059384,-0.410354,3.7721,0.659765,0.009829,Prior-operation reduced-DF frame
1462,True,16,32,-8.669885,-0.402758,3.556947,0.401724,0.371413,Prior-operation reduced-DF frame
1463,True,17,24,-8.908207,-0.528874,2.671406,-0.183992,0.872826,Prior-operation reduced-DF frame
1464,True,14,27,-5.283241,-0.345937,2.743378,0.60678,-0.907516,Prior-operation reduced-DF frame
1465,True,14,26,-4.369167,-0.239749,3.083924,0.910302,-1.594392,Prior-operation reduced-DF frame
1466,True,16,34,-10.606372,-0.551388,3.246634,-0.115883,1.513202,Prior-operation reduced-DF frame
1467,True,14,29,-6.253079,-0.837848,2.876779,0.445475,-0.059744,Prior-operation reduced-DF frame
1468,True,13,32,-6.597877,-0.398371,1.694279,0.220561,0.177158,Prior-operation reduced-DF frame
1469,True,14,27,-6.880005,-0.591727,3.195106,0.747928,-0.199746,Prior-operation reduced-DF frame
1470,True,15,27,-6.691785,-0.063303,2.25901,0.352102,-0.416679,Prior-operation reduced-DF frame
1471,True,14,36,-7.189045,-0.648622,3.340585,0.235122,0.110063,Prior-operation reduced-DF frame
1472,True,13,32,-6.094671,-0.162462,2.870773,0.567395,-0.729636,Prior-operation reduced-DF frame
1473,True,16,22,-8.086316,-0.427166,2.871381,0.297775,0.27193,Prior-operation reduced-DF frame
1474,True,14,26,-6.564648,-0.172728,3.246326,1.066758,-0.76627,Prior-operation reduced-DF frame
1475,True,18,35,-14.238245,-0.203265,2.716574,-0.509091,2.890944,Prior-operation reduced-DF frame
1476,True,14,36,-7.713574,-0.383528,2.90702,0.663691,0.21038,Prior-operation reduced-DF frame
1477,True,14,33,-6.437783,-0.601557,3.407487,0.925756,-0.387941,Prior-operation reduced-DF frame
1478,True,14,28,-6.613204,-0.099372,2.3454,0.494342,-0.395332,Prior-operation reduced-DF frame
1479,True,15,26,-7.228279,-0.48329,4.02432,1.046477,-0.538597,Prior-operation reduced-DF frame
1480,True,13,34,-4.879558,-0.466754,2.971252,0.892339,-0.983567,Prior-operation reduced-DF frame
1481,True,13,42,-6.82258,-0.299402,2.627092,0.226464,-0.049335,Prior-operation reduced-DF frame
1482,True,14,29,-7.285534,-0.507243,3.699471,0.646638,-0.246489,Prior-operation reduced-DF frame
1483,True,13,28,-4.890249,-0.274453,2.442961,0.825319,-1.03354,Prior-operation reduced-DF frame
1484,True,17,25,-7.99839,0.239328,2.487825,0.209479,-0.225852,Prior-operation reduced-DF frame
1485,True,14,28,-6.525284,-0.117594,3.000078,0.635796,-0.664384,Prior-operation reduced-DF frame
1486,True,14,30,-5.669928,-0.66448,3.435952,0.907645,-0.697286,Prior-operation reduced-DF frame
1487,True,15,30,-7.769718,-0.342592,2.481294,-0.006835,0.329482,Prior-operation reduced-DF frame
1488,True,13,38,-5.496088,-0.255878,2.471436,0.829848,-0.684703,Prior-operation reduced-DF frame
1489,True,13,31,-5.182022,-0.195312,2.791919,1.004291,-1.096351,Prior-operation reduced-DF frame
1490,True,13,33,-7.549364,-0.289397,3.1601,0.543646,-0.072776,Prior-operation reduced-DF frame
1491,True,14,41,-7.398172,-0.357994,2.912074,1.020123,-0.023081,Prior-operation reduced-DF frame
1492,True,14,30,-7.44211,-0.328587,2.571709,0.434714,0.083082,Prior-operation reduced-DF frame
1493,True,14,36,-6.604149,-0.868273,3.674941,0.658658,-0.110589,Prior-operation reduced-DF frame
1494,True,13,37,-5.255798,-0.315277,2.832429,0.647432,-0.865461,Prior-operation reduced-DF frame
1495,True,14,29,-5.635836,-0.562127,3.928819,1.079006,-1.03462,Prior-operation reduced-DF frame
1496,True,14,33,-6.863564,-0.532713,3.849723,0.778342,-0.42992,Prior-operation reduced-DF frame
1497,True,13,38,-5.772994,-0.085563,2.647931,0.65263,-0.752437,Prior-operation reduced-DF frame
1498,True,13,32,-5.938722,-0.183889,3.163771,0.816454,-0.915336,Prior-operation reduced-DF frame
1499,True,14,25,-5.337261,-0.388837,3.030532,0.987475,-1.015754,Prior-operation reduced-DF frame
1500,True,13,50,-7.095082,-0.611094,3.433542,0.573662,0.074075,Prior-operation reduced-DF frame
1501,True,13,42,-5.501206,-0.459082,2.953709,0.699977,-0.609942,Prior-operation reduced-DF frame
1502,True,14,33,-6.845286,-0.725854,2.907523,0.396496,0.164196,Prior-operation reduced-DF frame
1503,True,13,34,-6.719096,-0.410736,2.809264,0.480001,-0.174064,Prior-operation reduced-DF frame
1504,True,13,29,-4.138724,0.012003,2.285891,1.164855,-1.627558,Prior-operation reduced-DF frame
1505,True,14,32,-6.865418,-0.724664,3.713421,0.713229,-0.15084,Prior-operation reduced-DF frame
1506,True,13,52,-6.928678,-0.028111,2.387772,0.496352,-0.126607,Prior-operation reduced-DF frame
1507,True,14,30,-4.600735,-0.387792,3.22821,0.955978,-1.345179,Prior-operation reduced-DF frame
1508,True,13,38,-5.816921,-0.224384,2.643644,0.792207,-0.621087,Prior-operation reduced-DF frame
1509,True,15,25,-5.284843,-1.183216,3.644169,0.724811,-0.547266,Prior-operation reduced-DF frame
1510,True,14,31,-6.897828,-0.554021,3.358665,0.747462,-0.190982,Prior-operation reduced-DF frame
1511,True,13,30,-5.344848,-0.416465,2.635014,0.693191,-0.756631,Prior-operation reduced-DF frame
1512,True,15,29,-7.639201,-0.289684,3.360631,0.538878,-0.15755,Prior-operation reduced-DF frame
1513,True,14,30,-6.527583,-0.324978,2.805859,0.755537,-0.420269,Prior-operation reduced-DF frame
1514,True,16,30,-8.753693,-0.361942,3.169386,0.429901,0.430459,Prior-operation reduced-DF frame
1515,True,14,28,-5.770878,-0.223379,3.090181,0.641256,-0.973425,Prior-operation reduced-DF frame
1516,True,13,32,-5.632204,-0.19861,2.138808,0.55808,-0.595837,Prior-operation reduced-DF frame
1517,True,14,48,-7.924779,-0.26643,2.094996,0.312162,0.616574,Prior-operation reduced-DF frame
1518,True,14,29,-7.491756,-0.388773,3.238775,1.00964,-0.166618,Prior-operation reduced-DF frame
1519,True,14,30,-5.503516,-0.247297,2.603609,0.574685,-0.836819,Prior-operation reduced-DF frame
1520,True,14,34,-7.640251,0.102723,2.509117,0.335563,-0.17225,Prior-operation reduced-DF frame
1521,True,14,31,-5.685831,-0.182227,2.776786,0.692903,-0.821011,Prior-operation reduced-DF frame
1522,True,13,39,-5.22578,-0.448394,2.959816,0.691309,-0.803287,Prior-operation reduced-DF frame
1523,True,14,28,-6.329195,-0.262014,2.259779,0.448513,-0.320364,Prior-operation reduced-DF frame
1524,True,15,36,-7.992676,-0.57243,2.643365,0.360865,0.595582,Prior-operation reduced-DF frame
1525,True,14,35,-6.780874,-0.242031,2.775882,0.658661,-0.256256,Prior-operation reduced-DF frame
1526,True,13,36,-4.580878,-0.405627,2.857455,0.912203,-1.129619,Prior-operation reduced-DF frame
1527,True,13,37,-6.482759,0.084459,2.53646,0.351344,-0.606135,Prior-operation reduced-DF frame
1528,True,21,26,-14.578099,-0.167445,3.067266,-0.381608,2.684729,Prior-operation reduced-DF frame
1529,True,13,42,-7.268336,-0.356758,2.64956,0.368236,0.196812,Prior-operation reduced-DF frame
1530,True,13,36,-5.294279,-0.246268,3.434388,0.81363,-1.15981,Prior-operation reduced-DF frame
1531,True,12,43,-4.584208,-0.261625,2.663999,0.713132,-1.078997,Prior-operation reduced-DF frame
1532,True,14,35,-7.72994,-0.229306,3.562835,0.466379,-0.187407,Prior-operation reduced-DF frame
1533,True,14,25,-7.048803,-0.462473,2.958384,0.532985,-0.155256,Prior-operation reduced-DF frame
1534,True,16,18,-6.676008,-0.125094,3.803399,1.137012,-1.190213,Prior-operation reduced-DF frame
1535,True,14,31,-7.514477,-0.543955,3.073219,0.115858,0.215475,Prior-operation reduced-DF frame
1536,True,14,30,-6.087038,-0.751815,3.140242,0.716063,-0.302606,Prior-operation reduced-DF frame
1537,True,13,37,-6.043147,-0.654939,3.261653,0.698511,-0.332054,Prior-operation reduced-DF frame
1538,True,15,24,-7.20793,-0.320854,2.888934,0.47774,-0.171423,Prior-operation reduced-DF frame
1539,True,13,38,-4.503285,-0.221259,3.120721,0.838419,-1.438432,Prior-operation reduced-DF frame
1540,True,13,33,-5.839075,-0.493794,2.297277,0.568253,-0.296189,Prior-operation reduced-DF frame
1541,True,13,33,-5.908896,-0.155919,2.825497,1.079186,-0.871162,Prior-operation reduced-DF frame
1542,True,15,32,-7.610515,-0.742465,3.168582,0.657168,0.35082,Prior-operation reduced-DF frame
1543,True,13,44,-5.623612,-0.210404,2.39053,0.542889,-0.547453,Prior-operation reduced-DF frame
1544,True,14,29,-5.006209,0.041787,3.487981,0.965427,-1.747832,Prior-operation reduced-DF frame
1545,True,13,39,-6.165629,-0.231037,2.895387,0.624205,-0.525292,Prior-operation reduced-DF frame
1546,True,14,32,-5.54974,-0.563109,3.038105,0.474601,-0.677408,Prior-operation reduced-DF frame
1547,True,13,39,-5.896115,-0.532479,2.811118,0.714191,-0.381173,Prior-operation reduced-DF frame
1548,True,18,26,-12.833896,-0.001891,1.871737,-0.85863,2.345657,Prior-operation reduced-DF frame
1549,True,13,39,-5.019822,-0.66402,2.784791,0.671166,-0.59038,Prior-operation reduced-DF frame
1550,True,14,32,-6.045427,-0.55184,3.262784,0.665271,-0.522522,Prior-operation reduced-DF frame
1551,True,14,26,-6.601414,-0.072641,2.589386,0.920485,-0.618022,Prior-operation reduced-DF frame
1552,True,12,47,-4.515488,-0.387106,2.810546,0.662743,-1.007527,Prior-operation reduced-DF frame
1553,True,14,26,-6.586274,-0.717875,3.130322,0.743432,-0.158055,Prior-operation reduced-DF frame
1554,True,12,48,-5.906936,-0.314172,2.588863,0.642428,-0.369496,Prior-operation reduced-DF frame
1555,True,13,40,-5.466006,-0.246445,2.302388,0.577478,-0.598738,Prior-operation reduced-DF frame
1556,True,13,32,-5.622017,-0.288857,2.600328,0.624198,-0.677269,Prior-operation reduced-DF frame
1557,True,13,37,-5.157293,-0.083029,2.573714,0.651456,-1.012555,Prior-operation reduced-DF frame
1558,True,13,37,-6.526073,-0.200777,2.351222,0.395044,-0.24178,Prior-operation reduced-DF frame
1559,True,15,31,-7.912797,-0.329036,2.160783,0.377748,0.462469,Prior-operation reduced-DF frame
1560,True,14,32,-7.781456,-0.516245,3.165554,0.436344,0.273731,Prior-operation reduced-DF frame
1561,True,13,37,-6.385832,0.058713,2.804542,0.587738,-0.716418,Prior-operation reduced-DF frame
1562,True,13,35,-5.638187,-0.741188,2.678768,0.676529,-0.285039,Prior-operation reduced-DF frame
1563,True,14,36,-7.837139,-0.170512,3.007383,0.191765,0.041983,Prior-operation reduced-DF frame
1564,True,15,34,-8.433728,-0.442946,2.601943,0.028069,0.715369,Prior-operation reduced-DF frame
1565,True,13,33,-5.49062,-0.708263,2.947366,0.606892,-0.490318,Prior-operation reduced-DF frame
1566,True,13,40,-5.067629,-0.714621,3.550271,0.856974,-0.836416,Prior-operation reduced-DF frame
1567,True,13,29,-5.38556,0.040388,2.949087,1.067759,-1.333759,Prior-operation reduced-DF frame
1568,True,18,28,-11.316684,-0.248738,2.69191,-0.293514,1.620648,Prior-operation reduced-DF frame
1569,True,17,31,-8.889685,0.342177,2.679058,0.039019,0.060729,Prior-operation reduced-DF frame
1570,True,15,38,-9.544158,-0.105216,2.522572,-0.063001,0.928496,Prior-operation reduced-DF frame
1571,True,13,37,-6.953851,-0.379455,2.7136,0.657445,-0.042579,Prior-operation reduced-DF frame
1572,True,13,40,-5.630687,-0.367008,2.375818,0.503583,-0.442411,Prior-operation reduced-DF frame
1573,True,13,36,-6.332802,-0.26336,2.499115,0.711839,-0.358336,Prior-operation reduced-DF frame
1574,True,15,30,-8.450912,-0.519001,3.427135,0.564289,0.398367,Prior-operation reduced-DF frame
1575,True,14,34,-8.301031,-0.453063,3.468693,0.35503,0.366434,Prior-operation reduced-DF frame
1576,True,13,33,-5.003443,-0.428886,2.701798,0.8058,-0.861188,Prior-operation reduced-DF frame
1577,True,13,36,-5.027299,-0.171974,3.197792,1.082683,-1.237037,Prior-operation reduced-DF frame
1578,True,13,31,-5.792962,-0.390552,2.474086,0.586679,-0.453065,Prior-operation reduced-DF frame
1579,True,14,29,-6.479507,0.231669,2.499382,0.905715,-0.923407,Prior-operation reduced-DF frame
1580,True,13,31,-5.71515,-0.380246,3.015042,0.837494,-0.767344,Prior-operation reduced-DF frame
1581,True,14,29,-5.836157,-0.489778,3.155528,0.824169,-0.686896,Prior-operation reduced-DF frame
1582,True,14,23,-6.240329,-0.326865,3.043507,1.062092,-0.769795,Prior-operation reduced-DF frame
1583,True,14,42,-8.299314,-0.218505,2.759752,0.302652,0.448442,Prior-operation reduced-DF frame
1584,True,15,31,-7.929649,-0.215918,2.202652,0.03037,0.416781,Prior-operation reduced-DF frame
1585,True,13,30,-5.580789,-0.433781,2.180151,0.376456,-0.465502,Prior-operation reduced-DF frame
1586,True,15,23,-5.644776,-0.675329,3.344043,0.581467,-0.73675,Prior-operation reduced-DF frame
1587,True,14,31,-6.360318,-0.753668,4.302953,0.975607,-0.643871,Prior-operation reduced-DF frame
1588,True,13,43,-6.946307,-0.425038,2.839175,0.624243,0.015714,Prior-operation reduced-DF frame
1589,True,13,36,-5.931137,-0.300804,3.006197,0.721545,-0.668485,Prior-operation reduced-DF frame
1590,True,14,31,-6.183447,0.339995,2.407331,0.706096,-1.071857,Prior-operation reduced-DF frame
1591,True,13,36,-4.920442,-0.394849,2.773468,0.914252,-0.960117,Prior-operation reduced-DF frame
1592,True,14,34,-6.356871,-0.144349,2.521948,0.497391,-0.471899,Prior-operation reduced-DF frame
1593,True,13,38,-6.485427,-0.156082,2.397177,0.261286,-0.292047,Prior-operation reduced-DF frame
1594,True,13,38,-6.786406,-0.015987,3.033368,0.665184,-0.576221,Prior-operation reduced-DF frame
1595,True,15,19,-6.782252,0.286637,3.340907,1.084573,-1.393093,Prior-operation reduced-DF frame
1596,True,14,29,-4.992881,-0.271668,3.222876,0.909846,-1.309393,Prior-operation reduced-DF frame
1597,True,15,35,-8.413415,-0.504875,2.981287,0.57718,0.555711,Prior-operation reduced-DF frame
1598,True,13,32,-3.715811,-0.263889,2.83476,1.109203,-1.701719,Prior-operation reduced-DF frame
1599,True,14,31,-5.768542,-0.179736,1.847043,0.374569,-0.46697,Prior-operation reduced-DF frame
1600,True,16,35,-9.770189,-0.496073,2.682484,-0.126114,1.311577,Prior-operation reduced-DF frame
1601,True,18,30,-10.612909,-0.528025,3.289629,-0.252429,1.431389,Prior-operation reduced-DF frame
1602,True,14,29,-6.885567,-0.543594,2.637302,0.632449,0.008192,Prior-operation reduced-DF frame
1603,True,14,38,-7.953243,-0.496143,2.330573,0.347984,0.649116,Prior-operation reduced-DF frame
1604,True,14,35,-5.825415,-0.549907,3.561176,0.823811,-0.714555,Prior-operation reduced-DF frame
1605,True,16,45,-15.247241,-0.058509,3.116112,-0.732361,3.141773,Prior-operation reduced-DF frame
1606,True,14,38,-6.018403,-0.123878,2.391367,0.534205,-0.531471,Prior-operation reduced-DF frame
1607,True,14,26,-7.481178,-0.651049,3.224659,0.687478,0.092774,Prior-operation reduced-DF frame
1608,True,19,34,-19.278118,0.004817,1.683695,-1.57292,5.15424,Prior-operation reduced-DF frame
1609,True,17,37,-10.223704,-0.36447,3.764635,0.226799,0.971645,Prior-operation reduced-DF frame
1610,True,13,35,-6.888145,-0.240975,2.343262,0.35288,-0.043535,Prior-operation reduced-DF frame
1611,True,13,33,-5.345122,-0.300292,3.288438,0.945315,-1.066844,Prior-operation reduced-DF frame
1612,True,14,29,-5.353291,-0.093249,2.528281,0.785871,-1.044649,Prior-operation reduced-DF frame
1613,True,13,36,-5.570512,-0.586226,3.003564,0.69858,-0.535706,Prior-operation reduced-DF frame
1614,True,13,34,-6.346372,-0.148138,2.262468,0.801593,-0.407885,Prior-operation reduced-DF frame
1615,True,14,33,-7.399905,-0.56894,2.908769,0.716588,0.184127,Prior-operation reduced-DF frame
1616,True,15,36,-8.415377,-0.059713,2.355538,0.2624,0.443131,Prior-operation reduced-DF frame
1617,True,13,32,-6.322429,-0.434777,2.438585,0.464545,-0.169079,Prior-operation reduced-DF frame
1618,True,13,33,-5.883335,-0.264359,2.164391,0.286245,-0.41872,Prior-operation reduced-DF frame
1619,True,13,36,-6.543125,0.104172,2.155339,0.591821,-0.497476,Prior-operation reduced-DF frame
1620,True,16,33,-9.899595,0.304985,3.138594,0.233432,0.328204,Prior-operation reduced-DF frame
1621,True,13,37,-4.592421,-0.418639,2.879345,0.778496,-1.083728,Prior-operation reduced-DF frame
1622,True,13,45,-5.728507,-0.142465,2.183219,0.582173,-0.477796,Prior-operation reduced-DF frame
1623,True,14,30,-6.832834,-0.027058,3.438998,0.543904,-0.773589,Prior-operation reduced-DF frame
1624,True,15,21,-4.694863,-0.511876,3.356698,0.736638,-1.43031,Prior-operation reduced-DF frame
1625,True,15,22,-5.981008,-0.57758,3.783479,0.612973,-0.979135,Prior-operation reduced-DF frame
1626,True,16,36,-10.695657,-0.550127,2.681499,-0.240716,1.785516,Prior-operation reduced-DF frame
1627,True,14,28,-5.993587,-0.511955,2.779797,0.891407,-0.483443,Prior-operation reduced-DF frame
1628,True,13,34,-5.74283,-0.4142,2.80254,0.573991,-0.558275,Prior-operation reduced-DF frame
1629,True,14,28,-5.403523,-0.457838,4.049301,1.122855,-1.345451,Prior-operation reduced-DF frame
1630,True,13,35,-5.168752,-0.252763,2.839407,0.832955,-0.997461,Prior-operation reduced-DF frame
1631,True,13,39,-5.572669,-0.483984,3.126472,0.880095,-0.659079,Prior-operation reduced-DF frame
1632,True,13,30,-4.608579,-0.367812,2.40773,0.661456,-1.062571,Prior-operation reduced-DF frame
1633,True,14,31,-7.388617,-0.480394,3.27595,0.376302,-0.016244,Prior-operation reduced-DF frame
1634,True,14,33,-6.243828,-0.201939,2.957444,0.650601,-0.630076,Prior-operation reduced-DF frame
1635,True,13,37,-6.160011,-0.864137,2.775784,0.530448,0.051258,Prior-operation reduced-DF frame
1636,True,15,24,-7.395993,-0.004749,2.708924,0.658962,-0.371461,Prior-operation reduced-DF frame
1637,True,15,38,-7.832741,0.191864,2.11919,0.144929,0.023811,Prior-operation reduced-DF frame
1638,True,16,32,-8.248838,0.128554,2.495033,0.347052,0.048205,Prior-operation reduced-DF frame
1639,True,13,37,-4.497313,-0.232602,2.736006,0.892068,-1.264496,Prior-operation reduced-DF frame
1640,True,13,37,-4.539984,-0.332051,2.686111,0.931626,-1.138067,Prior-operation reduced-DF frame
1641,True,14,34,-7.363139,-0.323464,2.460916,0.389286,0.173048,Prior-operation reduced-DF frame
1642,True,13,36,-6.672387,-0.58512,2.73323,0.611739,0.048617,Prior-operation reduced-DF frame
1643,True,14,31,-6.860256,-0.121,2.424152,0.59077,-0.283068,Prior-operation reduced-DF frame
1644,True,13,32,-6.415633,-0.316756,2.795072,0.512012,-0.39471,Prior-operation reduced-DF frame
1645,True,13,35,-5.024559,-0.152479,2.152513,0.657364,-0.870083,Prior-operation reduced-DF frame
1646,True,15,32,-6.837383,-0.377326,3.214527,0.648388,-0.330747,Prior-operation reduced-DF frame
1647,True,17,30,-9.760781,-0.231951,2.5069,0.049648,1.054256,Prior-operation reduced-DF frame
1648,True,13,38,-3.542337,0.045747,2.75968,1.067749,-2.007742,Prior-operation reduced-DF frame
1649,True,17,28,-9.369932,-0.194477,2.106183,0.115736,0.949276,Prior-operation reduced-DF frame
1650,True,13,42,-7.273152,-0.435949,2.345142,0.487525,0.332902,Prior-operation reduced-DF frame
1651,True,13,42,-7.019217,-0.34831,3.186323,0.626153,-0.18601,Prior-operation reduced-DF frame
1652,True,13,31,-5.026688,-0.211007,3.255194,1.167184,-1.372426,Prior-operation reduced-DF frame
1653,True,18,36,-10.331385,-0.135196,3.017588,0.334178,0.986109,Prior-operation reduced-DF frame
1654,True,14,29,-6.323518,-0.229522,3.097378,0.7297,-0.669464,Prior-operation reduced-DF frame
1655,True,13,32,-5.246693,-0.195837,2.21992,0.66399,-0.824786,Prior-operation reduced-DF frame
1656,True,13,35,-4.679391,-0.013164,2.146081,0.748057,-1.195201,Prior-operation reduced-DF frame
1657,True,13,32,-6.028511,-0.332915,2.761551,0.528972,-0.492573,Prior-operation reduced-DF frame
1658,True,15,26,-7.190064,-0.370688,2.977273,0.6244,-0.179439,Prior-operation reduced-DF frame
1659,True,14,25,-6.674624,-0.587053,3.28609,0.627576,-0.356523,Prior-operation reduced-DF frame
1660,True,13,37,-5.461073,0.262879,2.90435,0.821973,-1.420373,Prior-operation reduced-DF frame
1661,True,13,37,-5.148878,-0.211495,2.850628,0.67547,-1.045708,Prior-operation reduced-DF frame
1662,True,19,22,-10.466741,-0.277673,3.186275,-0.118757,1.019778,Prior-operation reduced-DF frame
1663,True,13,34,-6.813548,-0.669762,2.975353,0.445394,0.08567,Prior-operation reduced-DF frame
1664,True,15,19,-5.977421,-0.132674,2.311109,0.758138,-0.799956,Prior-operation reduced-DF frame
1665,True,13,35,-5.137545,-0.329636,3.334352,0.881445,-1.094688,Prior-operation reduced-DF frame
1666,True,13,33,-5.432987,-0.028003,3.034755,0.801838,-1.192067,Prior-operation reduced-DF frame
1667,True,16,25,-8.055673,0.302388,2.162711,0.292974,-0.177146,Prior-operation reduced-DF frame
1668,True,13,37,-6.628241,-0.501276,2.740565,0.589765,-0.088854,Prior-operation reduced-DF frame
1669,True,14,34,-7.189144,-0.749302,2.944944,0.293831,0.347595,Prior-operation reduced-DF frame
1670,True,14,28,-6.539954,-0.920964,3.057907,0.626552,0.038856,Prior-operation reduced-DF frame
1671,True,13,35,-6.896292,-0.381459,3.241001,0.575053,-0.251893,Prior-operation reduced-DF frame
1672,True,14,33,-7.800221,-0.795729,3.305702,0.346361,0.47179,Prior-operation reduced-DF frame
1673,True,15,27,-5.945732,-0.031495,3.190229,0.712118,-1.167701,Prior-operation reduced-DF frame
1674,True,14,37,-7.262261,-0.838139,3.16719,0.596178,0.342417,Prior-operation reduced-DF frame
1675,True,14,32,-6.999759,-0.75,3.026264,0.649196,0.126356,Prior-operation reduced-DF frame
1676,True,14,33,-6.845329,-0.134169,2.34823,0.557297,-0.18474,Prior-operation reduced-DF frame
1677,True,19,29,-9.630955,-0.146721,2.792098,0.327081,0.763038,Prior-operation reduced-DF frame
1678,True,13,39,-5.584198,-0.605131,2.711193,0.819618,-0.39068,Prior-operation reduced-DF frame
1679,True,13,35,-5.007189,-0.511799,2.819654,0.685454,-0.809784,Prior-operation reduced-DF frame
1680,True,14,33,-6.058361,-0.146109,2.701265,0.562311,-0.655283,Prior-operation reduced-DF frame
1681,True,13,32,-5.073527,-0.533522,2.798227,0.686247,-0.807732,Prior-operation reduced-DF frame
1682,True,14,30,-7.684942,-0.511204,3.07895,0.170602,0.21806,Prior-operation reduced-DF frame
1683,True,14,31,-6.86182,-0.376358,2.795494,0.517522,-0.14765,Prior-operation reduced-DF frame
1684,True,15,26,-7.708209,-0.511477,2.770855,0.556597,0.228416,Prior-operation reduced-DF frame
1685,True,17,30,-8.549578,0.139968,2.081087,-0.058155,0.287251,Prior-operation reduced-DF frame
1686,True,14,24,-6.536182,-0.47331,3.157181,0.668011,-0.487127,Prior-operation reduced-DF frame
1687,True,15,34,-7.533678,-0.335229,2.512105,0.510909,0.236833,Prior-operation reduced-DF frame
1688,True,13,36,-5.574929,-0.290898,2.719625,0.786026,-0.725828,Prior-operation reduced-DF frame
1689,True,14,38,-7.09338,-0.205653,2.653202,0.400818,-0.106141,Prior-operation reduced-DF frame
1690,True,14,25,-6.320386,-0.336859,2.700333,0.679295,-0.476617,Prior-operation reduced-DF frame
1691,True,13,33,-5.348471,-0.10675,2.602253,0.625215,-0.963107,Prior-operation reduced-DF frame
1692,True,13,34,-4.010006,-0.275917,3.168469,0.96081,-1.64694,Prior-operation reduced-DF frame
1693,True,13,32,-5.487328,-0.595842,2.956313,0.695095,-0.632551,Prior-operation reduced-DF frame
1694,True,14,22,-6.499858,-0.392575,2.839267,0.594652,-0.402864,Prior-operation reduced-DF frame
1695,True,14,28,-7.031586,-0.490167,3.077127,0.747918,-0.127779,Prior-operation reduced-DF frame
1696,True,12,39,-4.959486,-0.506866,2.029474,0.570324,-0.485643,Prior-operation reduced-DF frame
1697,True,17,26,-10.208751,0.495129,2.719736,-0.203387,0.351428,Prior-operation reduced-DF frame
1698,True,14,30,-4.548925,-0.343167,2.624385,0.882967,-1.195117,Prior-operation reduced-DF frame
1699,True,19,26,-10.178089,-0.45006,2.742875,-0.024864,1.300827,Prior-operation reduced-DF frame
1700,True,13,31,-4.79758,-0.459097,1.973,0.537959,-0.675938,Prior-operation reduced-DF frame
1701,True,13,40,-6.054389,-0.443363,2.563907,0.619562,-0.237913,Prior-operation reduced-DF frame
1702,True,14,37,-5.790295,-0.216719,2.657787,0.52587,-0.640611,Prior-operation reduced-DF frame
1703,True,16,27,-7.091157,-0.384769,3.341131,0.552308,-0.315422,Prior-operation reduced-DF frame
1704,True,13,41,-4.874548,-0.261638,2.888413,0.737425,-1.098162,Prior-operation reduced-DF frame
1705,True,14,32,-5.693805,-0.713571,3.033553,0.860177,-0.483518,Prior-operation reduced-DF frame
1706,True,12,45,-6.166639,-0.286603,2.604322,0.709341,-0.325915,Prior-operation reduced-DF frame
1707,True,13,45,-5.088367,-0.393652,3.216923,0.864813,-0.92853,Prior-operation reduced-DF frame
1708,True,13,32,-5.945504,-0.542126,2.926016,0.735627,-0.411063,Prior-operation reduced-DF frame
1709,True,15,32,-7.757707,-0.370404,2.754589,0.384217,0.258661,Prior-operation reduced-DF frame
1710,True,14,27,-5.386019,-0.231477,2.826299,0.914859,-1.051266,Prior-operation reduced-DF frame
1711,True,19,26,-10.391219,-0.276597,2.522297,-0.163581,1.319195,Prior-operation reduced-DF frame
1712,True,16,26,-8.295027,0.002819,2.558033,0.322789,0.125047,Prior-operation reduced-DF frame
1713,True,13,36,-5.970403,-0.450776,3.360415,0.698998,-0.670359,Prior-operation reduced-DF frame
1714,True,16,27,-8.089336,-0.380427,2.773489,1.3e-05,0.34332,Prior-operation reduced-DF frame
1715,True,16,34,-10.325897,-0.253807,3.032572,-0.326201,1.202227,Prior-operation reduced-DF frame
1716,True,13,37,-5.375005,-0.495018,2.705994,0.543763,-0.604393,Prior-operation reduced-DF frame
1717,True,13,39,-6.102497,-0.351577,3.428863,0.633317,-0.648194,Prior-operation reduced-DF frame
1718,True,13,39,-7.185879,-0.277863,2.642424,0.389874,0.060194,Prior-operation reduced-DF frame
1719,True,15,24,-6.481185,-0.151466,3.177506,1.026881,-0.810713,Prior-operation reduced-DF frame
1720,True,14,32,-5.454858,-0.120268,2.579215,0.768214,-0.938211,Prior-operation reduced-DF frame
1721,True,13,35,-4.730004,-0.267449,2.180153,0.634552,-0.933836,Prior-operation reduced-DF frame
1722,True,14,40,-7.829024,-0.632307,3.006093,0.259703,0.533285,Prior-operation reduced-DF frame
1723,True,18,32,-10.586649,-0.450764,2.768217,-0.024256,1.530385,Prior-operation reduced-DF frame
1724,True,13,30,-4.668066,-0.443233,2.661567,0.809272,-1.024453,Prior-operation reduced-DF frame
1725,True,15,31,-7.795317,-0.634339,3.137997,0.416993,0.379223,Prior-operation reduced-DF frame
1726,True,15,25,-6.305359,-0.357936,2.737725,0.527528,-0.482153,Prior-operation reduced-DF frame
1727,True,13,36,-5.665261,-0.730349,2.317264,0.276205,-0.102003,Prior-operation reduced-DF frame
1728,True,15,19,-5.151127,-0.457108,3.084945,0.942422,-1.185163,Prior-operation reduced-DF frame
1729,True,14,32,-5.66138,-0.692795,3.395027,1.060901,-0.6474,Prior-operation reduced-DF frame
1730,True,14,32,-5.259597,-0.306622,3.270162,1.199029,-1.153704,Prior-operation reduced-DF frame
1731,True,13,31,-5.686535,-0.07789,3.163924,0.988665,-1.170667,Prior-operation reduced-DF frame
1732,True,13,28,-5.630448,-0.303313,2.324192,0.536509,-0.606265,Prior-operation reduced-DF frame
1733,True,14,30,-5.514199,-0.289752,3.117645,0.86588,-1.003727,Prior-operation reduced-DF frame
1734,True,13,39,-5.399584,-0.053265,2.393076,0.512046,-0.874236,Prior-operation reduced-DF frame
1735,True,17,17,-7.114506,-0.554227,3.147538,0.956075,-0.347247,Prior-operation reduced-DF frame
1736,True,13,31,-6.087359,-0.474397,2.999122,0.556911,-0.448805,Prior-operation reduced-DF frame
1737,True,13,38,-7.408518,-0.552975,2.875836,0.341243,0.299624,Prior-operation reduced-DF frame
1738,True,13,38,-5.841337,-0.10601,2.521133,0.836182,-0.735167,Prior-operation reduced-DF frame
1739,True,15,38,-8.615095,-0.577286,2.707027,0.340439,0.880173,Prior-operation reduced-DF frame
1740,True,14,34,-4.916162,-0.567346,2.851734,0.720048,-0.823329,Prior-operation reduced-DF frame
1741,True,14,29,-6.749831,-0.519926,3.209468,0.624079,-0.268154,Prior-operation reduced-DF frame
1742,True,16,33,-10.448973,-0.316016,2.915896,-0.099661,1.333749,Prior-operation reduced-DF frame
1743,True,13,33,-6.630536,-0.462327,2.917404,0.72039,-0.207489,Prior-operation reduced-DF frame
1744,True,13,30,-5.466438,-0.675849,2.612713,0.557938,-0.446126,Prior-operation reduced-DF frame
1745,True,13,35,-6.071324,-0.198893,2.135234,0.690103,-0.402302,Prior-operation reduced-DF frame
1746,True,12,39,-4.957849,-0.308288,2.270164,0.784903,-0.788752,Prior-operation reduced-DF frame
1747,True,14,30,-6.2135,-0.141991,2.688441,0.718617,-0.659545,Prior-operation reduced-DF frame
1748,True,16,37,-8.495432,-0.104037,2.076705,0.226509,0.614811,Prior-operation reduced-DF frame
1749,True,13,28,-4.975511,-0.148329,2.257514,0.823909,-1.070435,Prior-operation reduced-DF frame
1750,True,21,23,-11.493778,-0.400198,2.986374,0.022678,1.648742,Prior-operation reduced-DF frame
1751,True,14,31,-5.288819,-0.212459,3.421954,0.947803,-1.304079,Prior-operation reduced-DF frame
1752,True,13,41,-4.261154,-0.397352,2.892769,0.9336,-1.202481,Prior-operation reduced-DF frame
1753,True,14,33,-7.161389,-0.649463,3.106376,0.489124,0.120112,Prior-operation reduced-DF frame
1754,True,17,33,-10.828649,-0.294385,2.404897,-0.095963,1.662593,Prior-operation reduced-DF frame
1755,True,13,36,-6.027715,-0.213239,2.618746,0.611439,-0.578218,Prior-operation reduced-DF frame
1756,True,15,20,-6.667376,-0.632851,3.000638,0.765104,-0.288902,Prior-operation reduced-DF frame
1757,True,15,24,-7.011972,-0.97299,3.420426,0.473404,0.141625,Prior-operation reduced-DF frame
1758,True,14,31,-5.717253,-0.074003,2.637267,0.861355,-0.908599,Prior-operation reduced-DF frame
1759,True,14,30,-5.264578,-0.404071,2.024398,0.272204,-0.553982,Prior-operation reduced-DF frame
1760,True,16,21,-5.850767,0.289019,2.231618,0.524687,-1.227752,Prior-operation reduced-DF frame
1761,True,14,32,-7.734391,-0.315365,2.96329,0.393242,0.10393,Prior-operation reduced-DF frame
1762,True,17,28,-8.953931,-0.424993,2.227205,-0.122341,0.981826,Prior-operation reduced-DF frame
1763,True,13,37,-4.740225,-0.105488,2.73744,0.870582,-1.29837,Prior-operation reduced-DF frame
1764,True,14,31,-6.62959,-0.557609,3.694535,0.681217,-0.424137,Prior-operation reduced-DF frame
1765,True,15,35,-8.030937,-0.423101,2.895538,0.195118,0.422406,Prior-operation reduced-DF frame
1766,True,12,39,-5.379372,-0.321756,2.202024,0.622733,-0.532507,Prior-operation reduced-DF frame
1767,True,15,28,-7.919454,-0.564874,2.988233,0.440982,0.370055,Prior-operation reduced-DF frame
1768,True,15,20,-6.276118,-0.048899,2.674997,1.08158,-0.898628,Prior-operation reduced-DF frame
1769,True,14,31,-6.104579,0.026776,2.334512,0.508274,-0.725152,Prior-operation reduced-DF frame
1770,True,16,38,-9.165398,-0.23371,3.408565,0.253031,0.598607,Prior-operation reduced-DF frame
1771,True,14,28,-6.385069,-0.40898,2.70876,0.533555,-0.350999,Prior-operation reduced-DF frame
1772,True,13,42,-6.811237,-0.647548,3.349264,0.557314,-0.040992,Prior-operation reduced-DF frame
1773,True,14,41,-6.576944,-0.546058,3.755187,0.333539,-0.345246,Prior-operation reduced-DF frame
1774,True,15,31,-8.575904,-0.460555,2.332625,-0.027372,0.887423,Prior-operation reduced-DF frame
1775,True,14,35,-7.215306,-0.05189,2.882068,0.755387,-0.365071,Prior-operation reduced-DF frame
1776,True,18,25,-9.123919,-0.176067,3.196348,0.481861,0.341112,Prior-operation reduced-DF frame
1777,True,15,27,-6.134925,0.030806,2.205881,0.571133,-0.710379,Prior-operation reduced-DF frame
1778,True,13,40,-6.533762,-0.233029,2.005756,0.365187,-0.051905,Prior-operation reduced-DF frame
1779,True,13,34,-6.205975,-0.312679,3.222636,0.886158,-0.663835,Prior-operation reduced-DF frame
1780,True,13,44,-5.950402,-0.531687,3.388173,0.615783,-0.507628,Prior-operation reduced-DF frame
1781,True,14,30,-7.370229,-0.484542,2.344441,0.056197,0.390471,Prior-operation reduced-DF frame
1782,True,13,34,-5.117846,-0.08951,2.97605,0.895787,-1.247212,Prior-operation reduced-DF frame
1783,True,14,28,-6.664018,-0.187675,2.611357,0.621692,-0.428585,Prior-operation reduced-DF frame
1784,True,13,41,-5.594727,-0.751903,2.778944,0.787176,-0.239273,Prior-operation reduced-DF frame
1785,True,16,35,-9.571615,-0.486328,2.813933,0.182729,1.147116,Prior-operation reduced-DF frame
1786,True,14,30,-6.30009,-0.295804,2.511187,0.628308,-0.390314,Prior-operation reduced-DF frame
1787,True,15,32,-7.919105,-0.580721,2.77111,0.116202,0.543308,Prior-operation reduced-DF frame
1788,True,13,37,-6.942589,-0.45373,2.40746,0.501677,0.160362,Prior-operation reduced-DF frame
1789,True,14,32,-6.106798,-0.962985,2.94281,0.485224,-0.038888,Prior-operation reduced-DF frame
1790,True,13,31,-5.23349,-0.355639,2.455851,0.904849,-0.765781,Prior-operation reduced-DF frame
1791,True,14,31,-6.584764,-0.052987,2.522266,0.523708,-0.510464,Prior-operation reduced-DF frame
1792,True,15,26,-6.957595,-0.359202,3.010632,0.814006,-0.310678,Prior-operation reduced-DF frame
1793,True,14,28,-5.618469,-0.358811,2.449123,0.66415,-0.640956,Prior-operation reduced-DF frame
1794,True,13,38,-3.880511,-0.571497,2.300798,0.580819,-1.028832,Prior-operation reduced-DF frame
1795,True,14,28,-5.678046,-0.736869,4.074465,1.045658,-0.917317,Prior-operation reduced-DF frame
1796,True,13,38,-5.869075,-0.117574,2.338614,0.52799,-0.575125,Prior-operation reduced-DF frame
1797,True,14,26,-5.734675,-0.501971,2.908568,0.773414,-0.643527,Prior-operation reduced-DF frame
1798,True,14,31,-6.411825,-0.650348,3.006242,0.502597,-0.191999,Prior-operation reduced-DF frame
1799,True,20,28,-12.618537,-0.134725,2.617602,-0.27505,2.063087,Prior-operation reduced-DF frame
1800,True,13,41,-6.995031,-0.660906,2.652002,0.286415,0.329406,Prior-operation reduced-DF frame
1801,True,14,28,-6.70674,-0.63495,3.54421,0.749218,-0.328482,Prior-operation reduced-DF frame
1802,True,14,32,-4.922079,-0.554371,3.866716,1.026673,-1.201301,Prior-operation reduced-DF frame
1803,True,13,31,-5.041644,-0.192602,3.067073,0.973146,-1.227827,Prior-operation reduced-DF frame
1804,True,13,33,-5.553381,-0.414758,3.067742,0.732065,-0.777691,Prior-operation reduced-DF frame
1805,True,14,27,-6.128169,-0.255339,3.208976,0.772016,-0.834253,Prior-operation reduced-DF frame
1806,True,19,19,-8.901335,-0.150009,2.986138,1.145099,0.045587,Prior-operation reduced-DF frame
1807,True,13,40,-6.771815,-0.450431,3.141343,0.64044,-0.152003,Prior-operation reduced-DF frame
1808,True,13,37,-5.310033,-0.173958,2.769026,0.785949,-0.975114,Prior-operation reduced-DF frame
1809,True,14,32,-5.024266,-0.59231,2.689985,0.814937,-0.735682,Prior-operation reduced-DF frame
1810,True,17,31,-9.515964,-0.475275,2.696824,0.316718,1.065586,Prior-operation reduced-DF frame
1811,True,13,36,-6.081209,-0.271579,2.735686,0.715974,-0.526969,Prior-operation reduced-DF frame
1812,True,14,31,-4.929065,-0.351552,2.854026,0.989754,-1.066983,Prior-operation reduced-DF frame
1813,True,14,28,-6.929107,-0.314417,2.512102,0.516655,-0.120787,Prior-operation reduced-DF frame
1814,True,14,25,-5.102608,-0.146233,3.77831,1.055195,-1.690878,Prior-operation reduced-DF frame
1815,True,13,39,-6.718765,-0.542078,3.466453,0.589818,-0.244344,Prior-operation reduced-DF frame
1816,True,15,22,-6.258441,-0.424604,2.877898,0.939089,-0.592292,Prior-operation reduced-DF frame
1817,True,13,33,-3.215229,-0.220736,2.657474,0.762624,-1.911304,Prior-operation reduced-DF frame
1818,True,13,43,-6.232915,-0.227922,3.122934,0.844843,-0.638207,Prior-operation reduced-DF frame
1819,True,16,25,-7.873757,-0.265645,4.308886,0.956398,-0.636189,Prior-operation reduced-DF frame
1820,True,14,21,-4.615613,-0.183149,2.538347,0.875824,-1.45039,Prior-operation reduced-DF frame
1821,True,15,36,-7.950308,-0.486879,3.183613,0.553215,0.308789,Prior-operation reduced-DF frame
1822,True,13,32,-4.93916,-0.297715,2.322616,0.745828,-0.883185,Prior-operation reduced-DF frame
1823,True,17,31,-8.69412,-0.06088,3.089795,0.390284,0.189305,Prior-operation reduced-DF frame
1824,True,14,31,-7.073019,-0.665191,3.408606,0.575133,-0.041884,Prior-operation reduced-DF frame
1825,True,15,30,-8.373884,-0.792665,2.369701,0.512714,0.986279,Prior-operation reduced-DF frame
1826,True,13,39,-5.415193,-0.461573,3.221942,0.777953,-0.768022,Prior-operation reduced-DF frame
1827,True,14,26,-6.954541,-0.448696,2.772215,0.657779,-0.121139,Prior-operation reduced-DF frame
1828,True,13,34,-4.395851,-0.25695,2.926524,0.837532,-1.341043,Prior-operation reduced-DF frame
1829,True,13,31,-5.502305,-0.263169,2.61185,0.73825,-0.807442,Prior-operation reduced-DF frame
1830,True,13,40,-5.284762,-0.64125,3.520094,0.957222,-0.807519,Prior-operation reduced-DF frame
1831,True,14,34,-6.818752,-0.337983,3.40912,0.720588,-0.45471,Prior-operation reduced-DF frame
1832,True,12,47,-4.804224,0.139338,2.897415,0.772416,-1.469454,Prior-operation reduced-DF frame
1833,True,15,28,-6.606055,-0.029681,2.844916,0.669672,-0.683487,Prior-operation reduced-DF frame
1834,True,13,38,-5.272249,-0.456718,2.623644,0.764725,-0.628782,Prior-operation reduced-DF frame
1835,True,15,33,-7.647161,-0.309669,2.665924,0.262594,0.219793,Prior-operation reduced-DF frame
1836,True,14,35,-6.339213,-0.022086,2.921065,0.763757,-0.782033,Prior-operation reduced-DF frame
1837,True,13,38,-7.289997,-0.24097,2.459122,0.406005,0.1254,Prior-operation reduced-DF frame
1838,True,14,32,-5.790377,-0.330293,3.06987,0.932972,-0.802791,Prior-operation reduced-DF frame
1839,True,14,34,-6.285026,-0.302675,3.362452,0.760899,-0.628373,Prior-operation reduced-DF frame
1840,True,13,40,-5.745571,0.112119,2.320573,0.500188,-0.824975,Prior-operation reduced-DF frame
1841,True,14,27,-7.040809,-0.454852,2.488461,0.506205,0.044652,Prior-operation reduced-DF frame
1842,True,15,31,-7.515223,-0.36821,3.209852,0.59139,-0.082457,Prior-operation reduced-DF frame
1843,True,13,36,-5.644464,-0.597471,3.082007,0.66867,-0.535742,Prior-operation reduced-DF frame
1844,True,14,28,-6.141379,-0.06824,2.680207,0.865179,-0.789825,Prior-operation reduced-DF frame
1845,True,13,36,-6.071648,-0.214106,2.577621,0.651611,-0.509828,Prior-operation reduced-DF frame
1846,True,14,34,-6.878597,-0.370263,2.503627,0.084417,-0.02455,Prior-operation reduced-DF frame
1847,True,14,41,-5.90283,-0.212265,3.121867,0.789921,-0.789447,Prior-operation reduced-DF frame
1848,True,14,28,-6.193692,-0.421225,2.98348,0.698801,-0.525052,Prior-operation reduced-DF frame
1849,True,14,31,-7.005842,-0.156777,2.384506,0.373215,-0.149113,Prior-operation reduced-DF frame
1850,True,13,30,-5.52726,-0.357554,1.974199,0.553841,-0.474804,Prior-operation reduced-DF frame
1851,True,17,27,-9.300822,-0.32967,2.771365,0.135472,0.840311,Prior-operation reduced-DF frame
1852,True,13,38,-5.682356,-0.467626,3.70052,0.815032,-0.844701,Prior-operation reduced-DF frame
1853,True,14,24,-5.385835,-0.411976,2.216316,0.553592,-0.645063,Prior-operation reduced-DF frame
1854,True,14,36,-7.683874,-0.266226,2.060569,0.294787,0.41874,Prior-operation reduced-DF frame
1855,True,14,32,-4.766877,-0.542167,3.202604,1.060351,-1.100501,Prior-operation reduced-DF frame
1856,True,13,36,-5.507059,-0.483193,2.865379,0.43388,-0.640692,Prior-operation reduced-DF frame
1857,True,14,35,-5.937009,0.156738,2.751967,0.547955,-1.047707,Prior-operation reduced-DF frame
1858,True,14,25,-7.402425,-0.181183,2.357342,0.407916,-0.017808,Prior-operation reduced-DF frame
1859,True,15,26,-7.149323,-0.186781,3.780446,0.681361,-0.691887,Prior-operation reduced-DF frame
1860,True,13,32,-6.909552,-0.087789,2.021563,0.348557,-0.100425,Prior-operation reduced-DF frame
1861,True,13,36,-5.656701,-0.217861,2.610529,0.661452,-0.700767,Prior-operation reduced-DF frame
1862,True,13,35,-5.542114,-0.467123,2.491815,0.706638,-0.474755,Prior-operation reduced-DF frame
1863,True,13,37,-5.989651,-0.410616,2.699267,0.407529,-0.356608,Prior-operation reduced-DF frame
1864,True,13,37,-7.441774,-0.678913,3.479128,0.48565,0.187957,Prior-operation reduced-DF frame
1865,True,14,40,-7.591291,-0.147463,2.42183,0.327716,0.146631,Prior-operation reduced-DF frame
1866,True,13,32,-5.502744,0.335596,2.308641,0.603554,-1.273173,Prior-operation reduced-DF frame
1867,True,13,37,-5.681744,-0.324727,3.647342,0.728533,-1.000436,Prior-operation reduced-DF frame
1868,True,16,40,-7.641641,0.052619,2.138151,0.617413,0.032229,Prior-operation reduced-DF frame
1869,True,16,23,-7.458337,-0.480654,3.390099,0.621888,-0.195207,Prior-operation reduced-DF frame
1870,True,14,28,-6.069791,-0.534784,3.192679,0.718854,-0.568199,Prior-operation reduced-DF frame
1871,True,14,31,-6.869966,-0.405783,2.728358,0.682857,-0.10814,Prior-operation reduced-DF frame
1872,True,14,34,-5.986313,-0.301117,3.830668,0.974445,-1.028207,Prior-operation reduced-DF frame
1873,True,15,35,-9.093703,-0.48925,3.345572,0.19423,0.763938,Prior-operation reduced-DF frame
1874,True,18,27,-9.389566,-0.237861,2.981666,0.242587,0.676656,Prior-operation reduced-DF frame
1875,True,13,36,-5.36866,-0.453757,3.431357,0.80261,-0.937374,Prior-operation reduced-DF frame
1876,True,13,31,-5.148637,-0.195733,3.070163,0.937093,-1.207509,Prior-operation reduced-DF frame
1877,True,14,36,-6.790492,-0.457983,2.893846,0.621703,-0.109325,Prior-operation reduced-DF frame
1878,True,14,29,-4.874251,-0.560395,3.080183,0.996129,-1.021884,Prior-operation reduced-DF frame
1879,True,16,29,-8.697368,-0.35208,2.469488,0.360532,0.668971,Prior-operation reduced-DF frame
1880,True,14,27,-6.527981,-0.80407,2.7966,0.526925,0.009696,Prior-operation reduced-DF frame
1881,True,13,39,-6.993262,-0.481122,3.062018,0.508725,-0.008871,Prior-operation reduced-DF frame
1882,True,14,31,-7.283431,-0.244767,2.576322,0.463244,-0.025399,Prior-operation reduced-DF frame
1883,True,13,31,-6.166542,-0.198968,3.292762,0.801176,-0.831871,Prior-operation reduced-DF frame
1884,True,16,29,-8.225446,-0.051338,2.659721,0.272848,0.137467,Prior-operation reduced-DF frame
1885,True,13,36,-6.134429,-0.469094,3.293015,0.608005,-0.506915,Prior-operation reduced-DF frame
1886,True,14,35,-7.303785,0.035733,2.413914,0.532506,-0.195518,Prior-operation reduced-DF frame
1887,True,13,35,-5.704674,-0.362977,1.993945,0.349007,-0.334651,Prior-operation reduced-DF frame
1888,True,13,35,-4.955212,0.014452,2.208156,0.88329,-1.141246,Prior-operation reduced-DF frame
1889,True,16,27,-8.551533,-0.387317,3.047575,0.594274,0.37425,Prior-operation reduced-DF frame
1890,True,14,25,-5.484833,-0.216245,2.006577,0.431569,-0.710958,Prior-operation reduced-DF frame
1891,True,14,31,-6.315911,-0.152414,3.263453,0.716798,-0.827714,Prior-operation reduced-DF frame
1892,True,13,37,-6.008408,-0.417969,2.525409,0.765841,-0.330811,Prior-operation reduced-DF frame
1893,True,17,35,-10.436566,-0.499062,2.784141,-0.174812,1.563449,Prior-operation reduced-DF frame
1894,True,14,32,-6.341604,-0.619664,2.898607,0.268015,-0.188079,Prior-operation reduced-DF frame
1895,True,14,32,-6.146072,-0.350379,2.973698,0.31172,-0.524148,Prior-operation reduced-DF frame
1896,True,14,33,-7.894857,-0.56452,2.698484,0.278329,0.549057,Prior-operation reduced-DF frame
1897,True,13,39,-5.788126,-0.260686,2.924185,0.63289,-0.695733,Prior-operation reduced-DF frame
1898,True,13,36,-5.071316,-0.360273,2.777561,0.647735,-0.908848,Prior-operation reduced-DF frame
1899,True,13,39,-5.423146,-0.400498,2.810637,0.764044,-0.703797,Prior-operation reduced-DF frame
1900,True,14,31,-6.842892,-0.361722,2.558711,0.509707,-0.098852,Prior-operation reduced-DF frame
1901,True,14,28,-5.836806,0.108502,3.224946,0.968822,-1.372738,Prior-operation reduced-DF frame
1902,True,14,33,-5.495796,-0.051765,3.359736,1.148616,-1.312125,Prior-operation reduced-DF frame
1903,True,14,47,-7.815554,-0.221747,3.11589,0.528632,0.136651,Prior-operation reduced-DF frame
1904,True,15,34,-7.929385,-0.275916,2.570403,0.229403,0.380982,Prior-operation reduced-DF frame
1905,True,19,31,-16.181645,-0.201105,2.746295,-0.867864,3.654319,Prior-operation reduced-DF frame
1906,True,14,29,-6.522377,-0.17106,2.363882,0.436722,-0.368011,Prior-operation reduced-DF frame
1907,True,14,31,-5.326931,-0.975343,4.347873,0.815901,-0.943027,Prior-operation reduced-DF frame
1908,True,14,29,-6.715971,-0.429457,2.439421,0.654419,-0.085546,Prior-operation reduced-DF frame
1909,True,17,30,-9.682832,-0.09962,2.852993,0.056106,0.788025,Prior-operation reduced-DF frame
1910,True,13,33,-6.925646,-0.46969,2.348591,0.41304,0.167866,Prior-operation reduced-DF frame
1911,True,14,27,-4.851793,-0.336133,2.667792,0.821157,-1.127164,Prior-operation reduced-DF frame
1912,True,14,27,-7.833858,-0.353872,3.69579,0.645797,-0.1261,Prior-operation reduced-DF frame
1913,True,19,34,-13.428047,-0.276979,2.813491,-0.459196,2.572315,Prior-operation reduced-DF frame
1914,True,13,33,-5.180384,-0.456255,2.578137,0.717571,-0.721084,Prior-operation reduced-DF frame
1915,True,15,27,-5.682839,0.270036,2.585014,0.976931,-1.300435,Prior-operation reduced-DF frame
1916,True,13,37,-5.375239,-0.476251,3.873267,0.877969,-1.056822,Prior-operation reduced-DF frame
1917,True,14,26,-5.298335,-0.605091,2.596026,0.53744,-0.613359,Prior-operation reduced-DF frame
1918,True,14,26,-5.605209,-0.339889,2.696735,0.598803,-0.770572,Prior-operation reduced-DF frame
1919,True,12,45,-5.439715,-0.007002,2.494891,0.815166,-0.901911,Prior-operation reduced-DF frame
1920,True,15,42,-9.419917,-0.081518,2.177428,-0.194682,1.044558,Prior-operation reduced-DF frame
1921,True,14,38,-7.828221,-0.612887,3.083843,0.369389,0.438707,Prior-operation reduced-DF frame
1922,True,13,37,-5.092435,0.028049,2.754441,0.786234,-1.239205,Prior-operation reduced-DF frame
1923,True,14,31,-7.034182,-0.411087,3.516204,0.771999,-0.332378,Prior-operation reduced-DF frame
1924,True,13,31,-5.979108,-0.525343,2.343784,0.554833,-0.239132,Prior-operation reduced-DF frame
1925,True,14,32,-7.734075,-0.460311,2.766902,0.536034,0.328811,Prior-operation reduced-DF frame
1926,True,14,30,-5.497633,-0.255308,1.843856,0.4722,-0.533527,Prior-operation reduced-DF frame
1927,True,13,34,-4.589047,-0.246689,2.728168,0.86297,-1.260395,Prior-operation reduced-DF frame
1928,True,14,33,-6.355534,-0.772296,2.908723,0.705621,-0.060086,Prior-operation reduced-DF frame
1929,True,15,29,-6.327233,0.045247,2.382074,0.446162,-0.677402,Prior-operation reduced-DF frame
1930,True,16,25,-8.810212,-0.62654,2.696284,0.321089,0.869438,Prior-operation reduced-DF frame
1931,True,14,30,-6.673417,-0.171828,2.749278,0.720051,-0.470612,Prior-operation reduced-DF frame
1932,True,14,43,-8.313811,-0.459991,2.714346,0.123041,0.744435,Prior-operation reduced-DF frame
1933,True,14,33,-6.584535,-0.043324,2.513937,0.711569,-0.526501,Prior-operation reduced-DF frame
1934,True,15,30,-7.76307,-0.052961,3.252466,0.686182,-0.301814,Prior-operation reduced-DF frame
1935,True,14,33,-6.471407,-0.042615,2.637942,0.642942,-0.591392,Prior-operation reduced-DF frame
1936,True,14,25,-7.293879,-0.226605,2.649082,0.590283,-0.162611,Prior-operation reduced-DF frame
1937,True,14,34,-6.953887,-0.626182,3.871396,0.411827,-0.256358,Prior-operation reduced-DF frame
1938,True,14,35,-6.305824,-0.480215,3.232721,0.87275,-0.464976,Prior-operation reduced-DF frame
1939,True,13,35,-4.82708,-0.548875,3.167879,0.752404,-1.001803,Prior-operation reduced-DF frame
1940,True,13,35,-6.03567,-0.790132,2.802218,0.580263,-0.103846,Prior-operation reduced-DF frame
1941,True,14,27,-4.967132,-0.101441,2.260173,0.900786,-1.150402,Prior-operation reduced-DF frame
1942,True,13,37,-5.306033,-0.391487,2.505053,0.828902,-0.647915,Prior-operation reduced-DF frame
1943,True,13,42,-7.01932,-0.474527,3.318713,0.729761,-0.13422,Prior-operation reduced-DF frame
1944,True,14,34,-6.307246,-0.159038,3.029532,0.677112,-0.637484,Prior-operation reduced-DF frame
1945,True,12,43,-5.053739,0.039323,2.719209,0.759456,-1.180928,Prior-operation reduced-DF frame
1946,True,15,23,-6.919236,-0.418749,3.648466,0.992221,-0.581154,Prior-operation reduced-DF frame
1947,True,14,28,-5.761824,-0.174026,2.991502,0.631419,-0.972566,Prior-operation reduced-DF frame
1948,True,13,39,-5.308287,-0.496296,3.254908,0.856359,-0.843897,Prior-operation reduced-DF frame
1949,True,13,39,-4.083911,-0.395108,3.173965,0.786574,-1.475926,Prior-operation reduced-DF frame
1950,True,13,36,-6.729218,-0.21569,2.120019,0.316281,-0.067643,Prior-operation reduced-DF frame
1951,True,14,23,-4.968751,-0.137989,2.653229,0.880991,-1.3279,Prior-operation reduced-DF frame
1952,True,15,33,-7.456657,-0.164037,2.166937,0.789393,0.052565,Prior-operation reduced-DF frame
1953,True,16,33,-9.654175,-0.479646,3.118743,0.185674,1.024327,Prior-operation reduced-DF frame
1954,True,14,30,-7.211176,-0.676464,3.855218,0.688932,-0.158582,Prior-operation reduced-DF frame
1955,True,13,37,-6.359211,-0.477413,2.839479,0.733559,-0.22855,Prior-operation reduced-DF frame
1956,True,17,30,-8.870253,0.085472,2.371289,0.017747,0.431774,Prior-operation reduced-DF frame
1957,True,14,30,-5.632749,-0.184877,2.820191,0.643812,-0.921896,Prior-operation reduced-DF frame
1958,True,16,34,-8.617295,-0.029873,2.721045,0.325749,0.297955,Prior-operation reduced-DF frame
1959,True,13,38,-6.058356,-0.300651,2.723339,0.600416,-0.511898,Prior-operation reduced-DF frame
1960,True,13,47,-6.92456,-0.302871,2.294633,0.389532,0.173021,Prior-operation reduced-DF frame
1961,True,13,28,-4.819068,-0.147056,2.416933,0.716382,-1.200136,Prior-operation reduced-DF frame
1962,True,17,30,-9.813745,-0.541218,2.912138,-0.096492,1.243404,Prior-operation reduced-DF frame
1963,True,14,36,-7.572514,-0.646173,3.625889,0.679772,0.146377,Prior-operation reduced-DF frame
1964,True,13,32,-5.756355,-0.103766,2.410354,0.911056,-0.780327,Prior-operation reduced-DF frame
1965,True,13,32,-4.676525,-0.325841,2.406525,0.739944,-1.035769,Prior-operation reduced-DF frame
1966,True,16,35,-8.695659,-0.102358,2.578702,0.291332,0.483813,Prior-operation reduced-DF frame
1967,True,13,37,-6.245875,-0.39191,2.687113,0.574968,-0.285118,Prior-operation reduced-DF frame
1968,True,13,35,-5.882152,-0.428021,2.661385,0.485349,-0.414706,Prior-operation reduced-DF frame
1969,True,14,32,-6.354972,-0.69933,3.209881,0.513614,-0.196552,Prior-operation reduced-DF frame
1970,True,15,31,-7.448846,0.240418,1.642134,0.636484,-0.148925,Prior-operation reduced-DF frame
1971,True,13,30,-3.90306,-0.163342,2.234269,0.787709,-1.49024,Prior-operation reduced-DF frame
1972,True,14,30,-5.825904,-0.023598,3.14823,0.791532,-1.158998,Prior-operation reduced-DF frame
1973,True,16,31,-8.673181,0.009366,2.687743,0.243853,0.293145,Prior-operation reduced-DF frame
1974,True,13,35,-5.656568,-0.55425,2.704665,0.620832,-0.44708,Prior-operation reduced-DF frame
1975,True,13,38,-5.353734,-0.213453,3.272878,0.942208,-1.095305,Prior-operation reduced-DF frame
1976,True,13,42,-6.059654,-0.354989,3.198131,0.833855,-0.568863,Prior-operation reduced-DF frame
1977,True,13,36,-5.175025,-0.312876,2.764081,0.862216,-0.930708,Prior-operation reduced-DF frame
1978,True,13,33,-6.188794,-0.464221,3.195951,0.558506,-0.507403,Prior-operation reduced-DF frame
1979,True,13,41,-5.411118,-0.473543,2.876971,0.511461,-0.612253,Prior-operation reduced-DF frame
1980,True,13,41,-5.02061,-0.126301,2.809295,0.820381,-1.09964,Prior-operation reduced-DF frame
1981,True,14,28,-6.621953,-0.538445,2.912982,0.377572,-0.17544,Prior-operation reduced-DF frame
1982,True,13,35,-4.622368,0.067312,2.867777,0.909805,-1.594063,Prior-operation reduced-DF frame
1983,True,14,28,-7.898588,-0.483743,3.501119,0.568286,0.094869,Prior-operation reduced-DF frame
1984,True,14,25,-6.78349,-0.246901,3.076615,0.868661,-0.592927,Prior-operation reduced-DF frame
1985,True,13,31,-5.353752,-0.263818,2.798784,0.664275,-0.907904,Prior-operation reduced-DF frame
1986,True,14,29,-5.298396,-0.233823,2.413947,0.888844,-0.892744,Prior-operation reduced-DF frame
1987,True,13,41,-6.389758,0.033284,2.229319,0.585505,-0.475382,Prior-operation reduced-DF frame
1988,True,12,46,-4.461984,-0.450612,2.715908,0.750024,-0.961222,Prior-operation reduced-DF frame
1989,True,14,44,-6.581415,-0.193391,2.778333,0.530648,-0.305231,Prior-operation reduced-DF frame
1990,True,13,29,-5.057705,-0.029024,2.673122,0.887124,-1.282684,Prior-operation reduced-DF frame
1991,True,13,32,-6.373002,-0.352194,3.08094,0.558727,-0.486382,Prior-operation reduced-DF frame
1992,True,14,33,-8.099619,-0.492337,3.310682,0.38833,0.355996,Prior-operation reduced-DF frame
1993,True,14,28,-6.776284,-0.447866,2.92295,0.807064,-0.222627,Prior-operation reduced-DF frame
1994,True,13,33,-5.203547,-0.619489,2.91989,0.793322,-0.662779,Prior-operation reduced-DF frame
1995,True,14,35,-7.403332,-0.027602,2.645777,0.242028,-0.163336,Prior-operation reduced-DF frame
1996,True,15,35,-8.062498,-0.149971,2.046131,0.131208,0.486904,Prior-operation reduced-DF frame
1997,True,14,37,-6.363419,-0.161528,2.757994,0.687746,-0.534367,Prior-operation reduced-DF frame
1998,True,13,33,-6.136015,-0.411842,1.810242,0.450972,-0.048214,Prior-operation reduced-DF frame
0,True,16,24,-8.007397,-0.488395,2.340148,0.320366,0.456303,Same-episode reduced-DF frame
1,True,17,31,-10.166278,-0.494396,2.452781,0.032167,1.46004,Same-episode reduced-DF frame
2,True,15,27,-6.891416,-0.946576,3.658675,0.76341,-0.039179,Same-episode reduced-DF frame
3,True,16,21,-9.121747,-1.305638,2.852961,0.007041,1.379361,Same-episode reduced-DF frame
4,True,14,31,-8.224551,-0.903618,3.387608,0.343115,0.659227,Same-episode reduced-DF frame
5,True,15,22,-6.621116,-0.983386,3.379056,0.610777,-0.109796,Same-episode reduced-DF frame
6,True,15,19,-4.990542,-1.007143,2.101439,0.581608,-0.435498,Same-episode reduced-DF frame
7,True,15,23,-6.884966,-1.035338,2.395556,0.265068,0.427637,Same-episode reduced-DF frame
8,True,17,24,-8.769631,-0.549032,2.650816,0.38113,0.710287,Same-episode reduced-DF frame
9,True,14,29,-5.364405,-0.398755,3.312722,0.914555,-1.074226,Same-episode reduced-DF frame
10,True,14,34,-5.736598,-0.576206,2.548986,0.471372,-0.388618,Same-episode reduced-DF frame
11,True,14,32,-5.571806,-0.595609,2.544152,0.557274,-0.480881,Same-episode reduced-DF frame
12,True,16,24,-8.358849,-0.853862,2.740051,-0.16211,0.808026,Same-episode reduced-DF frame
13,True,15,22,-6.390506,-0.581793,2.218376,0.523848,-0.142025,Same-episode reduced-DF frame
14,True,14,30,-6.216271,-0.643024,2.47838,0.499117,-0.107211,Same-episode reduced-DF frame
15,True,16,24,-7.173109,-0.584829,2.683266,0.275339,0.079727,Same-episode reduced-DF frame
16,True,15,27,-5.950875,-1.214905,3.797491,0.762353,-0.29331,Same-episode reduced-DF frame
17,True,15,20,-5.920075,-0.784173,2.732323,0.599563,-0.386972,Same-episode reduced-DF frame
18,True,14,31,-5.745629,-0.927723,2.466594,0.444363,-0.085135,Same-episode reduced-DF frame
19,True,15,30,-10.35329,-0.907499,2.923997,-0.178335,1.765914,Same-episode reduced-DF frame
20,True,16,30,-9.685831,-1.047696,2.918835,-0.144939,1.624407,Same-episode reduced-DF frame
21,True,15,24,-6.964358,-0.589714,2.374343,0.443023,0.110454,Same-episode reduced-DF frame
22,True,14,24,-5.932758,-0.435045,1.992154,0.320321,-0.339955,Same-episode reduced-DF frame
23,True,15,18,-5.996681,-1.093558,2.977978,0.438325,-0.194831,Same-episode reduced-DF frame
24,True,14,24,-4.862327,-0.531564,1.966781,0.669452,-0.740189,Same-episode reduced-DF frame
25,True,17,28,-9.93935,-0.616967,2.919538,-0.176779,1.274869,Same-episode reduced-DF frame
26,True,14,42,-5.946221,-0.800891,2.911305,0.546431,-0.120862,Same-episode reduced-DF frame
27,True,15,25,-7.06262,-0.910762,2.261461,0.648321,0.41807,Same-episode reduced-DF frame
28,True,18,16,-10.019088,-0.756629,2.605385,0.172275,1.315854,Same-episode reduced-DF frame
29,True,14,24,-5.172362,-0.391995,2.271263,0.630606,-0.821542,Same-episode reduced-DF frame
30,True,15,26,-7.764119,-0.802074,2.829128,0.183376,0.515393,Same-episode reduced-DF frame
31,True,15,24,-6.346273,-1.436449,3.314654,0.472815,0.174161,Same-episode reduced-DF frame
32,True,15,24,-5.415584,-0.415021,2.089215,0.576944,-0.666146,Same-episode reduced-DF frame
33,True,15,20,-6.645577,-0.60513,3.223295,0.58873,-0.436425,Same-episode reduced-DF frame
34,True,15,20,-7.012968,-1.022925,2.663333,0.171729,0.322054,Same-episode reduced-DF frame
35,True,14,32,-5.263957,-1.116317,3.377235,0.79313,-0.433023,Same-episode reduced-DF frame
36,True,16,22,-9.635612,-1.13994,3.780294,0.029117,1.188044,Same-episode reduced-DF frame
37,True,16,30,-10.950521,-1.343842,3.928794,-0.077729,1.997979,Same-episode reduced-DF frame
38,True,17,18,-6.204698,-0.323939,3.313454,0.681626,-0.981786,Same-episode reduced-DF frame
39,True,15,23,-6.290572,-0.78797,2.729785,0.221362,-0.191388,Same-episode reduced-DF frame
40,True,14,30,-6.505908,-0.862649,3.412861,0.719771,-0.14537,Same-episode reduced-DF frame
41,True,16,26,-8.122128,-0.930345,3.016183,0.688245,0.610202,Same-episode reduced-DF frame
42,True,16,20,-8.446885,-0.924897,2.845635,0.283798,0.83791,Same-episode reduced-DF frame
43,True,19,11,-9.634509,-1.363746,3.000746,0.152772,1.375856,Same-episode reduced-DF frame
44,True,17,19,-8.537773,-0.958854,2.739042,-0.078751,0.905015,Same-episode reduced-DF frame
45,True,15,20,-4.594662,-0.281052,2.380779,0.50949,-1.397327,Same-episode reduced-DF frame
46,True,14,27,-5.653108,-0.72015,2.902791,0.41122,-0.490529,Same-episode reduced-DF frame
47,True,16,19,-6.543035,-0.384325,2.922918,0.714077,-0.570433,Same-episode reduced-DF frame
48,True,13,27,-5.089266,0.045677,2.390107,0.892239,-1.330108,Same-episode reduced-DF frame
49,True,16,19,-6.839379,-0.560618,2.397434,0.391056,-0.05222,Same-episode reduced-DF frame
50,True,15,19,-6.340946,-0.626277,3.087541,0.795442,-0.514192,Same-episode reduced-DF frame
51,True,17,19,-7.690027,-0.423056,2.528332,0.800127,0.042855,Same-episode reduced-DF frame
52,True,16,20,-7.35046,-0.700519,2.998303,0.621673,0.067764,Same-episode reduced-DF frame
53,True,15,29,-7.854929,-1.118919,3.175958,0.156161,0.77457,Same-episode reduced-DF frame
54,True,16,24,-8.461152,-0.330135,2.903231,0.301449,0.337465,Same-episode reduced-DF frame
55,True,17,20,-10.1671,-0.613037,3.343761,0.132209,1.055747,Same-episode reduced-DF frame
56,True,18,21,-11.414943,-1.073093,3.347609,0.128878,2.010426,Same-episode reduced-DF frame
57,True,16,19,-4.273383,-0.829731,3.50739,0.913702,-1.424667,Same-episode reduced-DF frame
58,True,21,19,-10.015736,-0.456114,2.907344,0.068701,1.023169,Same-episode reduced-DF frame
59,True,14,28,-5.431343,-0.512788,2.919924,0.793473,-0.801475,Same-episode reduced-DF frame
60,True,15,26,-7.52751,-0.647713,2.464465,0.343327,0.411106,Same-episode reduced-DF frame
61,True,15,18,-5.700022,-0.801068,2.417572,0.373956,-0.421725,Same-episode reduced-DF frame
62,True,15,33,-8.262673,-0.551519,2.797876,0.28822,0.639523,Same-episode reduced-DF frame
63,True,16,30,-9.141233,-0.469855,2.616452,0.072804,0.940953,Same-episode reduced-DF frame
64,True,16,23,-9.370753,-0.817816,2.497361,-0.082705,1.259719,Same-episode reduced-DF frame
65,True,15,26,-6.779016,-0.875976,3.002422,0.401868,0.07826,Same-episode reduced-DF frame
66,True,16,22,-8.866073,-0.877005,3.343257,0.082649,0.825526,Same-episode reduced-DF frame
67,True,16,28,-10.012342,-1.15266,3.269182,0.238394,1.630616,Same-episode reduced-DF frame
68,True,17,24,-8.508556,-0.548584,2.694144,0.475309,0.597146,Same-episode reduced-DF frame
69,True,17,18,-7.450412,-0.866731,2.875712,0.502811,0.248897,Same-episode reduced-DF frame
70,True,16,29,-8.948346,-0.447264,2.465178,0.239355,0.859045,Same-episode reduced-DF frame
71,True,15,41,-8.428161,-0.715546,3.038388,0.236355,0.816862,Same-episode reduced-DF frame
72,True,15,26,-7.400992,-0.579184,2.48747,0.319421,0.271874,Same-episode reduced-DF frame
73,True,16,18,-7.542983,-0.566897,4.318821,0.661864,-0.505275,Same-episode reduced-DF frame
74,True,17,12,-6.433598,-0.837622,3.351524,1.047703,-0.571267,Same-episode reduced-DF frame
75,True,15,25,-6.530389,-0.654816,3.044079,0.660889,-0.261583,Same-episode reduced-DF frame
76,True,15,25,-6.667369,-0.843373,2.631494,0.458517,0.091472,Same-episode reduced-DF frame
77,True,18,25,-13.004959,-0.554361,2.947237,-0.309189,2.432697,Same-episode reduced-DF frame
78,True,15,19,-6.228238,-0.780996,2.896728,1.056757,-0.398721,Same-episode reduced-DF frame
79,True,15,26,-7.349723,-0.931858,3.126118,0.550381,0.359217,Same-episode reduced-DF frame
80,True,15,23,-7.658059,-1.139483,3.453031,0.704913,0.431113,Same-episode reduced-DF frame
81,True,16,19,-7.296219,-0.502415,2.522582,0.311776,0.025857,Same-episode reduced-DF frame
82,True,15,26,-7.442471,-1.186448,3.043105,0.09595,0.615523,Same-episode reduced-DF frame
83,True,15,26,-7.463168,-0.632963,2.777379,0.260934,0.233312,Same-episode reduced-DF frame
84,True,15,16,-5.186533,-0.172592,2.645788,0.691546,-1.342588,Same-episode reduced-DF frame
85,True,17,18,-7.444389,-0.611637,2.896823,0.347876,0.026384,Same-episode reduced-DF frame
86,True,15,26,-7.593094,-0.772808,3.362953,0.558556,0.235156,Same-episode reduced-DF frame
87,True,14,29,-4.925811,-0.511962,2.879309,0.846798,-1.016315,Same-episode reduced-DF frame
88,True,17,21,-9.314993,-0.853124,3.55847,0.43635,0.85023,Same-episode reduced-DF frame
89,True,14,29,-5.50273,-0.512904,2.50592,0.639724,-0.608131,Same-episode reduced-DF frame
90,True,20,22,-18.121541,-0.496063,3.410699,-1.197812,4.364982,Same-episode reduced-DF frame
91,True,16,22,-8.579129,-1.059566,3.339798,0.326468,0.78905,Same-episode reduced-DF frame
92,True,14,27,-4.586733,-0.583214,2.544111,0.75628,-0.950438,Same-episode reduced-DF frame
93,True,16,17,-6.178262,-0.742895,2.571392,0.533194,-0.304637,Same-episode reduced-DF frame
94,True,16,26,-8.693617,-0.898718,2.851764,0.340125,0.943834,Same-episode reduced-DF frame
95,True,16,19,-6.272729,-0.729377,3.010741,0.359964,-0.431771,Same-episode reduced-DF frame
96,True,15,25,-5.796982,-0.719761,3.025797,0.677448,-0.509631,Same-episode reduced-DF frame
97,True,15,23,-4.961842,-0.244229,2.660424,0.602117,-1.244936,Same-episode reduced-DF frame
98,True,15,23,-5.588189,-0.621251,3.311025,0.896952,-0.866414,Same-episode reduced-DF frame
99,True,15,27,-6.930425,-0.854052,3.473827,0.747545,-0.05178,Same-episode reduced-DF frame
100,True,14,27,-6.290846,-0.401088,2.727089,0.613299,-0.459131,Same-episode reduced-DF frame
101,True,16,20,-5.064463,-0.699535,3.059907,0.656251,-0.959197,Same-episode reduced-DF frame
102,True,16,16,-6.27664,-1.102183,2.445485,0.345027,0.042992,Same-episode reduced-DF frame
103,True,13,38,-5.839942,-0.687885,2.749276,0.638899,-0.291986,Same-episode reduced-DF frame
104,True,15,23,-7.214259,-0.647937,2.351515,0.286446,0.264761,Same-episode reduced-DF frame
105,True,17,22,-9.759365,-0.640542,3.463787,0.309356,0.872707,Same-episode reduced-DF frame
106,True,15,24,-7.014165,-0.523469,2.683541,0.462003,-0.058978,Same-episode reduced-DF frame
107,True,15,21,-6.177714,0.010181,2.314009,0.605308,-0.86518,Same-episode reduced-DF frame
108,True,15,24,-6.606879,-0.841283,3.225234,0.413273,-0.144688,Same-episode reduced-DF frame
109,True,14,28,-8.241382,-1.174353,3.185445,0.123022,0.942406,Same-episode reduced-DF frame
110,True,14,29,-6.299611,-0.806938,2.469011,0.373084,0.057463,Same-episode reduced-DF frame
111,True,14,29,-5.922394,-0.402953,2.547251,0.703075,-0.553108,Same-episode reduced-DF frame
112,True,14,28,-5.254996,-0.434851,2.404899,0.626789,-0.755395,Same-episode reduced-DF frame
113,True,14,29,-4.642043,-0.425589,2.373917,0.730173,-1.003055,Same-episode reduced-DF frame
114,True,16,29,-11.234722,-0.866357,3.386868,-0.417865,1.90062,Same-episode reduced-DF frame
115,True,17,26,-8.936732,-0.782497,3.184224,0.153649,0.883288,Same-episode reduced-DF frame
116,True,16,25,-7.841611,-0.916846,3.133021,0.269964,0.527116,Same-episode reduced-DF frame
117,True,15,20,-5.379869,-0.646605,3.163718,0.911524,-0.92369,Same-episode reduced-DF frame
118,True,15,18,-5.939493,-0.440875,2.212089,0.830211,-0.568451,Same-episode reduced-DF frame
119,True,16,22,-6.579372,-0.619286,3.06295,0.269922,-0.322417,Same-episode reduced-DF frame
120,True,17,18,-7.369865,-0.536793,2.355207,0.354734,0.12984,Same-episode reduced-DF frame
121,True,25,21,-28.892888,-0.629891,3.243427,-2.670774,8.97498,Same-episode reduced-DF frame
122,True,15,27,-5.971481,-0.702176,3.025014,0.818727,-0.437315,Same-episode reduced-DF frame
123,True,16,22,-6.863961,-0.843089,2.710706,0.208092,0.133642,Same-episode reduced-DF frame
124,True,15,23,-5.807081,-0.689529,2.953312,0.345931,-0.565585,Same-episode reduced-DF frame
125,True,15,21,-7.099966,-0.675899,3.224682,1.006803,-0.179896,Same-episode reduced-DF frame
126,True,16,19,-6.831765,-1.05301,3.68646,0.702605,-0.127039,Same-episode reduced-DF frame
127,True,15,24,-6.775856,-0.744284,2.561736,0.360328,0.121467,Same-episode reduced-DF frame
128,True,14,33,-5.769954,-1.027362,2.400952,0.085177,0.044595,Same-episode reduced-DF frame
129,True,16,17,-6.569374,-0.659115,2.660353,0.572585,-0.244068,Same-episode reduced-DF frame
130,True,13,40,-5.765422,-0.66844,2.68754,0.374254,-0.234133,Same-episode reduced-DF frame
131,True,15,27,-6.599477,-0.781744,2.590643,0.539466,0.059432,Same-episode reduced-DF frame
132,True,18,18,-6.901599,-0.281592,2.181252,0.312348,-0.260771,Same-episode reduced-DF frame
133,True,16,22,-6.405983,-0.910051,2.905765,0.357797,-0.085176,Same-episode reduced-DF frame
134,True,18,14,-7.060057,-0.563095,3.102825,0.537781,-0.364243,Same-episode reduced-DF frame
135,True,17,25,-9.581545,-0.745059,2.801295,0.056901,1.23088,Same-episode reduced-DF frame
136,True,15,28,-6.672152,-0.833168,2.714066,0.306924,0.122546,Same-episode reduced-DF frame
137,True,15,19,-4.927545,-0.276493,3.085636,0.956359,-1.481636,Same-episode reduced-DF frame
138,True,16,21,-6.466728,-0.791918,2.82165,0.981222,-0.234747,Same-episode reduced-DF frame
139,True,14,34,-6.154839,-0.893713,2.474177,0.424207,0.141567,Same-episode reduced-DF frame
140,True,15,17,-5.989288,-0.279561,2.484665,0.598536,-0.772389,Same-episode reduced-DF frame
141,True,17,15,-7.62923,-1.235446,3.118956,0.2559,0.507786,Same-episode reduced-DF frame
142,True,18,15,-7.021484,-0.203071,2.944905,0.597367,-0.654423,Same-episode reduced-DF frame
143,True,17,18,-6.92979,-0.59447,2.765174,0.519223,-0.120444,Same-episode reduced-DF frame
144,True,14,27,-4.427654,-0.628778,3.253119,1.007479,-1.253766,Same-episode reduced-DF frame
145,True,16,25,-8.020497,-0.518851,3.223159,0.294435,0.196181,Same-episode reduced-DF frame
146,True,19,16,-9.283879,-0.66349,3.192318,0.248181,0.734899,Same-episode reduced-DF frame
147,True,14,24,-4.900575,-0.627531,2.383523,0.572968,-0.76774,Same-episode reduced-DF frame
148,True,15,29,-6.265907,-0.22379,2.242803,0.674655,-0.447488,Same-episode reduced-DF frame
149,True,14,24,-6.060972,0.195224,2.789592,0.735936,-1.227835,Same-episode reduced-DF frame
150,True,14,26,-6.953843,-1.089437,3.108406,0.59331,0.273974,Same-episode reduced-DF frame
151,True,15,28,-7.326085,-0.700074,2.739178,0.597884,0.253407,Same-episode reduced-DF frame
152,True,15,27,-7.289596,-0.379657,2.712927,0.706602,-0.072289,Same-episode reduced-DF frame
153,True,17,18,-8.021449,-0.783288,2.736088,0.754014,0.401566,Same-episode reduced-DF frame
154,True,16,20,-7.423774,-1.162566,2.946617,0.399165,0.489475,Same-episode reduced-DF frame
155,True,16,18,-8.668787,-0.968282,2.623071,0.435293,0.963982,Same-episode reduced-DF frame
156,True,15,23,-5.726719,-0.982055,2.793412,0.692667,-0.289159,Same-episode reduced-DF frame
157,True,18,25,-12.522978,-0.528732,2.841462,-0.753425,2.330494,Same-episode reduced-DF frame
158,True,15,21,-6.258863,-1.183252,1.988815,0.407286,0.342185,Same-episode reduced-DF frame
159,True,16,24,-9.065215,-0.888933,2.432369,-0.110189,1.300506,Same-episode reduced-DF frame
160,True,15,26,-7.800226,-0.794081,3.158216,0.227877,0.423387,Same-episode reduced-DF frame
161,True,16,28,-8.989043,-0.738369,2.925469,0.129043,0.995606,Same-episode reduced-DF frame
162,True,20,21,-13.57736,-0.8625,3.733458,-0.480195,2.631956,Same-episode reduced-DF frame
163,True,15,28,-7.230743,-0.813503,2.83184,0.325151,0.330171,Same-episode reduced-DF frame
164,True,17,23,-10.112064,-0.463708,2.966178,0.319316,1.079291,Same-episode reduced-DF frame
165,True,15,28,-5.617197,-0.752591,2.472589,0.661191,-0.346307,Same-episode reduced-DF frame
166,True,17,20,-9.49941,-0.373242,2.929934,0.096918,0.736182,Same-episode reduced-DF frame
167,True,14,30,-5.443035,-0.74237,3.115302,0.676159,-0.60196,Same-episode reduced-DF frame
168,True,15,26,-7.808429,-0.704588,2.239398,0.038397,0.671978,Same-episode reduced-DF frame
169,True,14,35,-7.522237,-0.860168,2.935898,0.294789,0.554372,Same-episode reduced-DF frame
170,True,16,25,-9.496865,-0.476567,2.952974,0.08412,0.923976,Same-episode reduced-DF frame
171,True,14,26,-4.790168,-0.992401,2.033629,0.402763,-0.38811,Same-episode reduced-DF frame
172,True,16,22,-7.049877,-0.948307,2.963554,0.20624,0.189355,Same-episode reduced-DF frame
173,True,15,30,-7.356378,-0.38658,2.301667,0.645196,0.147802,Same-episode reduced-DF frame
174,True,15,26,-5.308548,-0.918445,2.993238,0.703756,-0.522923,Same-episode reduced-DF frame
175,True,13,41,-7.235959,-0.808247,3.047572,0.689947,0.374711,Same-episode reduced-DF frame
176,True,14,30,-5.315308,-0.612027,1.895559,0.248291,-0.381486,Same-episode reduced-DF frame
177,True,15,22,-6.057694,-0.645768,2.501272,0.395974,-0.320159,Same-episode reduced-DF frame
178,True,17,19,-7.363129,-0.504007,2.345675,-0.008129,0.105209,Same-episode reduced-DF frame
179,True,15,24,-6.051808,-1.16178,3.409761,0.649365,-0.169014,Same-episode reduced-DF frame
180,True,15,33,-7.047859,-0.813293,3.275095,0.58603,0.124172,Same-episode reduced-DF frame
181,True,19,28,-15.460357,-0.728589,3.095832,-0.934409,3.692923,Same-episode reduced-DF frame
182,True,15,27,-7.850864,-1.109196,2.824097,0.094462,0.8508,Same-episode reduced-DF frame
183,True,17,25,-12.465459,-1.297116,3.884528,-0.006487,2.481327,Same-episode reduced-DF frame
184,True,15,31,-8.303307,-0.650244,2.703725,0.178699,0.725704,Same-episode reduced-DF frame
185,True,16,22,-7.498507,-0.724945,3.608744,0.819703,-0.073059,Same-episode reduced-DF frame
186,True,16,26,-9.402991,-0.881806,3.065327,0.149507,1.177997,Same-episode reduced-DF frame
187,True,14,30,-7.284741,-1.222968,3.035283,0.100211,0.663013,Same-episode reduced-DF frame
188,True,20,17,-12.840225,-0.874957,3.064789,-0.516921,2.521771,Same-episode reduced-DF frame
189,True,14,24,-6.413037,-0.537927,2.255284,0.491135,-0.168336,Same-episode reduced-DF frame
190,True,16,18,-6.088464,-0.580335,2.789254,0.633757,-0.543814,Same-episode reduced-DF frame
191,True,14,27,-6.578446,-0.934479,3.100579,0.662968,0.017517,Same-episode reduced-DF frame
192,True,16,21,-8.041301,-1.465338,3.278726,0.221336,0.916348,Same-episode reduced-DF frame
193,True,15,23,-7.396259,-1.267897,2.876087,0.416335,0.658543,Same-episode reduced-DF frame
194,True,17,15,-6.762081,-1.073371,3.549651,0.467885,-0.1867,Same-episode reduced-DF frame
195,True,15,25,-5.318347,-0.793199,2.467255,0.633841,-0.452569,Same-episode reduced-DF frame
196,True,16,22,-6.023997,-0.491686,3.019127,0.339032,-0.707524,Same-episode reduced-DF frame
197,True,16,21,-6.685186,-0.664796,3.137994,0.581267,-0.332057,Same-episode reduced-DF frame
198,True,15,19,-5.542152,-0.130451,2.579158,0.650781,-1.128861,Same-episode reduced-DF frame
199,True,37,11,-19.999138,-0.961469,3.834813,-1.425092,5.164231,Same-episode reduced-DF frame
200,True,23,16,-10.66942,-0.568877,2.917931,-0.119209,1.357514,Same-episode reduced-DF frame
201,True,15,26,-6.475588,-0.90895,2.763236,0.491797,0.023431,Same-episode reduced-DF frame
202,True,15,24,-7.3036,-0.980726,2.748677,0.29262,0.444981,Same-episode reduced-DF frame
203,True,14,30,-6.921611,-0.708975,1.966265,0.243243,0.434982,Same-episode reduced-DF frame
204,True,16,19,-7.352462,-0.791398,3.030369,0.581633,0.073735,Same-episode reduced-DF frame
205,True,16,21,-7.23585,-1.215947,2.593751,0.43489,0.591619,Same-episode reduced-DF frame
206,True,21,24,-22.706478,-1.110324,3.180034,-1.996737,6.945505,Same-episode reduced-DF frame
207,True,15,23,-6.258934,-0.641474,2.595501,0.541654,-0.275008,Same-episode reduced-DF frame
208,True,15,19,-5.595443,-0.242211,2.55449,0.721626,-1.000545,Same-episode reduced-DF frame
209,True,14,26,-4.845465,-0.737781,2.81661,0.607879,-0.851074,Same-episode reduced-DF frame
210,True,14,39,-6.117423,-0.777825,2.680781,0.355718,-0.020764,Same-episode reduced-DF frame
211,True,15,25,-6.993557,-0.814117,2.764881,0.371387,0.231963,Same-episode reduced-DF frame
212,True,14,28,-5.796086,-0.717682,2.81429,0.253758,-0.420553,Same-episode reduced-DF frame
213,True,16,21,-5.765952,-0.604575,3.226807,0.569924,-0.790692,Same-episode reduced-DF frame
214,True,16,26,-10.59036,-0.489481,3.32237,-0.113934,1.279875,Same-episode reduced-DF frame
215,True,16,23,-8.563963,-0.760922,2.591493,0.049904,0.841201,Same-episode reduced-DF frame
216,True,16,20,-8.228327,-0.81382,4.393751,0.890137,-0.045557,Same-episode reduced-DF frame
217,True,14,22,-4.845469,-0.465936,2.067781,0.751201,-0.890474,Same-episode reduced-DF frame
218,True,16,18,-7.918741,-0.854671,3.108857,0.532502,0.384924,Same-episode reduced-DF frame
219,True,15,27,-7.461172,-0.939666,2.925837,0.398799,0.481161,Same-episode reduced-DF frame
220,True,16,23,-7.290427,-0.513438,2.546009,0.480398,0.055192,Same-episode reduced-DF frame
221,True,17,16,-6.448033,-0.571559,3.108057,0.687426,-0.595948,Same-episode reduced-DF frame
222,True,17,19,-6.863109,-0.410649,3.082816,0.412022,-0.49535,Same-episode reduced-DF frame
223,True,15,24,-6.793058,-0.724895,3.365652,0.541803,-0.222584,Same-episode reduced-DF frame
224,True,16,19,-7.986451,-0.637459,2.367788,0.228225,0.522547,Same-episode reduced-DF frame
225,True,16,23,-7.336945,-0.80126,2.925846,0.419563,0.228637,Same-episode reduced-DF frame
226,True,15,25,-7.107051,-1.098162,3.602214,0.352937,0.18183,Same-episode reduced-DF frame
227,True,14,27,-6.012537,-1.295544,2.72296,0.306961,0.174283,Same-episode reduced-DF frame
228,True,16,20,-7.951418,-1.012282,2.795217,0.26602,0.666574,Same-episode reduced-DF frame
229,True,15,24,-5.882182,-0.517871,2.604518,0.439266,-0.519718,Same-episode reduced-DF frame
230,True,15,28,-7.840837,-0.488779,2.912706,0.493476,0.243902,Same-episode reduced-DF frame
231,True,15,23,-6.868915,-0.386803,2.874068,0.843521,-0.376312,Same-episode reduced-DF frame
232,True,14,25,-4.372438,-0.685077,3.093638,0.755064,-1.181506,Same-episode reduced-DF frame
233,True,15,24,-7.304011,-1.003483,3.312678,0.513395,0.246312,Same-episode reduced-DF frame
234,True,14,29,-5.443693,-1.222442,3.453713,0.750337,-0.365675,Same-episode reduced-DF frame
235,True,15,24,-5.716987,-0.673565,2.01437,0.277858,-0.244895,Same-episode reduced-DF frame
236,True,17,18,-7.366681,-0.590255,2.903231,0.787549,-0.077571,Same-episode reduced-DF frame
237,True,15,21,-5.629936,-1.147986,2.768361,0.518833,-0.259405,Same-episode reduced-DF frame
238,True,17,24,-11.848891,-1.086792,3.326881,-0.111285,2.245083,Same-episode reduced-DF frame
239,True,17,18,-6.197086,-0.70472,2.928595,0.624919,-0.446141,Same-episode reduced-DF frame
240,True,19,26,-18.956609,-0.790599,2.988697,-1.628479,5.239938,Same-episode reduced-DF frame
241,True,16,30,-8.398214,-0.666536,2.634697,0.159488,0.78816,Same-episode reduced-DF frame
242,True,14,30,-5.323467,-0.750126,2.806847,0.590912,-0.543016,Same-episode reduced-DF frame
243,True,15,26,-7.21463,-0.583463,2.713975,0.238175,0.112474,Same-episode reduced-DF frame
244,True,14,30,-7.132255,-0.790838,3.03397,0.746131,0.153857,Same-episode reduced-DF frame
245,True,16,16,-5.007911,-0.417971,2.731641,0.402125,-1.324539,Same-episode reduced-DF frame
246,True,14,31,-5.85464,-0.722215,2.622215,0.574195,-0.258576,Same-episode reduced-DF frame
247,True,16,20,-6.494611,-0.499002,2.569835,0.543211,-0.334252,Same-episode reduced-DF frame
248,True,14,29,-7.632707,-0.734293,3.00467,0.356829,0.372895,Same-episode reduced-DF frame
249,True,14,30,-7.177082,-0.72465,2.740537,0.139027,0.274287,Same-episode reduced-DF frame
250,True,17,13,-4.763244,-0.440921,2.777767,0.794502,-1.43903,Same-episode reduced-DF frame
251,True,17,21,-8.268625,-0.81678,2.9313,0.322294,0.582915,Same-episode reduced-DF frame
252,True,18,17,-7.860646,-0.54933,2.985518,0.355262,0.098366,Same-episode reduced-DF frame
253,True,15,25,-6.719477,-0.860415,2.753942,0.307828,0.12342,Same-episode reduced-DF frame
254,True,15,33,-7.512487,-0.518843,2.674613,0.412292,0.28424,Same-episode reduced-DF frame
255,True,14,32,-5.324647,-0.686069,2.718693,0.644686,-0.553974,Same-episode reduced-DF frame
256,True,14,31,-7.31919,-1.274068,3.225564,0.226582,0.664537,Same-episode reduced-DF frame
257,True,14,25,-4.923019,-0.505513,3.036574,0.616407,-1.101947,Same-episode reduced-DF frame
258,True,15,21,-5.87419,-0.684012,2.976122,0.995936,-0.617523,Same-episode reduced-DF frame
259,True,15,24,-6.043861,-0.631634,3.004588,0.565899,-0.492422,Same-episode reduced-DF frame
260,True,17,21,-9.523303,-0.506146,3.652543,0.319156,0.601005,Same-episode reduced-DF frame
261,True,15,26,-7.415899,-0.357391,2.712235,0.599698,-0.054983,Same-episode reduced-DF frame
262,True,16,25,-7.210885,-0.492304,2.780696,0.53987,-0.030278,Same-episode reduced-DF frame
263,True,15,28,-10.137155,-0.62225,3.114279,-0.168543,1.323705,Same-episode reduced-DF frame
264,True,15,21,-5.912439,-0.866389,3.42597,0.700199,-0.561208,Same-episode reduced-DF frame
265,True,14,26,-7.018014,-0.906301,3.115711,0.421832,0.183634,Same-episode reduced-DF frame
266,True,16,19,-7.848843,-0.743571,2.529409,0.363984,0.483547,Same-episode reduced-DF frame
267,True,15,28,-6.78809,-0.447533,2.735497,0.647092,-0.20447,Same-episode reduced-DF frame
268,True,15,20,-6.373746,-0.943472,2.582608,0.479347,0.019158,Same-episode reduced-DF frame
269,True,14,29,-5.791339,-0.307806,2.404299,0.582555,-0.628831,Same-episode reduced-DF frame
270,True,16,23,-7.638706,-0.682795,2.329903,0.62198,0.440223,Same-episode reduced-DF frame
271,True,14,23,-5.445708,-0.340059,2.89262,0.684122,-1.01116,Same-episode reduced-DF frame
272,True,15,28,-7.166977,-1.032862,3.391489,0.797063,0.240024,Same-episode reduced-DF frame
273,True,14,32,-7.81507,-0.720233,3.577066,0.678886,0.244236,Same-episode reduced-DF frame
274,True,15,29,-5.988554,-0.696731,2.915426,0.632515,-0.378219,Same-episode reduced-DF frame
275,True,16,20,-6.532185,-0.687818,2.587543,0.469568,-0.167449,Same-episode reduced-DF frame
276,True,16,16,-5.334147,-0.444787,2.351036,0.512593,-0.912771,Same-episode reduced-DF frame
277,True,15,28,-8.315803,-0.761329,2.640838,0.097178,0.812472,Same-episode reduced-DF frame
278,True,16,24,-7.575225,-0.785207,2.616534,0.142139,0.465204,Same-episode reduced-DF frame
279,True,14,29,-5.132958,-0.649996,2.297619,0.516704,-0.566305,Same-episode reduced-DF frame
280,True,15,20,-5.628473,-1.065496,3.124861,0.784965,-0.449535,Same-episode reduced-DF frame
281,True,14,28,-5.505245,-0.439659,2.817228,0.732984,-0.775807,Same-episode reduced-DF frame
282,True,15,27,-7.922333,-0.364827,2.760589,0.420161,0.174472,Same-episode reduced-DF frame
283,True,16,22,-7.44381,-0.54805,2.850232,0.449859,0.017811,Same-episode reduced-DF frame
284,True,33,10,-62.084801,-0.828563,2.332217,-7.992035,22.934632,Same-episode reduced-DF frame
285,True,14,34,-6.04028,-0.447279,2.489411,0.399585,-0.330186,Same-episode reduced-DF frame
286,True,15,19,-6.128463,-0.254958,2.345653,0.838975,-0.686034,Same-episode reduced-DF frame
287,True,15,25,-7.61482,-1.446728,3.05416,0.417316,0.845382,Same-episode reduced-DF frame
288,True,15,25,-6.257063,-0.696829,2.797973,0.758441,-0.301377,Same-episode reduced-DF frame
289,True,15,22,-5.861254,-0.492302,2.550054,0.506898,-0.563762,Same-episode reduced-DF frame
290,True,15,24,-7.200854,-1.227186,2.789753,0.307401,0.561829,Same-episode reduced-DF frame
291,True,15,24,-7.115146,-0.540095,2.301637,0.3171,0.164242,Same-episode reduced-DF frame
292,True,15,27,-6.250925,-0.622298,2.417371,0.757213,-0.198186,Same-episode reduced-DF frame
293,True,16,31,-9.477805,-0.884537,3.491274,0.112279,1.145023,Same-episode reduced-DF frame
294,True,21,14,-11.068658,-1.03949,2.210762,-0.552397,2.120953,Same-episode reduced-DF frame
295,True,15,20,-6.938535,-1.039381,2.928934,0.443774,0.212847,Same-episode reduced-DF frame
296,True,14,35,-5.825537,-0.790937,3.014016,0.652273,-0.294652,Same-episode reduced-DF frame
297,True,13,33,-5.459704,-0.682801,2.412562,0.511446,-0.350069,Same-episode reduced-DF frame
298,True,16,25,-7.8604,-0.374571,2.610697,0.184504,0.239717,Same-episode reduced-DF frame
299,True,14,31,-5.344859,-0.855167,3.376022,0.635131,-0.639216,Same-episode reduced-DF frame
300,True,14,26,-6.46179,-0.816255,3.296439,0.610133,-0.22829,Same-episode reduced-DF frame
301,True,15,19,-6.449675,-0.67047,3.362169,0.642523,-0.433689,Same-episode reduced-DF frame
302,True,14,25,-6.672977,-1.066637,2.923738,0.313205,0.219872,Same-episode reduced-DF frame
303,True,14,26,-6.25738,-0.653323,2.567972,0.572996,-0.1664,Same-episode reduced-DF frame
304,True,16,19,-7.302604,-1.29706,3.588152,0.357128,0.348066,Same-episode reduced-DF frame
305,True,15,21,-4.50833,-0.88759,3.401739,0.751107,-1.219017,Same-episode reduced-DF frame
306,True,14,28,-5.331627,-1.033225,3.054846,0.751234,-0.435681,Same-episode reduced-DF frame
307,True,15,21,-8.088064,-0.601531,3.230666,0.275908,0.275889,Same-episode reduced-DF frame
308,True,18,21,-11.155401,-0.972601,2.600075,0.190945,2.041892,Same-episode reduced-DF frame
309,True,17,21,-8.741701,-1.239132,3.23307,0.634572,0.962501,Same-episode reduced-DF frame
310,True,15,27,-9.628478,-0.741832,2.214822,0.1144,1.451629,Same-episode reduced-DF frame
311,True,15,23,-6.501912,-0.717543,3.374307,0.872123,-0.373523,Same-episode reduced-DF frame
312,True,17,22,-8.612805,-0.7304,2.811081,0.096104,0.779108,Same-episode reduced-DF frame
313,True,16,19,-7.312814,-0.390171,2.727554,0.426561,-0.134724,Same-episode reduced-DF frame
314,True,15,23,-6.059923,-1.038505,2.467408,0.340379,0.018871,Same-episode reduced-DF frame
315,True,18,27,-11.462406,-1.044358,2.634134,-0.213669,2.371398,Same-episode reduced-DF frame
316,True,14,28,-6.904274,-0.730809,2.295629,0.356257,0.316334,Same-episode reduced-DF frame
317,True,16,20,-6.607085,-1.182631,3.145012,0.137333,0.050528,Same-episode reduced-DF frame
318,True,14,26,-4.830099,-0.838333,2.997147,0.891704,-0.812257,Same-episode reduced-DF frame
319,True,17,19,-8.913152,-0.917273,2.722821,0.485087,0.959946,Same-episode reduced-DF frame
320,True,16,20,-6.14437,-0.754178,1.88323,0.509943,-0.040311,Same-episode reduced-DF frame
321,True,16,18,-6.305018,-0.896258,2.55633,0.364859,-0.089089,Same-episode reduced-DF frame
322,True,14,24,-5.317422,-0.030347,2.412155,0.585519,-1.184549,Same-episode reduced-DF frame
323,True,17,26,-10.93192,-1.039195,2.589811,-0.225629,2.175854,Same-episode reduced-DF frame
324,True,15,24,-6.584822,-0.891513,3.300367,0.733144,-0.157994,Same-episode reduced-DF frame
325,True,14,26,-7.242345,-1.077213,3.316085,0.47966,0.346708,Same-episode reduced-DF frame
326,True,14,26,-5.284491,-0.689374,2.932888,0.634644,-0.731522,Same-episode reduced-DF frame
327,True,15,21,-6.799808,-1.169846,2.877644,0.224719,0.307479,Same-episode reduced-DF frame
328,True,16,17,-6.062397,-0.992882,4.223168,0.792797,-0.783091,Same-episode reduced-DF frame
329,True,14,24,-5.094101,-0.072276,2.336076,0.475351,-1.24344,Same-episode reduced-DF frame
330,True,17,25,-10.840786,-1.153391,3.872069,0.122708,1.684195,Same-episode reduced-DF frame
331,True,14,28,-6.639824,-1.217241,2.46381,0.072012,0.53178,Same-episode reduced-DF frame
332,True,14,29,-6.153228,-1.214066,3.42296,0.329679,0.008652,Same-episode reduced-DF frame
333,True,17,20,-10.696199,-1.157748,3.718297,0.444894,1.5556,Same-episode reduced-DF frame
334,True,25,19,-22.120242,-0.323528,1.585822,-1.904676,6.409497,Same-episode reduced-DF frame
335,True,15,22,-6.011702,-0.730639,2.612757,0.588124,-0.328971,Same-episode reduced-DF frame
336,True,18,25,-11.408479,-0.298506,2.464347,-0.186029,1.729182,Same-episode reduced-DF frame
337,True,16,21,-7.572,-0.86492,3.425264,0.656027,0.201165,Same-episode reduced-DF frame
338,True,16,25,-7.60703,-0.440532,3.186059,0.4651,-0.042426,Same-episode reduced-DF frame
339,True,16,17,-5.488734,-0.785268,2.245041,0.318259,-0.4935,Same-episode reduced-DF frame
340,True,15,21,-5.97697,-0.313662,2.37172,0.434078,-0.670562,Same-episode reduced-DF frame
341,True,15,22,-7.301299,-1.311147,3.724044,0.667476,0.315073,Same-episode reduced-DF frame
342,True,15,29,-6.039153,-0.76665,3.361239,0.450276,-0.393141,Same-episode reduced-DF frame
343,True,16,25,-8.857753,-0.845072,3.070002,0.291201,0.87806,Same-episode reduced-DF frame
344,True,15,24,-5.785686,-0.959148,2.841024,0.310157,-0.261397,Same-episode reduced-DF frame
345,True,15,25,-6.337997,-0.648243,2.486618,0.440045,-0.127951,Same-episode reduced-DF frame
346,True,15,27,-8.499039,-0.324847,2.423653,-0.286988,0.536971,Same-episode reduced-DF frame
347,True,21,23,-15.167,-0.89284,3.407716,-0.582401,3.496051,Same-episode reduced-DF frame
348,True,15,24,-7.027897,-0.601243,2.751155,0.447851,-0.014455,Same-episode reduced-DF frame
349,True,16,19,-5.159683,-1.483581,3.346581,0.503197,-0.431233,Same-episode reduced-DF frame
350,True,18,32,-9.830114,-0.535433,2.80397,0.010642,1.268696,Same-episode reduced-DF frame
351,True,15,24,-5.882295,-0.365486,2.610312,0.455886,-0.719946,Same-episode reduced-DF frame
352,True,15,24,-5.678852,-0.734439,2.58292,0.426408,-0.414147,Same-episode reduced-DF frame
353,True,15,26,-8.129633,-0.959944,2.90121,0.052959,0.782247,Same-episode reduced-DF frame
354,True,17,20,-8.082631,-0.399296,2.494925,-0.176686,0.271469,Same-episode reduced-DF frame
355,True,16,24,-8.053432,-0.693962,2.414853,0.251846,0.662127,Same-episode reduced-DF frame
356,True,16,19,-7.485085,-0.400344,2.653283,0.503271,-0.049541,Same-episode reduced-DF frame
357,True,16,23,-7.739184,-0.702304,2.646946,0.159244,0.434329,Same-episode reduced-DF frame
358,True,15,23,-5.43343,-0.563057,2.513208,0.534099,-0.65296,Same-episode reduced-DF frame
359,True,14,30,-7.080841,-0.483198,2.193705,0.413491,0.224617,Same-episode reduced-DF frame
360,True,15,23,-5.122173,-0.778735,2.935214,0.49245,-0.7773,Same-episode reduced-DF frame
361,True,15,24,-7.437845,-0.988672,2.767097,0.030914,0.474771,Same-episode reduced-DF frame
362,True,17,22,-8.997019,-0.829617,2.975706,0.047458,0.982431,Same-episode reduced-DF frame
363,True,16,22,-8.244886,-0.86223,3.339063,0.369061,0.530931,Same-episode reduced-DF frame
364,True,14,23,-6.360417,-0.753778,2.66778,0.479829,-0.127425,Same-episode reduced-DF frame
365,True,19,26,-12.798524,-1.140038,3.017517,-0.743978,2.928245,Same-episode reduced-DF frame
366,True,16,24,-9.600509,-1.129185,3.039358,-0.230974,1.479928,Same-episode reduced-DF frame
367,True,16,19,-5.943169,-0.558269,2.75525,0.741884,-0.600348,Same-episode reduced-DF frame
368,True,15,19,-6.232604,-0.353492,2.853884,0.890488,-0.731335,Same-episode reduced-DF frame
369,True,16,24,-7.017094,-0.476252,2.854588,0.582276,-0.147469,Same-episode reduced-DF frame
370,True,16,20,-7.550284,-1.17525,3.042187,0.478349,0.549839,Same-episode reduced-DF frame
371,True,17,16,-8.438797,-0.982583,3.04528,0.219463,0.73362,Same-episode reduced-DF frame
372,True,14,28,-7.175459,-0.784204,2.479571,0.230929,0.377006,Same-episode reduced-DF frame
373,True,15,22,-5.373647,-0.328537,2.102328,0.551301,-0.801637,Same-episode reduced-DF frame
374,True,15,21,-6.200404,-0.361694,2.047749,0.455742,-0.38269,Same-episode reduced-DF frame
375,True,18,12,-7.078604,-0.565362,3.254355,0.552139,-0.493826,Same-episode reduced-DF frame
376,True,14,27,-8.029501,-1.002869,3.028237,0.39302,0.749467,Same-episode reduced-DF frame
377,True,14,33,-6.419733,-0.816158,3.112087,0.655849,-0.055032,Same-episode reduced-DF frame
378,True,17,21,-8.158188,-0.460026,3.470627,0.613066,0.027962,Same-episode reduced-DF frame
379,True,14,27,-4.872798,-0.251894,2.90574,0.750322,-1.290187,Same-episode reduced-DF frame
380,True,15,30,-7.328976,-0.762653,2.603812,0.49048,0.363216,Same-episode reduced-DF frame
381,True,19,23,-13.337636,-0.84047,2.797483,-0.778305,2.908859,Same-episode reduced-DF frame
382,True,17,17,-8.433662,-0.458463,2.851631,0.422725,0.316835,Same-episode reduced-DF frame
383,True,15,28,-8.467778,-1.089948,3.450957,0.344362,0.856739,Same-episode reduced-DF frame
384,True,19,16,-8.959976,-0.403947,2.595343,0.319123,0.549214,Same-episode reduced-DF frame
385,True,16,19,-6.913401,-0.735708,2.920697,0.33367,-0.078713,Same-episode reduced-DF frame
386,True,15,29,-8.670039,-0.925889,2.922492,0.525926,0.959001,Same-episode reduced-DF frame
387,True,15,22,-5.704048,-0.753503,3.380439,0.890896,-0.720625,Same-episode reduced-DF frame
388,True,14,31,-7.375739,-1.067915,2.649612,0.11034,0.719929,Same-episode reduced-DF frame
389,True,14,28,-5.356944,-0.850766,3.029055,0.736715,-0.575275,Same-episode reduced-DF frame
390,True,14,32,-5.479931,-0.78138,2.880115,0.546284,-0.432123,Same-episode reduced-DF frame
391,True,17,25,-9.66444,-0.618713,3.198175,0.392684,0.983025,Same-episode reduced-DF frame
392,True,17,14,-6.123467,-0.796896,3.318011,0.899022,-0.663769,Same-episode reduced-DF frame
393,True,15,25,-6.702205,-0.780878,2.915629,0.220242,-0.007134,Same-episode reduced-DF frame
394,True,14,31,-5.787549,-0.6582,2.508292,0.248549,-0.303897,Same-episode reduced-DF frame
395,True,19,15,-8.920339,-0.573014,3.373054,0.558275,0.353571,Same-episode reduced-DF frame
396,True,16,26,-10.085673,-0.903979,3.111399,-0.095707,1.507938,Same-episode reduced-DF frame
397,True,16,21,-7.320823,-0.889386,2.733047,0.361488,0.335095,Same-episode reduced-DF frame
398,True,21,22,-13.911778,-0.883462,3.207798,-0.630539,3.029732,Same-episode reduced-DF frame
399,True,16,22,-6.977541,-0.460109,2.577429,0.543851,-0.126029,Same-episode reduced-DF frame
400,True,15,20,-5.418839,-0.990116,3.194246,0.714282,-0.629978,Same-episode reduced-DF frame
401,True,14,33,-7.382882,-0.744801,2.562395,0.584548,0.436195,Same-episode reduced-DF frame
402,True,15,31,-8.114537,-0.779356,2.805019,0.173189,0.702031,Same-episode reduced-DF frame
403,True,17,20,-11.016645,-1.156801,3.175747,-0.148677,2.014575,Same-episode reduced-DF frame
404,True,18,17,-9.767953,-0.721787,2.189016,-0.256322,1.394715,Same-episode reduced-DF frame
405,True,15,25,-5.044493,-0.578847,2.665644,0.689525,-0.868994,Same-episode reduced-DF frame
406,True,14,27,-5.691168,-0.327442,2.587392,0.68395,-0.756674,Same-episode reduced-DF frame
407,True,16,19,-6.778235,-0.33432,3.010774,0.703003,-0.579258,Same-episode reduced-DF frame
408,True,15,27,-7.482185,-0.944971,2.970442,0.193703,0.447039,Same-episode reduced-DF frame
409,True,16,32,-9.412858,-0.808647,2.943215,0.369537,1.207359,Same-episode reduced-DF frame
410,True,18,19,-10.990588,-1.119298,2.924527,-0.116643,2.009965,Same-episode reduced-DF frame
411,True,15,21,-6.27351,-0.975357,3.066365,0.79113,-0.211809,Same-episode reduced-DF frame
412,True,15,26,-6.628898,-0.267606,2.388364,0.419322,-0.306637,Same-episode reduced-DF frame
413,True,17,15,-6.860463,-0.603796,2.91665,0.648036,-0.307928,Same-episode reduced-DF frame
414,True,14,26,-5.100051,-0.570787,2.851924,0.890919,-0.896293,Same-episode reduced-DF frame
415,True,15,24,-7.445769,-1.135555,2.730368,0.33645,0.670398,Same-episode reduced-DF frame
416,True,14,30,-5.931693,-0.733966,2.383261,0.327161,-0.131872,Same-episode reduced-DF frame
417,True,14,28,-5.609185,-0.364359,2.365127,0.708839,-0.68067,Same-episode reduced-DF frame
418,True,15,24,-5.521193,-0.645269,2.467815,0.570152,-0.535462,Same-episode reduced-DF frame
419,True,15,23,-7.110411,-1.072363,2.941029,0.166398,0.348711,Same-episode reduced-DF frame
420,True,16,20,-8.584715,-1.118141,3.821249,0.52125,0.651849,Same-episode reduced-DF frame
421,True,16,22,-5.140052,-0.942722,2.955745,0.240584,-0.754516,Same-episode reduced-DF frame
422,True,15,26,-5.84061,-0.969757,2.731821,0.468601,-0.166707,Same-episode reduced-DF frame
423,True,17,21,-7.914629,-0.383052,2.972713,0.213597,0.071104,Same-episode reduced-DF frame
424,True,16,19,-6.279255,-0.677508,2.675248,0.460096,-0.3145,Same-episode reduced-DF frame
425,True,15,25,-6.413355,-0.966896,2.799385,0.434046,0.064388,Same-episode reduced-DF frame
426,True,14,24,-6.083671,-0.661503,2.458476,0.749147,-0.267415,Same-episode reduced-DF frame
427,True,15,23,-5.806488,-0.665793,3.047985,0.50616,-0.583634,Same-episode reduced-DF frame
428,True,15,25,-7.504078,-0.967406,3.148549,0.556221,0.401351,Same-episode reduced-DF frame
429,True,14,24,-5.601804,-0.62817,2.854186,0.965072,-0.667954,Same-episode reduced-DF frame
430,True,15,27,-6.151532,-0.828055,2.243946,0.605296,-0.018559,Same-episode reduced-DF frame
431,True,14,31,-5.008197,-1.238618,3.321917,0.7717,-0.470051,Same-episode reduced-DF frame
432,True,15,24,-7.723171,-1.242457,3.455101,0.633873,0.574448,Same-episode reduced-DF frame
433,True,15,25,-7.450238,-0.875007,2.677587,0.168235,0.490593,Same-episode reduced-DF frame
434,True,17,25,-10.369139,-0.724473,2.522293,0.062735,1.640797,Same-episode reduced-DF frame
435,True,14,28,-6.737533,-0.819552,2.488227,0.313852,0.215701,Same-episode reduced-DF frame
436,True,17,14,-6.656724,-0.537032,3.260602,0.844368,-0.663485,Same-episode reduced-DF frame
437,True,15,25,-7.305231,-0.749933,2.918283,0.725999,0.156706,Same-episode reduced-DF frame
438,True,15,21,-7.181591,-0.643687,2.196922,0.321878,0.253595,Same-episode reduced-DF frame
439,True,15,24,-5.613943,-0.871576,2.744053,0.421151,-0.364957,Same-episode reduced-DF frame
440,True,16,20,-8.011475,-0.705148,2.836482,0.437865,0.433551,Same-episode reduced-DF frame
441,True,16,19,-7.7168,-0.964326,3.361814,0.283434,0.265308,Same-episode reduced-DF frame
442,True,15,21,-4.757784,-0.748608,2.564759,0.893663,-0.855722,Same-episode reduced-DF frame
443,True,15,27,-7.325889,-0.927952,2.936593,0.471546,0.381777,Same-episode reduced-DF frame
444,True,15,24,-6.893898,-0.975368,2.770899,0.386644,0.229454,Same-episode reduced-DF frame
445,True,15,29,-7.699128,-0.529378,2.662536,0.331393,0.343229,Same-episode reduced-DF frame
446,True,17,16,-6.777275,-0.619991,2.895481,0.933837,-0.349425,Same-episode reduced-DF frame
447,True,15,25,-7.322669,-0.903423,2.49616,0.183688,0.49256,Same-episode reduced-DF frame
448,True,15,19,-5.609964,-0.819103,3.122968,0.687896,-0.665365,Same-episode reduced-DF frame
449,True,15,23,-6.569032,-0.856578,2.820623,0.658881,-0.03662,Same-episode reduced-DF frame
450,True,15,20,-5.133829,-0.298838,2.57939,0.574871,-1.163244,Same-episode reduced-DF frame
451,True,16,15,-6.592029,-0.773211,3.39723,0.57312,-0.484622,Same-episode reduced-DF frame
452,True,16,25,-7.712429,-0.754992,2.556441,0.402812,0.510684,Same-episode reduced-DF frame
453,True,13,33,-5.614887,-0.571323,2.843547,0.726982,-0.536747,Same-episode reduced-DF frame
454,True,14,26,-5.988715,-0.357867,2.288482,0.57182,-0.470828,Same-episode reduced-DF frame
455,True,16,18,-6.189816,-0.987049,2.894513,0.541375,-0.189396,Same-episode reduced-DF frame
456,True,14,29,-7.173258,-0.795827,2.973884,0.721924,0.179742,Same-episode reduced-DF frame
457,True,25,12,-16.218475,-0.186601,3.109854,-1.042481,3.14914,Same-episode reduced-DF frame
458,True,18,15,-6.304668,-1.906264,5.871939,1.156571,-0.769772,Same-episode reduced-DF frame
459,True,16,19,-6.49745,-0.566461,2.784023,0.634377,-0.369697,Same-episode reduced-DF frame
460,True,18,17,-9.276741,-0.954325,3.684623,0.489337,0.752763,Same-episode reduced-DF frame
461,True,15,20,-5.548593,-0.871347,2.681643,0.584394,-0.467717,Same-episode reduced-DF frame
462,True,14,27,-6.222508,-0.774782,2.385783,0.395064,0.012333,Same-episode reduced-DF frame
463,True,15,22,-6.983697,-1.345713,2.944175,0.437022,0.488219,Same-episode reduced-DF frame
464,True,16,24,-9.099117,-0.973039,2.869159,0.363683,1.140665,Same-episode reduced-DF frame
465,True,16,18,-6.802138,-0.927008,2.098567,0.343327,0.297533,Same-episode reduced-DF frame
466,True,16,19,-5.471574,-0.696974,2.589951,0.777939,-0.651783,Same-episode reduced-DF frame
467,True,16,17,-8.007756,-0.906292,3.384087,0.638679,0.34005,Same-episode reduced-DF frame
468,True,16,16,-6.742535,-1.053481,3.726849,0.79775,-0.249138,Same-episode reduced-DF frame
469,True,17,19,-8.533889,-0.375534,2.613501,0.141773,0.435477,Same-episode reduced-DF frame
470,True,16,19,-6.5518,-0.473621,2.775989,0.577156,-0.413718,Same-episode reduced-DF frame
471,True,15,22,-4.319112,-0.544532,2.748466,0.693907,-1.323274,Same-episode reduced-DF frame
472,True,16,25,-10.412966,-0.865288,3.43504,0.007056,1.471217,Same-episode reduced-DF frame
473,True,16,29,-10.499693,-0.718767,2.854264,0.032475,1.649693,Same-episode reduced-DF frame
474,True,14,31,-7.126163,-0.914594,2.875406,0.368519,0.371362,Same-episode reduced-DF frame
475,True,16,23,-9.355735,-1.157877,3.623124,-0.068714,1.141285,Same-episode reduced-DF frame
476,True,15,23,-7.166631,-0.890278,3.314483,0.634557,0.121683,Same-episode reduced-DF frame
477,True,15,24,-5.473511,-0.646115,2.665395,0.970055,-0.635501,Same-episode reduced-DF frame
478,True,16,23,-7.72603,-0.814635,3.286954,0.676456,0.25596,Same-episode reduced-DF frame
479,True,14,22,-6.43926,-0.258104,2.546015,0.630762,-0.552686,Same-episode reduced-DF frame
480,True,15,18,-4.927783,-0.008772,2.341803,0.637114,-1.506754,Same-episode reduced-DF frame
481,True,15,24,-7.024515,-0.87812,3.227557,0.763896,0.050315,Same-episode reduced-DF frame
482,True,15,29,-5.418492,-0.577566,2.722911,0.466367,-0.646016,Same-episode reduced-DF frame
483,True,15,33,-7.559551,-0.167008,2.579406,0.672185,-0.018267,Same-episode reduced-DF frame
484,True,15,28,-8.485604,-0.976589,2.843556,0.085762,1.017028,Same-episode reduced-DF frame
485,True,14,38,-6.012064,-0.846798,3.052803,0.655483,-0.167036,Same-episode reduced-DF frame
486,True,13,37,-7.247208,-0.694639,3.40482,0.494972,0.112641,Same-episode reduced-DF frame
487,True,15,28,-7.351524,-0.764884,2.765718,0.370257,0.333736,Same-episode reduced-DF frame
488,True,15,23,-6.417076,-0.695011,3.043699,0.802042,-0.341238,Same-episode reduced-DF frame
489,True,14,28,-5.843563,-0.790345,2.321687,0.590703,-0.161081,Same-episode reduced-DF frame
490,True,16,17,-5.499334,-0.566217,2.906633,1.232902,-0.953777,Same-episode reduced-DF frame
491,True,15,26,-6.260807,-0.647099,2.217489,0.736974,-0.116079,Same-episode reduced-DF frame
492,True,14,32,-7.001082,-0.599861,2.409131,0.221407,0.243183,Same-episode reduced-DF frame
493,True,20,18,-8.877219,-0.20124,2.650399,0.392399,0.31381,Same-episode reduced-DF frame
494,True,15,33,-8.990775,-1.002271,3.545082,0.169841,1.057289,Same-episode reduced-DF frame
495,True,16,16,-6.747709,-0.761408,3.471973,0.570511,-0.366483,Same-episode reduced-DF frame
496,True,17,19,-8.455557,-0.742658,3.03067,0.39552,0.56896,Same-episode reduced-DF frame
497,True,16,27,-9.178535,-0.900891,3.061856,0.13606,1.160233,Same-episode reduced-DF frame
498,True,17,18,-8.047491,-1.111858,2.86233,0.263829,0.721364,Same-episode reduced-DF frame
499,True,15,24,-5.957801,-0.307169,2.429879,0.549441,-0.616773,Same-episode reduced-DF frame
500,True,14,28,-6.909072,-1.238082,3.929787,0.482606,0.144769,Same-episode reduced-DF frame
501,True,16,21,-7.963248,-1.321308,2.50336,-0.0504,1.027808,Same-episode reduced-DF frame
502,True,15,22,-5.384018,-0.604638,2.721634,0.615844,-0.732066,Same-episode reduced-DF frame
503,True,14,23,-4.210695,-0.382645,2.506756,0.718804,-1.354648,Same-episode reduced-DF frame
504,True,16,17,-6.852593,-0.566762,2.782924,0.314133,-0.228316,Same-episode reduced-DF frame
505,True,14,32,-5.498514,-0.942561,2.81194,0.792267,-0.312004,Same-episode reduced-DF frame
506,True,15,18,-6.297262,-0.567434,3.247071,0.763187,-0.66439,Same-episode reduced-DF frame
507,True,15,29,-4.726658,-0.622681,3.392634,1.098998,-1.209615,Same-episode reduced-DF frame
508,True,16,20,-5.870003,-0.90568,3.301623,0.420815,-0.543862,Same-episode reduced-DF frame
509,True,14,27,-4.588365,-0.792621,2.888698,0.714263,-0.922425,Same-episode reduced-DF frame
510,True,15,21,-5.775978,-1.271107,2.989595,0.675054,-0.147618,Same-episode reduced-DF frame
511,True,14,36,-7.359428,-0.732292,2.893968,0.641932,0.338921,Same-episode reduced-DF frame
512,True,16,19,-7.870644,-0.545647,2.306545,0.50555,0.358483,Same-episode reduced-DF frame
513,True,15,24,-5.611788,-1.188897,1.9643,0.291099,0.093683,Same-episode reduced-DF frame
514,True,17,20,-8.249584,-0.649536,2.463796,0.181075,0.634192,Same-episode reduced-DF frame
515,True,14,31,-6.132051,-0.981013,3.24683,0.414541,-0.159907,Same-episode reduced-DF frame
516,True,16,25,-8.479102,-0.384191,2.157644,0.233291,0.670199,Same-episode reduced-DF frame
517,True,14,30,-7.00683,-0.947769,3.078097,0.484406,0.25453,Same-episode reduced-DF frame
518,True,15,25,-6.510924,-1.061622,3.302227,0.410726,-0.004764,Same-episode reduced-DF frame
519,True,15,25,-7.799961,-0.598179,3.113239,0.468069,0.220821,Same-episode reduced-DF frame
520,True,15,20,-7.109532,-1.058519,3.098499,0.693856,0.22224,Same-episode reduced-DF frame
521,True,15,24,-7.127835,-0.411434,2.391133,0.28958,0.010301,Same-episode reduced-DF frame
522,True,15,25,-6.957024,-1.358825,3.176218,0.27963,0.472297,Same-episode reduced-DF frame
523,True,15,28,-5.970155,-0.814252,2.951086,0.573682,-0.313748,Same-episode reduced-DF frame
524,True,17,16,-6.767769,-1.067429,3.838348,1.070906,-0.320189,Same-episode reduced-DF frame
525,True,19,16,-8.696641,-0.754966,2.745793,-0.140557,0.718535,Same-episode reduced-DF frame
526,True,14,33,-7.34714,-0.854752,3.198771,0.218716,0.374842,Same-episode reduced-DF frame
527,True,15,27,-7.804824,-0.514267,2.327201,0.344535,0.485108,Same-episode reduced-DF frame
528,True,15,25,-5.21504,-0.38823,2.509489,0.503357,-0.918434,Same-episode reduced-DF frame
529,True,14,28,-5.200683,-0.801896,2.25539,0.616046,-0.419048,Same-episode reduced-DF frame
530,True,16,22,-6.865103,-0.721399,2.744467,0.653004,-0.015679,Same-episode reduced-DF frame
531,True,15,29,-7.405128,-0.558851,2.940353,0.446407,0.096063,Same-episode reduced-DF frame
532,True,15,21,-6.246255,-0.457599,3.133415,0.94878,-0.727887,Same-episode reduced-DF frame
533,True,15,31,-8.987224,-0.99126,3.133551,0.4538,1.096088,Same-episode reduced-DF frame
534,True,14,28,-6.226088,-0.847097,2.635338,0.625688,-0.042275,Same-episode reduced-DF frame
535,True,15,26,-5.622441,-1.158988,3.376442,0.603404,-0.340774,Same-episode reduced-DF frame
536,True,19,20,-11.361302,-0.597197,3.120109,0.193723,1.575227,Same-episode reduced-DF frame
537,True,16,27,-8.87997,-0.476101,2.567555,0.130338,0.842906,Same-episode reduced-DF frame
538,True,14,30,-6.000492,-0.553701,2.595708,0.622681,-0.350384,Same-episode reduced-DF frame
539,True,16,17,-6.3304,-0.978258,3.136366,0.523541,-0.263627,Same-episode reduced-DF frame
540,True,14,24,-4.374051,-0.142388,2.765193,0.804492,-1.638562,Same-episode reduced-DF frame
541,True,16,27,-7.8164,-0.953,3.12138,0.683591,0.500033,Same-episode reduced-DF frame
542,True,19,20,-12.970601,-0.692982,2.92126,-0.532203,2.493782,Same-episode reduced-DF frame
543,True,14,26,-6.145596,-0.888653,2.651296,0.489438,-0.067528,Same-episode reduced-DF frame
544,True,16,21,-7.036626,-0.435672,2.586787,0.536483,-0.14369,Same-episode reduced-DF frame
545,True,20,19,-11.738377,-1.061663,3.340308,-0.284743,2.139357,Same-episode reduced-DF frame
546,True,17,19,-9.027895,-0.723413,2.908328,0.136389,0.857633,Same-episode reduced-DF frame
547,True,14,28,-5.300497,-0.799596,3.092966,0.765367,-0.665887,Same-episode reduced-DF frame
548,True,15,27,-7.330555,-1.10992,3.593102,0.640258,0.297876,Same-episode reduced-DF frame
549,True,15,25,-6.935772,-1.031473,2.913162,0.146693,0.271298,Same-episode reduced-DF frame
550,True,15,20,-6.524338,-0.273441,2.120227,0.43289,-0.386492,Same-episode reduced-DF frame
551,True,14,30,-7.653251,-0.607926,2.894654,0.339783,0.350331,Same-episode reduced-DF frame
552,True,16,24,-8.694183,-0.750647,2.947665,0.180812,0.80334,Same-episode reduced-DF frame
553,True,15,25,-5.234882,-0.190464,2.251623,0.604719,-0.982157,Same-episode reduced-DF frame
554,True,17,26,-9.501328,-0.569178,2.254026,0.082651,1.246443,Same-episode reduced-DF frame
555,True,14,31,-7.308847,-0.367794,2.696613,0.359527,0.053763,Same-episode reduced-DF frame
556,True,15,23,-5.213937,-0.398657,2.872331,0.898671,-1.046051,Same-episode reduced-DF frame
557,True,18,21,-11.948776,-1.008781,3.510564,0.226751,2.035572,Same-episode reduced-DF frame
558,True,17,27,-9.303678,-0.820175,3.352894,0.363941,0.969631,Same-episode reduced-DF frame
559,True,17,19,-11.392754,-1.375203,3.191335,-0.203626,2.294111,Same-episode reduced-DF frame
560,True,16,17,-5.774717,-0.665763,3.433388,0.862222,-0.866261,Same-episode reduced-DF frame
561,True,17,17,-6.856715,-0.804885,3.263605,0.835363,-0.237616,Same-episode reduced-DF frame
562,True,15,29,-8.044312,-1.318127,2.932829,0.391484,1.033861,Same-episode reduced-DF frame
563,True,14,31,-4.909033,-0.602454,2.562106,0.582678,-0.759135,Same-episode reduced-DF frame
564,True,15,24,-7.05057,-0.81845,2.507356,0.319044,0.293184,Same-episode reduced-DF frame
565,True,15,21,-5.989932,-0.953357,2.617664,0.728557,-0.1647,Same-episode reduced-DF frame
566,True,16,23,-8.319163,-0.662428,3.329029,0.285224,0.420839,Same-episode reduced-DF frame
567,True,17,17,-7.865895,-1.587921,4.153203,0.455735,0.524191,Same-episode reduced-DF frame
568,True,15,24,-5.86957,-1.205895,2.193463,0.515269,0.137842,Same-episode reduced-DF frame
569,True,15,23,-5.782808,-0.58072,3.102165,0.830506,-0.754336,Same-episode reduced-DF frame
570,True,15,27,-6.228792,-0.935849,3.41136,0.62773,-0.238903,Same-episode reduced-DF frame
571,True,15,34,-9.095146,-0.659283,2.986083,0.202888,0.987122,Same-episode reduced-DF frame
572,True,15,24,-5.930454,-0.785913,1.917215,0.345972,-0.032721,Same-episode reduced-DF frame
573,True,14,27,-5.475076,-0.728674,2.433329,0.584208,-0.443083,Same-episode reduced-DF frame
574,True,16,21,-6.478491,-0.715623,3.01165,0.475398,-0.299481,Same-episode reduced-DF frame
575,True,15,27,-7.602645,-0.574939,2.254656,0.267837,0.459274,Same-episode reduced-DF frame
576,True,16,28,-8.778341,-0.806683,2.390016,0.012764,1.155307,Same-episode reduced-DF frame
577,True,16,21,-7.609147,-0.550351,2.462765,0.318319,0.251414,Same-episode reduced-DF frame
578,True,15,20,-5.107711,-0.156927,2.846245,0.467184,-1.449419,Same-episode reduced-DF frame
579,True,16,24,-6.830583,-0.617168,2.982593,0.70881,-0.174789,Same-episode reduced-DF frame
580,True,15,23,-8.044679,-1.040288,2.943828,0.211926,0.74139,Same-episode reduced-DF frame
581,True,15,26,-8.052884,-0.820958,3.102703,0.154901,0.577976,Same-episode reduced-DF frame
582,True,14,29,-4.888537,-0.435539,2.936121,0.622252,-1.095049,Same-episode reduced-DF frame
583,True,22,18,-17.767571,-1.30723,3.928797,-0.729688,4.600302,Same-episode reduced-DF frame
584,True,15,27,-7.205314,-0.676537,2.833829,0.353654,0.146123,Same-episode reduced-DF frame
585,True,17,22,-8.693317,-0.909416,3.683943,0.234216,0.654907,Same-episode reduced-DF frame
586,True,15,26,-7.043274,-1.192294,4.081018,0.646531,0.066623,Same-episode reduced-DF frame
587,True,19,12,-7.007333,-0.254959,1.811285,0.108855,-0.261711,Same-episode reduced-DF frame
588,True,19,20,-11.373954,-0.655006,3.151136,0.080392,1.701983,Same-episode reduced-DF frame
589,True,17,19,-8.625319,-0.845357,3.321924,0.392878,0.59427,Same-episode reduced-DF frame
590,True,16,23,-7.956064,-0.653855,2.347826,0.112919,0.575783,Same-episode reduced-DF frame
591,True,15,31,-6.99538,-0.729169,2.881732,0.327637,0.157443,Same-episode reduced-DF frame
592,True,18,14,-6.960904,-1.053067,3.59878,0.516653,-0.174281,Same-episode reduced-DF frame
593,True,29,14,-44.767138,-0.734842,3.229904,-5.196843,15.522472,Same-episode reduced-DF frame
594,True,15,24,-6.517922,-0.690555,3.180007,0.680707,-0.314508,Same-episode reduced-DF frame
595,True,14,26,-7.744051,-0.957644,3.194509,0.453253,0.483098,Same-episode reduced-DF frame
596,True,15,25,-7.485044,-1.012398,3.075986,0.438258,0.457269,Same-episode reduced-DF frame
597,True,15,22,-6.152285,-0.632462,2.25447,0.521425,-0.209967,Same-episode reduced-DF frame
598,True,14,29,-7.478963,-0.581867,2.788924,0.284409,0.253663,Same-episode reduced-DF frame
599,True,15,20,-5.560391,-1.051429,3.042833,0.778802,-0.44241,Same-episode reduced-DF frame
600,True,18,17,-9.222556,-0.652618,2.948292,0.25077,0.763202,Same-episode reduced-DF frame
601,True,18,25,-9.997423,-0.541862,2.373813,0.034709,1.355275,Same-episode reduced-DF frame
602,True,14,35,-7.445661,-0.876592,2.680333,0.333031,0.615057,Same-episode reduced-DF frame
603,True,15,21,-6.592723,-1.174281,3.144461,0.633227,0.102786,Same-episode reduced-DF frame
604,True,16,22,-8.82312,-0.832686,3.296262,0.193155,0.761073,Same-episode reduced-DF frame
605,True,15,27,-6.619445,-0.62602,2.94234,0.393684,-0.181789,Same-episode reduced-DF frame
606,True,16,21,-7.522458,-1.325749,3.88565,0.680431,0.376328,Same-episode reduced-DF frame
607,True,16,20,-6.103077,-1.178207,1.941387,0.301203,0.303075,Same-episode reduced-DF frame
608,True,14,25,-6.629212,-0.935346,2.636877,0.331391,0.217842,Same-episode reduced-DF frame
609,True,14,39,-7.67711,-0.727457,2.687984,0.192634,0.605552,Same-episode reduced-DF frame
610,True,15,21,-7.31397,-0.894111,2.148487,0.310665,0.54886,Same-episode reduced-DF frame
611,True,15,30,-6.553897,-0.929745,2.514499,0.234687,0.262676,Same-episode reduced-DF frame
612,True,14,28,-6.137398,-0.546986,2.894307,0.631546,-0.445296,Same-episode reduced-DF frame
613,True,16,20,-5.631529,-0.448092,2.821829,0.818431,-0.88449,Same-episode reduced-DF frame
614,True,16,22,-9.938755,-0.843604,2.46033,-0.03058,1.571475,Same-episode reduced-DF frame
615,True,15,31,-7.712915,-0.83122,2.542029,0.120314,0.697808,Same-episode reduced-DF frame
616,True,14,32,-7.454119,-0.656036,2.492775,0.560177,0.423449,Same-episode reduced-DF frame
617,True,20,22,-10.772896,-0.613351,3.540467,0.052873,1.288117,Same-episode reduced-DF frame
618,True,15,28,-7.536755,-0.636274,3.007221,0.508687,0.261169,Same-episode reduced-DF frame
619,True,20,13,-8.817769,-0.66275,2.464606,0.215353,0.702833,Same-episode reduced-DF frame
620,True,17,14,-5.868909,-0.708171,1.732287,0.348295,-0.269942,Same-episode reduced-DF frame
621,True,14,32,-5.352777,-1.160774,3.402904,0.678918,-0.375867,Same-episode reduced-DF frame
622,True,15,24,-5.371351,-0.533328,2.832723,0.722008,-0.838248,Same-episode reduced-DF frame
623,True,15,26,-6.226922,-1.01583,3.538054,0.709107,-0.223843,Same-episode reduced-DF frame
624,True,15,20,-5.011347,-0.265436,2.979646,1.047118,-1.385144,Same-episode reduced-DF frame
625,True,14,26,-6.722554,-0.901791,3.060786,0.669983,0.05279,Same-episode reduced-DF frame
626,True,15,25,-7.552778,-0.578595,2.394798,0.523559,0.338317,Same-episode reduced-DF frame
627,True,18,21,-10.846318,-0.986633,3.050168,-0.200778,1.843695,Same-episode reduced-DF frame
628,True,17,23,-9.270961,-0.57519,2.628057,0.284623,0.945358,Same-episode reduced-DF frame
629,True,15,21,-5.1843,-0.591742,2.341462,0.987416,-0.773241,Same-episode reduced-DF frame
630,True,15,16,-5.687031,-0.044712,2.257804,0.794051,-1.125923,Same-episode reduced-DF frame
631,True,16,18,-5.972395,-1.127379,2.762856,0.520614,-0.151653,Same-episode reduced-DF frame
632,True,15,28,-6.33038,-0.867784,2.848819,0.556554,-0.046771,Same-episode reduced-DF frame
633,True,14,27,-5.472527,-0.10323,2.344224,0.780845,-0.995646,Same-episode reduced-DF frame
634,True,15,29,-6.865371,-0.911049,3.06857,0.447931,0.135526,Same-episode reduced-DF frame
635,True,16,20,-6.274934,-0.960572,3.289152,0.727118,-0.275899,Same-episode reduced-DF frame
636,True,16,22,-7.93723,-0.676859,3.259027,0.301104,0.253846,Same-episode reduced-DF frame
637,True,15,26,-6.796069,-0.377905,2.985864,0.756276,-0.408731,Same-episode reduced-DF frame
638,True,16,23,-8.763565,-0.772658,2.792136,0.320462,0.870514,Same-episode reduced-DF frame
639,True,16,21,-7.750924,-0.847436,2.564129,0.445331,0.541529,Same-episode reduced-DF frame
640,True,16,24,-10.98198,-1.28807,4.006612,0.038961,1.879475,Same-episode reduced-DF frame
641,True,15,31,-10.233395,-1.446769,3.601549,-0.013357,1.896129,Same-episode reduced-DF frame
642,True,15,24,-8.466799,-1.53269,4.044346,0.46516,0.918697,Same-episode reduced-DF frame
643,True,16,21,-7.408066,-0.724098,3.629129,0.476245,-0.127258,Same-episode reduced-DF frame
644,True,16,19,-7.200791,-0.92953,2.784759,0.428285,0.266589,Same-episode reduced-DF frame
645,True,15,22,-5.859919,-0.917265,2.484013,0.46267,-0.200336,Same-episode reduced-DF frame
646,True,15,24,-5.436314,-0.716338,2.697187,0.452957,-0.588471,Same-episode reduced-DF frame
647,True,15,18,-5.453741,-0.415205,2.000943,0.485692,-0.703643,Same-episode reduced-DF frame
648,True,14,32,-6.455504,-0.838796,3.222907,0.413351,-0.116211,Same-episode reduced-DF frame
649,True,15,22,-5.800113,-1.135689,2.603761,0.386417,-0.084069,Same-episode reduced-DF frame
650,True,16,21,-6.975774,-0.424696,2.82573,0.810833,-0.302483,Same-episode reduced-DF frame
651,True,17,16,-6.357978,-0.762973,2.755235,0.438786,-0.325947,Same-episode reduced-DF frame
652,True,15,29,-8.155427,-0.66237,3.246106,0.446004,0.452981,Same-episode reduced-DF frame
653,True,15,24,-6.28857,-0.280236,2.853712,0.663632,-0.658012,Same-episode reduced-DF frame
654,True,16,24,-6.845086,-0.89579,3.147745,0.482848,0.020806,Same-episode reduced-DF frame
655,True,16,23,-7.538489,-0.697935,3.064508,0.483653,0.185702,Same-episode reduced-DF frame
656,True,14,24,-6.058744,-0.69864,3.096524,0.488483,-0.432188,Same-episode reduced-DF frame
657,True,15,22,-6.667003,-0.792453,3.179592,0.655637,-0.156106,Same-episode reduced-DF frame
658,True,16,20,-7.561316,-1.120305,4.114089,0.889153,0.05541,Same-episode reduced-DF frame
659,True,17,19,-8.448488,-1.037904,3.220236,0.160475,0.780475,Same-episode reduced-DF frame
660,True,17,22,-9.350486,-0.533896,2.290648,-0.062069,1.103421,Same-episode reduced-DF frame
661,True,15,22,-7.673183,-1.016663,2.642468,0.164748,0.635134,Same-episode reduced-DF frame
662,True,14,27,-6.418295,-0.92052,2.760522,0.474919,0.078298,Same-episode reduced-DF frame
663,True,15,20,-6.208619,-1.086738,3.247012,0.686847,-0.200653,Same-episode reduced-DF frame
664,True,14,28,-5.979883,-0.454159,2.455849,0.404221,-0.414522,Same-episode reduced-DF frame
665,True,15,22,-7.191783,-0.77441,2.897731,0.396434,0.177096,Same-episode reduced-DF frame
666,True,18,13,-6.161512,-0.842162,1.821926,0.637214,-0.098704,Same-episode reduced-DF frame
667,True,18,13,-6.085601,-1.07196,3.323363,0.873254,-0.540287,Same-episode reduced-DF frame
668,True,16,20,-5.798465,-1.149652,2.902175,0.366052,-0.202501,Same-episode reduced-DF frame
669,True,16,35,-11.138428,-0.612764,3.267333,-0.052645,1.758622,Same-episode reduced-DF frame
670,True,16,16,-6.385144,-0.701727,2.385764,0.533045,-0.217671,Same-episode reduced-DF frame
671,True,16,14,-5.04736,0.101135,2.346318,0.96683,-1.70752,Same-episode reduced-DF frame
672,True,14,23,-5.880143,-0.327518,2.738035,0.572448,-0.809412,Same-episode reduced-DF frame
673,True,15,26,-8.860412,-1.014392,2.898774,0.270109,1.127051,Same-episode reduced-DF frame
674,True,18,13,-5.010094,-1.256111,2.777584,0.493652,-0.654325,Same-episode reduced-DF frame
675,True,15,24,-5.962235,-0.436551,2.360972,0.584476,-0.481936,Same-episode reduced-DF frame
676,True,17,18,-8.365321,-0.933868,3.271012,0.417838,0.601684,Same-episode reduced-DF frame
677,True,15,24,-6.786997,-0.932292,3.007766,0.401227,0.059257,Same-episode reduced-DF frame
678,True,17,20,-8.302084,-0.873024,3.317976,0.111064,0.52853,Same-episode reduced-DF frame
679,True,15,25,-7.911375,-1.182893,2.901515,0.075427,0.890918,Same-episode reduced-DF frame
680,True,15,28,-7.651529,-0.704818,3.148398,0.371705,0.304119,Same-episode reduced-DF frame
681,True,15,31,-7.839443,-0.699196,3.035029,0.221826,0.437914,Same-episode reduced-DF frame
682,True,17,14,-4.836035,-0.840398,3.066486,0.608857,-1.121021,Same-episode reduced-DF frame
683,True,16,23,-8.950428,-0.80284,3.212371,0.273571,0.798549,Same-episode reduced-DF frame
684,True,15,28,-8.239001,-0.758519,2.519687,0.177828,0.813704,Same-episode reduced-DF frame
685,True,15,29,-6.732197,-0.565263,2.432076,0.397833,0.055548,Same-episode reduced-DF frame
686,True,15,29,-8.306525,-0.768444,3.154146,0.518844,0.593555,Same-episode reduced-DF frame
687,True,14,33,-6.688251,-1.21756,3.666823,0.74012,0.107657,Same-episode reduced-DF frame
688,True,17,25,-8.999974,-0.518749,2.174664,0.199091,0.993849,Same-episode reduced-DF frame
689,True,13,39,-7.252813,-0.770061,2.991983,0.259201,0.380193,Same-episode reduced-DF frame
690,True,14,27,-6.615741,-0.785359,2.990132,0.519357,-0.013389,Same-episode reduced-DF frame
691,True,14,27,-6.349771,-0.928811,2.545212,0.541335,0.111792,Same-episode reduced-DF frame
692,True,17,20,-9.852078,-1.137742,4.120646,0.155097,1.061704,Same-episode reduced-DF frame
693,True,16,23,-7.029937,-0.617413,2.766039,0.467,-0.044709,Same-episode reduced-DF frame
694,True,14,25,-4.537267,-0.530394,2.162527,0.750749,-0.949606,Same-episode reduced-DF frame
695,True,14,30,-7.143524,-0.379401,2.736843,0.482547,-0.074992,Same-episode reduced-DF frame
696,True,14,28,-6.582921,-0.804655,2.64761,0.154599,0.092661,Same-episode reduced-DF frame
697,True,16,17,-6.1694,-0.687044,2.212618,0.531495,-0.234512,Same-episode reduced-DF frame
698,True,15,20,-6.9228,-0.810073,3.283634,0.624135,-0.112344,Same-episode reduced-DF frame
699,True,15,23,-7.260563,-0.893356,3.293224,0.373988,0.158798,Same-episode reduced-DF frame
700,True,16,22,-7.981315,-0.628089,2.971973,0.331256,0.33138,Same-episode reduced-DF frame
701,True,20,24,-13.139315,-0.53692,2.193689,-0.602774,2.756877,Same-episode reduced-DF frame
702,True,15,23,-6.739127,-0.817717,3.219053,0.775247,-0.119292,Same-episode reduced-DF frame
703,True,15,27,-6.482398,-0.84623,3.088599,0.35195,-0.085648,Same-episode reduced-DF frame
704,True,15,21,-5.09894,-0.902416,3.820003,1.057063,-1.112515,Same-episode reduced-DF frame
705,True,15,27,-5.276898,-0.433291,2.589247,0.660045,-0.819922,Same-episode reduced-DF frame
706,True,14,32,-6.440479,-1.002654,2.798167,0.597729,0.208079,Same-episode reduced-DF frame
707,True,16,22,-10.856236,-1.549543,3.045029,0.232133,2.231708,Same-episode reduced-DF frame
708,True,18,25,-10.37152,-0.328312,2.58163,-0.233061,1.288979,Same-episode reduced-DF frame
709,True,15,29,-8.069341,-0.535518,3.037077,0.180596,0.386205,Same-episode reduced-DF frame
710,True,15,24,-6.505059,-0.716432,3.00622,0.333587,-0.212512,Same-episode reduced-DF frame
711,True,16,18,-6.065811,-0.60969,3.122737,0.82161,-0.703889,Same-episode reduced-DF frame
712,True,16,17,-5.696969,-0.724271,3.787241,0.918578,-1.01692,Same-episode reduced-DF frame
713,True,15,22,-5.794847,-0.32523,2.65526,0.611304,-0.776365,Same-episode reduced-DF frame
714,True,18,23,-11.338454,-0.973879,2.848246,-0.217191,2.144863,Same-episode reduced-DF frame
715,True,14,29,-6.708548,-0.998107,2.22782,0.13757,0.439231,Same-episode reduced-DF frame
716,True,15,27,-6.084956,-0.95705,2.496211,0.216864,0.030843,Same-episode reduced-DF frame
717,True,16,22,-6.089953,-1.033235,3.255591,0.454016,-0.282488,Same-episode reduced-DF frame
718,True,14,33,-6.560583,-0.853373,2.727241,0.398645,0.166711,Same-episode reduced-DF frame
719,True,16,16,-5.024245,-1.150706,3.330025,0.440656,-0.844593,Same-episode reduced-DF frame
720,True,15,20,-6.070386,-0.342705,2.666596,0.830838,-0.731345,Same-episode reduced-DF frame
721,True,19,21,-10.261102,-0.945493,3.192632,0.37403,1.433667,Same-episode reduced-DF frame
722,True,15,24,-8.434242,-0.865939,3.343831,0.670985,0.620266,Same-episode reduced-DF frame
723,True,18,23,-9.333019,-0.350302,2.347649,0.235361,0.881901,Same-episode reduced-DF frame
724,True,15,24,-5.332787,-0.648637,3.054623,0.757348,-0.85252,Same-episode reduced-DF frame
725,True,15,21,-5.718336,-0.326786,2.567805,0.979175,-0.86527,Same-episode reduced-DF frame
726,True,13,34,-4.462257,-0.232673,2.893549,0.690588,-1.386801,Same-episode reduced-DF frame
727,True,17,13,-5.870328,-0.132239,2.688214,0.635094,-1.202081,Same-episode reduced-DF frame
728,True,15,27,-7.167484,-0.920023,2.909223,0.336737,0.313633,Same-episode reduced-DF frame
729,True,24,19,-14.791947,-0.107035,2.460152,-0.616592,2.84328,Same-episode reduced-DF frame
730,True,15,27,-5.702063,-1.366811,3.522539,0.943911,-0.191201,Same-episode reduced-DF frame
731,True,15,19,-5.66749,-0.830141,2.298409,0.435429,-0.35311,Same-episode reduced-DF frame
732,True,16,22,-8.014818,-0.688286,2.991554,0.243198,0.412009,Same-episode reduced-DF frame
733,True,14,28,-6.880796,-0.504815,2.346165,0.43412,0.053144,Same-episode reduced-DF frame
734,True,15,20,-6.36846,-1.27091,3.605934,0.440059,-0.076881,Same-episode reduced-DF frame
735,True,15,21,-5.588556,-0.381654,2.390985,0.481073,-0.775937,Same-episode reduced-DF frame
736,True,15,24,-6.693721,-0.991793,3.537338,0.655846,-0.122274,Same-episode reduced-DF frame
737,True,18,16,-9.533694,-0.683484,2.463165,0.318667,1.083571,Same-episode reduced-DF frame
738,True,16,21,-12.03001,-1.241125,3.757665,-0.622179,2.31822,Same-episode reduced-DF frame
739,True,15,23,-6.891959,-1.806908,3.353845,0.331594,0.655391,Same-episode reduced-DF frame
740,True,18,20,-9.270314,-0.792702,2.743862,0.197161,1.063758,Same-episode reduced-DF frame
741,True,15,23,-5.829721,-0.396179,2.444677,0.672806,-0.646717,Same-episode reduced-DF frame
742,True,21,19,-11.569848,-0.797046,2.47594,-0.038262,2.092742,Same-episode reduced-DF frame
743,True,15,23,-6.368382,-0.517994,2.432035,0.240264,-0.269465,Same-episode reduced-DF frame
744,True,15,25,-6.342358,-0.801817,2.426168,0.546336,0.006351,Same-episode reduced-DF frame
745,True,18,23,-9.449196,-0.168855,2.518672,0.135299,0.709545,Same-episode reduced-DF frame
746,True,15,20,-6.450087,-0.952003,2.298917,0.517129,0.124269,Same-episode reduced-DF frame
747,True,15,25,-5.991644,-0.725135,3.193099,0.670316,-0.509565,Same-episode reduced-DF frame
748,True,15,28,-6.545173,-0.651912,1.870453,0.364819,0.201482,Same-episode reduced-DF frame
749,True,16,21,-8.865293,-1.230468,3.193809,0.048024,1.15759,Same-episode reduced-DF frame
750,True,15,27,-6.417886,-0.912613,2.937486,0.60234,0.00753,Same-episode reduced-DF frame
751,True,16,19,-5.78229,-0.537349,2.382342,0.133654,-0.634528,Same-episode reduced-DF frame
752,True,15,25,-5.717795,-0.797896,3.017578,0.60467,-0.48171,Same-episode reduced-DF frame
753,True,17,20,-7.822218,-0.269383,3.50067,0.727829,-0.383133,Same-episode reduced-DF frame
754,True,15,21,-4.569877,-0.788376,3.362657,0.635575,-1.230666,Same-episode reduced-DF frame
755,True,17,19,-8.905882,-1.324454,3.46062,0.640069,1.026619,Same-episode reduced-DF frame
756,True,16,21,-8.701301,-1.048536,2.538079,0.116593,1.138449,Same-episode reduced-DF frame
757,True,16,16,-7.115954,-0.684685,2.891026,0.507113,-0.044647,Same-episode reduced-DF frame
758,True,15,28,-6.535737,-0.794366,3.204065,0.48749,-0.127539,Same-episode reduced-DF frame
759,True,14,30,-6.113065,-0.762718,2.684518,0.691695,-0.171955,Same-episode reduced-DF frame
760,True,16,24,-8.912019,-1.096055,2.896481,-0.101402,1.217667,Same-episode reduced-DF frame
761,True,16,29,-9.641268,-0.415195,2.756586,0.17258,1.020447,Same-episode reduced-DF frame
762,True,16,18,-5.942963,-0.735082,2.809242,0.778987,-0.517967,Same-episode reduced-DF frame
763,True,15,22,-7.501039,-0.837957,2.788366,0.558843,0.341491,Same-episode reduced-DF frame
764,True,15,20,-7.900516,-0.406911,3.143805,0.489424,0.001489,Same-episode reduced-DF frame
765,True,16,28,-10.15224,-0.752813,2.62299,-0.060812,1.597455,Same-episode reduced-DF frame
766,True,15,24,-7.402386,-0.687212,3.084096,0.490033,0.119653,Same-episode reduced-DF frame
767,True,15,19,-6.935118,-0.150007,2.058474,0.634173,-0.352697,Same-episode reduced-DF frame
768,True,14,30,-4.868878,-0.392237,2.879384,0.731938,-1.1176,Same-episode reduced-DF frame
769,True,15,22,-7.43666,-1.03908,3.009501,0.295053,0.461489,Same-episode reduced-DF frame
770,True,14,23,-5.798368,-0.454519,2.815456,0.623063,-0.717005,Same-episode reduced-DF frame
771,True,15,27,-8.221904,-0.75586,2.32885,0.19489,0.901873,Same-episode reduced-DF frame
772,True,18,17,-8.273745,-0.58177,2.216309,0.185098,0.591744,Same-episode reduced-DF frame
773,True,15,29,-7.710026,-0.532474,2.771775,0.303592,0.338729,Same-episode reduced-DF frame
774,True,16,32,-9.112368,-0.789037,2.648164,0.330787,1.192758,Same-episode reduced-DF frame
775,True,15,31,-7.555049,-0.312714,2.475674,0.393785,0.166458,Same-episode reduced-DF frame
776,True,17,22,-9.82026,-0.720135,3.137548,0.252965,1.118625,Same-episode reduced-DF frame
777,True,15,22,-6.250577,-0.255839,2.422048,0.442416,-0.552155,Same-episode reduced-DF frame
778,True,15,24,-8.477412,-1.163148,2.993926,0.224429,1.031696,Same-episode reduced-DF frame
779,True,14,33,-5.101433,-0.665767,3.06601,0.724225,-0.764389,Same-episode reduced-DF frame
780,True,14,29,-6.076395,-0.491772,2.070019,0.176701,-0.192775,Same-episode reduced-DF frame
781,True,16,27,-8.813555,-0.94811,2.753992,-0.212761,1.120594,Same-episode reduced-DF frame
782,True,15,30,-7.809065,-1.123477,3.013275,0.217654,0.805877,Same-episode reduced-DF frame
783,True,16,21,-7.494848,-0.768379,3.323135,0.791192,0.048457,Same-episode reduced-DF frame
784,True,15,25,-4.596917,-0.086429,3.074514,0.763073,-1.704385,Same-episode reduced-DF frame
785,True,14,33,-6.466162,-0.845551,3.151149,0.630637,-0.080229,Same-episode reduced-DF frame
786,True,15,25,-6.608496,-0.79705,2.757203,0.484275,0.034398,Same-episode reduced-DF frame
787,True,14,26,-5.360128,-0.243987,2.252967,0.642889,-0.866602,Same-episode reduced-DF frame
788,True,17,18,-7.518135,-1.131951,3.080125,0.218112,0.458544,Same-episode reduced-DF frame
789,True,14,21,-5.667375,-0.515836,2.552215,0.567181,-0.640036,Same-episode reduced-DF frame
790,True,15,26,-7.933245,-0.428398,2.941557,0.450134,0.229815,Same-episode reduced-DF frame
791,True,15,25,-7.538113,-0.891303,2.652885,0.265296,0.509109,Same-episode reduced-DF frame
792,True,14,29,-7.203179,-1.004346,3.509772,0.444564,0.25121,Same-episode reduced-DF frame
793,True,15,24,-8.36476,-0.84139,2.953137,0.334299,0.734364,Same-episode reduced-DF frame
794,True,14,27,-5.515772,-1.068356,2.856533,0.541785,-0.237332,Same-episode reduced-DF frame
795,True,16,20,-5.740524,-1.311195,4.193917,0.997974,-0.550392,Same-episode reduced-DF frame
796,True,14,28,-7.261011,-0.638272,2.974367,0.604267,0.108995,Same-episode reduced-DF frame
797,True,15,26,-6.42593,-0.945958,3.411778,0.72771,-0.169649,Same-episode reduced-DF frame
798,True,17,19,-9.396118,-1.108524,3.462351,0.556244,1.077565,Same-episode reduced-DF frame
799,True,14,28,-5.607124,-0.451003,2.956474,0.796118,-0.781622,Same-episode reduced-DF frame
800,True,15,27,-6.122441,-1.136803,2.991853,0.21379,-0.000833,Same-episode reduced-DF frame
801,True,15,27,-7.398899,-1.174601,2.833242,0.545828,0.638714,Same-episode reduced-DF frame
802,True,16,19,-5.972059,-0.675508,2.50733,0.928825,-0.466651,Same-episode reduced-DF frame
803,True,15,27,-7.041998,-1.469856,4.047902,0.71131,0.330172,Same-episode reduced-DF frame
804,True,15,19,-3.945649,-0.498494,2.394162,0.853617,-1.411037,Same-episode reduced-DF frame
805,True,16,18,-6.008286,-0.556707,2.869946,0.657127,-0.648342,Same-episode reduced-DF frame
806,True,14,30,-5.462268,-0.924944,2.84548,0.573001,-0.372551,Same-episode reduced-DF frame
807,True,15,26,-7.877568,-0.973042,2.470512,0.105187,0.839111,Same-episode reduced-DF frame
808,True,13,35,-5.964738,-0.585876,2.636839,0.484969,-0.282358,Same-episode reduced-DF frame
809,True,15,29,-8.098418,-0.59703,2.456677,0.183674,0.653407,Same-episode reduced-DF frame
810,True,17,16,-6.564919,-1.079626,3.370384,0.52312,-0.198944,Same-episode reduced-DF frame
811,True,15,26,-7.01787,-0.19492,3.105385,0.567448,-0.49785,Same-episode reduced-DF frame
812,True,17,15,-7.533857,-0.986779,4.154917,0.679821,-0.171312,Same-episode reduced-DF frame
813,True,16,21,-8.206462,-0.896731,2.480812,0.333612,0.809831,Same-episode reduced-DF frame
814,True,17,20,-7.476005,-0.738959,3.180059,0.278926,0.093196,Same-episode reduced-DF frame
815,True,16,24,-9.686257,-1.268657,3.797572,0.266932,1.316593,Same-episode reduced-DF frame
816,True,14,27,-3.893043,-0.256638,2.582229,0.760323,-1.688976,Same-episode reduced-DF frame
817,True,17,22,-11.588491,-1.050086,3.656744,-0.336886,2.010618,Same-episode reduced-DF frame
818,True,15,28,-7.006969,-0.913533,2.880736,0.50569,0.311541,Same-episode reduced-DF frame
819,True,15,21,-8.149087,-0.939845,3.06081,0.18268,0.623288,Same-episode reduced-DF frame
820,True,15,31,-8.707169,-0.92443,2.953542,-0.023417,1.075075,Same-episode reduced-DF frame
821,True,15,27,-5.541811,-0.699726,2.49175,0.455343,-0.43748,Same-episode reduced-DF frame
822,True,15,29,-7.470342,-1.133946,3.157539,0.062792,0.583853,Same-episode reduced-DF frame
823,True,16,26,-9.359732,-0.773163,3.079552,0.320598,1.050596,Same-episode reduced-DF frame
824,True,15,22,-5.896156,-1.066333,3.256536,0.559169,-0.312208,Same-episode reduced-DF frame
825,True,16,20,-7.394832,-0.85372,3.319582,0.471926,0.125199,Same-episode reduced-DF frame
826,True,15,22,-7.022936,-1.066032,2.358084,0.231894,0.504465,Same-episode reduced-DF frame
827,True,16,21,-8.007925,-0.900024,2.682967,0.394466,0.641588,Same-episode reduced-DF frame
828,True,22,26,-13.900926,-0.479934,2.778571,-0.334325,2.801091,Same-episode reduced-DF frame
829,True,18,21,-9.8119,-0.70757,3.583026,0.05979,0.949757,Same-episode reduced-DF frame
830,True,15,24,-7.296003,-0.750685,2.888728,0.372129,0.231068,Same-episode reduced-DF frame
831,True,16,17,-5.082322,-1.049758,2.890748,0.564801,-0.697387,Same-episode reduced-DF frame
832,True,14,30,-6.769729,-1.146649,2.579256,0.158515,0.453324,Same-episode reduced-DF frame
833,True,15,19,-6.088574,-0.844388,2.880949,0.695725,-0.322023,Same-episode reduced-DF frame
834,True,14,33,-6.894758,-0.893526,3.292829,0.643361,0.098944,Same-episode reduced-DF frame
835,True,16,19,-8.165692,-1.029705,2.791728,0.332973,0.743911,Same-episode reduced-DF frame
836,True,13,33,-6.169589,-0.646951,2.476267,0.385081,-0.107867,Same-episode reduced-DF frame
837,True,15,27,-7.154423,-0.947915,3.829572,0.796039,-0.020984,Same-episode reduced-DF frame
838,True,15,28,-5.802219,-1.410179,3.548059,0.545282,-0.065082,Same-episode reduced-DF frame
839,True,16,17,-4.528492,-0.748861,2.821677,0.559836,-1.179757,Same-episode reduced-DF frame
840,True,16,19,-7.490655,-0.987656,3.97427,0.715923,-0.037044,Same-episode reduced-DF frame
841,True,18,24,-10.293844,-0.935841,3.01669,0.194967,1.58437,Same-episode reduced-DF frame
842,True,14,27,-6.3814,-0.634234,2.446241,0.337439,-0.068585,Same-episode reduced-DF frame
843,True,15,22,-9.441788,-1.41132,3.407999,0.029592,1.477605,Same-episode reduced-DF frame
844,True,15,23,-5.415984,-0.714272,3.549227,0.839412,-0.918988,Same-episode reduced-DF frame
845,True,15,31,-8.489329,-0.946975,2.828346,0.288295,1.011826,Same-episode reduced-DF frame
846,True,18,27,-9.345896,-0.566763,3.013882,0.19964,0.951142,Same-episode reduced-DF frame
847,True,14,23,-5.319861,-0.397947,2.775883,0.71477,-0.967169,Same-episode reduced-DF frame
848,True,20,16,-11.170127,-1.018994,3.559326,0.628658,1.563383,Same-episode reduced-DF frame
849,True,16,23,-6.755986,-0.623062,3.208941,0.462627,-0.315484,Same-episode reduced-DF frame
850,True,13,36,-6.231836,-0.646084,2.872568,0.698057,-0.208369,Same-episode reduced-DF frame
851,True,16,22,-6.323116,-0.586078,2.818561,0.444784,-0.380578,Same-episode reduced-DF frame
852,True,14,30,-6.702372,-0.817649,3.567009,0.683596,-0.155792,Same-episode reduced-DF frame
853,True,14,29,-5.672252,-0.46271,2.407742,0.60137,-0.505086,Same-episode reduced-DF frame
854,True,14,28,-7.879061,-0.45888,3.414195,0.479673,0.040476,Same-episode reduced-DF frame
855,True,16,20,-7.103206,-1.214371,3.016049,0.129444,0.374957,Same-episode reduced-DF frame
856,True,15,21,-5.301163,-1.454816,3.418009,0.806025,-0.347565,Same-episode reduced-DF frame
857,True,15,27,-6.193014,-1.134321,2.737217,0.475344,0.150026,Same-episode reduced-DF frame
858,True,16,31,-9.928871,-0.527509,2.941864,0.121804,1.236324,Same-episode reduced-DF frame
859,True,14,30,-5.460096,-0.807286,3.134891,0.337432,-0.609661,Same-episode reduced-DF frame
860,True,15,18,-6.048326,-0.357594,1.83091,0.529881,-0.436904,Same-episode reduced-DF frame
861,True,15,20,-6.345625,-0.750231,2.411063,0.742708,-0.157944,Same-episode reduced-DF frame
862,True,15,23,-6.195391,-1.196192,2.15499,0.146339,0.332059,Same-episode reduced-DF frame
863,True,15,26,-6.451885,-1.386117,3.330178,0.206097,0.221982,Same-episode reduced-DF frame
864,True,15,31,-7.3456,-0.667383,3.043528,0.143182,0.201946,Same-episode reduced-DF frame
865,True,15,21,-6.332905,-0.297238,2.758393,0.533285,-0.667431,Same-episode reduced-DF frame
866,True,16,21,-7.675946,-0.099903,2.634517,0.719008,-0.260303,Same-episode reduced-DF frame
867,True,14,31,-6.05468,-1.198616,2.897476,0.20503,0.113135,Same-episode reduced-DF frame
868,True,14,33,-8.054603,-1.329103,3.657567,0.278306,0.865171,Same-episode reduced-DF frame
869,True,14,24,-5.443396,-0.531893,2.640317,0.573213,-0.728972,Same-episode reduced-DF frame
870,True,22,26,-35.424685,-0.769136,3.153183,-4.062105,11.938091,Same-episode reduced-DF frame
871,True,14,30,-6.167284,-1.076392,2.763093,0.618981,0.122056,Same-episode reduced-DF frame
872,True,16,31,-8.173833,-0.719745,2.633431,0.303486,0.73354,Same-episode reduced-DF frame
873,True,15,19,-5.383304,-0.783549,2.378564,0.542665,-0.518306,Same-episode reduced-DF frame
874,True,17,17,-8.506304,-0.77173,2.762747,0.732466,0.568437,Same-episode reduced-DF frame
875,True,14,29,-5.336493,-0.476816,2.348511,0.507385,-0.645169,Same-episode reduced-DF frame
876,True,14,33,-5.623868,-0.651352,3.415088,0.786741,-0.673382,Same-episode reduced-DF frame
877,True,17,22,-8.34597,-0.426298,2.976591,0.385076,0.295971,Same-episode reduced-DF frame
878,True,16,18,-5.71962,-1.011022,3.091799,0.605398,-0.478871,Same-episode reduced-DF frame
879,True,15,26,-8.940788,-1.130086,2.737199,0.039943,1.332403,Same-episode reduced-DF frame
880,True,15,26,-6.397568,-0.593801,2.674986,0.44234,-0.210836,Same-episode reduced-DF frame
881,True,15,21,-4.996105,-0.791539,3.011613,0.66138,-0.924435,Same-episode reduced-DF frame
882,True,15,24,-8.080771,-0.994304,3.248921,0.331607,0.641158,Same-episode reduced-DF frame
883,True,15,26,-5.376638,-0.577261,2.535501,0.306337,-0.684306,Same-episode reduced-DF frame
884,True,16,19,-6.316769,-1.612704,2.334517,0.15809,0.518663,Same-episode reduced-DF frame
885,True,16,23,-9.005203,-0.969522,3.748226,0.498785,0.764344,Same-episode reduced-DF frame
886,True,15,31,-7.677304,-0.586025,2.726827,0.323133,0.396514,Same-episode reduced-DF frame
887,True,16,26,-9.938081,-0.66292,2.918139,-0.108299,1.325167,Same-episode reduced-DF frame
888,True,14,30,-7.150611,-0.794594,2.638487,0.157653,0.352048,Same-episode reduced-DF frame
889,True,19,19,-10.02017,-0.648624,3.130739,0.27348,1.100408,Same-episode reduced-DF frame
890,True,15,22,-6.571723,-0.429648,2.391709,0.496989,-0.246234,Same-episode reduced-DF frame
891,True,15,25,-5.333277,-1.291257,2.840241,0.274289,-0.217125,Same-episode reduced-DF frame
892,True,16,18,-5.296571,-1.157708,3.08112,0.698905,-0.53491,Same-episode reduced-DF frame
893,True,15,20,-5.879086,-0.468137,2.721271,0.445892,-0.680633,Same-episode reduced-DF frame
894,True,15,23,-5.423523,-0.726304,2.612264,0.872318,-0.596896,Same-episode reduced-DF frame
895,True,15,27,-7.002979,-0.775701,3.293274,0.322199,0.005351,Same-episode reduced-DF frame
896,True,14,37,-5.555909,-0.991137,2.593918,0.500573,-0.067903,Same-episode reduced-DF frame
897,True,15,24,-7.386487,-0.817264,3.122227,0.658973,0.194779,Same-episode reduced-DF frame
898,True,16,23,-8.270575,-0.802958,2.935119,0.318162,0.616094,Same-episode reduced-DF frame
899,True,15,21,-4.612929,-0.769174,3.287495,0.877305,-1.189517,Same-episode reduced-DF frame
900,True,14,33,-7.656502,-0.692049,2.805446,0.478689,0.468588,Same-episode reduced-DF frame
901,True,15,24,-8.232058,-1.288003,3.271053,0.364489,0.906163,Same-episode reduced-DF frame
902,True,14,31,-6.300037,-0.848894,2.795164,0.453739,-0.029949,Same-episode reduced-DF frame
903,True,16,22,-7.15419,-0.387213,2.978919,0.405906,-0.252245,Same-episode reduced-DF frame
904,True,14,30,-6.63819,-1.289984,3.396484,0.364712,0.270835,Same-episode reduced-DF frame
905,True,20,19,-9.993274,-0.401002,2.031367,-0.116712,1.282854,Same-episode reduced-DF frame
906,True,14,21,-5.23502,-0.298193,2.290228,0.753449,-0.954222,Same-episode reduced-DF frame
907,True,14,35,-6.9484,-0.829351,3.480925,0.572333,0.038086,Same-episode reduced-DF frame
908,True,18,27,-10.372183,-0.577857,2.489683,-0.129802,1.599264,Same-episode reduced-DF frame
909,True,16,23,-7.35604,-0.498072,2.262756,0.307838,0.212736,Same-episode reduced-DF frame
910,True,14,25,-6.508102,-0.720982,2.216804,0.325036,0.099764,Same-episode reduced-DF frame
911,True,17,14,-6.394725,-0.15187,2.532173,0.793713,-0.88319,Same-episode reduced-DF frame
912,True,15,21,-5.79255,-0.960454,2.845933,0.536675,-0.35072,Same-episode reduced-DF frame
913,True,16,22,-7.305309,-0.720432,2.475042,0.43399,0.290199,Same-episode reduced-DF frame
914,True,14,30,-5.808398,-1.290019,3.178757,0.498074,-0.050507,Same-episode reduced-DF frame
915,True,14,34,-7.545388,-0.662587,2.872167,0.271758,0.398829,Same-episode reduced-DF frame
916,True,16,15,-6.992714,-0.988076,3.753719,0.757236,-0.216468,Same-episode reduced-DF frame
917,True,16,19,-9.564756,-1.263092,3.942194,0.499009,1.092837,Same-episode reduced-DF frame
918,True,14,28,-5.613228,-0.35508,2.592102,0.651024,-0.717149,Same-episode reduced-DF frame
919,True,13,36,-7.921384,-1.009388,3.133356,0.18902,0.814509,Same-episode reduced-DF frame
920,True,14,23,-4.920053,-0.476785,2.576802,0.779434,-1.021645,Same-episode reduced-DF frame
921,True,15,23,-7.86666,-0.945462,2.926509,0.362174,0.566838,Same-episode reduced-DF frame
922,True,15,27,-8.088364,-1.527369,3.600591,0.374499,0.988693,Same-episode reduced-DF frame
923,True,15,25,-8.345226,-1.076634,3.180799,0.081505,0.888878,Same-episode reduced-DF frame
924,True,14,24,-6.101732,-0.4597,2.29199,0.520666,-0.346154,Same-episode reduced-DF frame
925,True,15,23,-7.046699,-0.915569,3.121418,0.307237,0.123105,Same-episode reduced-DF frame
926,True,17,18,-6.503459,-0.898371,3.175685,0.437525,-0.251803,Same-episode reduced-DF frame
927,True,16,20,-6.33067,-1.435738,3.548781,0.536908,0.014729,Same-episode reduced-DF frame
928,True,16,21,-7.227305,-0.751938,3.153267,0.521025,0.032812,Same-episode reduced-DF frame
929,True,17,15,-8.398228,-0.993513,3.210175,0.005292,0.594062,Same-episode reduced-DF frame
930,True,15,27,-7.463196,-0.946881,2.66662,0.441822,0.552297,Same-episode reduced-DF frame
931,True,15,26,-6.352924,-0.898896,2.853692,0.416534,-0.055218,Same-episode reduced-DF frame
932,True,15,24,-6.629704,-0.828295,2.667764,0.498086,0.094839,Same-episode reduced-DF frame
933,True,16,30,-9.836268,-0.585882,2.478252,0.076443,1.377563,Same-episode reduced-DF frame
934,True,15,30,-8.217727,-0.766036,3.099356,0.229617,0.66307,Same-episode reduced-DF frame
935,True,15,21,-5.405883,-0.377543,2.29959,0.669719,-0.804005,Same-episode reduced-DF frame
936,True,16,20,-7.395067,-0.606471,3.135141,0.777407,-0.071163,Same-episode reduced-DF frame
937,True,15,25,-7.105757,-0.661559,2.717635,0.169203,0.081058,Same-episode reduced-DF frame
938,True,16,16,-6.87825,-1.000687,3.80086,0.741742,-0.34823,Same-episode reduced-DF frame
939,True,18,21,-9.726191,-0.741572,3.401392,0.184367,1.023955,Same-episode reduced-DF frame
940,True,16,21,-7.291049,-1.197586,4.171754,0.701773,0.030473,Same-episode reduced-DF frame
941,True,14,27,-7.940451,-0.933554,2.445227,-0.037912,0.869282,Same-episode reduced-DF frame
942,True,18,23,-10.619592,-0.397224,2.828548,-0.232768,1.343601,Same-episode reduced-DF frame
943,True,15,24,-7.016415,-0.836824,2.566623,0.322238,0.305489,Same-episode reduced-DF frame
944,True,16,19,-4.574493,-0.917596,3.408182,0.806158,-1.186717,Same-episode reduced-DF frame
945,True,14,29,-4.878137,-0.52178,2.185069,0.618314,-0.745373,Same-episode reduced-DF frame
946,True,16,30,-10.916043,-0.907477,2.628854,-0.372954,2.105258,Same-episode reduced-DF frame
947,True,15,24,-6.881092,-0.851468,3.347837,0.785124,-0.058584,Same-episode reduced-DF frame
948,True,16,18,-6.511275,-0.831265,3.224649,0.676969,-0.317881,Same-episode reduced-DF frame
949,True,15,21,-7.905636,-0.513171,2.244082,0.07906,0.477006,Same-episode reduced-DF frame
950,True,14,28,-6.993282,-0.772306,3.118026,0.466419,0.118948,Same-episode reduced-DF frame
951,True,15,25,-7.616454,-1.166717,2.755378,0.09078,0.736097,Same-episode reduced-DF frame
952,True,15,22,-6.529047,-0.55623,3.279079,0.801061,-0.517902,Same-episode reduced-DF frame
953,True,16,22,-6.730419,-0.90811,3.29097,0.649813,-0.119429,Same-episode reduced-DF frame
954,True,17,17,-8.356428,-1.160382,2.935227,0.367884,0.880647,Same-episode reduced-DF frame
955,True,15,23,-5.943293,-1.014184,2.521654,0.383556,-0.049862,Same-episode reduced-DF frame
956,True,14,29,-6.66265,-0.260633,2.830494,0.326912,-0.449357,Same-episode reduced-DF frame
957,True,18,11,-7.192746,-0.075392,3.041292,0.910535,-0.880539,Same-episode reduced-DF frame
958,True,18,15,-8.318393,-0.996479,3.368117,0.625532,0.519186,Same-episode reduced-DF frame
959,True,19,15,-10.967759,-0.887181,3.137803,-0.249605,1.631904,Same-episode reduced-DF frame
960,True,15,26,-6.16991,-0.346357,2.760839,0.734559,-0.592516,Same-episode reduced-DF frame
961,True,15,22,-5.089914,-0.719416,3.35946,1.185811,-1.083482,Same-episode reduced-DF frame
962,True,15,22,-5.906181,-0.471732,2.640201,0.581789,-0.580783,Same-episode reduced-DF frame
963,True,16,22,-9.744536,-1.065935,3.071389,-0.231431,1.411266,Same-episode reduced-DF frame
964,True,17,25,-9.945575,-0.858613,3.176208,0.446799,1.272262,Same-episode reduced-DF frame
965,True,16,19,-6.842122,-0.366004,2.558219,0.280553,-0.328968,Same-episode reduced-DF frame
966,True,16,17,-6.033875,-1.072974,2.836451,0.44457,-0.226971,Same-episode reduced-DF frame
967,True,14,27,-5.218813,-0.921614,3.395541,0.619883,-0.742175,Same-episode reduced-DF frame
968,True,15,27,-6.173824,-0.669785,3.87141,0.842236,-0.643705,Same-episode reduced-DF frame
969,True,15,22,-4.976066,-0.752143,3.349465,0.959655,-1.026801,Same-episode reduced-DF frame
970,True,14,29,-5.657363,-0.824805,2.143613,0.554258,-0.130295,Same-episode reduced-DF frame
971,True,14,27,-5.47358,-0.693105,3.199618,0.879302,-0.732491,Same-episode reduced-DF frame
972,True,20,11,-10.197039,-1.321899,3.473638,0.01756,1.428333,Same-episode reduced-DF frame
973,True,14,26,-5.469568,-0.42891,2.727409,0.658541,-0.81456,Same-episode reduced-DF frame
974,True,18,17,-9.360045,-1.011042,3.494008,0.074025,0.987971,Same-episode reduced-DF frame
975,True,15,18,-5.889542,-0.515819,2.197062,0.635262,-0.477172,Same-episode reduced-DF frame
976,True,16,23,-8.464043,-0.971992,2.518984,0.067984,1.043824,Same-episode reduced-DF frame
977,True,16,24,-7.776963,-0.812293,2.660167,0.284106,0.551364,Same-episode reduced-DF frame
978,True,15,23,-7.159648,-0.899321,2.83628,0.372323,0.33536,Same-episode reduced-DF frame
979,True,14,32,-6.643414,-1.068074,3.10748,0.398943,0.188287,Same-episode reduced-DF frame
980,True,16,28,-10.29652,-1.085786,3.055892,0.205054,1.745922,Same-episode reduced-DF frame
981,True,16,22,-6.350159,-0.62598,3.06128,0.618041,-0.465015,Same-episode reduced-DF frame
982,True,15,22,-7.041679,-1.03544,3.093616,0.327156,0.254927,Same-episode reduced-DF frame
983,True,14,29,-5.623297,-0.872587,2.399601,0.370695,-0.18916,Same-episode reduced-DF frame
984,True,14,30,-3.820242,-0.816273,3.084381,0.77838,-1.264167,Same-episode reduced-DF frame
985,True,14,25,-6.736422,-0.858103,3.174947,0.502979,-0.038056,Same-episode reduced-DF frame
986,True,15,28,-6.755675,-0.111678,2.534452,0.564383,-0.469997,Same-episode reduced-DF frame
987,True,16,18,-6.668143,-1.435055,2.603227,0.239468,0.41857,Same-episode reduced-DF frame
988,True,16,22,-8.925728,-0.724943,3.053256,-0.102886,0.791141,Same-episode reduced-DF frame
989,True,16,23,-8.131785,-1.036572,3.338191,0.352803,0.62569,Same-episode reduced-DF frame
990,True,16,20,-6.537247,-0.808055,2.693553,0.49903,-0.046285,Same-episode reduced-DF frame
991,True,16,16,-6.754498,-0.735813,3.246365,0.540214,-0.33606,Same-episode reduced-DF frame
992,True,15,22,-6.812896,-0.274923,2.309649,0.300858,-0.272029,Same-episode reduced-DF frame
993,True,16,22,-8.104987,-0.721481,2.79042,0.314428,0.543672,Same-episode reduced-DF frame
994,True,23,11,-9.923933,-0.940822,2.742053,0.746687,1.134224,Same-episode reduced-DF frame
995,True,15,24,-6.073937,-1.0238,3.32136,0.562893,-0.246756,Same-episode reduced-DF frame
996,True,16,27,-10.667875,-0.672268,2.876493,-0.109396,1.632109,Same-episode reduced-DF frame
997,True,15,24,-7.097856,-0.669679,2.598063,0.38543,0.160549,Same-episode reduced-DF frame
998,True,15,30,-7.541728,-0.74746,2.881619,0.49371,0.37106,Same-episode reduced-DF frame
999,True,15,27,-7.193869,-0.637137,2.978761,0.679828,0.033406,Same-episode reduced-DF frame
1000,True,22,16,-12.526154,-0.753512,2.784803,-0.888557,2.38531,Same-episode reduced-DF frame
1001,True,15,24,-5.827815,-0.940961,3.065063,0.457114,-0.37137,Same-episode reduced-DF frame
1002,True,15,28,-6.472378,-0.551052,2.650865,0.557455,-0.17648,Same-episode reduced-DF frame
1003,True,16,29,-9.964355,-0.604459,2.708262,-0.416974,1.411747,Same-episode reduced-DF frame
1004,True,17,20,-8.421316,-0.814441,3.005538,0.513501,0.567964,Same-episode reduced-DF frame
1005,True,14,29,-7.188546,-0.903874,2.75507,0.348242,0.45125,Same-episode reduced-DF frame
1006,True,15,27,-7.151528,-0.778498,2.417021,0.133578,0.380902,Same-episode reduced-DF frame
1007,True,15,26,-7.120269,-0.597874,3.796066,0.914862,-0.378469,Same-episode reduced-DF frame
1008,True,17,18,-8.531913,-0.728578,2.814936,0.373808,0.626182,Same-episode reduced-DF frame
1009,True,15,22,-7.422889,-0.575944,2.977776,0.608553,0.032461,Same-episode reduced-DF frame
1010,True,16,19,-5.405065,-0.693607,2.911473,0.635102,-0.817296,Same-episode reduced-DF frame
1011,True,16,17,-7.106899,-0.534086,3.038805,0.654758,-0.254467,Same-episode reduced-DF frame
1012,True,14,27,-6.535385,-0.975493,2.732324,0.496824,0.175173,Same-episode reduced-DF frame
1013,True,15,27,-8.179729,-0.701672,2.475789,0.296224,0.743844,Same-episode reduced-DF frame
1014,True,18,15,-8.713096,-0.731976,2.111135,0.348753,0.875584,Same-episode reduced-DF frame
1015,True,16,24,-8.943722,-1.148095,3.690753,0.265828,0.936348,Same-episode reduced-DF frame
1016,True,15,20,-4.503538,-0.444317,3.123578,0.994957,-1.494342,Same-episode reduced-DF frame
1017,True,14,30,-5.198404,-1.178926,3.573203,0.83192,-0.532696,Same-episode reduced-DF frame
1018,True,16,23,-6.986574,-0.701193,3.459777,0.347141,-0.209791,Same-episode reduced-DF frame
1019,True,14,30,-6.411883,-0.476165,2.832349,0.7396,-0.320689,Same-episode reduced-DF frame
1020,True,15,26,-6.519716,-0.559533,3.011851,0.61017,-0.351188,Same-episode reduced-DF frame
1021,True,15,24,-5.262266,-0.625009,2.620197,0.487874,-0.742342,Same-episode reduced-DF frame
1022,True,15,25,-7.057657,-0.952981,2.591507,0.371292,0.35779,Same-episode reduced-DF frame
1023,True,16,20,-8.08166,-1.350763,3.842394,0.250748,0.608986,Same-episode reduced-DF frame
1024,True,15,17,-5.383599,-0.573711,2.243517,0.666463,-0.705536,Same-episode reduced-DF frame
1025,True,15,22,-6.771587,-1.399985,3.172047,0.353687,0.359731,Same-episode reduced-DF frame
1026,True,15,24,-7.708407,-0.912206,2.962747,0.349787,0.505782,Same-episode reduced-DF frame
1027,True,16,20,-6.324642,-0.4934,2.573514,0.524142,-0.409328,Same-episode reduced-DF frame
1028,True,18,16,-10.388992,-1.351077,3.362343,0.231248,1.694504,Same-episode reduced-DF frame
1029,True,16,24,-9.078518,-1.211493,3.324764,-0.062466,1.199577,Same-episode reduced-DF frame
1030,True,22,20,-40.219514,-0.557104,3.484193,-5.126441,13.565813,Same-episode reduced-DF frame
1031,True,14,25,-6.039755,-0.427163,2.595733,0.598779,-0.529614,Same-episode reduced-DF frame
1032,True,15,26,-6.794889,-0.349627,2.384816,0.240547,-0.173365,Same-episode reduced-DF frame
1033,True,16,26,-8.692822,-0.955251,3.00925,0.340468,0.95019,Same-episode reduced-DF frame
1034,True,14,33,-5.943989,-0.450027,2.710934,0.334436,-0.462589,Same-episode reduced-DF frame
1035,True,19,17,-11.100449,-1.113845,3.485636,0.473751,1.673552,Same-episode reduced-DF frame
1036,True,15,22,-6.033774,-0.674233,2.608685,0.215411,-0.331852,Same-episode reduced-DF frame
1037,True,17,19,-6.979919,-0.748548,3.348084,0.630722,-0.214313,Same-episode reduced-DF frame
1038,True,18,20,-11.011504,-1.184739,3.174152,0.104965,1.965362,Same-episode reduced-DF frame
1039,True,14,24,-7.1902,-0.734406,2.996797,0.552826,0.107851,Same-episode reduced-DF frame
1040,True,14,29,-5.674308,-0.474376,2.570692,0.620461,-0.571768,Same-episode reduced-DF frame
1041,True,16,24,-9.716612,-1.055249,3.168422,0.178713,1.386951,Same-episode reduced-DF frame
1042,True,16,12,-5.034282,-0.150437,2.206279,0.974881,-1.396532,Same-episode reduced-DF frame
1043,True,15,19,-7.35319,-0.561876,2.884422,0.616344,-0.034686,Same-episode reduced-DF frame
1044,True,15,21,-6.81701,-0.977231,2.610152,0.098086,0.242459,Same-episode reduced-DF frame
1045,True,15,26,-6.309833,-0.759126,2.341291,0.486567,-0.013728,Same-episode reduced-DF frame
1046,True,15,26,-6.486767,-0.436139,2.739023,0.342426,-0.365255,Same-episode reduced-DF frame
1047,True,17,21,-12.804436,-0.77194,3.271648,-0.54394,2.418146,Same-episode reduced-DF frame
1048,True,16,29,-10.157997,-0.754334,2.837671,-0.230039,1.557822,Same-episode reduced-DF frame
1049,True,16,23,-8.219115,-0.508309,2.664583,0.188266,0.461406,Same-episode reduced-DF frame
1050,True,17,24,-9.936857,-0.705955,3.290241,0.25152,1.145496,Same-episode reduced-DF frame
1051,True,15,26,-5.785323,-0.632085,2.619211,0.615229,-0.450088,Same-episode reduced-DF frame
1052,True,15,32,-8.852008,-1.050503,3.28595,0.349905,1.053482,Same-episode reduced-DF frame
1053,True,15,24,-7.365201,-0.965602,3.425221,0.427411,0.224248,Same-episode reduced-DF frame
1054,True,16,25,-7.216644,-0.957077,3.259386,0.49769,0.207487,Same-episode reduced-DF frame
1055,True,15,23,-6.612177,-0.986815,2.999386,0.338262,0.035202,Same-episode reduced-DF frame
1056,True,15,33,-6.944604,-1.002875,2.976994,-0.008368,0.319911,Same-episode reduced-DF frame
1057,True,17,21,-9.174825,-0.951375,3.163491,0.152718,1.064154,Same-episode reduced-DF frame
1058,True,15,22,-6.210758,-1.061518,2.443723,0.507814,0.071403,Same-episode reduced-DF frame
1059,True,19,18,-10.851544,-0.502057,2.66147,-0.368426,1.502393,Same-episode reduced-DF frame
1060,True,15,32,-9.761818,-1.059091,2.909621,-0.16453,1.662883,Same-episode reduced-DF frame
1061,True,22,17,-19.62113,-0.640026,2.123141,-1.977154,5.557996,Same-episode reduced-DF frame
1062,True,14,29,-5.781881,-0.756498,2.984358,0.771238,-0.405568,Same-episode reduced-DF frame
1063,True,16,20,-6.160868,-1.006095,3.092363,0.54434,-0.207865,Same-episode reduced-DF frame
1064,True,16,24,-6.288322,-0.491548,2.481191,0.457846,-0.337401,Same-episode reduced-DF frame
1065,True,15,26,-7.093617,-0.802672,3.015205,0.491153,0.131325,Same-episode reduced-DF frame
1066,True,17,16,-7.396557,-0.828055,3.011119,0.951082,0.067179,Same-episode reduced-DF frame
1067,True,15,23,-7.471874,-0.983457,2.658951,0.324286,0.546567,Same-episode reduced-DF frame
1068,True,16,24,-7.597073,-0.658731,2.527853,0.159415,0.407211,Same-episode reduced-DF frame
1069,True,14,26,-4.449549,-0.558964,3.162403,0.935346,-1.327152,Same-episode reduced-DF frame
1070,True,20,18,-10.035031,-0.499,2.681703,-0.116231,1.14652,Same-episode reduced-DF frame
1071,True,15,24,-6.639243,-0.712009,2.577872,0.634104,-0.046028,Same-episode reduced-DF frame
1072,True,16,24,-7.872963,-0.644153,2.65493,0.189656,0.485937,Same-episode reduced-DF frame
1073,True,16,23,-8.646497,-1.336837,3.003861,0.201146,1.21427,Same-episode reduced-DF frame
1074,True,18,17,-7.62428,-0.819725,3.253078,0.433435,0.135702,Same-episode reduced-DF frame
1075,True,15,29,-7.662989,-0.699037,2.882178,0.779376,0.294533,Same-episode reduced-DF frame
1076,True,16,16,-6.784767,-1.396154,2.956774,0.269603,0.335188,Same-episode reduced-DF frame
1077,True,14,30,-6.574347,-0.999351,2.946006,0.399408,0.136947,Same-episode reduced-DF frame
1078,True,15,28,-7.28387,-0.727618,3.19854,0.661449,0.141368,Same-episode reduced-DF frame
1079,True,15,29,-10.093041,-1.222585,3.051822,-0.124856,1.847323,Same-episode reduced-DF frame
1080,True,16,24,-7.532306,-0.544075,2.639497,0.386414,0.205908,Same-episode reduced-DF frame
1081,True,15,28,-8.396278,-1.221019,3.646113,0.384771,0.865257,Same-episode reduced-DF frame
1082,True,22,21,-15.965813,-0.693298,2.947081,-0.817951,3.768376,Same-episode reduced-DF frame
1083,True,15,23,-6.113219,-0.51208,2.757875,0.384606,-0.474812,Same-episode reduced-DF frame
1084,True,15,31,-7.487381,-0.649331,3.053108,0.336159,0.231532,Same-episode reduced-DF frame
1085,True,14,25,-7.024749,-0.57272,2.535905,0.428038,0.07197,Same-episode reduced-DF frame
1086,True,14,32,-6.040862,-0.430764,2.92674,0.686525,-0.564724,Same-episode reduced-DF frame
1087,True,14,35,-5.906159,-0.65291,3.06299,0.981011,-0.453142,Same-episode reduced-DF frame
1088,True,15,24,-5.93917,-1.217,3.70176,0.843486,-0.332485,Same-episode reduced-DF frame
1089,True,16,17,-7.543134,-0.590094,2.82925,0.663315,0.040771,Same-episode reduced-DF frame
1090,True,14,26,-5.146651,-0.489821,2.688222,0.858827,-0.916764,Same-episode reduced-DF frame
1091,True,15,28,-6.983623,-0.667088,3.059912,0.752392,-0.070106,Same-episode reduced-DF frame
1092,True,16,20,-6.723174,-0.232984,2.242557,0.636399,-0.389819,Same-episode reduced-DF frame
1093,True,16,16,-6.334186,-1.148429,2.192027,0.557919,0.164648,Same-episode reduced-DF frame
1094,True,19,14,-8.93806,-1.073272,3.016278,0.438513,0.916052,Same-episode reduced-DF frame
1095,True,25,18,-28.703342,-0.741143,3.374608,-2.68822,8.86546,Same-episode reduced-DF frame
1096,True,14,32,-6.651785,-0.84195,2.867865,0.497424,0.110435,Same-episode reduced-DF frame
1097,True,15,26,-5.930488,-1.120905,3.089939,0.295995,-0.118338,Same-episode reduced-DF frame
1098,True,17,29,-10.271307,-0.836331,2.901969,0.284846,1.591172,Same-episode reduced-DF frame
1099,True,14,27,-6.559631,-0.45514,2.823966,0.573604,-0.327644,Same-episode reduced-DF frame
1100,True,15,29,-7.337042,-0.906628,2.809868,0.125343,0.473242,Same-episode reduced-DF frame
1101,True,15,22,-4.144721,-0.515803,2.534033,0.605156,-1.381521,Same-episode reduced-DF frame
1102,True,14,30,-5.514978,-0.337027,2.719038,0.48942,-0.823548,Same-episode reduced-DF frame
1103,True,13,38,-6.92932,-0.844036,2.552982,0.315893,0.416657,Same-episode reduced-DF frame
1104,True,18,18,-10.242434,-0.757926,3.144603,-0.069043,1.267578,Same-episode reduced-DF frame
1105,True,16,22,-8.223519,-1.007151,3.365311,0.565513,0.578,Same-episode reduced-DF frame
1106,True,15,24,-7.673598,-0.934331,3.287721,0.396665,0.440804,Same-episode reduced-DF frame
1107,True,15,31,-6.876602,-0.733585,3.025828,0.383531,0.024032,Same-episode reduced-DF frame
1108,True,16,19,-5.640004,-0.792507,3.134713,0.785136,-0.678224,Same-episode reduced-DF frame
1109,True,14,31,-6.429831,-0.675321,2.822063,0.716051,-0.141808,Same-episode reduced-DF frame
1110,True,14,25,-4.906661,-0.914171,2.667938,0.417344,-0.667901,Same-episode reduced-DF frame
1111,True,14,27,-4.983096,-0.741157,2.772614,0.405426,-0.735495,Same-episode reduced-DF frame
1112,True,18,12,-6.34854,-0.414795,2.150159,0.420736,-0.49784,Same-episode reduced-DF frame
1113,True,16,17,-5.939051,-0.69326,2.248508,0.839447,-0.383327,Same-episode reduced-DF frame
1114,True,15,21,-5.32455,-0.772577,2.425863,0.865278,-0.572715,Same-episode reduced-DF frame
1115,True,17,19,-8.621557,-0.707897,2.606561,0.179739,0.745325,Same-episode reduced-DF frame
1116,True,14,26,-5.449637,-0.284983,2.198035,0.763267,-0.754586,Same-episode reduced-DF frame
1117,True,15,23,-6.231595,-0.968096,2.911661,0.524457,-0.090095,Same-episode reduced-DF frame
1118,True,15,25,-4.606623,-1.006131,2.561764,0.60798,-0.656895,Same-episode reduced-DF frame
1119,True,19,19,-15.103556,-1.04824,3.556942,-0.580497,3.444646,Same-episode reduced-DF frame
1120,True,15,25,-6.89277,-0.882497,3.023427,0.771153,0.051783,Same-episode reduced-DF frame
1121,True,16,23,-7.331308,-0.840113,3.769338,0.658607,-0.112126,Same-episode reduced-DF frame
1122,True,14,24,-7.361648,-0.944306,3.021261,0.20781,0.360048,Same-episode reduced-DF frame
1123,True,15,22,-8.074382,-0.926989,3.340162,0.173071,0.507703,Same-episode reduced-DF frame
1124,True,16,24,-8.28562,-1.134204,2.501079,0.352366,1.0474,Same-episode reduced-DF frame
1125,True,14,26,-6.674369,-0.765902,2.577653,0.355056,0.07508,Same-episode reduced-DF frame
1126,True,16,23,-7.996185,-0.413894,2.653706,0.435445,0.256656,Same-episode reduced-DF frame
1127,True,16,19,-6.640482,-0.060454,2.200302,0.382986,-0.581015,Same-episode reduced-DF frame
1128,True,15,24,-5.943137,-0.318292,2.591676,0.540253,-0.67794,Same-episode reduced-DF frame
1129,True,14,28,-5.787781,-0.865704,2.729568,0.532954,-0.240147,Same-episode reduced-DF frame
1130,True,14,30,-7.545584,-0.664013,3.132534,0.528227,0.194211,Same-episode reduced-DF frame
1131,True,18,20,-11.572522,-0.281011,3.026776,-0.160177,1.463099,Same-episode reduced-DF frame
1132,True,14,30,-6.491557,-0.475644,3.156021,0.673387,-0.405324,Same-episode reduced-DF frame
1133,True,15,27,-8.351957,-1.169176,3.41465,0.101057,0.926611,Same-episode reduced-DF frame
1134,True,16,18,-5.96644,-0.410964,2.544198,0.740405,-0.691261,Same-episode reduced-DF frame
1135,True,17,21,-8.97169,-0.76928,2.931784,0.315155,0.855419,Same-episode reduced-DF frame
1136,True,16,22,-6.072782,-1.169191,3.664121,0.74998,-0.286465,Same-episode reduced-DF frame
1137,True,14,33,-7.387312,-1.297964,3.130609,0.325447,0.739958,Same-episode reduced-DF frame
1138,True,14,26,-5.306033,-0.661869,2.732996,0.388824,-0.696047,Same-episode reduced-DF frame
1139,True,15,20,-4.988933,-0.615257,2.804705,0.812007,-0.979887,Same-episode reduced-DF frame
1140,True,15,21,-6.267481,-0.313794,3.239541,0.698467,-0.850339,Same-episode reduced-DF frame
1141,True,15,33,-6.973608,-0.35485,3.092202,0.676805,-0.282126,Same-episode reduced-DF frame
1142,True,15,21,-4.720336,-0.523096,2.290553,0.562541,-0.976031,Same-episode reduced-DF frame
1143,True,18,14,-8.227115,-0.939809,3.350764,0.335648,0.377072,Same-episode reduced-DF frame
1144,True,14,27,-7.370583,-1.15198,2.803462,0.252511,0.660154,Same-episode reduced-DF frame
1145,True,15,28,-8.180412,-0.735565,3.116559,0.245177,0.5255,Same-episode reduced-DF frame
1146,True,16,24,-10.094877,-1.112242,3.258212,-0.222479,1.608681,Same-episode reduced-DF frame
1147,True,13,37,-6.162944,-0.805507,2.636442,0.583114,0.023072,Same-episode reduced-DF frame
1148,True,16,22,-7.577641,-0.481145,3.005917,0.53668,-0.044641,Same-episode reduced-DF frame
1149,True,14,25,-4.198097,-0.422362,2.697795,0.775918,-1.396081,Same-episode reduced-DF frame
1150,True,14,31,-5.298407,-0.309628,3.055572,1.025525,-1.047462,Same-episode reduced-DF frame
1151,True,17,17,-8.030128,-0.989864,2.76119,0.364786,0.646298,Same-episode reduced-DF frame
1152,True,16,19,-6.611512,-1.012024,3.015451,0.873225,-0.045124,Same-episode reduced-DF frame
1153,True,15,30,-7.135432,-0.765565,3.059566,0.504462,0.198265,Same-episode reduced-DF frame
1154,True,14,29,-7.193881,-0.658615,3.009804,0.636929,0.088897,Same-episode reduced-DF frame
1155,True,19,27,-11.960417,-0.8775,3.209298,0.12991,2.193926,Same-episode reduced-DF frame
1156,True,15,24,-7.269298,-0.172713,2.76332,0.324371,-0.297041,Same-episode reduced-DF frame
1157,True,14,37,-6.492967,-0.639225,2.574502,0.395742,0.040271,Same-episode reduced-DF frame
1158,True,15,19,-5.207161,-0.617888,2.329787,0.649586,-0.741115,Same-episode reduced-DF frame
1159,True,17,22,-10.571545,-1.319916,3.950346,0.113629,1.681954,Same-episode reduced-DF frame
1160,True,19,27,-12.115599,-1.07329,3.314406,-0.012683,2.425743,Same-episode reduced-DF frame
1161,True,18,21,-10.803831,-1.258818,3.743482,-0.154935,1.828365,Same-episode reduced-DF frame
1162,True,16,29,-9.428509,-0.756538,3.03185,0.331471,1.099849,Same-episode reduced-DF frame
1163,True,15,24,-6.858455,-1.301537,3.079717,0.413367,0.408171,Same-episode reduced-DF frame
1164,True,16,23,-8.042621,-0.722583,3.113787,0.435221,0.379506,Same-episode reduced-DF frame
1165,True,18,19,-9.532088,-0.743511,3.231799,0.353829,0.906871,Same-episode reduced-DF frame
1166,True,16,21,-7.927264,-1.096477,2.857375,0.331051,0.725712,Same-episode reduced-DF frame
1167,True,14,32,-6.378574,-0.686874,2.358534,0.209197,0.074824,Same-episode reduced-DF frame
1168,True,14,27,-4.180598,-0.33089,2.755696,0.745381,-1.502915,Same-episode reduced-DF frame
1169,True,18,18,-11.037684,-0.734981,3.172596,0.244379,1.52336,Same-episode reduced-DF frame
1170,True,16,25,-12.373876,-1.261024,2.947834,-0.342142,2.825323,Same-episode reduced-DF frame
1171,True,16,25,-10.345833,-0.690367,2.461171,0.17926,1.609396,Same-episode reduced-DF frame
1172,True,16,30,-11.62705,-1.173639,2.709756,-0.41298,2.588451,Same-episode reduced-DF frame
1173,True,15,23,-7.277985,-1.043783,3.075139,0.605841,0.361348,Same-episode reduced-DF frame
1174,True,15,28,-8.022856,-0.344964,3.013833,0.2098,0.20692,Same-episode reduced-DF frame
1175,True,18,25,-9.612463,-0.419955,2.311965,-0.113082,1.124439,Same-episode reduced-DF frame
1176,True,15,32,-10.66912,-1.068298,3.555519,-0.363982,1.838425,Same-episode reduced-DF frame
1177,True,19,21,-10.417078,-1.01935,2.580683,-0.240512,1.856379,Same-episode reduced-DF frame
1178,True,15,30,-7.518776,-1.038908,2.634627,0.458756,0.666429,Same-episode reduced-DF frame
1179,True,15,33,-8.071246,-0.801854,3.149263,0.332736,0.584491,Same-episode reduced-DF frame
1180,True,17,18,-5.136333,-1.114721,2.71478,0.463594,-0.564594,Same-episode reduced-DF frame
1181,True,15,31,-7.488756,-0.904235,2.853121,0.162345,0.532715,Same-episode reduced-DF frame
1182,True,14,34,-6.902809,-1.055797,3.446005,0.506525,0.204337,Same-episode reduced-DF frame
1183,True,16,30,-10.868734,-0.867693,2.883977,-0.062697,1.925076,Same-episode reduced-DF frame
1184,True,15,21,-4.949345,-0.882048,3.22418,0.794835,-0.893775,Same-episode reduced-DF frame
1185,True,16,18,-6.430352,-1.741345,3.369372,0.424472,0.277852,Same-episode reduced-DF frame
1186,True,14,29,-6.693494,-0.026776,2.152342,0.452924,-0.410124,Same-episode reduced-DF frame
1187,True,16,26,-8.507434,-0.454318,2.480238,0.390944,0.597831,Same-episode reduced-DF frame
1188,True,15,22,-6.004374,-0.547477,2.526584,0.844792,-0.487237,Same-episode reduced-DF frame
1189,True,17,16,-7.064711,-0.744904,3.037528,0.445038,-0.134559,Same-episode reduced-DF frame
1190,True,16,21,-9.79413,-1.181474,2.83963,0.277193,1.549579,Same-episode reduced-DF frame
1191,True,14,30,-6.1114,-0.801361,2.801937,0.361805,-0.140498,Same-episode reduced-DF frame
1192,True,14,26,-6.486246,-0.561568,3.279599,0.780776,-0.461982,Same-episode reduced-DF frame
1193,True,17,23,-9.876709,-0.868518,2.893233,0.137728,1.408807,Same-episode reduced-DF frame
1194,True,14,27,-5.718623,-0.561321,2.951379,0.701783,-0.632918,Same-episode reduced-DF frame
1195,True,14,33,-5.895365,-1.02211,3.062124,0.397238,-0.119615,Same-episode reduced-DF frame
1196,True,16,20,-5.288502,-1.034413,3.214811,0.573718,-0.624468,Same-episode reduced-DF frame
1197,True,16,19,-6.580327,-0.711402,3.246388,0.618165,-0.395904,Same-episode reduced-DF frame
1198,True,15,25,-6.30666,-1.395566,3.311338,0.252482,0.171942,Same-episode reduced-DF frame
1199,True,16,27,-8.706436,-0.691648,2.974848,0.429477,0.739063,Same-episode reduced-DF frame
1200,True,16,24,-6.802898,-0.618681,2.70421,0.75315,-0.127366,Same-episode reduced-DF frame
1201,True,17,19,-8.220136,-0.803326,3.294712,0.201022,0.380472,Same-episode reduced-DF frame
1202,True,15,19,-6.582903,-0.777797,3.176878,0.493287,-0.26458,Same-episode reduced-DF frame
1203,True,18,21,-9.504255,-0.548606,3.001248,0.136058,0.913941,Same-episode reduced-DF frame
1204,True,15,19,-6.712796,-0.423968,3.115447,0.828213,-0.519463,Same-episode reduced-DF frame
1205,True,14,34,-6.486129,-0.578675,2.925122,0.657531,-0.222369,Same-episode reduced-DF frame
1206,True,19,17,-9.493559,-0.671317,3.416668,0.25436,0.754093,Same-episode reduced-DF frame
1207,True,16,22,-7.762731,-0.169569,1.948678,0.476894,0.159908,Same-episode reduced-DF frame
1208,True,15,27,-7.149576,-0.88731,2.738142,0.079265,0.37948,Same-episode reduced-DF frame
1209,True,16,17,-6.688066,-0.938229,3.485702,0.528547,-0.205585,Same-episode reduced-DF frame
1210,True,14,25,-5.687938,-0.632004,3.011354,0.77982,-0.650534,Same-episode reduced-DF frame
1211,True,15,23,-6.158451,-1.122579,2.701628,0.412902,0.070433,Same-episode reduced-DF frame
1212,True,14,29,-5.334631,-0.729047,2.58541,0.648868,-0.534816,Same-episode reduced-DF frame
1213,True,15,27,-7.758642,-0.827713,2.608472,0.389065,0.614547,Same-episode reduced-DF frame
1214,True,17,20,-10.881917,-0.977229,3.522493,0.040237,1.605108,Same-episode reduced-DF frame
1215,True,15,23,-6.376712,-1.423069,3.507664,0.507598,0.087246,Same-episode reduced-DF frame
1216,True,15,23,-5.944871,-0.626913,2.705367,0.749559,-0.460031,Same-episode reduced-DF frame
1217,True,17,22,-9.199625,-0.903805,3.744027,0.258607,0.852649,Same-episode reduced-DF frame
1218,True,18,26,-9.655174,-0.513451,2.822292,-0.001442,1.091883,Same-episode reduced-DF frame
1219,True,15,28,-7.756094,-0.995283,3.294412,0.292419,0.547464,Same-episode reduced-DF frame
1220,True,15,29,-6.547453,-0.547457,2.393272,0.360298,-0.056541,Same-episode reduced-DF frame
1221,True,29,15,-41.364762,-1.053282,3.941682,-4.342943,14.090415,Same-episode reduced-DF frame
1222,True,14,24,-6.348883,-0.575367,2.809755,0.584978,-0.31664,Same-episode reduced-DF frame
1223,True,17,16,-7.744009,-0.997782,4.237574,1.010172,-0.167863,Same-episode reduced-DF frame
1224,True,14,31,-4.809282,-0.716898,2.828839,0.868764,-0.820569,Same-episode reduced-DF frame
1225,True,15,26,-6.976911,-0.788871,3.113395,0.486759,0.035135,Same-episode reduced-DF frame
1226,True,20,17,-13.296333,-0.550386,2.588727,-0.806079,2.621273,Same-episode reduced-DF frame
1227,True,15,28,-8.357449,-1.069018,2.282848,-0.118391,1.210641,Same-episode reduced-DF frame
1228,True,15,27,-7.25155,-0.886411,3.11582,0.414095,0.301262,Same-episode reduced-DF frame
1229,True,15,25,-5.814077,-0.720944,2.553117,0.309545,-0.353434,Same-episode reduced-DF frame
1230,True,15,27,-5.895418,-0.836198,2.910688,0.418657,-0.29219,Same-episode reduced-DF frame
1231,True,16,17,-7.499202,-1.124027,2.403879,0.130082,0.641668,Same-episode reduced-DF frame
1232,True,14,29,-5.367627,-0.514205,2.192802,0.600145,-0.52369,Same-episode reduced-DF frame
1233,True,15,28,-7.857742,-0.828248,3.490563,0.447516,0.342244,Same-episode reduced-DF frame
1234,True,15,25,-5.88051,-0.789352,2.702005,0.686692,-0.296739,Same-episode reduced-DF frame
1235,True,15,25,-5.504303,-0.884633,3.076975,0.617257,-0.555426,Same-episode reduced-DF frame
1236,True,16,20,-6.299977,-1.138327,2.96174,0.341385,0.01162,Same-episode reduced-DF frame
1237,True,17,19,-7.71922,-0.702449,2.778346,0.242503,0.304629,Same-episode reduced-DF frame
1238,True,17,20,-9.867108,-0.877624,2.763532,-0.086182,1.406341,Same-episode reduced-DF frame
1239,True,18,14,-10.11898,-0.852398,3.322755,-0.14044,1.177197,Same-episode reduced-DF frame
1240,True,16,31,-9.879924,-0.828192,2.798828,0.117577,1.526832,Same-episode reduced-DF frame
1241,True,16,28,-11.206843,-1.072186,2.876117,-0.018562,2.187809,Same-episode reduced-DF frame
1242,True,25,18,-11.802225,-1.314072,2.805379,-0.141782,2.514315,Same-episode reduced-DF frame
1243,True,14,30,-5.410505,-0.69274,2.275538,0.691003,-0.390998,Same-episode reduced-DF frame
1244,True,15,31,-8.485166,-0.861689,2.823114,0.162385,0.950526,Same-episode reduced-DF frame
1245,True,17,28,-12.156966,-1.410591,3.618538,-0.190178,2.661443,Same-episode reduced-DF frame
1246,True,26,20,-17.098594,-0.868582,3.163424,-0.830049,4.271278,Same-episode reduced-DF frame
1247,True,19,15,-9.02564,-0.922613,3.147689,0.524263,0.757472,Same-episode reduced-DF frame
1248,True,15,25,-7.720494,-1.333672,3.371438,0.315399,0.711619,Same-episode reduced-DF frame
1249,True,15,27,-6.379342,-0.413402,3.051221,0.76184,-0.556678,Same-episode reduced-DF frame
1250,True,16,19,-5.88243,-1.162506,2.400459,0.494983,-0.021539,Same-episode reduced-DF frame
1251,True,16,27,-9.18025,-0.821141,2.800708,0.161444,1.162747,Same-episode reduced-DF frame
1252,True,16,16,-6.568942,-0.427307,3.222362,0.900175,-0.748834,Same-episode reduced-DF frame
1253,True,16,19,-7.427499,-0.782675,2.766515,0.187573,0.262517,Same-episode reduced-DF frame
1254,True,15,22,-7.733097,-0.547249,2.82976,0.21437,0.221002,Same-episode reduced-DF frame
1255,True,15,30,-8.210469,-0.576352,2.592851,0.261155,0.611525,Same-episode reduced-DF frame
1256,True,15,22,-5.652538,-0.61794,2.910094,0.593785,-0.7206,Same-episode reduced-DF frame
1257,True,14,30,-5.825737,-0.927833,2.568597,0.275313,-0.101189,Same-episode reduced-DF frame
1258,True,16,19,-7.872927,-0.986587,2.89809,0.466813,0.577642,Same-episode reduced-DF frame
1259,True,16,21,-8.013171,-0.985851,2.897347,0.467859,0.63467,Same-episode reduced-DF frame
1260,True,15,27,-8.277412,-0.887749,2.512508,0.079506,0.975236,Same-episode reduced-DF frame
1261,True,15,23,-5.864746,-0.170009,2.477656,0.877503,-0.862146,Same-episode reduced-DF frame
1262,True,15,25,-8.111164,-0.862217,2.422157,0.217331,0.822786,Same-episode reduced-DF frame
1263,True,17,22,-9.341148,-0.824077,3.46558,0.21105,0.9293,Same-episode reduced-DF frame
1264,True,19,13,-8.60253,-0.560778,3.156518,0.797764,0.220849,Same-episode reduced-DF frame
1265,True,16,25,-10.140387,-0.567845,2.847938,-0.068639,1.293168,Same-episode reduced-DF frame
1266,True,16,17,-4.898103,-0.892406,2.75408,0.955574,-0.825384,Same-episode reduced-DF frame
1267,True,14,34,-5.449414,-0.692076,3.23009,0.669013,-0.64571,Same-episode reduced-DF frame
1268,True,16,20,-5.728781,-1.439935,3.635044,0.356392,-0.26708,Same-episode reduced-DF frame
1269,True,14,34,-6.360468,-0.722621,3.020494,0.574099,-0.124755,Same-episode reduced-DF frame
1270,True,14,32,-6.670825,-1.068336,2.581136,0.35781,0.436737,Same-episode reduced-DF frame
1271,True,19,17,-11.441536,-1.40041,2.925444,-0.1916,2.409809,Same-episode reduced-DF frame
1272,True,15,28,-8.606301,-0.773966,2.940667,0.441756,0.797898,Same-episode reduced-DF frame
1273,True,15,23,-7.142307,-1.248241,3.24765,0.256062,0.42623,Same-episode reduced-DF frame
1274,True,16,18,-6.984348,-0.30112,2.382555,0.779638,-0.332297,Same-episode reduced-DF frame
1275,True,16,17,-5.301849,-0.131566,3.441474,0.922101,-1.68349,Same-episode reduced-DF frame
1276,True,15,23,-7.40631,-0.460918,2.306786,0.417763,0.163211,Same-episode reduced-DF frame
1277,True,15,26,-5.953442,-0.556269,2.701836,0.531222,-0.484129,Same-episode reduced-DF frame
1278,True,22,17,-10.346781,-0.815904,2.874119,-0.082007,1.469249,Same-episode reduced-DF frame
1279,True,15,24,-6.987286,-1.431342,2.780048,0.383154,0.643213,Same-episode reduced-DF frame
1280,True,15,27,-7.523552,-0.398186,3.107684,0.262949,-0.082463,Same-episode reduced-DF frame
1281,True,15,22,-5.236322,-0.245186,2.700733,0.630077,-1.166886,Same-episode reduced-DF frame
1282,True,27,20,-24.001641,-0.684948,2.422735,-2.027201,7.253091,Same-episode reduced-DF frame
1283,True,15,30,-6.993879,-0.777967,2.883919,0.586482,0.173032,Same-episode reduced-DF frame
1284,True,14,24,-5.796323,-0.74735,2.699413,0.804948,-0.406399,Same-episode reduced-DF frame
1285,True,16,21,-10.136503,-1.361053,2.683044,0.026382,1.909706,Same-episode reduced-DF frame
1286,True,15,25,-7.172418,-0.767013,3.190637,0.490545,0.083158,Same-episode reduced-DF frame
1287,True,14,23,-4.795895,-0.380921,3.205004,0.868306,-1.38823,Same-episode reduced-DF frame
1288,True,15,26,-6.420216,-0.332576,2.609483,0.707987,-0.461877,Same-episode reduced-DF frame
1289,True,15,25,-7.511503,-1.259349,3.708794,0.730537,0.417809,Same-episode reduced-DF frame
1290,True,14,30,-5.748075,-0.231954,2.773591,0.774353,-0.87937,Same-episode reduced-DF frame
1291,True,13,31,-4.613368,-0.32239,2.54312,0.721676,-1.153916,Same-episode reduced-DF frame
1292,True,17,23,-8.583537,-1.077853,3.439001,0.556857,0.759276,Same-episode reduced-DF frame
1293,True,17,14,-5.2337,-0.035076,2.286022,0.654913,-1.407589,Same-episode reduced-DF frame
1294,True,14,26,-6.265038,-0.467726,3.223418,0.915796,-0.643484,Same-episode reduced-DF frame
1295,True,18,21,-10.391514,-0.695285,2.71663,0.057737,1.477468,Same-episode reduced-DF frame
1296,True,15,31,-7.657007,-0.373002,2.763626,0.524197,0.139998,Same-episode reduced-DF frame
1297,True,14,31,-6.264127,-1.100593,2.711684,0.354818,0.189555,Same-episode reduced-DF frame
1298,True,17,22,-9.967565,-0.952699,3.590207,0.116367,1.250208,Same-episode reduced-DF frame
1299,True,15,24,-8.585967,-0.94536,2.910219,0.335586,0.898829,Same-episode reduced-DF frame
1300,True,15,22,-4.918852,-1.154239,2.935252,0.266971,-0.646458,Same-episode reduced-DF frame
1301,True,14,31,-5.832257,-0.69618,3.737561,0.817297,-0.721448,Same-episode reduced-DF frame
1302,True,16,21,-9.72647,-1.015164,3.020721,-0.064243,1.409964,Same-episode reduced-DF frame
1303,True,15,25,-8.057047,-1.369004,3.094185,0.206237,1.002586,Same-episode reduced-DF frame
1304,True,17,19,-7.034031,-0.526864,2.821748,0.482424,-0.225934,Same-episode reduced-DF frame
1305,True,16,21,-5.773398,-0.771317,2.903273,0.589765,-0.497805,Same-episode reduced-DF frame
1306,True,15,22,-5.508708,-0.404465,2.745503,0.729237,-0.884878,Same-episode reduced-DF frame
1307,True,14,27,-5.357453,-0.640275,2.076938,0.295045,-0.426136,Same-episode reduced-DF frame
1308,True,16,24,-7.756743,-0.889991,3.077257,0.742233,0.424533,Same-episode reduced-DF frame
1309,True,38,17,-23.995967,-0.808439,3.162372,-1.723608,6.990784,Same-episode reduced-DF frame
1310,True,15,20,-6.1466,-0.810206,2.357112,0.628317,-0.159982,Same-episode reduced-DF frame
1311,True,17,26,-8.948091,-0.359641,2.439198,0.296214,0.741572,Same-episode reduced-DF frame
1312,True,14,34,-7.040579,-0.619227,3.060006,0.473795,0.052789,Same-episode reduced-DF frame
1313,True,15,22,-6.504856,-1.071449,3.216951,0.580901,-0.053444,Same-episode reduced-DF frame
1314,True,20,14,-9.827637,-0.917018,2.530759,-0.034917,1.360424,Same-episode reduced-DF frame
1315,True,25,17,-22.781188,-0.859361,3.529515,-2.243208,6.546093,Same-episode reduced-DF frame
1316,True,16,21,-7.091031,-1.145817,2.973566,0.209786,0.353565,Same-episode reduced-DF frame
1317,True,15,30,-8.593471,-0.458322,3.009054,0.32279,0.566442,Same-episode reduced-DF frame
1318,True,15,30,-6.747193,-0.828666,2.692878,0.624798,0.175968,Same-episode reduced-DF frame
1319,True,16,21,-8.308716,-0.619814,2.320201,0.276647,0.662404,Same-episode reduced-DF frame
1320,True,14,27,-6.947942,-0.746662,2.997029,0.598984,0.06514,Same-episode reduced-DF frame
1321,True,15,26,-5.879532,-0.73988,2.579066,0.779017,-0.290786,Same-episode reduced-DF frame
1322,True,16,20,-6.38276,-1.156961,3.627893,0.452576,-0.187457,Same-episode reduced-DF frame
1323,True,15,21,-6.356806,-0.958904,3.272003,0.718462,-0.220625,Same-episode reduced-DF frame
1324,True,18,23,-10.215014,-1.018171,3.110203,-0.084245,1.611919,Same-episode reduced-DF frame
1325,True,15,26,-7.348121,-0.62462,2.210401,0.253993,0.383605,Same-episode reduced-DF frame
1326,True,17,18,-7.501275,-0.883565,2.25598,0.118162,0.50014,Same-episode reduced-DF frame
1327,True,22,19,-12.033802,-0.958024,3.196,-0.309339,2.214676,Same-episode reduced-DF frame
1328,True,16,19,-6.520214,-1.007605,3.470301,0.65662,-0.234955,Same-episode reduced-DF frame
1329,True,15,22,-5.650968,-0.546976,2.93907,0.577559,-0.749557,Same-episode reduced-DF frame
1330,True,14,28,-5.267098,-0.700444,2.415255,0.488267,-0.512482,Same-episode reduced-DF frame
1331,True,25,22,-20.351367,-0.403915,2.694996,-1.265147,5.390502,Same-episode reduced-DF frame
1332,True,17,19,-8.514751,-0.99052,2.517474,0.272375,0.973248,Same-episode reduced-DF frame
1333,True,14,30,-6.36913,-0.535361,2.859937,0.277044,-0.267857,Same-episode reduced-DF frame
1334,True,16,24,-8.394848,-0.485184,2.742132,0.411301,0.454023,Same-episode reduced-DF frame
1335,True,16,25,-9.423871,-0.817834,2.524235,-0.008843,1.31618,Same-episode reduced-DF frame
1336,True,15,25,-7.15128,-0.990039,3.341846,0.627487,0.187847,Same-episode reduced-DF frame
1337,True,19,17,-14.116619,-0.690395,3.408427,-0.579639,2.764609,Same-episode reduced-DF frame
1338,True,14,29,-5.678143,-0.731429,2.481279,0.530865,-0.290453,Same-episode reduced-DF frame
1339,True,15,23,-5.667626,-0.81635,3.107356,0.619378,-0.53383,Same-episode reduced-DF frame
1340,True,15,23,-6.375308,-1.478523,2.845639,0.368864,0.392114,Same-episode reduced-DF frame
1341,True,18,28,-10.133218,-0.117927,3.094144,0.071094,0.818642,Same-episode reduced-DF frame
1342,True,15,23,-7.194671,-0.906495,3.270903,0.3694,0.14947,Same-episode reduced-DF frame
1343,True,16,22,-6.898646,-0.610589,2.710697,0.45736,-0.080036,Same-episode reduced-DF frame
1344,True,16,27,-8.195467,-0.486115,3.452414,0.102038,0.218174,Same-episode reduced-DF frame
1345,True,15,29,-6.238431,-0.615967,2.83037,0.429661,-0.29222,Same-episode reduced-DF frame
1346,True,14,24,-6.255006,-0.302777,2.284156,0.34644,-0.429263,Same-episode reduced-DF frame
1347,True,16,16,-5.716738,-0.876984,2.643805,0.597914,-0.463914,Same-episode reduced-DF frame
1348,True,15,26,-6.035054,-1.078641,3.387539,0.864161,-0.240745,Same-episode reduced-DF frame
1349,True,15,25,-6.429585,-1.561276,2.922686,0.065154,0.44013,Same-episode reduced-DF frame
1350,True,15,25,-6.08109,-0.468599,2.654441,0.643886,-0.488018,Same-episode reduced-DF frame
1351,True,15,35,-8.69197,-0.894073,2.782505,0.204269,1.100172,Same-episode reduced-DF frame
1352,True,15,32,-9.334071,-1.037146,3.302643,0.021023,1.308897,Same-episode reduced-DF frame
1353,True,16,25,-8.087007,-0.277711,2.665747,0.208642,0.184101,Same-episode reduced-DF frame
1354,True,15,20,-6.016491,-1.072586,3.335819,0.683844,-0.295932,Same-episode reduced-DF frame
1355,True,16,28,-8.400152,-0.853301,2.33087,0.30329,1.035215,Same-episode reduced-DF frame
1356,True,15,26,-6.73726,-1.287049,3.628868,0.383205,0.141068,Same-episode reduced-DF frame
1357,True,16,22,-4.895205,-0.558653,3.07885,0.881901,-1.130913,Same-episode reduced-DF frame
1358,True,16,23,-8.66502,-0.562565,2.953968,0.241589,0.612825,Same-episode reduced-DF frame
1359,True,18,15,-8.880432,-0.997813,3.538284,0.288569,0.709166,Same-episode reduced-DF frame
1360,True,15,28,-7.154871,-0.77281,2.859308,0.215739,0.249289,Same-episode reduced-DF frame
1361,True,14,25,-5.904198,-0.795557,2.805591,0.561285,-0.297071,Same-episode reduced-DF frame
1362,True,14,32,-7.653208,-1.255937,2.75119,0.207125,0.965694,Same-episode reduced-DF frame
1363,True,16,22,-7.250047,-0.514163,3.339503,0.494515,-0.253119,Same-episode reduced-DF frame
1364,True,14,27,-4.393827,-0.295616,2.230256,0.835806,-1.249868,Same-episode reduced-DF frame
1365,True,16,21,-7.898212,-1.116653,2.655159,0.595942,0.747478,Same-episode reduced-DF frame
1366,True,15,23,-6.347129,-1.363854,4.085544,0.918448,-0.22087,Same-episode reduced-DF frame
1367,True,15,22,-7.078459,-0.310982,2.433741,0.461735,-0.170162,Same-episode reduced-DF frame
1368,True,17,29,-10.137946,-0.452235,2.832138,-0.183069,1.251598,Same-episode reduced-DF frame
1369,True,15,24,-7.656753,-0.732962,2.786973,0.535191,0.392457,Same-episode reduced-DF frame
1370,True,15,25,-6.182991,-0.933785,3.691975,0.730912,-0.405658,Same-episode reduced-DF frame
1371,True,16,20,-5.890696,-0.402407,2.335778,0.587986,-0.631786,Same-episode reduced-DF frame
1372,True,15,23,-5.08665,-0.70584,2.630136,0.601628,-0.749637,Same-episode reduced-DF frame
1373,True,16,20,-7.157915,-0.553545,2.776421,0.34662,-0.048484,Same-episode reduced-DF frame
1374,True,16,25,-7.874803,-0.320153,2.56792,0.222192,0.196201,Same-episode reduced-DF frame
1375,True,14,27,-6.044944,-0.642739,2.7352,0.916654,-0.402709,Same-episode reduced-DF frame
1376,True,15,22,-5.391825,-0.677053,3.577051,0.96596,-1.030336,Same-episode reduced-DF frame
1377,True,16,22,-7.135866,-0.748623,3.078025,0.181225,0.011502,Same-episode reduced-DF frame
1378,True,14,28,-6.217966,-1.074756,2.610947,0.231543,0.135327,Same-episode reduced-DF frame
1379,True,17,15,-7.077638,-1.145228,2.453471,0.529252,0.414353,Same-episode reduced-DF frame
1380,True,14,25,-5.523674,-0.668362,2.634442,0.767949,-0.561612,Same-episode reduced-DF frame
1381,True,15,22,-5.820255,-0.650091,2.703348,0.497224,-0.496614,Same-episode reduced-DF frame
1382,True,15,23,-8.011922,-0.765843,2.121116,-0.142862,0.78835,Same-episode reduced-DF frame
1383,True,19,26,-16.518594,-1.04819,3.452694,-0.857272,4.220312,Same-episode reduced-DF frame
1384,True,15,29,-8.506348,-1.244782,3.147926,0.435388,1.085126,Same-episode reduced-DF frame
1385,True,14,30,-7.040163,-0.969537,2.826196,0.014538,0.391576,Same-episode reduced-DF frame
1386,True,13,31,-4.494241,-0.061148,2.49564,0.831765,-1.454118,Same-episode reduced-DF frame
1387,True,14,34,-7.006567,-0.676747,2.792663,0.503464,0.175976,Same-episode reduced-DF frame
1388,True,14,30,-5.660844,-0.879475,2.940304,0.549254,-0.366139,Same-episode reduced-DF frame
1389,True,15,23,-7.198558,-0.581119,2.537594,0.128957,0.09965,Same-episode reduced-DF frame
1390,True,16,23,-6.726471,-0.710136,2.537739,0.229964,0.036746,Same-episode reduced-DF frame
1391,True,14,27,-6.289639,-0.491084,2.590867,0.630161,-0.31071,Same-episode reduced-DF frame
1392,True,15,30,-8.4536,-0.889164,2.863559,0.277551,0.890996,Same-episode reduced-DF frame
1393,True,13,30,-4.872756,-0.107272,2.279256,0.656193,-1.156874,Same-episode reduced-DF frame
1394,True,17,18,-8.6165,-1.120938,2.991969,0.13437,0.954892,Same-episode reduced-DF frame
1395,True,16,25,-9.446713,-0.387476,2.772632,-0.115979,0.875025,Same-episode reduced-DF frame
1396,True,13,34,-5.024494,-0.472676,2.903975,0.619085,-0.964645,Same-episode reduced-DF frame
1397,True,13,41,-8.033297,-0.993987,3.642555,0.546112,0.66984,Same-episode reduced-DF frame
1398,True,15,36,-8.047385,-0.639487,2.558645,0.529336,0.657097,Same-episode reduced-DF frame
1399,True,15,28,-8.210173,-0.864662,2.077694,0.12916,1.041453,Same-episode reduced-DF frame
1400,True,15,27,-9.184847,-0.99118,2.976631,-0.024209,1.239216,Same-episode reduced-DF frame
1401,True,16,20,-6.961966,-0.979273,2.968498,0.621737,0.157164,Same-episode reduced-DF frame
1402,True,17,21,-9.098356,-0.572282,2.912984,0.582475,0.693353,Same-episode reduced-DF frame
1403,True,20,22,-12.303388,-1.241138,3.635062,-0.360586,2.484767,Same-episode reduced-DF frame
1404,True,15,32,-8.204108,-0.652451,2.479992,0.147096,0.779653,Same-episode reduced-DF frame
1405,True,17,20,-8.961343,-1.107524,2.85051,-0.067647,1.15904,Same-episode reduced-DF frame
1406,True,15,29,-7.508238,-0.961005,2.921421,0.197152,0.535544,Same-episode reduced-DF frame
1407,True,16,26,-8.685006,-1.046784,3.377668,0.238568,0.921161,Same-episode reduced-DF frame
1408,True,15,28,-8.614805,-0.529277,2.760458,-0.001393,0.688981,Same-episode reduced-DF frame
1409,True,17,16,-8.102242,-0.698618,2.913653,0.315857,0.338017,Same-episode reduced-DF frame
1410,True,15,23,-5.775718,-1.501881,4.137359,0.757305,-0.335826,Same-episode reduced-DF frame
1411,True,15,24,-5.26928,-0.815937,3.162522,0.573675,-0.750215,Same-episode reduced-DF frame
1412,True,16,24,-8.302465,-0.717367,2.667305,0.095107,0.704279,Same-episode reduced-DF frame
1413,True,17,18,-7.912118,-0.628109,3.15491,0.343235,0.170662,Same-episode reduced-DF frame
1414,True,17,21,-9.933332,-1.304345,3.457906,0.109424,1.545694,Same-episode reduced-DF frame
1415,True,14,24,-7.027436,-0.556823,2.268753,0.152951,0.150231,Same-episode reduced-DF frame
1416,True,15,22,-6.862723,-0.776286,2.977873,0.332117,0.019946,Same-episode reduced-DF frame
1417,True,15,26,-6.877655,-0.539691,2.898743,0.537306,-0.172458,Same-episode reduced-DF frame
1418,True,15,25,-6.061486,-1.031494,2.488832,0.601944,0.020181,Same-episode reduced-DF frame
1419,True,16,19,-6.029809,-0.242794,2.494206,0.579871,-0.746603,Same-episode reduced-DF frame
1420,True,14,23,-4.95034,-0.491479,2.253578,0.871278,-0.855816,Same-episode reduced-DF frame
1421,True,17,12,-5.1631,-0.650977,2.882735,0.633009,-1.095051,Same-episode reduced-DF frame
1422,True,17,17,-8.425818,-0.787985,2.932279,0.321786,0.574537,Same-episode reduced-DF frame
1423,True,14,26,-7.048709,-0.527066,2.674051,0.72071,-0.04233,Same-episode reduced-DF frame
1424,True,14,30,-7.584516,-0.942242,2.838467,0.266788,0.590186,Same-episode reduced-DF frame
1425,True,17,21,-9.918935,-0.699163,2.605758,-0.093812,1.359217,Same-episode reduced-DF frame
1426,True,17,22,-9.727481,-1.362592,3.737323,0.085879,1.424416,Same-episode reduced-DF frame
1427,True,15,21,-5.473906,-0.647585,2.749247,0.733466,-0.706539,Same-episode reduced-DF frame
1428,True,16,19,-5.645298,-0.752013,3.162402,0.701169,-0.739639,Same-episode reduced-DF frame
1429,True,19,19,-10.110583,-0.629901,3.147791,0.127703,1.135297,Same-episode reduced-DF frame
1430,True,16,20,-5.468822,-0.135798,3.236568,0.808377,-1.444636,Same-episode reduced-DF frame
1431,True,15,20,-4.719833,-0.71572,2.446643,0.723739,-0.871267,Same-episode reduced-DF frame
1432,True,15,25,-6.425261,-0.475299,2.892475,0.604607,-0.414865,Same-episode reduced-DF frame
1433,True,16,25,-9.794402,-1.003216,3.319088,0.205817,1.371883,Same-episode reduced-DF frame
1434,True,15,22,-5.47756,-0.491675,2.808338,0.730739,-0.858604,Same-episode reduced-DF frame
1435,True,17,21,-9.213644,-0.79397,3.154236,0.471492,0.872432,Same-episode reduced-DF frame
1436,True,18,23,-14.336371,-0.814367,3.3367,-0.521844,3.072447,Same-episode reduced-DF frame
1437,True,19,24,-15.81075,-1.016689,3.458417,-1.118952,3.899569,Same-episode reduced-DF frame
1438,True,15,24,-8.285393,-1.097347,3.16949,0.11501,0.840223,Same-episode reduced-DF frame
1439,True,15,28,-6.055509,-0.85148,3.37146,0.55879,-0.375217,Same-episode reduced-DF frame
1440,True,15,27,-8.247998,-1.094313,3.301101,0.175277,0.824738,Same-episode reduced-DF frame
1441,True,21,19,-15.855635,-0.239428,2.39504,-1.087852,3.470985,Same-episode reduced-DF frame
1442,True,18,17,-8.530038,-0.912281,3.519207,0.449785,0.46755,Same-episode reduced-DF frame
1443,True,19,24,-12.380042,-0.944078,2.422902,-0.370876,2.699743,Same-episode reduced-DF frame
1444,True,14,30,-6.689934,-1.100221,2.227282,0.190416,0.566387,Same-episode reduced-DF frame
1445,True,15,21,-5.713971,-0.380654,2.332767,0.549104,-0.664043,Same-episode reduced-DF frame
1446,True,20,16,-10.29218,-0.760829,3.07372,0.1603,1.298506,Same-episode reduced-DF frame
1447,True,16,24,-7.902394,-0.759376,2.910852,0.377718,0.474398,Same-episode reduced-DF frame
1448,True,14,30,-8.370865,-0.851372,3.767551,0.514612,0.508104,Same-episode reduced-DF frame
1449,True,16,19,-7.570407,-0.317417,2.702221,0.175614,-0.120129,Same-episode reduced-DF frame
1450,True,17,21,-11.721076,-1.118584,3.564553,0.034525,2.073259,Same-episode reduced-DF frame
1451,True,15,19,-4.752998,-0.493813,2.209717,0.480022,-1.037079,Same-episode reduced-DF frame
1452,True,15,23,-6.552947,-0.607813,3.56135,0.962192,-0.559077,Same-episode reduced-DF frame
1453,True,14,33,-4.532883,-0.905506,2.376278,0.452626,-0.616236,Same-episode reduced-DF frame
1454,True,17,21,-12.232918,-1.222666,2.913451,-0.236154,2.64717,Same-episode reduced-DF frame
1455,True,14,30,-5.202636,-0.809275,2.983785,0.557723,-0.599309,Same-episode reduced-DF frame
1456,True,18,21,-11.114355,-0.704376,2.980511,-0.473106,1.723956,Same-episode reduced-DF frame
1457,True,15,18,-4.703328,-0.745866,3.119033,1.020735,-1.1899,Same-episode reduced-DF frame
1458,True,15,29,-7.546862,-0.739534,3.274988,0.498617,0.200373,Same-episode reduced-DF frame
1459,True,14,25,-6.026007,-1.083255,2.693616,0.537563,0.008448,Same-episode reduced-DF frame
1460,True,16,23,-6.56526,-0.684138,2.813212,0.692458,-0.190504,Same-episode reduced-DF frame
1461,True,16,21,-6.159781,-0.661893,2.635254,0.560245,-0.32334,Same-episode reduced-DF frame
1462,True,15,21,-6.080495,-0.946036,2.742205,0.404887,-0.161652,Same-episode reduced-DF frame
1463,True,16,20,-8.7886,-1.22456,2.972972,0.150292,1.157293,Same-episode reduced-DF frame
1464,True,15,24,-6.532083,-0.464879,3.657616,0.690195,-0.704626,Same-episode reduced-DF frame
1465,True,15,25,-5.508977,-0.708525,2.463972,0.62535,-0.43443,Same-episode reduced-DF frame
1466,True,18,20,-11.543053,-0.482477,2.902729,-0.169302,1.71662,Same-episode reduced-DF frame
1467,True,15,18,-5.051236,-0.082258,2.108003,0.784594,-1.265285,Same-episode reduced-DF frame
1468,True,15,25,-6.599454,-0.945979,2.285437,0.297893,0.27979,Same-episode reduced-DF frame
1469,True,14,27,-4.544021,-0.573023,3.065455,0.65798,-1.211152,Same-episode reduced-DF frame
1470,True,15,23,-6.261514,-0.794783,3.085598,0.602343,-0.319766,Same-episode reduced-DF frame
1471,True,15,22,-5.83464,-1.208585,3.007569,0.53224,-0.154709,Same-episode reduced-DF frame
1472,True,16,18,-5.007993,-0.983655,4.097635,1.272089,-1.201403,Same-episode reduced-DF frame
1473,True,17,27,-8.967395,-0.914498,2.91435,0.241416,1.083477,Same-episode reduced-DF frame
1474,True,15,24,-6.286095,-0.852278,2.162244,0.467286,0.105658,Same-episode reduced-DF frame
1475,True,14,33,-5.029732,-0.866697,2.491937,0.459755,-0.429094,Same-episode reduced-DF frame
1476,True,15,30,-8.054061,-0.99984,3.020471,0.233228,0.782496,Same-episode reduced-DF frame
1477,True,22,16,-16.342881,-0.619673,4.1098,-0.995949,3.357857,Same-episode reduced-DF frame
1478,True,14,29,-5.775974,-1.094086,2.802423,0.518405,-0.082831,Same-episode reduced-DF frame
1479,True,15,24,-7.434562,-0.680277,2.71836,0.055072,0.259939,Same-episode reduced-DF frame
1480,True,15,25,-6.478066,-0.73111,2.63684,0.052049,-0.089975,Same-episode reduced-DF frame
1481,True,15,21,-7.99844,-1.119488,2.440024,0.354564,0.901134,Same-episode reduced-DF frame
1482,True,14,23,-6.414681,-0.206026,2.715593,0.896806,-0.671114,Same-episode reduced-DF frame
1483,True,17,19,-7.528413,-0.772983,3.740956,0.763625,-0.133872,Same-episode reduced-DF frame
1484,True,16,23,-9.187513,-0.811803,2.451097,0.092047,1.217553,Same-episode reduced-DF frame
1485,True,15,28,-6.063722,-0.626772,2.822133,0.396355,-0.389552,Same-episode reduced-DF frame
1486,True,16,16,-5.855589,-0.380193,2.338117,0.943503,-0.775571,Same-episode reduced-DF frame
1487,True,15,24,-5.411508,-0.343022,2.695813,0.707107,-0.939882,Same-episode reduced-DF frame
1488,True,17,17,-8.615782,-0.744508,2.396882,0.191863,0.80027,Same-episode reduced-DF frame
1489,True,15,24,-7.664311,-0.541867,2.214106,0.242174,0.420693,Same-episode reduced-DF frame
1490,True,16,21,-6.553927,-0.31025,2.841335,0.407792,-0.571819,Same-episode reduced-DF frame
1491,True,14,27,-5.351338,-0.651756,2.907824,0.777285,-0.723208,Same-episode reduced-DF frame
1492,True,18,17,-7.776217,-0.152597,2.325675,0.660774,-0.156784,Same-episode reduced-DF frame
1493,True,18,21,-9.601535,-1.027498,3.512672,0.07102,1.148359,Same-episode reduced-DF frame
1494,True,16,24,-8.885946,-0.761935,2.371662,0.063882,1.100895,Same-episode reduced-DF frame
1495,True,14,28,-6.7145,-0.68852,2.763287,0.541064,0.028242,Same-episode reduced-DF frame
1496,True,16,24,-8.264168,-0.828472,2.918857,0.328013,0.675628,Same-episode reduced-DF frame
1497,True,14,24,-5.612565,-0.787644,2.33025,0.471871,-0.321194,Same-episode reduced-DF frame
1498,True,15,24,-5.641843,-1.013536,2.941672,0.595926,-0.317635,Same-episode reduced-DF frame
1499,True,18,18,-8.639926,-0.803856,2.561343,-0.283496,0.835523,Same-episode reduced-DF frame
1500,True,15,24,-5.531451,-1.15279,3.465529,0.609961,-0.454232,Same-episode reduced-DF frame
1501,True,16,18,-6.713788,-0.854147,3.442612,0.753577,-0.273019,Same-episode reduced-DF frame
1502,True,16,24,-8.067336,-0.803729,3.040147,0.594335,0.462471,Same-episode reduced-DF frame
1503,True,16,26,-9.818205,-1.040301,3.041811,0.241266,1.471962,Same-episode reduced-DF frame
1504,True,15,25,-5.558404,-0.579538,2.77088,0.612778,-0.634996,Same-episode reduced-DF frame
1505,True,18,17,-8.035623,-0.790597,3.208769,0.153979,0.289875,Same-episode reduced-DF frame
1506,True,15,26,-6.693947,-1.128085,2.588411,0.494615,0.365166,Same-episode reduced-DF frame
1507,True,14,27,-7.060191,-0.821854,2.662418,0.259868,0.30151,Same-episode reduced-DF frame
1508,True,15,25,-7.538788,-0.576439,3.084775,0.179802,0.105678,Same-episode reduced-DF frame
1509,True,15,22,-7.040716,-1.109045,3.310608,0.820806,0.183612,Same-episode reduced-DF frame
1510,True,19,25,-17.183599,-0.844109,2.823018,-1.461306,4.567888,Same-episode reduced-DF frame
1511,True,15,21,-6.328173,-0.68401,2.909563,0.722462,-0.374525,Same-episode reduced-DF frame
1512,True,15,26,-7.848628,-1.227941,3.326355,0.006546,0.704424,Same-episode reduced-DF frame
1513,True,16,17,-6.910995,-1.521582,1.511664,-0.229386,0.884639,Same-episode reduced-DF frame
1514,True,16,20,-6.239481,-1.087443,3.19761,0.300094,-0.192705,Same-episode reduced-DF frame
1515,True,14,28,-5.628026,-0.473749,2.377999,0.677805,-0.549217,Same-episode reduced-DF frame
1516,True,14,30,-7.283652,-1.087627,2.906021,0.38731,0.596167,Same-episode reduced-DF frame
1517,True,15,28,-7.539429,-0.329669,2.922433,0.404442,-0.021631,Same-episode reduced-DF frame
1518,True,18,24,-11.227441,-0.366674,2.907287,-0.220791,1.557221,Same-episode reduced-DF frame
1519,True,17,17,-6.956786,-0.333222,2.91566,0.606878,-0.483367,Same-episode reduced-DF frame
1520,True,15,24,-7.040682,-1.234643,3.438778,0.358381,0.346579,Same-episode reduced-DF frame
1521,True,16,22,-7.966225,-0.799262,2.708519,0.03336,0.596168,Same-episode reduced-DF frame
1522,True,16,20,-7.856231,-1.17973,3.810566,0.512739,0.402715,Same-episode reduced-DF frame
1523,True,16,23,-8.400429,-0.859113,3.138326,0.284532,0.684368,Same-episode reduced-DF frame
1524,True,15,30,-8.274638,-0.348423,2.991695,0.331123,0.30317,Same-episode reduced-DF frame
1525,True,19,21,-10.71893,-0.303574,2.661622,-0.315767,1.311474,Same-episode reduced-DF frame
1526,True,18,23,-10.054161,-0.315499,2.354244,0.334191,1.110025,Same-episode reduced-DF frame
1527,True,14,28,-6.337398,-1.211818,3.249898,0.401134,0.052245,Same-episode reduced-DF frame
1528,True,15,26,-6.6279,-0.716799,2.641447,0.392663,0.005508,Same-episode reduced-DF frame
1529,True,15,23,-5.808904,-0.890433,2.825471,0.485934,-0.327785,Same-episode reduced-DF frame
1530,True,13,36,-5.793849,-0.329994,2.419327,0.649079,-0.522766,Same-episode reduced-DF frame
1531,True,15,26,-6.295177,-1.02235,2.400809,0.261451,0.187871,Same-episode reduced-DF frame
1532,True,14,31,-5.914081,-1.140594,3.012177,0.465393,-0.038195,Same-episode reduced-DF frame
1533,True,15,22,-6.396377,-1.044497,3.316959,0.736635,-0.147394,Same-episode reduced-DF frame
1534,True,17,22,-8.260397,-0.482046,2.696832,0.420665,0.377661,Same-episode reduced-DF frame
1535,True,16,18,-6.215067,-0.625009,2.794227,0.640935,-0.46086,Same-episode reduced-DF frame
1536,True,16,19,-6.117011,-1.294262,3.206065,0.480722,-0.078152,Same-episode reduced-DF frame
1537,True,17,19,-8.55805,-0.686275,2.595977,0.123784,0.72894,Same-episode reduced-DF frame
1538,True,15,26,-6.982606,-0.306901,2.567339,0.487081,-0.186574,Same-episode reduced-DF frame
1539,True,15,29,-7.782038,-1.130955,2.798747,0.331624,0.824699,Same-episode reduced-DF frame
1540,True,14,29,-6.135491,-0.650805,2.840417,0.403748,-0.299061,Same-episode reduced-DF frame
1541,True,15,24,-5.991592,-0.632917,3.332302,0.856938,-0.650977,Same-episode reduced-DF frame
1542,True,18,20,-9.177643,-0.489916,2.454388,0.222721,0.861504,Same-episode reduced-DF frame
1543,True,16,21,-8.623525,-0.885355,2.95255,0.426147,0.836882,Same-episode reduced-DF frame
1544,True,15,27,-6.596986,-0.839119,3.337316,0.363495,-0.188374,Same-episode reduced-DF frame
1545,True,15,29,-7.5389,-0.354106,2.70762,0.438095,0.049409,Same-episode reduced-DF frame
1546,True,16,21,-10.247192,-1.281166,2.868954,-0.195744,1.87634,Same-episode reduced-DF frame
1547,True,15,22,-6.738528,-0.741633,3.02535,0.43697,-0.1517,Same-episode reduced-DF frame
1548,True,15,21,-6.693889,-0.799949,1.951197,0.207208,0.293891,Same-episode reduced-DF frame
1549,True,15,24,-6.533017,-1.011216,2.998439,0.495467,0.031087,Same-episode reduced-DF frame
1550,True,21,19,-12.876355,-1.18873,2.872655,-0.476937,2.922959,Same-episode reduced-DF frame
1551,True,19,15,-9.986823,-1.363985,3.626496,-0.166803,1.479724,Same-episode reduced-DF frame
1552,True,17,18,-9.044832,-1.095596,3.201314,0.070363,1.051031,Same-episode reduced-DF frame
1553,True,14,31,-6.590916,-0.367608,2.289768,0.334106,-0.104395,Same-episode reduced-DF frame
1554,True,16,26,-8.504761,-1.375804,3.879291,0.524858,0.894076,Same-episode reduced-DF frame
1555,True,14,24,-7.304688,-0.377589,2.395912,0.413799,0.037075,Same-episode reduced-DF frame
1556,True,15,29,-6.343936,-0.649798,2.755078,0.312605,-0.168092,Same-episode reduced-DF frame
1557,True,14,31,-4.998368,-0.704319,3.225365,0.920519,-0.900808,Same-episode reduced-DF frame
1558,True,15,27,-7.198764,-0.781398,2.536455,0.392392,0.345313,Same-episode reduced-DF frame
1559,True,15,26,-5.566915,-0.695971,2.868172,0.33817,-0.576357,Same-episode reduced-DF frame
1560,True,16,21,-6.267453,-0.271346,2.439125,0.646391,-0.595285,Same-episode reduced-DF frame
1561,True,14,29,-7.481782,-0.748102,2.932476,0.685986,0.335951,Same-episode reduced-DF frame
1562,True,18,17,-11.728148,-0.952199,3.861015,-0.320846,1.81361,Same-episode reduced-DF frame
1563,True,15,27,-6.535505,-0.426377,2.599406,0.453545,-0.282985,Same-episode reduced-DF frame
1564,True,15,28,-7.780241,-0.619608,2.91554,0.260415,0.37949,Same-episode reduced-DF frame
1565,True,19,24,-11.778952,-1.258858,2.722931,-0.487337,2.590782,Same-episode reduced-DF frame
1566,True,15,31,-9.617754,-0.687399,2.719041,-0.108569,1.315388,Same-episode reduced-DF frame
1567,True,15,25,-8.72375,-0.999389,2.454186,-0.093585,1.228317,Same-episode reduced-DF frame
1568,True,16,20,-6.31029,-0.801579,3.049103,0.371241,-0.326452,Same-episode reduced-DF frame
1569,True,15,23,-7.846219,-0.996428,2.460179,0.286273,0.80647,Same-episode reduced-DF frame
1570,True,15,22,-6.201273,-0.497327,2.452834,0.429942,-0.370955,Same-episode reduced-DF frame
1571,True,15,25,-6.02421,-0.809558,2.592167,0.783702,-0.208756,Same-episode reduced-DF frame
1572,True,15,24,-6.683684,-1.228174,3.492848,0.400423,0.091095,Same-episode reduced-DF frame
1573,True,13,42,-4.24935,-0.654057,2.537368,0.814028,-0.868616,Same-episode reduced-DF frame
1574,True,15,21,-6.720432,-1.278455,3.769367,0.568846,-0.003915,Same-episode reduced-DF frame
1575,True,18,14,-7.082661,-0.494126,2.864349,0.778044,-0.39365,Same-episode reduced-DF frame
1576,True,16,24,-7.947501,-0.601104,2.649115,0.066505,0.462948,Same-episode reduced-DF frame
1577,True,16,21,-7.180368,-0.956754,2.732147,0.547322,0.305735,Same-episode reduced-DF frame
1578,True,16,22,-9.733488,-0.89573,3.742387,0.03689,1.004173,Same-episode reduced-DF frame
1579,True,15,22,-6.738128,-0.335879,2.559049,0.254943,-0.311736,Same-episode reduced-DF frame
1580,True,14,25,-5.214516,-0.912497,2.974844,0.6435,-0.579042,Same-episode reduced-DF frame
1581,True,18,24,-10.351554,-0.457265,2.491119,-0.248831,1.417126,Same-episode reduced-DF frame
1582,True,16,22,-8.737913,-0.918139,2.257615,0.045434,1.176982,Same-episode reduced-DF frame
1583,True,14,28,-6.561678,-0.506557,3.315899,0.593825,-0.463554,Same-episode reduced-DF frame
1584,True,17,28,-12.351041,-0.965748,3.214475,-0.140391,2.477566,Same-episode reduced-DF frame
1585,True,19,18,-11.401461,-0.74967,2.813368,-0.226151,1.899723,Same-episode reduced-DF frame
1586,True,16,21,-8.554077,-1.16956,3.166694,0.258647,0.919502,Same-episode reduced-DF frame
1587,True,16,20,-6.403376,-0.664787,2.255357,0.804801,-0.152954,Same-episode reduced-DF frame
1588,True,14,25,-5.689139,-0.578454,3.135212,0.685415,-0.737277,Same-episode reduced-DF frame
1589,True,16,22,-5.450812,-1.152716,3.199112,0.7137,-0.450113,Same-episode reduced-DF frame
1590,True,17,23,-8.713762,-0.859163,3.72565,0.544544,0.576264,Same-episode reduced-DF frame
1591,True,16,19,-5.611097,-0.86948,2.826842,0.708689,-0.507902,Same-episode reduced-DF frame
1592,True,19,24,-10.218327,-0.726914,3.035603,-0.052235,1.409528,Same-episode reduced-DF frame
1593,True,15,35,-8.233084,-1.062752,3.094164,0.550537,0.892675,Same-episode reduced-DF frame
1594,True,15,29,-9.323688,-0.786505,2.810063,-0.080992,1.250618,Same-episode reduced-DF frame
1595,True,16,19,-5.252577,-0.888971,3.148412,0.462187,-0.827746,Same-episode reduced-DF frame
1596,True,15,32,-7.790992,-0.664583,3.018694,0.287911,0.409727,Same-episode reduced-DF frame
1597,True,16,23,-7.540541,-1.073547,2.704699,0.42238,0.628944,Same-episode reduced-DF frame
1598,True,15,22,-6.41096,-0.650349,2.180933,0.323477,-0.025977,Same-episode reduced-DF frame
1599,True,18,18,-11.313493,-1.014428,2.942857,-0.407618,2.054676,Same-episode reduced-DF frame
1600,True,15,24,-6.130203,-0.65799,2.970451,0.775112,-0.433422,Same-episode reduced-DF frame
1601,True,17,15,-7.464845,-1.180475,3.377258,0.513204,0.290807,Same-episode reduced-DF frame
1602,True,14,31,-6.487468,-0.68137,2.536382,0.519793,-0.0237,Same-episode reduced-DF frame
1603,True,16,22,-9.694062,-0.925824,2.778863,-0.075991,1.419275,Same-episode reduced-DF frame
1604,True,14,34,-7.038647,-0.820114,2.802023,0.454678,0.318083,Same-episode reduced-DF frame
1605,True,15,20,-6.469235,-0.707765,2.39227,0.291389,-0.082443,Same-episode reduced-DF frame
1606,True,16,21,-8.144449,-0.496116,3.076689,0.263721,0.185895,Same-episode reduced-DF frame
1607,True,15,20,-5.827103,-0.147737,2.098256,0.449227,-0.789572,Same-episode reduced-DF frame
1608,True,20,20,-12.347705,-0.537898,2.806786,-0.416673,2.151451,Same-episode reduced-DF frame
1609,True,15,28,-7.299434,-1.076117,3.307012,0.227539,0.410223,Same-episode reduced-DF frame
1610,True,16,19,-7.688814,-1.072563,3.830195,0.861328,0.15984,Same-episode reduced-DF frame
1611,True,15,27,-5.642646,-1.19427,3.674335,0.730808,-0.354497,Same-episode reduced-DF frame
1612,True,13,36,-5.248536,-0.653285,2.753419,0.548719,-0.567522,Same-episode reduced-DF frame
1613,True,15,28,-7.514083,-0.790453,2.52834,0.488955,0.505977,Same-episode reduced-DF frame
1614,True,15,28,-6.881311,-1.17815,2.467633,0.258409,0.562281,Same-episode reduced-DF frame
1615,True,16,22,-8.162242,-0.638707,2.581144,0.455351,0.543475,Same-episode reduced-DF frame
1616,True,18,25,-10.437931,-0.818614,3.144289,-0.147941,1.605667,Same-episode reduced-DF frame
1617,True,16,24,-9.619394,-1.102128,3.574559,0.343983,1.238412,Same-episode reduced-DF frame
1618,True,14,29,-6.291892,-0.748283,2.89113,0.448715,-0.163669,Same-episode reduced-DF frame
1619,True,15,21,-7.001454,-0.899653,2.909068,0.233156,0.138412,Same-episode reduced-DF frame
1620,True,14,30,-6.81881,-0.565677,2.576799,0.355072,0.06415,Same-episode reduced-DF frame
1621,True,16,19,-8.566641,-0.870286,2.351521,-0.048621,0.985392,Same-episode reduced-DF frame
1622,True,16,23,-9.369828,-0.566891,2.587435,-0.125929,1.04661,Same-episode reduced-DF frame
1623,True,15,36,-7.868962,-0.397329,2.902315,0.330542,0.264786,Same-episode reduced-DF frame
1624,True,15,27,-7.899724,-0.750894,2.457234,0.227384,0.661723,Same-episode reduced-DF frame
1625,True,16,21,-7.353548,-1.410871,3.812337,0.668452,0.354907,Same-episode reduced-DF frame
1626,True,14,33,-6.783744,-0.69049,2.872325,0.415542,0.085811,Same-episode reduced-DF frame
1627,True,16,26,-8.801829,-1.117478,2.830306,0.076065,1.223884,Same-episode reduced-DF frame
1628,True,15,28,-7.370583,-0.539664,2.8396,0.218118,0.138401,Same-episode reduced-DF frame
1629,True,15,27,-7.524962,-1.146182,3.376209,0.396324,0.493296,Same-episode reduced-DF frame
1630,True,14,31,-4.479855,-0.690076,2.427408,0.865194,-0.839066,Same-episode reduced-DF frame
1631,True,16,21,-7.08481,-0.267296,2.877766,0.434002,-0.358597,Same-episode reduced-DF frame
1632,True,14,34,-6.174969,-0.850479,3.142921,0.822836,-0.193626,Same-episode reduced-DF frame
1633,True,16,21,-6.275431,-0.733183,2.864231,0.809839,-0.299581,Same-episode reduced-DF frame
1634,True,15,20,-6.96792,-1.315056,2.380485,0.163648,0.599744,Same-episode reduced-DF frame
1635,True,16,17,-6.12819,-0.431582,2.410247,0.657686,-0.556112,Same-episode reduced-DF frame
1636,True,15,21,-6.208424,-0.812392,1.958784,0.236713,0.027096,Same-episode reduced-DF frame
1637,True,17,15,-6.601109,-1.020718,2.574565,0.372967,0.02157,Same-episode reduced-DF frame
1638,True,15,19,-5.493136,-0.858153,2.946983,0.571503,-0.60901,Same-episode reduced-DF frame
1639,True,17,16,-7.459511,-0.76146,3.086667,0.614685,0.047316,Same-episode reduced-DF frame
1640,True,15,22,-7.061947,-0.781847,3.431064,0.771047,-0.122313,Same-episode reduced-DF frame
1641,True,14,28,-5.011605,-0.695477,2.471995,0.475587,-0.642785,Same-episode reduced-DF frame
1642,True,21,20,-15.738063,-1.12826,4.124861,-0.412428,3.538072,Same-episode reduced-DF frame
1643,True,15,31,-8.249002,-1.167092,2.811547,0.036086,1.109028,Same-episode reduced-DF frame
1644,True,15,33,-7.731073,-0.517112,3.140729,0.193465,0.225698,Same-episode reduced-DF frame
1645,True,15,22,-5.55544,-0.732582,3.44615,0.910872,-0.852378,Same-episode reduced-DF frame
1646,True,16,25,-8.717996,-0.714414,3.085607,0.34206,0.698919,Same-episode reduced-DF frame
1647,True,18,23,-9.836317,-0.774307,2.573329,0.137523,1.408415,Same-episode reduced-DF frame
1648,True,15,20,-6.663319,-0.367299,2.548223,0.620817,-0.370537,Same-episode reduced-DF frame
1649,True,14,32,-7.351518,-0.883,2.411108,0.161673,0.609818,Same-episode reduced-DF frame
1650,True,18,12,-7.639023,-1.619393,3.999746,0.489363,0.388314,Same-episode reduced-DF frame
1651,True,17,20,-8.291793,-0.574384,3.273508,0.77797,0.163503,Same-episode reduced-DF frame
1652,True,14,32,-5.061365,-0.702993,2.815819,0.415659,-0.723008,Same-episode reduced-DF frame
1653,True,16,20,-8.587283,-1.111952,3.283398,0.110169,0.872301,Same-episode reduced-DF frame
1654,True,17,18,-9.296759,-1.381201,3.499721,0.215778,1.232915,Same-episode reduced-DF frame
1655,True,16,19,-7.071426,-0.82345,3.233098,0.750839,-0.042789,Same-episode reduced-DF frame
1656,True,15,20,-5.572038,-0.663266,2.344805,0.349319,-0.543257,Same-episode reduced-DF frame
1657,True,14,23,-3.518625,-0.495833,2.570639,0.755569,-1.653528,Same-episode reduced-DF frame
1658,True,15,27,-6.816342,-0.918185,2.957954,0.524454,0.170487,Same-episode reduced-DF frame
1659,True,16,19,-6.778706,-0.566559,3.086366,0.371643,-0.334302,Same-episode reduced-DF frame
1660,True,14,32,-6.767492,-0.725083,2.365514,0.138361,0.272519,Same-episode reduced-DF frame
1661,True,14,26,-5.198823,-0.374365,2.402324,0.424415,-0.881374,Same-episode reduced-DF frame
1662,True,15,25,-5.956865,-0.829793,2.713925,0.497376,-0.252395,Same-episode reduced-DF frame
1663,True,15,32,-8.997019,-0.778591,3.307517,0.093259,0.883255,Same-episode reduced-DF frame
1664,True,14,37,-7.181845,-1.033472,2.880672,0.128392,0.578854,Same-episode reduced-DF frame
1665,True,15,25,-4.865395,-1.267427,3.162977,0.80063,-0.555657,Same-episode reduced-DF frame
1666,True,14,27,-5.550653,-0.325158,2.863463,0.778589,-0.910688,Same-episode reduced-DF frame
1667,True,15,25,-5.996975,-0.579136,2.734494,0.329426,-0.477801,Same-episode reduced-DF frame
1668,True,17,23,-9.985556,-0.88794,3.153699,0.118558,1.361843,Same-episode reduced-DF frame
1669,True,15,25,-7.214275,-0.771385,2.852994,0.523673,0.224875,Same-episode reduced-DF frame
1670,True,15,26,-5.084977,-1.057172,2.977811,0.789537,-0.529041,Same-episode reduced-DF frame
1671,True,16,20,-8.219103,-0.816029,3.101262,0.433478,0.527856,Same-episode reduced-DF frame
1672,True,16,23,-7.261511,-1.078979,3.529992,0.319176,0.202104,Same-episode reduced-DF frame
1673,True,16,18,-6.435109,-0.727688,3.408582,0.787963,-0.52826,Same-episode reduced-DF frame
1674,True,19,25,-14.040517,-0.65901,1.96687,-1.039829,3.386141,Same-episode reduced-DF frame
1675,True,15,26,-7.267364,-0.602102,2.726798,0.579529,0.111459,Same-episode reduced-DF frame
1676,True,14,27,-4.518577,-0.554555,3.024889,0.757579,-1.260145,Same-episode reduced-DF frame
1677,True,16,21,-6.492839,-0.573972,2.884641,0.574194,-0.371888,Same-episode reduced-DF frame
1678,True,15,24,-8.347729,-0.937952,2.407009,0.227983,1.00441,Same-episode reduced-DF frame
1679,True,15,24,-8.020689,-0.785234,2.556894,-0.021597,0.724995,Same-episode reduced-DF frame
1680,True,14,27,-5.833829,-0.838414,3.095164,0.621755,-0.409223,Same-episode reduced-DF frame
1681,True,16,22,-7.203667,-0.710817,3.297493,1.144699,-0.174484,Same-episode reduced-DF frame
1682,True,14,26,-7.977086,-0.98686,2.629698,0.263561,0.814941,Same-episode reduced-DF frame
1683,True,18,25,-10.636581,-0.668203,2.892498,-0.114889,1.609568,Same-episode reduced-DF frame
1684,True,15,24,-6.282609,-0.955363,2.749875,0.330805,0.025686,Same-episode reduced-DF frame
1685,True,18,26,-12.997122,-1.082769,3.528639,-0.355161,2.723711,Same-episode reduced-DF frame
1686,True,16,21,-7.104822,-0.700395,2.829676,0.59396,0.006928,Same-episode reduced-DF frame
1687,True,15,29,-10.391968,-0.9307,3.098977,-0.194648,1.727503,Same-episode reduced-DF frame
1688,True,16,19,-7.65669,-0.883788,2.868703,0.470311,0.392471,Same-episode reduced-DF frame
1689,True,14,25,-4.718219,-0.460135,2.922473,0.847259,-1.230414,Same-episode reduced-DF frame
1690,True,15,28,-7.000676,-0.906084,2.802883,0.454387,0.304039,Same-episode reduced-DF frame
1691,True,14,33,-6.714989,-0.441727,2.819151,0.461397,-0.195922,Same-episode reduced-DF frame
1692,True,17,17,-8.892518,-1.559881,3.059959,-0.386264,1.322308,Same-episode reduced-DF frame
1693,True,15,23,-7.810269,-0.941359,2.48877,0.295734,0.72321,Same-episode reduced-DF frame
1694,True,20,21,-11.592064,-0.441984,2.469608,-0.111904,1.84016,Same-episode reduced-DF frame
1695,True,13,37,-5.340869,-0.507978,2.616122,0.894593,-0.616057,Same-episode reduced-DF frame
1696,True,17,31,-9.861479,-0.649996,2.626161,-0.166187,1.430725,Same-episode reduced-DF frame
1697,True,18,18,-9.066547,-0.439781,3.015293,0.267061,0.488987,Same-episode reduced-DF frame
1698,True,15,26,-7.362945,-0.964853,3.162113,0.420847,0.395505,Same-episode reduced-DF frame
1699,True,16,26,-8.189937,-0.786921,3.013678,0.254579,0.608099,Same-episode reduced-DF frame
1700,True,15,27,-6.283306,-1.030727,2.962161,0.369407,-0.001354,Same-episode reduced-DF frame
1701,True,14,27,-6.061132,-0.863616,2.91149,0.506348,-0.203173,Same-episode reduced-DF frame
1702,True,28,14,-12.662008,-0.386965,2.659282,-0.234118,2.049391,Same-episode reduced-DF frame
1703,True,15,22,-5.473846,-0.716379,2.777757,0.785342,-0.60277,Same-episode reduced-DF frame
1704,True,15,24,-5.675771,-0.927102,3.076432,0.333378,-0.490831,Same-episode reduced-DF frame
1705,True,16,28,-9.353188,-0.952959,3.456406,0.198395,1.108552,Same-episode reduced-DF frame
1706,True,14,30,-5.07654,-0.457248,2.403614,0.587351,-0.770952,Same-episode reduced-DF frame
1707,True,15,21,-5.44761,-0.572549,2.205169,0.608743,-0.596509,Same-episode reduced-DF frame
1708,True,15,24,-6.147206,-0.243833,2.088261,0.462922,-0.455663,Same-episode reduced-DF frame
1709,True,17,19,-8.045805,-0.416665,2.767481,0.409282,0.163918,Same-episode reduced-DF frame
1710,True,16,20,-6.982369,-1.030112,3.106135,0.294168,0.182146,Same-episode reduced-DF frame
1711,True,15,23,-6.312075,-1.090582,3.145303,0.527382,-0.035468,Same-episode reduced-DF frame
1712,True,16,18,-5.04525,-0.797787,2.226915,0.514047,-0.650168,Same-episode reduced-DF frame
1713,True,16,18,-8.41765,-1.06164,2.87673,0.181247,0.838332,Same-episode reduced-DF frame
1714,True,16,24,-6.820639,-0.713507,2.579236,0.505926,0.078118,Same-episode reduced-DF frame
1715,True,15,23,-8.000373,-0.667749,2.877603,0.276083,0.43613,Same-episode reduced-DF frame
1716,True,20,21,-10.798281,-0.409269,2.553327,-0.17531,1.474213,Same-episode reduced-DF frame
1717,True,14,23,-5.282372,-0.37051,2.583549,0.647322,-0.927319,Same-episode reduced-DF frame
1718,True,17,19,-9.805476,-0.582522,2.331134,-0.345402,1.291744,Same-episode reduced-DF frame
1719,True,17,23,-9.222514,-0.522088,2.823131,0.286612,0.804779,Same-episode reduced-DF frame
1720,True,14,35,-5.91105,-0.835322,2.71162,0.403549,-0.128363,Same-episode reduced-DF frame
1721,True,19,13,-9.187586,-0.986875,2.323027,0.023504,1.209664,Same-episode reduced-DF frame
1722,True,15,28,-7.999414,-0.617014,2.743011,-0.007248,0.524479,Same-episode reduced-DF frame
1723,True,17,23,-10.379649,-0.416437,3.037336,-0.021839,1.157604,Same-episode reduced-DF frame
1724,True,14,30,-6.37129,-0.601239,2.938753,0.5151,-0.257332,Same-episode reduced-DF frame
1725,True,14,32,-5.439525,-0.9526,3.750896,0.919731,-0.633329,Same-episode reduced-DF frame
1726,True,14,30,-5.715949,-0.447893,2.86639,0.558797,-0.646002,Same-episode reduced-DF frame
1727,True,14,27,-5.143454,-0.961628,2.970703,0.48691,-0.553045,Same-episode reduced-DF frame
1728,True,22,19,-13.227258,-0.978132,2.374521,-0.375321,3.000148,Same-episode reduced-DF frame
1729,True,17,23,-9.900794,-0.220665,2.704933,0.080566,0.899119,Same-episode reduced-DF frame
1730,True,16,24,-8.303814,-0.807949,3.140361,0.107384,0.59518,Same-episode reduced-DF frame
1731,True,14,30,-7.524806,-1.269064,3.588789,0.395066,0.556472,Same-episode reduced-DF frame
1732,True,16,25,-7.530226,-0.761393,3.280871,0.436075,0.183574,Same-episode reduced-DF frame
1733,True,16,19,-6.387583,-0.536436,2.305725,0.854234,-0.334406,Same-episode reduced-DF frame
1734,True,14,28,-7.424834,-0.781019,3.786935,0.910929,-0.008442,Same-episode reduced-DF frame
1735,True,17,22,-10.265677,-0.73915,3.336219,-0.047097,1.335988,Same-episode reduced-DF frame
1736,True,15,24,-6.176389,-0.800992,3.419796,1.143811,-0.500268,Same-episode reduced-DF frame
1737,True,15,26,-6.846182,-0.772054,2.843549,0.579531,0.062731,Same-episode reduced-DF frame
1738,True,16,24,-8.443758,-0.935332,2.932442,0.38502,0.826985,Same-episode reduced-DF frame
1739,True,15,25,-5.86997,-1.293634,3.149761,0.676778,-0.055083,Same-episode reduced-DF frame
1740,True,15,26,-7.053715,-0.734021,2.693066,0.600378,0.195741,Same-episode reduced-DF frame
1741,True,15,32,-9.502416,-1.175617,2.983892,0.10159,1.573687,Same-episode reduced-DF frame
1742,True,15,27,-7.901318,-1.339948,4.022408,0.436876,0.63884,Same-episode reduced-DF frame
1743,True,15,25,-7.950019,-0.716553,2.914778,0.347897,0.451048,Same-episode reduced-DF frame
1744,True,16,27,-8.712198,-0.233305,2.704025,0.189335,0.474338,Same-episode reduced-DF frame
1745,True,14,33,-4.470289,-0.716065,2.895528,0.752408,-0.981681,Same-episode reduced-DF frame
1746,True,15,23,-5.296292,-0.542243,2.56449,0.576166,-0.805438,Same-episode reduced-DF frame
1747,True,19,24,-10.792224,-0.516516,2.497014,0.167332,1.571368,Same-episode reduced-DF frame
1748,True,15,24,-7.690055,-1.061848,2.818488,-0.0614,0.685589,Same-episode reduced-DF frame
1749,True,17,16,-7.145289,-1.130665,2.794203,0.305038,0.322177,Same-episode reduced-DF frame
1750,True,14,28,-5.322685,-0.219855,2.23075,0.36732,-0.851825,Same-episode reduced-DF frame
1751,True,15,20,-6.313968,-0.752779,3.402723,1.022915,-0.502129,Same-episode reduced-DF frame
1752,True,16,16,-5.604991,-0.202388,2.265016,0.766178,-1.007818,Same-episode reduced-DF frame
1753,True,14,34,-5.843966,-0.57894,2.983665,0.90923,-0.519193,Same-episode reduced-DF frame
1754,True,15,24,-7.944759,-1.40039,3.024878,0.249567,0.97379,Same-episode reduced-DF frame
1755,True,14,28,-6.248469,-1.102979,2.511151,0.229718,0.22551,Same-episode reduced-DF frame
1756,True,14,28,-7.731616,-1.147891,3.234128,0.299773,0.698729,Same-episode reduced-DF frame
1757,True,15,29,-6.90112,-0.470655,2.735974,0.419174,-0.08565,Same-episode reduced-DF frame
1758,True,15,25,-6.300997,-0.999987,3.059934,0.226354,-0.123052,Same-episode reduced-DF frame
1759,True,15,22,-4.257871,-0.930849,2.930731,0.87464,-1.050591,Same-episode reduced-DF frame
1760,True,14,33,-6.309315,-0.468394,3.030001,0.679076,-0.453009,Same-episode reduced-DF frame
1761,True,14,26,-6.610064,-0.751334,3.175976,0.814118,-0.188819,Same-episode reduced-DF frame
1762,True,15,26,-6.072009,-0.689672,3.164103,1.118091,-0.512704,Same-episode reduced-DF frame
1763,True,15,21,-6.234113,-0.760465,3.28011,0.842809,-0.468823,Same-episode reduced-DF frame
1764,True,16,18,-7.117158,0.108399,1.715942,0.426749,-0.398568,Same-episode reduced-DF frame
1765,True,15,26,-8.499112,-1.217938,2.714918,0.484315,1.150831,Same-episode reduced-DF frame
1766,True,16,29,-7.71844,-0.086572,2.462062,0.638318,-0.080708,Same-episode reduced-DF frame
1767,True,16,19,-6.548499,-1.184642,3.652197,0.370387,-0.169416,Same-episode reduced-DF frame
1768,True,16,22,-7.125396,-1.246723,3.361457,0.208314,0.316406,Same-episode reduced-DF frame
1769,True,16,26,-8.701096,-0.66431,2.203848,0.1582,0.977708,Same-episode reduced-DF frame
1770,True,14,23,-4.889877,0.004132,2.498243,0.409244,-1.543622,Same-episode reduced-DF frame
1771,True,17,24,-12.108113,-0.933985,3.554326,-0.069805,2.113025,Same-episode reduced-DF frame
1772,True,15,23,-6.446869,-0.324107,2.543508,0.789566,-0.492521,Same-episode reduced-DF frame
1773,True,14,29,-5.348407,-1.07049,3.267649,0.618504,-0.450977,Same-episode reduced-DF frame
1774,True,17,28,-9.881874,-0.872635,2.744074,0.240481,1.512384,Same-episode reduced-DF frame
1775,True,16,22,-8.98797,-1.11832,3.258676,0.574755,1.005261,Same-episode reduced-DF frame
1776,True,18,18,-10.555267,-0.935677,3.492121,0.149447,1.425943,Same-episode reduced-DF frame
1777,True,15,25,-6.643065,-0.684988,3.005559,0.397579,-0.192022,Same-episode reduced-DF frame
1778,True,15,28,-6.72761,-0.707236,2.907904,0.582873,-0.0625,Same-episode reduced-DF frame
1779,True,15,29,-7.645981,-0.52055,2.592305,0.209261,0.317023,Same-episode reduced-DF frame
1780,True,15,21,-5.593985,-0.939673,3.145516,0.709227,-0.547601,Same-episode reduced-DF frame
1781,True,16,19,-6.110146,-0.715423,3.169793,0.837635,-0.555432,Same-episode reduced-DF frame
1782,True,14,32,-6.481314,-0.333145,2.723393,0.53215,-0.372679,Same-episode reduced-DF frame
1783,True,15,20,-5.576742,-0.943641,3.209672,0.779021,-0.567324,Same-episode reduced-DF frame
1784,True,15,23,-6.221139,-1.104614,3.242368,0.753298,-0.139575,Same-episode reduced-DF frame
1785,True,14,33,-6.20654,-0.967576,3.162266,0.319213,-0.112852,Same-episode reduced-DF frame
1786,True,15,19,-4.184782,-0.597426,2.447337,0.84615,-1.282848,Same-episode reduced-DF frame
1787,True,19,17,-15.070069,-1.158436,4.270631,-0.562934,3.212658,Same-episode reduced-DF frame
1788,True,15,24,-5.998807,-0.365309,2.455462,0.581555,-0.576045,Same-episode reduced-DF frame
1789,True,15,28,-7.543445,-0.844396,3.063464,0.549092,0.381223,Same-episode reduced-DF frame
1790,True,16,23,-9.011865,-0.683725,3.274056,0.800728,0.608195,Same-episode reduced-DF frame
1791,True,15,22,-5.787111,-0.684804,2.544199,0.41184,-0.402157,Same-episode reduced-DF frame
1792,True,15,26,-6.988195,-0.28579,2.094481,0.288789,-0.029328,Same-episode reduced-DF frame
1793,True,14,28,-5.937513,-0.518759,2.728667,0.510338,-0.482859,Same-episode reduced-DF frame
1794,True,16,22,-7.357626,-0.774676,2.834082,0.212925,0.221886,Same-episode reduced-DF frame
1795,True,14,24,-5.2641,-0.693176,1.783214,0.538427,-0.387887,Same-episode reduced-DF frame
1796,True,15,24,-6.526656,-0.944975,2.695824,0.404915,0.110489,Same-episode reduced-DF frame
1797,True,15,23,-6.418504,-0.716927,2.782801,0.516104,-0.214606,Same-episode reduced-DF frame
1798,True,16,20,-7.390342,-1.239791,2.94831,0.442605,0.540543,Same-episode reduced-DF frame
1799,True,16,20,-9.921399,-1.235969,3.238102,-0.040538,1.568484,Same-episode reduced-DF frame
1800,True,15,27,-6.727399,-0.850039,2.735253,0.613687,0.13126,Same-episode reduced-DF frame
1801,True,14,27,-6.897164,-1.297678,3.007403,0.39594,0.49475,Same-episode reduced-DF frame
1802,True,15,27,-7.907243,-1.047869,2.522034,0.239368,0.914328,Same-episode reduced-DF frame
1803,True,15,22,-6.096572,-0.630898,3.363463,0.80383,-0.616751,Same-episode reduced-DF frame
1804,True,17,22,-10.06626,-1.154226,2.945914,-0.262831,1.744321,Same-episode reduced-DF frame
1805,True,15,27,-7.071655,-0.698338,2.73099,0.231436,0.189032,Same-episode reduced-DF frame
1806,True,15,22,-5.249906,-1.015195,3.417475,0.839225,-0.728377,Same-episode reduced-DF frame
1807,True,15,25,-6.329272,-0.59851,2.915068,0.365394,-0.365724,Same-episode reduced-DF frame
1808,True,15,25,-5.646556,-0.745531,3.005714,0.739197,-0.565529,Same-episode reduced-DF frame
1809,True,18,13,-6.26093,-1.621417,4.442921,1.09677,-0.44042,Same-episode reduced-DF frame
1810,True,18,23,-10.566217,-1.075655,3.25878,-0.302156,1.767336,Same-episode reduced-DF frame
1811,True,16,27,-9.76471,-0.973376,2.77374,0.419079,1.463688,Same-episode reduced-DF frame
1812,True,16,25,-8.35315,-0.052911,2.511197,0.368278,0.139192,Same-episode reduced-DF frame
1813,True,15,28,-8.800925,-1.513996,3.176874,-0.337286,1.41914,Same-episode reduced-DF frame
1814,True,15,24,-5.513338,-0.871749,2.696532,0.648051,-0.457197,Same-episode reduced-DF frame
1815,True,15,25,-7.854266,-0.997112,2.966827,0.442026,0.623245,Same-episode reduced-DF frame
1816,True,15,26,-6.182891,-0.566732,2.476653,0.342864,-0.329086,Same-episode reduced-DF frame
1817,True,17,25,-11.392724,-1.05874,2.618964,-0.604541,2.377346,Same-episode reduced-DF frame
1818,True,17,19,-8.412459,-1.019789,2.500872,0.440959,0.945634,Same-episode reduced-DF frame
1819,True,15,30,-8.713175,-1.120252,2.823531,0.41751,1.211665,Same-episode reduced-DF frame
1820,True,15,25,-7.972103,-0.328366,2.754111,0.346791,0.177886,Same-episode reduced-DF frame
1821,True,16,22,-6.009984,-0.9718,3.18466,0.682826,-0.340359,Same-episode reduced-DF frame
1822,True,15,20,-5.836126,-0.230703,2.566628,0.75354,-0.903967,Same-episode reduced-DF frame
1823,True,15,27,-7.543276,-0.312485,2.731217,0.255787,0.030633,Same-episode reduced-DF frame
1824,True,14,28,-7.329213,-1.169711,3.371637,0.470048,0.41544,Same-episode reduced-DF frame
1825,True,17,25,-9.420786,-0.646444,2.70404,0.394302,1.066719,Same-episode reduced-DF frame
1826,True,17,23,-9.22922,-0.752105,3.426154,0.168397,0.82956,Same-episode reduced-DF frame
1827,True,21,22,-25.791813,-1.017259,2.911593,-2.900038,8.256999,Same-episode reduced-DF frame
1828,True,16,26,-8.602644,-0.739499,3.130714,0.663735,0.643169,Same-episode reduced-DF frame
1829,True,17,21,-8.02248,-0.268802,3.142269,0.33784,-0.089465,Same-episode reduced-DF frame
1830,True,18,15,-7.933024,-0.909898,3.897197,0.578711,0.066813,Same-episode reduced-DF frame
1831,True,14,32,-5.554261,-1.133121,2.861465,0.393431,-0.107815,Same-episode reduced-DF frame
1832,True,14,32,-5.466971,-0.454532,2.386439,0.723923,-0.582483,Same-episode reduced-DF frame
1833,True,19,32,-12.23651,-0.791162,3.486908,-0.017204,2.20709,Same-episode reduced-DF frame
1834,True,16,20,-5.970083,-0.896865,3.483187,0.730937,-0.5238,Same-episode reduced-DF frame
1835,True,16,14,-5.602556,-0.636957,2.702477,0.841819,-0.799905,Same-episode reduced-DF frame
1836,True,16,15,-5.627393,0.00482,1.947466,0.694047,-1.111556,Same-episode reduced-DF frame
1837,True,14,25,-6.796393,-0.944882,3.239149,0.248913,0.03063,Same-episode reduced-DF frame
1838,True,15,28,-7.099285,-0.949772,2.561746,0.469572,0.445328,Same-episode reduced-DF frame
1839,True,15,25,-6.553266,-0.686921,2.937439,0.422231,-0.145334,Same-episode reduced-DF frame
1840,True,15,26,-5.645256,-0.603714,2.72984,0.226464,-0.619482,Same-episode reduced-DF frame
1841,True,15,22,-4.83358,-1.156644,3.743426,0.805116,-0.948461,Same-episode reduced-DF frame
1842,True,16,24,-7.737304,-0.537376,2.729236,0.395916,0.243431,Same-episode reduced-DF frame
1843,True,16,27,-7.442195,-0.740268,3.3683,0.409587,0.146386,Same-episode reduced-DF frame
1844,True,15,28,-8.596068,-0.967489,2.956346,0.175268,1.000975,Same-episode reduced-DF frame
1845,True,15,24,-5.770646,-0.699834,2.520979,0.818572,-0.419588,Same-episode reduced-DF frame
1846,True,16,18,-6.461812,-0.693407,2.915977,0.75824,-0.34139,Same-episode reduced-DF frame
1847,True,16,19,-6.507571,-0.778566,3.272977,0.568473,-0.391875,Same-episode reduced-DF frame
1848,True,14,27,-6.084426,-0.566009,2.212147,0.607118,-0.233299,Same-episode reduced-DF frame
1849,True,15,24,-6.992711,-1.04469,2.449066,0.314804,0.472716,Same-episode reduced-DF frame
1850,True,15,20,-4.863089,-0.603742,2.565599,0.770592,-0.964075,Same-episode reduced-DF frame
1851,True,14,30,-5.874535,-0.922104,3.637434,0.695163,-0.497639,Same-episode reduced-DF frame
1852,True,15,24,-5.422365,-0.929729,3.064724,0.633575,-0.53349,Same-episode reduced-DF frame
1853,True,14,26,-6.291535,-0.960604,3.039404,0.833726,-0.10885,Same-episode reduced-DF frame
1854,True,16,20,-7.288497,-1.561502,4.45564,0.58425,0.208525,Same-episode reduced-DF frame
1855,True,15,24,-5.848991,-0.579146,2.575308,0.860196,-0.496465,Same-episode reduced-DF frame
1856,True,14,28,-7.045355,-1.290754,2.783514,0.313285,0.639381,Same-episode reduced-DF frame
1857,True,17,22,-8.600845,-0.899035,2.808202,0.106044,0.906733,Same-episode reduced-DF frame
1858,True,16,21,-7.589508,-0.834195,2.65496,0.293649,0.429989,Same-episode reduced-DF frame
1859,True,15,25,-6.454119,-0.925081,2.984622,0.357729,-0.029574,Same-episode reduced-DF frame
1860,True,15,22,-7.90988,-0.991983,2.565611,0.306737,0.773524,Same-episode reduced-DF frame
1861,True,16,20,-8.958065,-1.58868,4.216015,0.507411,1.068082,Same-episode reduced-DF frame
1862,True,16,21,-7.38339,-1.216056,2.634517,-0.049178,0.657418,Same-episode reduced-DF frame
1863,True,17,23,-9.34024,-0.917295,3.437289,0.347108,1.005525,Same-episode reduced-DF frame
1864,True,14,35,-7.082944,-0.533376,2.726353,0.497914,0.130537,Same-episode reduced-DF frame
1865,True,14,34,-7.341536,-0.76828,2.4217,0.067008,0.54223,Same-episode reduced-DF frame
1866,True,14,24,-4.73102,-0.17564,2.170079,0.57617,-1.243324,Same-episode reduced-DF frame
1867,True,16,23,-7.296254,-0.8907,3.22786,0.504526,0.154688,Same-episode reduced-DF frame
1868,True,15,24,-7.791044,-1.092313,3.334926,0.174792,0.53929,Same-episode reduced-DF frame
1869,True,16,21,-6.883154,-0.901566,2.706714,0.419905,0.151812,Same-episode reduced-DF frame
1870,True,16,24,-7.484421,-0.70264,3.199057,0.233951,0.09838,Same-episode reduced-DF frame
1871,True,16,21,-7.966271,-0.803156,2.656079,0.424518,0.558248,Same-episode reduced-DF frame
1872,True,15,22,-5.53376,-0.469644,2.191287,0.481758,-0.609558,Same-episode reduced-DF frame
1873,True,16,24,-7.505366,-1.046111,3.250099,0.294384,0.433146,Same-episode reduced-DF frame
1874,True,15,23,-7.182205,-0.431937,2.55188,0.320851,-0.019167,Same-episode reduced-DF frame
1875,True,14,27,-5.970718,-0.53497,2.673586,0.930055,-0.498143,Same-episode reduced-DF frame
1876,True,15,31,-7.745314,-0.792405,3.152653,0.275342,0.42704,Same-episode reduced-DF frame
1877,True,15,25,-7.218486,-0.72147,2.886922,0.309964,0.189342,Same-episode reduced-DF frame
1878,True,15,20,-6.78561,-1.059642,2.524206,0.228237,0.34824,Same-episode reduced-DF frame
1879,True,16,24,-8.105852,-0.534138,2.577792,0.473756,0.436963,Same-episode reduced-DF frame
1880,True,15,23,-7.316901,-1.048725,2.720442,0.31007,0.523477,Same-episode reduced-DF frame
1881,True,15,29,-5.602633,-1.203547,3.208256,0.453855,-0.252991,Same-episode reduced-DF frame
1882,True,15,28,-7.161291,-0.335578,2.276708,0.464426,0.031312,Same-episode reduced-DF frame
1883,True,15,26,-7.340479,-0.506041,2.349481,0.222066,0.26128,Same-episode reduced-DF frame
1884,True,17,15,-8.886257,-1.053313,2.297717,-0.155501,1.198781,Same-episode reduced-DF frame
1885,True,14,31,-6.906108,-0.931678,3.110257,0.554361,0.219355,Same-episode reduced-DF frame
1886,True,17,21,-10.52121,-1.455104,3.69613,0.341122,1.767782,Same-episode reduced-DF frame
1887,True,16,16,-7.477427,-1.041183,3.476836,0.576038,0.19314,Same-episode reduced-DF frame
1888,True,17,14,-7.878817,-0.982977,2.306035,0.526462,0.628847,Same-episode reduced-DF frame
1889,True,17,27,-12.972816,-0.764225,3.134066,-0.434425,2.623139,Same-episode reduced-DF frame
1890,True,16,22,-8.460433,-0.671957,1.847572,0.068633,0.974048,Same-episode reduced-DF frame
1891,True,17,18,-8.060603,-0.786613,3.741829,0.471989,0.13655,Same-episode reduced-DF frame
1892,True,16,19,-6.511727,-0.924584,3.327939,0.231186,-0.255346,Same-episode reduced-DF frame
1893,True,16,23,-7.741043,-0.702038,2.936041,0.631714,0.277775,Same-episode reduced-DF frame
1894,True,14,27,-6.102541,-0.920262,2.77852,0.539021,-0.107357,Same-episode reduced-DF frame
1895,True,14,27,-5.722064,-0.815531,3.376132,0.573666,-0.526775,Same-episode reduced-DF frame
1896,True,15,23,-6.994088,-0.289021,2.687479,0.333689,-0.271048,Same-episode reduced-DF frame
1897,True,14,30,-6.337596,-0.739074,2.96326,0.540927,-0.165378,Same-episode reduced-DF frame
1898,True,16,21,-8.536471,-0.939068,2.603058,0.382186,0.94107,Same-episode reduced-DF frame
1899,True,15,29,-7.420538,-0.845117,3.182194,0.315445,0.318786,Same-episode reduced-DF frame
1900,True,16,17,-6.83434,-1.206413,4.103903,0.796166,-0.247182,Same-episode reduced-DF frame
1901,True,15,22,-6.165598,-0.765937,3.454342,0.655778,-0.502973,Same-episode reduced-DF frame
1902,True,16,23,-9.258274,-1.058394,3.505579,0.109488,1.101806,Same-episode reduced-DF frame
1903,True,15,26,-8.096933,-0.992033,3.027786,0.500229,0.716189,Same-episode reduced-DF frame
1904,True,16,23,-9.298063,-0.911158,3.01399,0.196748,1.156548,Same-episode reduced-DF frame
1905,True,15,31,-7.545259,-0.467784,2.476912,0.373553,0.296575,Same-episode reduced-DF frame
1906,True,16,19,-6.663127,-0.871779,3.020827,0.570647,-0.106392,Same-episode reduced-DF frame
1907,True,16,19,-8.530871,-1.151184,3.736125,0.643751,0.628861,Same-episode reduced-DF frame
1908,True,16,23,-8.184014,-0.972181,2.793564,-0.305559,0.813739,Same-episode reduced-DF frame
1909,True,18,31,-19.124875,-0.820226,3.24524,-1.712284,5.265853,Same-episode reduced-DF frame
1910,True,19,15,-9.88939,-0.996192,2.893798,0.144411,1.334613,Same-episode reduced-DF frame
1911,True,14,29,-5.920376,-0.664886,3.085088,0.726451,-0.468936,Same-episode reduced-DF frame
1912,True,15,21,-5.696465,-0.505366,2.233985,0.494849,-0.549352,Same-episode reduced-DF frame
1913,True,15,23,-4.83192,-0.497128,2.287764,0.348641,-0.948698,Same-episode reduced-DF frame
1914,True,15,27,-7.049522,-0.534063,2.450567,0.498048,0.095761,Same-episode reduced-DF frame
1915,True,16,27,-8.793883,-0.947176,3.370003,0.177992,0.87929,Same-episode reduced-DF frame
1916,True,17,17,-7.900064,-0.282483,2.981096,0.481383,-0.131278,Same-episode reduced-DF frame
1917,True,15,26,-5.676694,-0.626924,2.00426,0.677232,-0.315009,Same-episode reduced-DF frame
1918,True,14,33,-6.751873,-0.559435,3.060854,0.53274,-0.141518,Same-episode reduced-DF frame
1919,True,16,26,-8.739326,-0.492237,2.640292,0.443385,0.668905,Same-episode reduced-DF frame
1920,True,16,23,-7.338302,-0.949525,3.155883,0.187482,0.265097,Same-episode reduced-DF frame
1921,True,15,27,-6.307956,-0.562922,2.297239,0.73247,-0.187528,Same-episode reduced-DF frame
1922,True,16,18,-6.403484,-0.971794,2.813093,0.392246,-0.104882,Same-episode reduced-DF frame
1923,True,14,28,-6.203882,-1.151185,3.580763,0.820482,-0.189811,Same-episode reduced-DF frame
1924,True,14,31,-6.219532,-1.045879,3.200965,0.649542,-0.02618,Same-episode reduced-DF frame
1925,True,17,24,-9.798064,-0.72733,3.069067,-0.148883,1.200229,Same-episode reduced-DF frame
1926,True,15,21,-5.1278,-0.46726,2.651752,0.743505,-0.982176,Same-episode reduced-DF frame
1927,True,15,21,-5.450665,-0.919523,3.184311,0.607572,-0.632156,Same-episode reduced-DF frame
1928,True,13,35,-6.557797,-0.722345,2.877446,0.433988,0.052397,Same-episode reduced-DF frame
1929,True,15,29,-7.942698,-0.275237,2.972835,0.389341,0.085562,Same-episode reduced-DF frame
1930,True,14,27,-5.531632,-0.531658,2.342186,0.686151,-0.52838,Same-episode reduced-DF frame
1931,True,16,21,-6.028791,-0.691311,3.187946,0.668818,-0.588321,Same-episode reduced-DF frame
1932,True,15,26,-6.312647,-1.040206,2.516503,0.33142,0.160528,Same-episode reduced-DF frame
1933,True,19,20,-9.983858,-0.818758,2.27135,-0.612772,1.590199,Same-episode reduced-DF frame
1934,True,15,24,-8.920968,-0.761043,2.921034,0.171088,0.8826,Same-episode reduced-DF frame
1935,True,16,18,-7.468668,-1.008356,2.8572,0.219337,0.419537,Same-episode reduced-DF frame
1936,True,14,29,-5.251667,-1.05484,3.241493,0.888674,-0.540099,Same-episode reduced-DF frame
1937,True,16,31,-10.685491,-1.229703,3.514151,-0.21796,1.965956,Same-episode reduced-DF frame
1938,True,15,30,-9.355359,-1.158196,3.577742,0.509259,1.210419,Same-episode reduced-DF frame
1939,True,15,21,-6.856324,-1.157888,2.656618,0.230738,0.385869,Same-episode reduced-DF frame
1940,True,16,28,-9.545076,-0.799593,2.907344,-0.02909,1.303698,Same-episode reduced-DF frame
1941,True,15,28,-8.127657,-0.712281,2.697188,0.096157,0.698865,Same-episode reduced-DF frame
1942,True,16,23,-8.561656,-0.80608,3.153516,0.161225,0.710704,Same-episode reduced-DF frame
1943,True,14,30,-5.551207,-0.887661,2.63614,0.484451,-0.23609,Same-episode reduced-DF frame
1944,True,15,29,-7.898427,-0.581545,2.709432,0.331009,0.453607,Same-episode reduced-DF frame
1945,True,15,32,-9.321782,-0.960127,3.25397,0.399828,1.216782,Same-episode reduced-DF frame
1946,True,16,19,-6.689609,-0.28066,2.256414,0.623115,-0.371822,Same-episode reduced-DF frame
1947,True,14,27,-5.87421,-0.735437,3.046877,0.725241,-0.459369,Same-episode reduced-DF frame
1948,True,16,22,-7.54698,-1.298152,3.174556,0.554542,0.619984,Same-episode reduced-DF frame
1949,True,15,24,-7.369655,-0.569708,2.50883,0.216,0.204427,Same-episode reduced-DF frame
1950,True,16,20,-7.800343,-0.908024,2.655323,0.187262,0.582765,Same-episode reduced-DF frame
1951,True,14,31,-7.1519,-0.917699,2.783757,0.09784,0.422077,Same-episode reduced-DF frame
1952,True,14,33,-7.404568,-0.810478,2.785873,0.516373,0.460213,Same-episode reduced-DF frame
1953,True,15,24,-7.581993,-0.458851,2.800546,0.306565,0.10332,Same-episode reduced-DF frame
1954,True,16,23,-8.445346,-0.572345,2.548604,-0.105295,0.665391,Same-episode reduced-DF frame
1955,True,16,24,-9.004793,-0.919158,2.452385,0.179487,1.233536,Same-episode reduced-DF frame
1956,True,14,25,-6.360954,-0.761524,3.114057,0.569392,-0.260332,Same-episode reduced-DF frame
1957,True,18,19,-8.950572,-0.819709,3.321667,0.658871,0.6411,Same-episode reduced-DF frame
1958,True,15,33,-9.042479,-0.980699,3.278501,0.042213,1.162462,Same-episode reduced-DF frame
1959,True,15,20,-5.364774,-1.073061,2.219831,0.405566,-0.262504,Same-episode reduced-DF frame
1960,True,15,26,-4.949079,-0.778977,3.410598,0.636845,-0.938677,Same-episode reduced-DF frame
1961,True,19,25,-16.080292,-1.139846,3.172792,-0.616405,4.116633,Same-episode reduced-DF frame
1962,True,15,25,-6.459557,-0.720568,2.31915,0.490742,0.02829,Same-episode reduced-DF frame
1963,True,17,17,-8.634568,-0.855769,2.422008,0.2753,0.89278,Same-episode reduced-DF frame
1964,True,15,20,-5.487271,-0.737484,2.664036,0.518914,-0.614526,Same-episode reduced-DF frame
1965,True,17,18,-9.096597,-0.793007,2.986452,0.375844,0.840811,Same-episode reduced-DF frame
1966,True,16,21,-7.005871,-0.381003,2.367982,0.533338,-0.130229,Same-episode reduced-DF frame
1967,True,16,24,-7.0964,-0.457768,2.461374,0.468812,0.004246,Same-episode reduced-DF frame
1968,True,18,19,-9.391292,-0.968449,2.472983,0.001863,1.353971,Same-episode reduced-DF frame
1969,True,15,27,-8.007467,-1.147728,3.052696,0.246643,0.807879,Same-episode reduced-DF frame
1970,True,15,25,-9.128247,-1.119431,3.895342,0.100706,0.980562,Same-episode reduced-DF frame
1971,True,15,26,-7.720477,-0.538613,2.517646,0.393656,0.35389,Same-episode reduced-DF frame
1972,True,15,29,-7.428866,-0.679951,3.196768,0.333696,0.186027,Same-episode reduced-DF frame
1973,True,15,33,-7.820975,-0.25412,2.495061,0.107113,0.23431,Same-episode reduced-DF frame
1974,True,18,21,-12.183854,-1.374123,3.434751,-0.40669,2.601831,Same-episode reduced-DF frame
1975,True,15,24,-7.543984,-0.605401,2.713782,0.631811,0.200482,Same-episode reduced-DF frame
1976,True,15,22,-6.361757,-1.278429,3.180309,0.412178,0.086329,Same-episode reduced-DF frame
1977,True,17,26,-10.750688,-0.674154,2.167235,-0.211225,1.904596,Same-episode reduced-DF frame
1978,True,19,25,-13.143295,-0.617038,2.592135,-0.728108,2.709494,Same-episode reduced-DF frame
1979,True,14,27,-4.615923,-0.806734,2.509715,0.644343,-0.780962,Same-episode reduced-DF frame
1980,True,15,24,-6.828015,-0.678825,3.068734,0.728215,-0.114425,Same-episode reduced-DF frame
1981,True,17,25,-12.328641,-0.745909,2.736317,-0.727755,2.516296,Same-episode reduced-DF frame
1982,True,15,30,-8.424964,-0.403214,2.41859,0.234633,0.630541,Same-episode reduced-DF frame
1983,True,15,27,-7.018454,-0.763048,2.855486,0.416668,0.151137,Same-episode reduced-DF frame
1984,True,17,24,-9.355138,-0.228935,2.087233,-0.050094,0.908488,Same-episode reduced-DF frame
1985,True,17,14,-5.332074,-1.38362,2.726299,0.400388,-0.395646,Same-episode reduced-DF frame
1986,True,13,33,-6.561796,-0.491058,2.644566,0.463865,-0.114209,Same-episode reduced-DF frame
1987,True,16,19,-8.270147,-0.937967,2.401534,0.181049,0.878728,Same-episode reduced-DF frame
1988,True,19,21,-19.108482,-1.34862,3.143796,-2.025372,5.6518,Same-episode reduced-DF frame
1989,True,17,22,-10.874538,-0.96494,2.982545,-0.016713,1.887782,Same-episode reduced-DF frame
1990,True,16,19,-6.980495,-0.842532,2.432397,0.492014,0.214214,Same-episode reduced-DF frame
1991,True,16,20,-6.466073,-1.193505,3.200671,0.731895,-0.023044,Same-episode reduced-DF frame
1992,True,16,20,-7.387763,-1.019921,3.817942,0.614425,0.042137,Same-episode reduced-DF frame
1993,True,15,23,-6.694361,-1.455314,3.28062,0.465684,0.36011,Same-episode reduced-DF frame
1994,True,14,31,-5.563029,-0.961221,2.976025,0.53428,-0.30027,Same-episode reduced-DF frame
1995,True,14,31,-6.501851,-0.846913,2.960374,0.525502,0.005334,Same-episode reduced-DF frame
1996,True,17,19,-8.454171,-1.107556,2.949461,0.369671,0.860522,Same-episode reduced-DF frame
1997,True,15,25,-7.539351,-0.407711,2.994846,0.366582,-0.022872,Same-episode reduced-DF frame
1998,True,15,26,-8.838012,-0.961292,3.116642,-0.194907,1.054531,Same-episode reduced-DF frame
0,True,14,33,-5.572641,-0.415899,2.858155,0.932298,-0.758131,Identity-certain reduced-DF frame
1,True,14,39,-6.63863,-0.327335,2.973572,0.516594,-0.331984,Identity-certain reduced-DF frame
2,True,14,27,-5.346879,-0.495679,3.490093,1.006402,-1.091313,Identity-certain reduced-DF frame
3,True,15,35,-7.374059,-0.466868,2.980771,0.467061,0.051992,Identity-certain reduced-DF frame
4,True,13,35,-5.939088,-0.903665,2.142618,0.244964,0.171639,Identity-certain reduced-DF frame
5,True,14,30,-5.920702,-0.557846,2.956398,0.828639,-0.524765,Identity-certain reduced-DF frame
6,True,13,31,-4.709435,-0.1253,2.284496,1.174294,-1.255185,Identity-certain reduced-DF frame
7,True,14,30,-5.840727,-0.214303,2.496665,0.857899,-0.753575,Identity-certain reduced-DF frame
8,True,14,46,-7.901713,-0.420892,2.900275,0.593656,0.371701,Identity-certain reduced-DF frame
9,True,13,30,-4.814457,-0.034195,2.637823,0.858772,-1.430861,Identity-certain reduced-DF frame
10,True,14,35,-5.848124,-0.534091,2.747348,0.308477,-0.420711,Identity-certain reduced-DF frame
11,True,15,26,-6.364803,-0.444729,3.1006,0.586209,-0.534577,Identity-certain reduced-DF frame
12,True,14,46,-8.713448,-0.19819,2.602709,0.319386,0.63877,Identity-certain reduced-DF frame
13,True,14,36,-5.499748,-0.302637,2.705309,0.608728,-0.80492,Identity-certain reduced-DF frame
14,True,16,29,-8.801661,-0.568847,2.849569,0.595837,0.680975,Identity-certain reduced-DF frame
15,True,14,30,-5.737154,0.028026,2.810622,0.682477,-1.114209,Identity-certain reduced-DF frame
16,True,14,36,-4.802178,-0.588719,3.679997,0.978286,-1.228019,Identity-certain reduced-DF frame
17,True,14,34,-7.884921,-0.504884,3.075371,0.487823,0.299802,Identity-certain reduced-DF frame
18,True,15,30,-8.45167,-0.566486,2.889049,0.364988,0.608972,Identity-certain reduced-DF frame
19,True,13,36,-6.189648,0.043883,2.260434,0.610813,-0.687267,Identity-certain reduced-DF frame
20,True,14,39,-8.501468,-0.722828,3.277534,0.167783,0.746778,Identity-certain reduced-DF frame
21,True,13,35,-5.588538,-0.432014,2.726654,0.503771,-0.648143,Identity-certain reduced-DF frame
22,True,14,33,-5.960896,-0.281943,3.091115,0.707056,-0.775142,Identity-certain reduced-DF frame
23,True,13,44,-5.84021,-0.138047,2.86053,0.581879,-0.752453,Identity-certain reduced-DF frame
24,True,16,21,-6.457577,-0.144174,2.436992,0.700705,-0.644883,Identity-certain reduced-DF frame
25,True,15,33,-7.729196,-0.461111,2.572487,0.272988,0.343959,Identity-certain reduced-DF frame
26,True,14,46,-7.707003,-0.653719,3.585374,0.463388,0.274307,Identity-certain reduced-DF frame
27,True,15,29,-6.470479,-0.382039,2.163613,0.266157,-0.164321,Identity-certain reduced-DF frame
28,True,15,27,-6.193932,-0.471144,2.750969,0.896654,-0.496789,Identity-certain reduced-DF frame
29,True,12,42,-4.728775,-0.029851,2.631792,0.810392,-1.326063,Identity-certain reduced-DF frame
30,True,14,33,-5.804321,-0.210647,2.796863,0.766674,-0.818691,Identity-certain reduced-DF frame
31,True,12,49,-5.257525,-0.278921,2.289672,0.725308,-0.647891,Identity-certain reduced-DF frame
32,True,12,47,-5.634461,-0.107864,2.207573,0.579508,-0.658431,Identity-certain reduced-DF frame
33,True,14,29,-5.575268,-0.58497,3.150675,0.902189,-0.756588,Identity-certain reduced-DF frame
34,True,14,32,-6.336497,-0.460828,2.252344,0.510382,-0.101668,Identity-certain reduced-DF frame
35,True,14,30,-4.074876,-0.435501,2.949836,1.146132,-1.489891,Identity-certain reduced-DF frame
36,True,14,41,-8.139044,-0.612658,2.762064,0.514795,0.65907,Identity-certain reduced-DF frame
37,True,13,43,-5.31891,-0.469506,2.858599,0.771466,-0.700535,Identity-certain reduced-DF frame
38,True,13,42,-5.487803,-0.424483,2.816536,0.668257,-0.626639,Identity-certain reduced-DF frame
39,True,14,30,-5.347062,-0.266486,2.276667,0.634679,-0.803041,Identity-certain reduced-DF frame
40,True,13,39,-4.757673,-0.203099,2.572358,0.665143,-1.12428,Identity-certain reduced-DF frame
41,True,13,27,-4.463962,0.073129,2.238729,0.725232,-1.62329,Identity-certain reduced-DF frame
42,True,15,29,-7.303274,-0.226945,3.293795,0.684747,-0.397601,Identity-certain reduced-DF frame
43,True,15,25,-6.71129,-0.535603,2.991001,0.866145,-0.332508,Identity-certain reduced-DF frame
44,True,14,38,-7.333765,-0.519077,3.008462,0.32065,0.137988,Identity-certain reduced-DF frame
45,True,13,35,-5.78607,-0.038493,2.135379,0.633739,-0.778501,Identity-certain reduced-DF frame
46,True,13,40,-5.603727,-0.281668,2.581358,0.533259,-0.678134,Identity-certain reduced-DF frame
47,True,14,32,-7.251255,-0.025262,2.31945,0.335862,-0.178282,Identity-certain reduced-DF frame
48,True,13,40,-4.50534,-0.396059,2.530431,0.953589,-1.047386,Identity-certain reduced-DF frame
49,True,13,39,-5.998928,0.063194,2.937831,0.965401,-1.021091,Identity-certain reduced-DF frame
50,True,14,31,-5.603076,-0.136997,2.987344,0.797598,-1.094332,Identity-certain reduced-DF frame
51,True,14,30,-5.602359,-0.143821,2.24445,0.728117,-0.78839,Identity-certain reduced-DF frame
52,True,15,20,-5.582852,0.269572,2.016696,0.868546,-1.335322,Identity-certain reduced-DF frame
53,True,14,43,-7.775356,-0.918373,2.59742,0.029976,0.930107,Identity-certain reduced-DF frame
54,True,14,22,-5.159011,-0.210221,2.093503,0.817118,-0.998677,Identity-certain reduced-DF frame
55,True,14,39,-7.02389,-0.344545,3.003206,0.535881,-0.193559,Identity-certain reduced-DF frame
56,True,15,31,-7.933803,-0.512356,2.797642,0.544296,0.369157,Identity-certain reduced-DF frame
57,True,15,30,-5.292294,-0.533235,3.470895,1.133856,-1.082902,Identity-certain reduced-DF frame
58,True,15,21,-5.345805,-0.85,3.006729,0.521377,-0.680659,Identity-certain reduced-DF frame
59,True,13,42,-4.937826,-0.277032,2.405336,0.734191,-0.897119,Identity-certain reduced-DF frame
60,True,14,36,-6.676087,-0.303385,2.721602,0.486133,-0.267636,Identity-certain reduced-DF frame
61,True,14,35,-5.128082,-0.423826,2.821307,0.824578,-0.896897,Identity-certain reduced-DF frame
62,True,14,38,-6.321441,-0.408009,2.861626,0.414415,-0.327371,Identity-certain reduced-DF frame
63,True,14,38,-7.306734,-0.411515,2.845991,0.421285,0.079066,Identity-certain reduced-DF frame
64,True,15,27,-7.222862,-0.204064,2.379198,0.532273,-0.131673,Identity-certain reduced-DF frame
65,True,14,38,-7.581014,-1.005286,2.701927,0.174014,0.791139,Identity-certain reduced-DF frame
66,True,16,27,-8.635703,-0.116478,2.788894,0.312115,0.270043,Identity-certain reduced-DF frame
67,True,16,39,-11.212288,-0.562213,3.459526,-0.190122,1.711224,Identity-certain reduced-DF frame
68,True,14,31,-6.472259,-0.341802,2.425847,0.826,-0.333267,Identity-certain reduced-DF frame
69,True,14,37,-7.570527,-0.677465,2.508858,0.256775,0.564476,Identity-certain reduced-DF frame
70,True,15,29,-6.519018,-0.401257,2.633054,0.746926,-0.299032,Identity-certain reduced-DF frame
71,True,14,44,-7.437676,-0.407069,3.020929,0.359196,0.155004,Identity-certain reduced-DF frame
72,True,14,34,-5.560882,-0.192113,2.905215,0.734363,-0.981717,Identity-certain reduced-DF frame
73,True,15,25,-6.821461,-0.276775,3.156841,0.717737,-0.538481,Identity-certain reduced-DF frame
74,True,13,43,-4.961498,-0.545438,3.052029,0.600627,-0.819968,Identity-certain reduced-DF frame
75,True,14,29,-5.227774,-0.206142,2.943753,0.869468,-1.201608,Identity-certain reduced-DF frame
76,True,16,34,-9.485849,-0.420461,2.920115,-0.080749,1.017348,Identity-certain reduced-DF frame
77,True,13,28,-4.513054,-0.218946,1.908509,0.737008,-1.135922,Identity-certain reduced-DF frame
78,True,14,31,-5.671639,-0.435954,2.507064,0.705521,-0.568536,Identity-certain reduced-DF frame
79,True,13,35,-5.543872,-0.38962,3.080467,0.904116,-0.863163,Identity-certain reduced-DF frame
80,True,14,27,-7.143828,-0.440364,2.383337,0.574016,0.05239,Identity-certain reduced-DF frame
81,True,17,33,-11.717538,0.006942,3.256307,-0.210944,1.330688,Identity-certain reduced-DF frame
82,True,14,34,-7.577475,-0.175144,2.430716,0.425415,0.08251,Identity-certain reduced-DF frame
83,True,13,40,-4.385826,-0.285115,2.158169,0.691621,-1.051284,Identity-certain reduced-DF frame
84,True,13,40,-4.24103,-0.119595,2.724737,0.905353,-1.503936,Identity-certain reduced-DF frame
85,True,13,39,-4.722401,-0.144168,2.647562,0.920479,-1.263786,Identity-certain reduced-DF frame
86,True,13,53,-7.36648,-0.513874,2.689052,0.455283,0.424386,Identity-certain reduced-DF frame
87,True,13,51,-5.143245,-0.385699,2.864499,0.799247,-0.770987,Identity-certain reduced-DF frame
88,True,15,30,-9.063042,-0.5892,3.4051,0.176835,0.691428,Identity-certain reduced-DF frame
89,True,13,32,-4.651004,-0.050896,2.84339,1.015457,-1.529653,Identity-certain reduced-DF frame
90,True,14,38,-7.677416,-0.132803,3.549174,0.322006,-0.331469,Identity-certain reduced-DF frame
91,True,18,30,-9.584769,-0.025495,3.031507,0.518624,0.440573,Identity-certain reduced-DF frame
92,True,14,35,-4.77098,-0.580613,3.023887,0.872524,-1.034707,Identity-certain reduced-DF frame
93,True,18,24,-10.068756,-0.619032,2.964661,0.186843,1.248925,Identity-certain reduced-DF frame
94,True,15,35,-8.01025,-0.294666,2.469652,0.435291,0.376495,Identity-certain reduced-DF frame
95,True,14,42,-6.479062,-0.148894,3.037883,0.650705,-0.561354,Identity-certain reduced-DF frame
96,True,13,39,-4.893794,-0.346053,3.000634,0.84366,-1.089983,Identity-certain reduced-DF frame
97,True,14,33,-5.930741,-0.459165,3.036037,0.650048,-0.599572,Identity-certain reduced-DF frame
98,True,14,29,-5.62878,-0.264485,2.867958,0.945303,-0.928042,Identity-certain reduced-DF frame
99,True,15,28,-5.079036,-0.184172,3.08018,0.759229,-1.376322,Identity-certain reduced-DF frame
100,True,13,47,-5.494455,-0.496293,3.273011,0.614037,-0.685416,Identity-certain reduced-DF frame
101,True,14,33,-4.929837,-0.441481,2.834877,1.357156,-1.074328,Identity-certain reduced-DF frame
102,True,14,31,-4.712985,-0.359887,3.566701,0.794437,-1.449015,Identity-certain reduced-DF frame
103,True,13,41,-5.260025,-0.057889,2.324525,0.818534,-0.952646,Identity-certain reduced-DF frame
104,True,17,35,-9.246354,-0.116381,2.234436,0.151881,0.821081,Identity-certain reduced-DF frame
105,True,14,26,-6.166179,-0.935879,2.915378,0.535144,-0.114442,Identity-certain reduced-DF frame
106,True,13,44,-4.881173,-0.274788,3.014403,1.021719,-1.165408,Identity-certain reduced-DF frame
107,True,13,32,-6.038223,0.121018,2.559622,0.530379,-0.941132,Identity-certain reduced-DF frame
108,True,13,33,-4.463529,-0.179608,2.932854,1.059047,-1.569089,Identity-certain reduced-DF frame
109,True,14,28,-6.046653,-0.315298,3.023027,0.83603,-0.769874,Identity-certain reduced-DF frame
110,True,14,37,-7.773459,-0.676801,3.26388,0.355696,0.345471,Identity-certain reduced-DF frame
111,True,14,34,-8.438583,-0.906767,3.181767,0.127684,0.887205,Identity-certain reduced-DF frame
112,True,13,36,-5.366339,-0.262779,2.870361,0.930752,-0.970981,Identity-certain reduced-DF frame
113,True,13,37,-4.505296,-0.570876,2.565842,0.550424,-0.88625,Identity-certain reduced-DF frame
114,True,14,39,-7.896781,-0.677623,2.718221,0.104537,0.639794,Identity-certain reduced-DF frame
115,True,15,34,-7.954693,-0.168992,3.079128,0.426629,0.004664,Identity-certain reduced-DF frame
116,True,13,40,-5.848774,-0.571002,3.482286,1.024686,-0.64353,Identity-certain reduced-DF frame
117,True,15,28,-5.231809,-0.35149,3.163688,0.801564,-1.139875,Identity-certain reduced-DF frame
118,True,14,31,-6.21647,-0.410729,2.623874,0.399664,-0.352439,Identity-certain reduced-DF frame
119,True,14,32,-6.52647,-0.4863,3.305437,0.611951,-0.453915,Identity-certain reduced-DF frame
120,True,14,29,-5.885427,-0.157644,2.155408,0.443796,-0.607316,Identity-certain reduced-DF frame
121,True,15,32,-8.811796,-0.361308,2.802587,0.203836,0.648511,Identity-certain reduced-DF frame
122,True,14,32,-5.35072,-0.434577,2.621998,0.612635,-0.756783,Identity-certain reduced-DF frame
123,True,12,48,-4.611948,-0.008299,2.436935,0.937649,-1.290977,Identity-certain reduced-DF frame
124,True,12,46,-5.584139,-0.356946,2.222382,0.533404,-0.392628,Identity-certain reduced-DF frame
125,True,14,27,-4.889364,-0.395329,2.617147,0.696175,-1.06016,Identity-certain reduced-DF frame
126,True,13,35,-5.09883,-0.034903,2.500163,1.007826,-1.176739,Identity-certain reduced-DF frame
127,True,13,32,-4.926973,-0.367015,2.609669,0.817967,-0.962951,Identity-certain reduced-DF frame
128,True,15,34,-6.1841,-0.056538,3.215427,0.687693,-0.942205,Identity-certain reduced-DF frame
129,True,14,32,-5.466456,-0.456951,2.163331,0.680157,-0.497378,Identity-certain reduced-DF frame
130,True,14,50,-8.006538,-0.184676,2.383192,0.043151,0.466408,Identity-certain reduced-DF frame
131,True,13,35,-6.871014,-0.435358,2.954898,0.48114,-0.124273,Identity-certain reduced-DF frame
132,True,13,42,-6.03667,-0.202639,2.613673,0.459149,-0.575097,Identity-certain reduced-DF frame
133,True,15,29,-7.944193,-0.779924,3.973753,0.382768,0.154243,Identity-certain reduced-DF frame
134,True,13,37,-4.634101,-0.085525,2.883141,0.778379,-1.442896,Identity-certain reduced-DF frame
135,True,15,31,-7.427771,-0.769533,3.883905,0.741318,-0.010861,Identity-certain reduced-DF frame
136,True,13,36,-5.836219,-0.29204,2.779825,0.839761,-0.726215,Identity-certain reduced-DF frame
137,True,13,35,-4.561812,0.027173,2.983237,1.214531,-1.729119,Identity-certain reduced-DF frame
138,True,19,20,-8.785469,-0.267021,3.334969,0.168656,0.182968,Identity-certain reduced-DF frame
139,True,14,29,-5.966576,-0.275869,2.759601,0.645343,-0.66774,Identity-certain reduced-DF frame
140,True,13,40,-4.421186,-0.280978,2.74542,0.934555,-1.267244,Identity-certain reduced-DF frame
141,True,14,32,-5.710465,-0.201304,2.686435,0.731278,-0.814517,Identity-certain reduced-DF frame
142,True,13,34,-4.651272,-0.207738,2.7429,0.976983,-1.31179,Identity-certain reduced-DF frame
143,True,13,40,-5.564767,-0.427267,3.166395,0.950845,-0.800134,Identity-certain reduced-DF frame
144,True,14,33,-5.955176,-0.725945,3.275827,0.837709,-0.422678,Identity-certain reduced-DF frame
145,True,14,32,-5.31332,-0.401234,3.027525,0.740106,-0.945151,Identity-certain reduced-DF frame
146,True,13,36,-4.796303,-0.166692,2.752821,0.980238,-1.302553,Identity-certain reduced-DF frame
147,True,14,43,-8.468683,-0.408379,2.753878,0.137627,0.70652,Identity-certain reduced-DF frame
148,True,13,40,-5.581917,-0.147447,2.261638,0.374068,-0.689378,Identity-certain reduced-DF frame
149,True,13,31,-4.085648,0.119799,1.827521,0.88715,-1.597141,Identity-certain reduced-DF frame
150,True,13,42,-5.887347,-0.527488,3.080665,0.632474,-0.465665,Identity-certain reduced-DF frame
151,True,14,34,-6.74833,-0.43879,3.091201,0.653189,-0.286013,Identity-certain reduced-DF frame
152,True,14,26,-3.751101,-0.355838,2.50625,0.665375,-1.5928,Identity-certain reduced-DF frame
153,True,13,36,-5.609629,-0.285675,2.645006,0.871209,-0.751197,Identity-certain reduced-DF frame
154,True,14,37,-5.825537,-0.590249,3.057432,0.59779,-0.466865,Identity-certain reduced-DF frame
155,True,13,30,-4.824047,-0.204824,2.268937,0.774898,-1.087483,Identity-certain reduced-DF frame
156,True,14,26,-6.509361,-0.282271,2.094866,0.650937,-0.251288,Identity-certain reduced-DF frame
157,True,15,30,-6.009859,-0.496921,3.331582,0.530444,-0.704873,Identity-certain reduced-DF frame
158,True,14,35,-7.553576,-0.551033,3.021207,0.487454,0.259722,Identity-certain reduced-DF frame
159,True,13,34,-5.802387,-0.142899,3.051549,1.060146,-1.033934,Identity-certain reduced-DF frame
160,True,15,31,-8.059243,-0.051719,2.547237,0.279412,0.097651,Identity-certain reduced-DF frame
161,True,16,24,-7.789839,-0.336503,2.963769,0.523895,0.030012,Identity-certain reduced-DF frame
162,True,15,24,-6.571976,-0.474208,2.887162,0.317628,-0.345531,Identity-certain reduced-DF frame
163,True,16,35,-9.555589,-0.368207,3.042333,0.088893,0.916633,Identity-certain reduced-DF frame
164,True,16,33,-9.322776,-0.00292,2.778465,0.222524,0.498553,Identity-certain reduced-DF frame
165,True,12,50,-4.688587,-0.202586,2.696877,0.711172,-1.113773,Identity-certain reduced-DF frame
166,True,14,33,-6.559033,-0.576935,2.290024,0.147319,0.062681,Identity-certain reduced-DF frame
167,True,14,34,-7.791669,-0.4129,2.925968,0.186862,0.26045,Identity-certain reduced-DF frame
168,True,13,41,-6.961528,-0.333703,2.114112,0.231281,0.170679,Identity-certain reduced-DF frame
169,True,14,41,-7.239279,-0.281305,2.07497,-0.053857,0.271677,Identity-certain reduced-DF frame
170,True,13,48,-7.838536,-0.560408,2.967585,0.112617,0.535268,Identity-certain reduced-DF frame
171,True,14,42,-5.960955,-0.294383,3.2107,0.604357,-0.692908,Identity-certain reduced-DF frame
172,True,14,28,-5.611934,-0.688251,2.816006,0.509385,-0.531683,Identity-certain reduced-DF frame
173,True,13,34,-5.099173,-0.205519,1.993823,0.84217,-0.841865,Identity-certain reduced-DF frame
174,True,13,36,-5.706975,-0.20728,2.814749,0.711067,-0.820451,Identity-certain reduced-DF frame
175,True,13,35,-4.363412,-0.258912,2.519349,0.909048,-1.288959,Identity-certain reduced-DF frame
176,True,14,38,-7.102833,-0.483884,2.464302,0.296698,0.242998,Identity-certain reduced-DF frame
177,True,13,31,-4.573291,-0.200882,1.908275,0.619682,-1.048327,Identity-certain reduced-DF frame
178,True,14,38,-5.722365,0.055879,2.668489,0.66663,-1.020848,Identity-certain reduced-DF frame
179,True,13,30,-5.181518,0.171147,1.861431,0.656455,-1.181797,Identity-certain reduced-DF frame
180,True,14,38,-5.696633,-0.442544,3.149545,0.949503,-0.753102,Identity-certain reduced-DF frame
181,True,14,33,-6.796767,-0.204377,2.671117,0.557613,-0.326949,Identity-certain reduced-DF frame
182,True,14,35,-6.879168,-0.446043,2.563803,0.521425,-0.027461,Identity-certain reduced-DF frame
183,True,14,38,-7.93749,-0.302322,2.403919,0.079134,0.434662,Identity-certain reduced-DF frame
184,True,14,33,-7.197555,-0.569934,2.733277,0.464135,0.1407,Identity-certain reduced-DF frame
185,True,14,43,-6.876855,-0.723286,3.373822,0.656793,0.001268,Identity-certain reduced-DF frame
186,True,14,32,-4.289135,-0.36817,3.003892,1.180745,-1.451104,Identity-certain reduced-DF frame
187,True,13,36,-5.014631,-0.354221,2.303816,0.757703,-0.811716,Identity-certain reduced-DF frame
188,True,13,38,-6.172327,-0.280707,2.350708,0.498479,-0.352508,Identity-certain reduced-DF frame
189,True,16,26,-7.23969,-0.497972,2.45967,0.409749,0.132532,Identity-certain reduced-DF frame
190,True,15,37,-7.712685,-0.105493,2.450882,0.074643,0.114532,Identity-certain reduced-DF frame
191,True,14,24,-5.153176,0.332724,3.023158,0.907978,-1.92673,Identity-certain reduced-DF frame
192,True,13,36,-4.826385,-0.251598,2.705294,0.809073,-1.150885,Identity-certain reduced-DF frame
193,True,14,32,-5.969092,-0.464396,2.890102,0.719054,-0.523533,Identity-certain reduced-DF frame
194,True,16,31,-7.989143,-0.358868,2.678656,0.472559,0.291609,Identity-certain reduced-DF frame
195,True,16,29,-8.2083,-0.324517,3.437922,0.426821,-0.013952,Identity-certain reduced-DF frame
196,True,13,40,-4.000645,-0.407915,3.167892,1.146101,-1.50596,Identity-certain reduced-DF frame
197,True,14,32,-6.131655,-0.318455,3.06069,0.629088,-0.640258,Identity-certain reduced-DF frame
198,True,13,33,-5.746488,-0.222686,2.357277,0.409755,-0.617932,Identity-certain reduced-DF frame
199,True,15,31,-6.899845,-0.114076,3.337353,0.854712,-0.705902,Identity-certain reduced-DF frame
200,True,16,34,-10.140676,-0.288997,2.614158,-0.111844,1.246655,Identity-certain reduced-DF frame
201,True,14,31,-6.604793,-0.129277,2.434592,0.681523,-0.451874,Identity-certain reduced-DF frame
202,True,15,31,-6.790902,-0.662229,2.924445,0.731052,-0.073469,Identity-certain reduced-DF frame
203,True,14,34,-6.678841,-0.544298,2.724813,0.803907,-0.112982,Identity-certain reduced-DF frame
204,True,13,40,-5.715372,-0.114399,1.935342,0.57217,-0.507362,Identity-certain reduced-DF frame
205,True,14,34,-5.409383,-0.396344,3.185429,0.659278,-0.991045,Identity-certain reduced-DF frame
206,True,16,25,-7.103233,-0.452529,3.186391,0.858131,-0.322092,Identity-certain reduced-DF frame
207,True,14,34,-6.622444,-0.546632,3.057262,0.431645,-0.185851,Identity-certain reduced-DF frame
208,True,15,34,-8.420376,-0.566933,2.787862,0.418815,0.664639,Identity-certain reduced-DF frame
209,True,14,29,-5.222081,0.182689,2.679524,0.987683,-1.524015,Identity-certain reduced-DF frame
210,True,14,29,-6.120623,-0.034685,1.747203,0.437799,-0.496472,Identity-certain reduced-DF frame
211,True,13,40,-4.632808,-0.38132,2.63749,0.706886,-1.028854,Identity-certain reduced-DF frame
212,True,14,30,-5.931947,-0.351733,2.597132,0.562022,-0.542634,Identity-certain reduced-DF frame
213,True,13,47,-6.333568,-0.301045,2.815258,0.382273,-0.363031,Identity-certain reduced-DF frame
214,True,14,30,-4.491404,-0.418967,3.139647,1.089542,-1.382795,Identity-certain reduced-DF frame
215,True,13,39,-5.719519,-0.251867,2.413359,0.412497,-0.601288,Identity-certain reduced-DF frame
216,True,15,31,-7.004833,-0.224478,2.668681,0.678059,-0.297862,Identity-certain reduced-DF frame
217,True,14,33,-5.269085,-0.577918,3.266111,0.90783,-0.898611,Identity-certain reduced-DF frame
218,True,13,31,-5.197424,-0.019909,2.546221,0.902735,-1.221115,Identity-certain reduced-DF frame
219,True,14,27,-5.647152,-0.47368,2.649947,0.772223,-0.594366,Identity-certain reduced-DF frame
220,True,14,38,-6.832522,-0.163984,2.657129,0.61409,-0.292816,Identity-certain reduced-DF frame
221,True,14,41,-7.60978,-0.448861,2.902134,0.50372,0.198946,Identity-certain reduced-DF frame
222,True,15,32,-6.544445,-0.297953,3.288488,0.84778,-0.63285,Identity-certain reduced-DF frame
223,True,13,37,-5.891483,-0.231579,2.598636,0.763047,-0.645268,Identity-certain reduced-DF frame
224,True,13,41,-6.328241,-0.513324,3.1264,0.496553,-0.289674,Identity-certain reduced-DF frame
225,True,13,41,-5.55615,-0.141244,2.861087,0.812788,-1.000544,Identity-certain reduced-DF frame
226,True,15,26,-7.484578,-0.339138,2.44176,0.065559,0.126934,Identity-certain reduced-DF frame
227,True,14,35,-6.142658,-0.389798,3.022894,0.767419,-0.554371,Identity-certain reduced-DF frame
228,True,14,35,-5.635752,-0.333141,2.555891,0.767095,-0.675027,Identity-certain reduced-DF frame
229,True,13,39,-4.633476,-0.311504,2.831706,0.85231,-1.169819,Identity-certain reduced-DF frame
230,True,14,33,-5.687326,-0.269333,2.563367,0.723362,-0.748488,Identity-certain reduced-DF frame
231,True,16,31,-8.285065,-0.03166,2.660521,0.59445,0.083712,Identity-certain reduced-DF frame
232,True,13,28,-4.687163,-0.283046,2.326523,0.870082,-1.120887,Identity-certain reduced-DF frame
233,True,13,41,-4.694281,-0.44531,2.684341,0.853664,-0.902891,Identity-certain reduced-DF frame
234,True,16,30,-8.228468,-0.113337,2.758539,0.125569,0.17316,Identity-certain reduced-DF frame
235,True,13,36,-6.805206,-0.754386,2.674162,0.154056,0.252614,Identity-certain reduced-DF frame
236,True,13,34,-5.921711,0.04708,2.644522,0.943585,-1.012005,Identity-certain reduced-DF frame
237,True,15,37,-7.05109,-0.16479,2.438067,0.463008,-0.123614,Identity-certain reduced-DF frame
238,True,14,35,-6.934808,-0.223275,3.067793,0.447559,-0.353324,Identity-certain reduced-DF frame
239,True,13,38,-4.3596,-0.367964,2.096377,0.755908,-0.983686,Identity-certain reduced-DF frame
240,True,16,24,-7.408928,-0.666439,3.305057,0.598977,-0.039306,Identity-certain reduced-DF frame
241,True,13,42,-6.136143,-0.064495,2.562255,0.804936,-0.629705,Identity-certain reduced-DF frame
242,True,13,38,-5.573961,-0.302456,2.239264,0.447462,-0.525277,Identity-certain reduced-DF frame
243,True,13,48,-5.212976,-0.420356,2.716607,0.760904,-0.662634,Identity-certain reduced-DF frame
244,True,13,45,-5.443586,-0.622244,2.874523,0.734119,-0.511162,Identity-certain reduced-DF frame
245,True,13,42,-5.387595,-0.103851,2.37694,0.6807,-0.810597,Identity-certain reduced-DF frame
246,True,13,32,-5.054871,0.072191,2.286665,0.770452,-1.289873,Identity-certain reduced-DF frame
247,True,13,44,-5.80061,-0.078657,2.151328,0.396764,-0.532661,Identity-certain reduced-DF frame
248,True,14,31,-5.699324,-0.360795,2.752519,0.783308,-0.722242,Identity-certain reduced-DF frame
249,True,13,38,-5.890169,-0.494314,3.447282,0.931418,-0.712308,Identity-certain reduced-DF frame
250,True,14,33,-6.49214,-0.580117,2.814124,0.486202,-0.14154,Identity-certain reduced-DF frame
251,True,15,24,-5.862535,-0.017365,2.795219,1.125946,-1.209193,Identity-certain reduced-DF frame
252,True,13,35,-5.014045,-0.46888,2.235626,0.733391,-0.690041,Identity-certain reduced-DF frame
253,True,15,29,-6.636414,-0.100426,2.689271,0.874306,-0.638299,Identity-certain reduced-DF frame
254,True,15,31,-7.532591,-0.588868,3.001743,0.403184,0.217973,Identity-certain reduced-DF frame
255,True,13,45,-5.580615,-0.606544,2.56751,0.610311,-0.30508,Identity-certain reduced-DF frame
256,True,13,39,-5.031381,-0.313595,2.601762,0.786022,-0.937195,Identity-certain reduced-DF frame
257,True,14,39,-6.225143,-0.46066,2.685522,0.367207,-0.258486,Identity-certain reduced-DF frame
258,True,12,49,-4.412216,-0.249421,2.801078,0.793548,-1.234833,Identity-certain reduced-DF frame
259,True,14,28,-6.677776,-0.393557,3.007387,0.93882,-0.450119,Identity-certain reduced-DF frame
260,True,15,31,-7.948136,-0.482529,3.261213,0.479399,0.178091,Identity-certain reduced-DF frame
261,True,13,45,-5.928357,-0.399099,2.770972,0.70419,-0.428481,Identity-certain reduced-DF frame
262,True,13,34,-4.624034,-0.024147,3.024119,0.944035,-1.673781,Identity-certain reduced-DF frame
263,True,14,39,-5.942433,-0.404062,2.553499,0.414551,-0.416145,Identity-certain reduced-DF frame
264,True,14,40,-6.710659,-0.531804,2.859081,0.470649,-0.053792,Identity-certain reduced-DF frame
265,True,14,32,-5.429862,-0.396706,3.20514,0.775249,-0.93892,Identity-certain reduced-DF frame
266,True,13,28,-4.288749,-0.09593,2.478388,0.910757,-1.555964,Identity-certain reduced-DF frame
267,True,14,30,-6.781035,-0.242912,2.538375,0.709444,-0.31222,Identity-certain reduced-DF frame
268,True,13,37,-5.544246,-0.299288,2.455694,0.635324,-0.652385,Identity-certain reduced-DF frame
269,True,15,27,-7.637618,-0.371433,2.765497,0.264703,0.088182,Identity-certain reduced-DF frame
270,True,15,26,-6.121013,-0.225448,2.390283,0.515666,-0.613667,Identity-certain reduced-DF frame
271,True,15,36,-8.876161,-0.375858,2.623296,0.213527,0.790934,Identity-certain reduced-DF frame
272,True,13,34,-5.993579,-0.063547,2.910832,0.843896,-0.897199,Identity-certain reduced-DF frame
273,True,13,39,-5.621123,-0.222913,2.769227,0.709371,-0.809616,Identity-certain reduced-DF frame
274,True,13,42,-6.350782,-0.193013,2.762881,0.696401,-0.459006,Identity-certain reduced-DF frame
275,True,14,37,-7.117206,-0.026138,2.880009,0.380868,-0.439659,Identity-certain reduced-DF frame
276,True,14,35,-6.263661,-0.172382,2.42141,0.590415,-0.479046,Identity-certain reduced-DF frame
277,True,13,38,-5.359871,-0.519054,2.97136,1.118722,-0.785302,Identity-certain reduced-DF frame
278,True,14,38,-5.318866,-0.521594,2.808468,0.641231,-0.682654,Identity-certain reduced-DF frame
279,True,14,33,-6.15822,-0.448331,2.34538,0.545146,-0.226306,Identity-certain reduced-DF frame
280,True,15,29,-8.584625,-0.585789,2.67301,-0.018459,0.781519,Identity-certain reduced-DF frame
281,True,13,36,-3.937479,-0.800525,2.992856,0.835564,-1.119398,Identity-certain reduced-DF frame
282,True,13,37,-4.591452,-0.077317,2.962091,0.93397,-1.512313,Identity-certain reduced-DF frame
283,True,14,31,-5.621173,0.008022,2.940384,0.734661,-1.230965,Identity-certain reduced-DF frame
284,True,13,40,-6.195351,-0.317345,2.676753,0.573901,-0.380538,Identity-certain reduced-DF frame
285,True,15,31,-8.39497,-0.616493,3.21281,0.451259,0.54403,Identity-certain reduced-DF frame
286,True,13,39,-5.490902,-0.534816,2.361811,0.470354,-0.404168,Identity-certain reduced-DF frame
287,True,14,31,-5.849638,-0.143574,3.004972,0.720745,-1.007695,Identity-certain reduced-DF frame
288,True,15,28,-5.443888,-0.401237,3.480789,0.663562,-1.1434,Identity-certain reduced-DF frame
289,True,14,36,-5.071407,-0.152139,2.87901,0.787638,-1.242978,Identity-certain reduced-DF frame
290,True,13,38,-4.380023,-0.516305,2.51192,0.697689,-0.980947,Identity-certain reduced-DF frame
291,True,14,26,-3.77743,-0.278721,2.624847,1.150225,-1.749529,Identity-certain reduced-DF frame
292,True,13,45,-5.169358,-0.206193,2.469881,0.787983,-0.854429,Identity-certain reduced-DF frame
293,True,15,34,-7.972625,-0.426228,2.828744,0.382903,0.34504,Identity-certain reduced-DF frame
294,True,14,48,-8.013634,-0.44876,3.360248,0.582898,0.302096,Identity-certain reduced-DF frame
295,True,15,28,-7.584161,-0.572435,3.072164,0.486645,0.12616,Identity-certain reduced-DF frame
296,True,14,31,-6.480981,-0.545801,3.257211,0.986906,-0.440613,Identity-certain reduced-DF frame
297,True,13,40,-6.276763,-0.620338,3.285688,0.636764,-0.321879,Identity-certain reduced-DF frame
298,True,13,41,-5.304957,-0.358915,2.646574,0.689115,-0.723502,Identity-certain reduced-DF frame
299,True,14,32,-5.858625,-0.347454,2.565404,0.525338,-0.566263,Identity-certain reduced-DF frame
300,True,13,47,-6.25128,-0.706965,3.234224,0.172085,-0.134229,Identity-certain reduced-DF frame
301,True,14,30,-5.201518,-0.374446,2.843833,0.647533,-1.000035,Identity-certain reduced-DF frame
302,True,13,36,-4.62086,-0.285032,2.60532,0.871734,-1.13829,Identity-certain reduced-DF frame
303,True,16,26,-7.600582,-0.672439,3.851132,0.638213,-0.117805,Identity-certain reduced-DF frame
304,True,15,33,-9.395144,-0.51779,2.665209,0.249285,1.08195,Identity-certain reduced-DF frame
305,True,13,37,-5.708187,-0.215526,2.742251,0.801552,-0.80137,Identity-certain reduced-DF frame
306,True,14,37,-4.008021,-0.539003,3.42541,0.933728,-1.511434,Identity-certain reduced-DF frame
307,True,13,38,-5.409701,-0.382236,2.692635,0.882595,-0.736336,Identity-certain reduced-DF frame
308,True,12,45,-5.818316,-0.194918,2.088854,0.584627,-0.40241,Identity-certain reduced-DF frame
309,True,15,36,-7.643648,-0.719939,3.614286,0.686758,0.183389,Identity-certain reduced-DF frame
310,True,14,36,-6.123864,-0.445998,2.909063,0.664255,-0.431719,Identity-certain reduced-DF frame
311,True,13,40,-6.954434,-0.300362,2.547964,0.553871,-0.061351,Identity-certain reduced-DF frame
312,True,14,31,-4.977987,-0.340698,3.098891,0.828594,-1.212743,Identity-certain reduced-DF frame
313,True,13,42,-6.906752,-0.305442,3.071061,0.787024,-0.273309,Identity-certain reduced-DF frame
314,True,15,32,-8.096126,-0.005872,2.938983,0.322616,-0.102322,Identity-certain reduced-DF frame
315,True,15,29,-6.071897,-0.306834,2.653506,0.483043,-0.568436,Identity-certain reduced-DF frame
316,True,15,24,-4.380731,-0.387897,3.326815,1.095429,-1.614408,Identity-certain reduced-DF frame
317,True,13,40,-5.906709,-0.405637,2.491089,0.698231,-0.413834,Identity-certain reduced-DF frame
318,True,15,30,-6.398625,-0.664223,2.912811,0.553733,-0.181314,Identity-certain reduced-DF frame
319,True,13,31,-5.194836,-0.253623,2.336061,0.701902,-0.890943,Identity-certain reduced-DF frame
320,True,14,36,-5.989104,-0.511727,3.787622,0.801173,-0.828251,Identity-certain reduced-DF frame
321,True,15,25,-6.923578,-0.571822,2.865177,0.346299,-0.082657,Identity-certain reduced-DF frame
322,True,16,29,-9.012998,-0.25106,2.557096,0.221664,0.672237,Identity-certain reduced-DF frame
323,True,13,44,-6.208043,-0.197782,2.641112,0.615641,-0.495756,Identity-certain reduced-DF frame
324,True,13,39,-5.823237,-0.276727,2.367744,0.682472,-0.487471,Identity-certain reduced-DF frame
325,True,14,37,-4.691893,-0.562861,3.28426,0.999296,-1.155212,Identity-certain reduced-DF frame
326,True,12,53,-4.473629,-0.344141,2.200958,0.883488,-0.854397,Identity-certain reduced-DF frame
327,True,14,38,-6.882546,-0.684436,3.534774,0.609874,-0.08945,Identity-certain reduced-DF frame
328,True,13,41,-4.327584,-0.45348,2.505751,0.925926,-1.03954,Identity-certain reduced-DF frame
329,True,13,36,-5.196648,-0.349112,3.320211,0.857053,-1.090778,Identity-certain reduced-DF frame
330,True,14,37,-5.353179,-0.435969,2.651815,0.297728,-0.673777,Identity-certain reduced-DF frame
331,True,14,29,-4.001086,-0.248843,2.642839,0.767572,-1.589477,Identity-certain reduced-DF frame
332,True,14,37,-6.529292,-0.615455,2.416094,0.62516,0.06902,Identity-certain reduced-DF frame
333,True,14,35,-5.217832,-0.569284,3.542799,1.028585,-0.96323,Identity-certain reduced-DF frame
334,True,14,34,-5.983545,-0.689636,3.61911,0.69001,-0.579438,Identity-certain reduced-DF frame
335,True,13,36,-5.258494,-0.233283,2.320847,0.676926,-0.814076,Identity-certain reduced-DF frame
336,True,14,39,-6.985832,-0.49051,2.932494,0.455764,-0.027153,Identity-certain reduced-DF frame
337,True,13,37,-4.912261,-0.507595,2.932388,0.924663,-0.959799,Identity-certain reduced-DF frame
338,True,14,37,-6.551405,-0.281149,2.308094,0.472336,-0.144225,Identity-certain reduced-DF frame
339,True,15,33,-7.539709,-0.167239,2.373891,0.370947,0.08995,Identity-certain reduced-DF frame
340,True,13,38,-5.717814,-0.091438,2.468721,0.597587,-0.715488,Identity-certain reduced-DF frame
341,True,14,36,-6.384072,-0.502202,2.739155,0.496631,-0.214517,Identity-certain reduced-DF frame
342,True,16,27,-6.739876,-0.159113,3.662158,0.784324,-0.8877,Identity-certain reduced-DF frame
343,True,14,26,-4.639559,-0.545101,3.096733,0.906437,-1.275649,Identity-certain reduced-DF frame
344,True,14,40,-5.193199,-0.454087,2.768753,0.713658,-0.747076,Identity-certain reduced-DF frame
345,True,13,45,-5.014277,-0.458061,2.8667,0.694268,-0.833592,Identity-certain reduced-DF frame
346,True,14,32,-5.08838,-0.696468,2.694982,0.579661,-0.644244,Identity-certain reduced-DF frame
347,True,13,44,-5.660842,-0.363799,3.168888,0.798015,-0.760787,Identity-certain reduced-DF frame
348,True,13,45,-7.039657,-0.228943,2.599236,0.349689,-0.058249,Identity-certain reduced-DF frame
349,True,14,41,-6.734978,-0.587983,3.221682,0.566307,-0.106306,Identity-certain reduced-DF frame
350,True,14,34,-6.596067,-0.626808,3.507568,0.38408,-0.303836,Identity-certain reduced-DF frame
351,True,14,29,-4.983431,-0.518619,2.639208,0.683441,-0.885466,Identity-certain reduced-DF frame
352,True,15,27,-7.050111,0.118675,2.855849,0.595466,-0.725732,Identity-certain reduced-DF frame
353,True,14,31,-5.610383,-0.202039,3.158737,0.757011,-1.089727,Identity-certain reduced-DF frame
354,True,16,27,-8.1145,-0.569247,2.42236,0.584452,0.533325,Identity-certain reduced-DF frame
355,True,13,41,-6.165007,-0.534231,2.19776,0.170147,-0.021864,Identity-certain reduced-DF frame
356,True,15,23,-6.28766,-0.351832,2.611918,0.584428,-0.528867,Identity-certain reduced-DF frame
357,True,15,30,-6.651861,-0.343252,2.99408,0.373683,-0.455652,Identity-certain reduced-DF frame
358,True,13,39,-5.79534,-0.448069,2.638059,0.767698,-0.447961,Identity-certain reduced-DF frame
359,True,13,34,-5.78161,-0.124307,3.079411,0.724415,-0.988006,Identity-certain reduced-DF frame
360,True,13,47,-5.257086,-0.19601,2.562998,0.776748,-0.829232,Identity-certain reduced-DF frame
361,True,14,37,-5.957866,-0.471954,2.900811,0.813063,-0.485001,Identity-certain reduced-DF frame
362,True,14,35,-5.23089,-0.406032,3.658232,0.767184,-1.252521,Identity-certain reduced-DF frame
363,True,14,31,-4.830459,0.186324,1.96499,0.674578,-1.39852,Identity-certain reduced-DF frame
364,True,14,32,-6.258035,-0.760494,2.77038,0.442501,-0.029845,Identity-certain reduced-DF frame
365,True,13,40,-6.177687,-0.208021,2.72743,0.506392,-0.504083,Identity-certain reduced-DF frame
366,True,14,25,-6.727587,-0.506491,2.111691,0.316942,0.059136,Identity-certain reduced-DF frame
367,True,13,51,-5.789909,-0.892518,2.815862,0.513506,0.027457,Identity-certain reduced-DF frame
368,True,15,30,-7.081266,-0.153689,3.006607,0.633719,-0.430208,Identity-certain reduced-DF frame
369,True,14,32,-5.851222,-0.030254,3.174285,1.052649,-1.164087,Identity-certain reduced-DF frame
370,True,13,34,-4.935091,-0.12006,2.523351,0.758393,-1.170482,Identity-certain reduced-DF frame
371,True,16,31,-14.910712,-0.205323,3.194873,-0.985168,2.984041,Identity-certain reduced-DF frame
372,True,13,45,-5.983391,-0.579288,2.603929,0.515308,-0.183016,Identity-certain reduced-DF frame
373,True,13,38,-5.196783,-0.078562,2.597988,0.524713,-1.051566,Identity-certain reduced-DF frame
374,True,13,36,-3.465017,-0.183894,2.549061,1.213986,-1.788036,Identity-certain reduced-DF frame
375,True,14,34,-7.176596,-0.691537,2.67279,0.518522,0.284386,Identity-certain reduced-DF frame
376,True,13,32,-5.618114,0.024926,2.226441,0.915401,-0.969742,Identity-certain reduced-DF frame
377,True,13,32,-6.221194,-0.314162,2.719499,0.628913,-0.495195,Identity-certain reduced-DF frame
378,True,14,32,-5.473881,-0.259678,2.814586,0.669681,-0.954059,Identity-certain reduced-DF frame
379,True,14,40,-6.837703,-0.182199,2.749373,0.313118,-0.245172,Identity-certain reduced-DF frame
380,True,14,30,-6.427251,-0.140765,3.10004,0.836445,-0.74235,Identity-certain reduced-DF frame
381,True,14,37,-5.026063,-0.238079,3.541465,1.038555,-1.399234,Identity-certain reduced-DF frame
382,True,14,42,-7.401308,-0.341369,2.97126,0.598838,0.029011,Identity-certain reduced-DF frame
383,True,15,31,-6.665684,-0.508019,3.139079,0.530164,-0.324984,Identity-certain reduced-DF frame
384,True,15,31,-7.84679,-0.412184,3.148937,0.12415,0.157937,Identity-certain reduced-DF frame
385,True,13,37,-6.338664,-0.676759,2.942871,0.555855,-0.150348,Identity-certain reduced-DF frame
386,True,14,20,-4.556024,0.149257,2.848642,1.17749,-2.046994,Identity-certain reduced-DF frame
387,True,13,37,-4.54396,-0.531696,3.22153,0.999115,-1.192739,Identity-certain reduced-DF frame
388,True,15,23,-5.954975,-0.337974,2.592419,0.663967,-0.678428,Identity-certain reduced-DF frame
389,True,15,37,-8.028499,-0.243779,2.641768,0.357928,0.296893,Identity-certain reduced-DF frame
390,True,16,26,-8.51113,-0.740793,4.069395,0.36018,0.309639,Identity-certain reduced-DF frame
391,True,13,42,-4.914922,0.048286,2.346482,1.152875,-1.262637,Identity-certain reduced-DF frame
392,True,14,42,-6.967959,-0.339487,2.661932,0.368473,0.01415,Identity-certain reduced-DF frame
393,True,15,32,-7.809695,-0.137972,2.712687,0.267568,0.066546,Identity-certain reduced-DF frame
394,True,15,22,-6.388066,-0.649907,3.638139,1.0616,-0.672749,Identity-certain reduced-DF frame
395,True,14,43,-7.581168,-0.704022,3.095854,0.215412,0.465284,Identity-certain reduced-DF frame
396,True,14,31,-5.689614,-0.392834,2.672372,0.635027,-0.662552,Identity-certain reduced-DF frame
397,True,14,45,-7.542135,-0.057432,2.756526,0.339867,-0.055061,Identity-certain reduced-DF frame
398,True,14,34,-5.607892,-0.348234,2.195035,0.548315,-0.531713,Identity-certain reduced-DF frame
399,True,13,33,-5.498388,-0.326007,2.640458,0.833364,-0.789746,Identity-certain reduced-DF frame
400,True,15,32,-8.404675,-0.556132,2.714568,0.180914,0.705032,Identity-certain reduced-DF frame
401,True,12,46,-5.122205,-0.316778,2.41934,0.646736,-0.723984,Identity-certain reduced-DF frame
402,True,13,47,-4.855651,-0.640585,3.225703,0.816645,-0.83889,Identity-certain reduced-DF frame
403,True,13,39,-6.330255,-0.359797,2.162908,0.705851,-0.161802,Identity-certain reduced-DF frame
404,True,16,38,-11.350094,-0.265768,3.065164,-0.22589,1.61001,Identity-certain reduced-DF frame
405,True,15,29,-7.297641,-0.334183,2.721717,0.538569,-0.071125,Identity-certain reduced-DF frame
406,True,14,38,-6.139644,-0.447029,2.114589,0.71475,-0.162114,Identity-certain reduced-DF frame
407,True,14,34,-5.250694,-0.373336,3.206355,0.713637,-1.042022,Identity-certain reduced-DF frame
408,True,14,26,-3.874943,-0.314065,2.784168,1.34722,-1.756515,Identity-certain reduced-DF frame
409,True,15,28,-6.79022,-0.428654,3.441051,0.705035,-0.500526,Identity-certain reduced-DF frame
410,True,15,24,-6.609975,-0.465342,2.587922,0.456287,-0.283251,Identity-certain reduced-DF frame
411,True,18,32,-13.125862,-0.560165,2.326351,-0.647014,2.874345,Identity-certain reduced-DF frame
412,True,16,27,-10.258579,-0.238317,3.449482,0.304348,0.765717,Identity-certain reduced-DF frame
413,True,14,31,-5.250064,-0.517458,4.08376,1.350534,-1.344214,Identity-certain reduced-DF frame
414,True,14,41,-6.157133,-0.140697,2.921009,0.720549,-0.744646,Identity-certain reduced-DF frame
415,True,14,31,-6.550819,-0.371138,2.42576,0.434417,-0.172534,Identity-certain reduced-DF frame
416,True,13,41,-5.851381,-0.369107,2.95757,0.814587,-0.619135,Identity-certain reduced-DF frame
417,True,16,30,-9.430229,-0.681451,3.261503,0.141597,1.013972,Identity-certain reduced-DF frame
418,True,13,37,-5.357249,-0.198638,2.923427,0.895587,-1.001918,Identity-certain reduced-DF frame
419,True,13,35,-5.971915,0.291659,2.211953,1.140735,-1.152051,Identity-certain reduced-DF frame
420,True,13,42,-6.101972,-0.440181,2.454852,0.375663,-0.222544,Identity-certain reduced-DF frame
421,True,14,33,-7.163789,-0.486506,3.001084,0.408425,-0.007257,Identity-certain reduced-DF frame
422,True,14,31,-5.680971,-0.353885,2.797179,0.662219,-0.762331,Identity-certain reduced-DF frame
423,True,13,47,-5.660654,-0.250422,2.847105,0.492778,-0.718262,Identity-certain reduced-DF frame
424,True,15,34,-7.839853,-0.406939,3.127671,0.28606,0.16769,Identity-certain reduced-DF frame
425,True,15,35,-8.796442,-0.151489,3.289244,0.291012,0.287064,Identity-certain reduced-DF frame
426,True,13,33,-4.68647,-0.20286,2.211613,0.819064,-1.136209,Identity-certain reduced-DF frame
427,True,14,32,-5.008019,-0.381086,2.773949,0.793513,-1.001296,Identity-certain reduced-DF frame
428,True,13,36,-4.357868,-0.157408,2.481234,0.943501,-1.357493,Identity-certain reduced-DF frame
429,True,13,39,-5.329688,-0.177706,2.611446,0.596843,-0.916009,Identity-certain reduced-DF frame
430,True,14,32,-6.715592,-0.30424,2.673077,0.750795,-0.312829,Identity-certain reduced-DF frame
431,True,13,38,-3.564711,-0.250232,2.886764,1.036908,-1.809173,Identity-certain reduced-DF frame
432,True,14,35,-6.409335,-0.31824,2.172807,0.589935,-0.193192,Identity-certain reduced-DF frame
433,True,12,49,-3.678377,-0.438045,2.82311,1.034694,-1.394246,Identity-certain reduced-DF frame
434,True,15,33,-7.312824,-0.521302,3.557326,0.965041,-0.280415,Identity-certain reduced-DF frame
435,True,14,33,-7.002777,-0.608978,2.377258,0.21187,0.284027,Identity-certain reduced-DF frame
436,True,14,29,-5.189484,-0.423214,3.055398,0.93583,-1.03464,Identity-certain reduced-DF frame
437,True,14,35,-5.861371,-0.569424,2.712973,0.436917,-0.360768,Identity-certain reduced-DF frame
438,True,16,24,-7.201243,0.117069,3.721229,0.842633,-1.110126,Identity-certain reduced-DF frame
439,True,16,25,-6.673717,-0.74502,3.577466,0.535826,-0.340468,Identity-certain reduced-DF frame
440,True,14,39,-7.472087,-0.323139,2.557923,0.358334,0.185475,Identity-certain reduced-DF frame
441,True,15,28,-6.875557,-0.514076,3.529373,0.487524,-0.435473,Identity-certain reduced-DF frame
442,True,14,32,-5.991416,-0.128506,3.01337,0.924842,-0.938429,Identity-certain reduced-DF frame
443,True,13,45,-5.568142,-0.305237,2.692859,0.461879,-0.661098,Identity-certain reduced-DF frame
444,True,13,38,-4.612694,-0.637372,3.308573,1.048355,-1.051222,Identity-certain reduced-DF frame
445,True,15,32,-8.326785,-0.248952,2.628674,0.314291,0.380622,Identity-certain reduced-DF frame
446,True,13,45,-5.443991,-0.250581,2.786646,0.691972,-0.827694,Identity-certain reduced-DF frame
447,True,14,33,-5.283539,-0.35226,3.230648,0.959814,-1.061899,Identity-certain reduced-DF frame
448,True,14,25,-3.839911,-0.276992,2.393826,0.922801,-1.590149,Identity-certain reduced-DF frame
449,True,15,31,-6.452562,-0.488244,3.293289,0.602584,-0.50889,Identity-certain reduced-DF frame
450,True,14,25,-3.450117,-0.516456,2.112782,0.845484,-1.451651,Identity-certain reduced-DF frame
451,True,14,29,-4.69036,-0.476152,3.021867,0.920071,-1.192204,Identity-certain reduced-DF frame
452,True,14,29,-5.731151,-0.130628,2.662484,0.792023,-0.952012,Identity-certain reduced-DF frame
453,True,13,33,-5.295449,-0.519916,2.632884,0.725393,-0.672741,Identity-certain reduced-DF frame
454,True,14,28,-6.062039,-0.188466,2.00111,0.810754,-0.522033,Identity-certain reduced-DF frame
455,True,13,40,-4.291298,-0.321914,3.195974,1.022006,-1.483556,Identity-certain reduced-DF frame
456,True,14,44,-6.981605,0.000394,2.951356,0.513773,-0.456722,Identity-certain reduced-DF frame
457,True,14,27,-4.901439,-0.290576,2.713574,0.958375,-1.172901,Identity-certain reduced-DF frame
458,True,14,40,-6.999028,-0.663718,2.916492,0.420363,0.205155,Identity-certain reduced-DF frame
459,True,14,34,-6.872922,0.008218,2.761108,0.540161,-0.521026,Identity-certain reduced-DF frame
460,True,13,40,-5.510163,-0.629773,3.620007,0.899056,-0.795746,Identity-certain reduced-DF frame
461,True,15,28,-6.449738,-0.603379,2.797187,0.628801,-0.208314,Identity-certain reduced-DF frame
462,True,16,31,-8.551682,-0.123177,2.528355,-0.138327,0.407216,Identity-certain reduced-DF frame
463,True,12,42,-4.625655,-0.078129,2.269447,0.963246,-1.178122,Identity-certain reduced-DF frame
464,True,15,30,-6.971327,-0.199942,2.872384,0.643087,-0.347243,Identity-certain reduced-DF frame
465,True,14,35,-6.858253,-0.816489,3.199303,0.474448,0.097461,Identity-certain reduced-DF frame
466,True,14,28,-5.477258,-0.161695,2.197859,0.599397,-0.840603,Identity-certain reduced-DF frame
467,True,13,29,-5.53848,-0.251888,2.069954,0.450799,-0.650545,Identity-certain reduced-DF frame
468,True,14,29,-4.982399,-0.389432,2.803316,0.856392,-1.049918,Identity-certain reduced-DF frame
469,True,14,23,-4.931132,-0.112784,2.848566,1.012962,-1.440951,Identity-certain reduced-DF frame
470,True,14,28,-5.977995,-0.37966,4.138487,0.951193,-1.17125,Identity-certain reduced-DF frame
471,True,15,28,-8.307245,0.12783,2.613756,0.193662,-0.054123,Identity-certain reduced-DF frame
472,True,14,35,-6.727469,-0.689753,3.339581,0.547279,-0.116609,Identity-certain reduced-DF frame
473,True,15,31,-6.379012,-0.560864,3.363749,0.698451,-0.49281,Identity-certain reduced-DF frame
474,True,13,49,-5.725065,-0.205647,2.671879,0.841158,-0.655504,Identity-certain reduced-DF frame
475,True,14,35,-7.47139,-0.132735,2.649101,0.400466,-0.069567,Identity-certain reduced-DF frame
476,True,14,35,-5.901158,-0.345142,2.80341,0.462886,-0.597334,Identity-certain reduced-DF frame
477,True,13,41,-3.874581,-0.344553,3.010135,1.075958,-1.548209,Identity-certain reduced-DF frame
478,True,14,36,-5.975679,-0.596966,3.767424,0.909427,-0.735701,Identity-certain reduced-DF frame
479,True,13,38,-5.783752,-0.626091,2.920826,0.756961,-0.401667,Identity-certain reduced-DF frame
480,True,15,24,-6.425309,-0.35844,2.671009,1.147516,-0.575407,Identity-certain reduced-DF frame
481,True,14,34,-5.807983,-0.129611,3.082719,1.175858,-1.069161,Identity-certain reduced-DF frame
482,True,14,33,-4.720877,-0.143459,2.352654,0.454681,-1.215913,Identity-certain reduced-DF frame
483,True,14,40,-7.792215,-0.45815,2.736322,0.37236,0.38404,Identity-certain reduced-DF frame
484,True,14,29,-5.99352,-0.409713,2.678776,0.634635,-0.519723,Identity-certain reduced-DF frame
485,True,13,44,-5.867376,-0.326527,3.208415,0.733443,-0.677945,Identity-certain reduced-DF frame
486,True,15,34,-8.116672,-0.234381,2.113367,0.169784,0.500056,Identity-certain reduced-DF frame
487,True,12,52,-4.334989,-0.351615,2.664604,0.835834,-1.091195,Identity-certain reduced-DF frame
488,True,14,37,-6.896957,-0.08793,2.644582,0.509233,-0.357001,Identity-certain reduced-DF frame
489,True,14,35,-5.701775,-0.627931,2.834136,0.709112,-0.444812,Identity-certain reduced-DF frame
490,True,13,36,-4.565167,-0.396799,2.985923,0.785227,-1.161999,Identity-certain reduced-DF frame
491,True,15,23,-6.310272,-0.427495,3.073755,0.743407,-0.628571,Identity-certain reduced-DF frame
492,True,12,45,-5.074463,-0.227384,2.602322,0.794122,-0.902231,Identity-certain reduced-DF frame
493,True,13,37,-5.43455,-0.771287,2.487842,0.569401,-0.290685,Identity-certain reduced-DF frame
494,True,13,32,-5.168746,-0.252175,2.264083,0.877527,-0.875657,Identity-certain reduced-DF frame
495,True,14,40,-7.250302,-0.071654,2.698751,0.240373,-0.187009,Identity-certain reduced-DF frame
496,True,16,40,-12.010075,-0.478642,3.248558,-0.32721,2.039748,Identity-certain reduced-DF frame
497,True,13,35,-5.858724,-0.304131,2.640675,1.009732,-0.639639,Identity-certain reduced-DF frame
498,True,14,39,-6.656163,-0.26138,3.471218,0.528205,-0.556606,Identity-certain reduced-DF frame
499,True,14,38,-7.58276,-0.460006,3.24074,0.287521,0.133652,Identity-certain reduced-DF frame
500,True,15,30,-7.589075,-0.249642,2.890633,0.408499,-0.071792,Identity-certain reduced-DF frame
501,True,14,46,-5.759322,-0.558808,3.246994,0.619589,-0.514612,Identity-certain reduced-DF frame
502,True,15,34,-7.99914,-0.693359,3.829827,0.561031,0.23456,Identity-certain reduced-DF frame
503,True,13,47,-4.954473,-0.195348,2.420129,0.710316,-0.908097,Identity-certain reduced-DF frame
504,True,14,33,-7.651158,-0.422508,2.880928,0.555937,0.162424,Identity-certain reduced-DF frame
505,True,15,27,-6.85909,-0.732725,3.232642,0.720847,-0.095083,Identity-certain reduced-DF frame
506,True,15,30,-7.911616,-0.46545,3.041151,0.238756,0.265016,Identity-certain reduced-DF frame
507,True,14,31,-5.075823,-0.423404,2.979769,0.762793,-1.001969,Identity-certain reduced-DF frame
508,True,14,30,-6.301359,-0.816487,3.025223,0.791308,-0.159676,Identity-certain reduced-DF frame
509,True,14,29,-5.00692,-0.276216,2.949065,0.896783,-1.204119,Identity-certain reduced-DF frame
510,True,14,31,-4.168314,-0.104022,3.422557,1.17053,-1.925431,Identity-certain reduced-DF frame
511,True,13,40,-5.718265,-0.483092,2.604944,0.582268,-0.430057,Identity-certain reduced-DF frame
512,True,13,35,-3.446232,-0.033089,2.511848,1.379598,-1.96489,Identity-certain reduced-DF frame
513,True,13,41,-5.428649,-0.478903,2.45145,0.605198,-0.465984,Identity-certain reduced-DF frame
514,True,14,28,-4.90839,-0.323384,2.862544,1.045332,-1.23964,Identity-certain reduced-DF frame
515,True,12,45,-5.247482,-0.259558,2.221182,0.729189,-0.660099,Identity-certain reduced-DF frame
516,True,14,38,-5.78008,-0.612419,2.676773,0.458097,-0.329604,Identity-certain reduced-DF frame
517,True,12,52,-4.547447,-0.450317,2.817697,0.749845,-0.959265,Identity-certain reduced-DF frame
518,True,14,33,-6.516517,-0.255911,2.595837,0.65711,-0.375034,Identity-certain reduced-DF frame
519,True,13,49,-7.194644,-0.649663,2.709512,0.667568,0.391807,Identity-certain reduced-DF frame
520,True,13,35,-4.444908,-0.239694,2.315661,0.923744,-1.186681,Identity-certain reduced-DF frame
521,True,13,38,-5.844156,-0.18704,2.591149,0.617865,-0.686253,Identity-certain reduced-DF frame
522,True,13,39,-5.961364,-0.419652,2.832133,0.839,-0.513378,Identity-certain reduced-DF frame
523,True,13,35,-4.835003,-0.418204,2.47627,0.688472,-0.891766,Identity-certain reduced-DF frame
524,True,16,31,-8.035261,-0.370145,3.46029,0.344964,0.030184,Identity-certain reduced-DF frame
525,True,13,33,-4.123448,-0.62035,2.343073,0.752258,-1.002694,Identity-certain reduced-DF frame
526,True,14,26,-5.102931,-0.167024,3.038351,0.738796,-1.313957,Identity-certain reduced-DF frame
527,True,15,25,-6.971389,-0.492869,2.947315,0.851443,-0.217512,Identity-certain reduced-DF frame
528,True,13,38,-4.411754,-0.294902,2.908095,0.953359,-1.356835,Identity-certain reduced-DF frame
529,True,13,54,-6.523525,-0.556629,3.52722,0.685435,-0.236157,Identity-certain reduced-DF frame
530,True,13,34,-4.018562,-0.159242,2.449562,0.953932,-1.530989,Identity-certain reduced-DF frame
531,True,14,31,-4.328311,-0.308216,2.601547,0.910584,-1.331365,Identity-certain reduced-DF frame
532,True,14,30,-5.396929,-0.266746,2.401082,1.027778,-0.89305,Identity-certain reduced-DF frame
533,True,13,32,-5.830523,-0.0627,2.349985,0.72206,-0.804504,Identity-certain reduced-DF frame
534,True,14,30,-5.868429,-0.191589,2.493918,0.602398,-0.710035,Identity-certain reduced-DF frame
535,True,13,36,-5.187292,-0.815496,2.583328,0.858696,-0.4161,Identity-certain reduced-DF frame
536,True,13,47,-6.764023,-0.274301,2.648951,0.624257,-0.148904,Identity-certain reduced-DF frame
537,True,15,28,-6.27231,-0.733509,2.72259,0.831817,-0.197427,Identity-certain reduced-DF frame
538,True,14,41,-7.073739,-0.471737,3.194266,0.690506,-0.092742,Identity-certain reduced-DF frame
539,True,13,44,-6.113004,-0.461816,3.096983,0.815369,-0.422231,Identity-certain reduced-DF frame
540,True,13,33,-5.095842,-0.286491,2.567728,0.742429,-0.952985,Identity-certain reduced-DF frame
541,True,14,34,-4.558416,-0.715768,3.360169,0.936114,-1.0662,Identity-certain reduced-DF frame
542,True,13,36,-4.989327,-0.12673,2.753509,0.977228,-1.256696,Identity-certain reduced-DF frame
543,True,13,40,-4.937481,-0.384992,2.657002,0.646522,-0.893857,Identity-certain reduced-DF frame
544,True,14,28,-5.111794,-0.188442,2.565122,0.867506,-1.128995,Identity-certain reduced-DF frame
545,True,14,43,-7.347814,-0.249143,2.087321,0.600377,0.194988,Identity-certain reduced-DF frame
546,True,14,33,-5.855347,-0.338856,2.680921,0.476771,-0.581843,Identity-certain reduced-DF frame
547,True,13,31,-4.5334,-0.315901,2.383864,0.796799,-1.122501,Identity-certain reduced-DF frame
548,True,15,28,-6.996848,-0.276229,2.689963,0.558873,-0.221115,Identity-certain reduced-DF frame
549,True,13,38,-6.098448,-0.125915,2.394171,0.573407,-0.551361,Identity-certain reduced-DF frame
550,True,14,32,-6.818202,-0.293875,2.736217,0.649176,-0.282864,Identity-certain reduced-DF frame
551,True,14,29,-4.565523,-0.251195,2.616474,0.996337,-1.345327,Identity-certain reduced-DF frame
552,True,13,43,-5.956887,-0.285893,2.898356,0.425765,-0.628767,Identity-certain reduced-DF frame
553,True,13,46,-6.697519,-0.358682,2.957552,0.555334,-0.187025,Identity-certain reduced-DF frame
554,True,14,30,-5.365039,-0.169775,3.069783,0.796418,-1.185844,Identity-certain reduced-DF frame
555,True,13,30,-5.629161,0.047876,2.179694,0.628917,-0.967679,Identity-certain reduced-DF frame
556,True,14,36,-7.587884,-0.505139,3.018192,0.384046,0.20503,Identity-certain reduced-DF frame
557,True,13,34,-6.950021,-0.25464,2.53909,0.588275,-0.150949,Identity-certain reduced-DF frame
558,True,13,42,-5.043361,-0.19121,2.564302,0.733692,-1.000829,Identity-certain reduced-DF frame
559,True,14,35,-6.729185,-0.286362,2.603072,0.500251,-0.241728,Identity-certain reduced-DF frame
560,True,16,30,-12.400209,-0.862525,3.64502,-0.221076,2.311172,Identity-certain reduced-DF frame
561,True,15,30,-6.044052,-0.509301,2.681397,0.369263,-0.433654,Identity-certain reduced-DF frame
562,True,14,32,-6.403451,-0.502983,2.500343,0.129086,-0.151414,Identity-certain reduced-DF frame
563,True,14,29,-5.932371,-0.33442,2.711003,0.616119,-0.622457,Identity-certain reduced-DF frame
564,True,15,31,-5.616574,-0.362613,2.967437,0.758647,-0.840813,Identity-certain reduced-DF frame
565,True,13,38,-7.10253,-0.654273,3.41554,0.709826,-0.020299,Identity-certain reduced-DF frame
566,True,13,41,-5.308191,0.046048,2.355056,0.767954,-1.065779,Identity-certain reduced-DF frame
567,True,14,34,-6.178571,-0.281306,2.607908,1.018358,-0.5526,Identity-certain reduced-DF frame
568,True,13,33,-4.672935,-0.157767,2.765838,0.725096,-1.356852,Identity-certain reduced-DF frame
569,True,14,30,-4.723218,-0.46716,3.009135,1.032571,-1.205079,Identity-certain reduced-DF frame
570,True,15,36,-8.104531,-0.384877,2.609069,0.190745,0.480501,Identity-certain reduced-DF frame
571,True,15,35,-7.915815,-0.483842,3.520986,0.148659,0.129406,Identity-certain reduced-DF frame
572,True,14,31,-6.096427,-0.35958,2.9648,0.768505,-0.63832,Identity-certain reduced-DF frame
573,True,13,41,-5.279838,-0.735099,3.024156,0.801443,-0.524776,Identity-certain reduced-DF frame
574,True,13,38,-5.115695,-0.202177,2.089328,0.808034,-0.802641,Identity-certain reduced-DF frame
575,True,14,35,-7.677939,-0.475338,2.67381,0.436216,0.322429,Identity-certain reduced-DF frame
576,True,13,39,-5.988191,-0.235587,2.815153,0.713061,-0.606863,Identity-certain reduced-DF frame
577,True,14,33,-6.452729,-0.309725,2.083989,0.546461,-0.164706,Identity-certain reduced-DF frame
578,True,14,31,-6.303878,-0.495399,2.787745,0.769921,-0.342949,Identity-certain reduced-DF frame
579,True,13,43,-6.537506,-0.306964,2.587404,0.87759,-0.29105,Identity-certain reduced-DF frame
580,True,13,47,-5.46084,-0.028122,2.7133,0.845277,-0.991045,Identity-certain reduced-DF frame
581,True,14,31,-6.167286,-0.077403,2.695714,0.793988,-0.804125,Identity-certain reduced-DF frame
582,True,14,30,-5.830853,-0.340446,2.456669,1.167174,-0.656788,Identity-certain reduced-DF frame
583,True,14,38,-7.53762,-0.482923,2.865882,0.191046,0.259718,Identity-certain reduced-DF frame
584,True,13,43,-4.799675,-0.169661,2.797402,0.564306,-1.189631,Identity-certain reduced-DF frame
585,True,14,37,-6.036075,-0.39152,2.395429,0.68205,-0.345638,Identity-certain reduced-DF frame
586,True,14,36,-6.077426,-0.304639,2.898088,0.72817,-0.583211,Identity-certain reduced-DF frame
587,True,14,40,-6.513475,-0.191048,2.855034,0.37733,-0.457024,Identity-certain reduced-DF frame
588,True,13,51,-5.992084,-0.612473,3.048798,0.807863,-0.274544,Identity-certain reduced-DF frame
589,True,15,27,-7.051435,-0.133926,1.879933,0.457902,-0.077895,Identity-certain reduced-DF frame
590,True,14,35,-5.404662,-0.427087,3.33933,1.237605,-1.048839,Identity-certain reduced-DF frame
591,True,14,27,-6.601085,0.163439,2.501716,0.914863,-0.866174,Identity-certain reduced-DF frame
592,True,14,30,-4.725142,-0.359417,2.778759,0.792583,-1.174065,Identity-certain reduced-DF frame
593,True,14,29,-5.854911,-0.055238,1.978273,0.583534,-0.700031,Identity-certain reduced-DF frame
594,True,13,40,-5.228082,-0.403631,3.386909,0.920198,-1.014768,Identity-certain reduced-DF frame
595,True,15,26,-5.713393,-0.569473,3.291264,0.672639,-0.785187,Identity-certain reduced-DF frame
596,True,14,27,-5.834258,-0.277119,2.719194,1.210441,-0.909295,Identity-certain reduced-DF frame
597,True,15,31,-7.696113,-0.476078,3.448588,0.558503,0.009627,Identity-certain reduced-DF frame
598,True,13,43,-6.983616,-0.525542,2.856311,0.389041,0.099994,Identity-certain reduced-DF frame
599,True,14,34,-5.763736,-0.563782,2.650351,0.664798,-0.42073,Identity-certain reduced-DF frame
600,True,15,33,-7.438357,-0.175503,2.581901,0.565928,-0.024397,Identity-certain reduced-DF frame
601,True,14,32,-5.374625,-0.740492,3.017858,0.663139,-0.595044,Identity-certain reduced-DF frame
602,True,14,32,-5.980185,-0.417118,3.264391,1.11859,-0.768082,Identity-certain reduced-DF frame
603,True,15,28,-6.91893,-0.250102,2.707781,0.685269,-0.332093,Identity-certain reduced-DF frame
604,True,15,30,-7.615883,-0.506272,3.217026,0.198731,0.098988,Identity-certain reduced-DF frame
605,True,16,30,-8.810066,-0.542823,2.938857,0.415075,0.665535,Identity-certain reduced-DF frame
606,True,17,18,-6.688464,-0.40356,3.135845,0.474044,-0.629291,Identity-certain reduced-DF frame
607,True,13,49,-6.356319,-0.227025,2.612407,0.632997,-0.332417,Identity-certain reduced-DF frame
608,True,13,37,-4.33699,-0.154437,2.881847,1.039479,-1.551515,Identity-certain reduced-DF frame
609,True,14,33,-5.720924,-0.200131,3.399466,1.053333,-1.138704,Identity-certain reduced-DF frame
610,True,14,28,-5.975919,-0.786334,3.689201,0.869876,-0.605668,Identity-certain reduced-DF frame
611,True,16,29,-8.243865,-0.301286,2.224114,0.040053,0.556015,Identity-certain reduced-DF frame
612,True,13,44,-5.634548,-0.346594,2.799836,0.76752,-0.654072,Identity-certain reduced-DF frame
613,True,14,42,-7.739777,-0.594858,2.946096,-0.00815,0.476255,Identity-certain reduced-DF frame
614,True,14,43,-5.888116,-0.380154,2.274337,0.534216,-0.327605,Identity-certain reduced-DF frame
615,True,13,33,-5.206444,-0.290961,2.738405,0.876509,-0.962913,Identity-certain reduced-DF frame
616,True,14,27,-5.066045,-0.051586,2.640462,0.942619,-1.395615,Identity-certain reduced-DF frame
617,True,16,25,-7.803456,-0.387097,3.077753,0.32845,0.040788,Identity-certain reduced-DF frame
618,True,15,29,-7.751668,-0.327037,2.951467,0.316582,0.075958,Identity-certain reduced-DF frame
619,True,15,26,-6.480932,-0.56754,3.312988,0.756406,-0.463592,Identity-certain reduced-DF frame
620,True,14,37,-5.711733,-0.458878,2.69269,0.802148,-0.53548,Identity-certain reduced-DF frame
621,True,14,36,-6.020389,-0.479139,2.921524,0.548531,-0.489898,Identity-certain reduced-DF frame
622,True,13,39,-6.050622,-0.625889,3.088854,0.762465,-0.354909,Identity-certain reduced-DF frame
623,True,14,31,-5.564493,-0.423512,2.649232,0.766767,-0.63576,Identity-certain reduced-DF frame
624,True,14,33,-6.758278,-0.368869,1.823632,0.223366,0.164338,Identity-certain reduced-DF frame
625,True,13,35,-4.557551,-0.333995,3.025916,0.907382,-1.34505,Identity-certain reduced-DF frame
626,True,14,33,-6.801839,-0.61758,3.063814,0.423686,-0.081614,Identity-certain reduced-DF frame
627,True,13,42,-4.332426,-0.174155,2.521175,1.050385,-1.33473,Identity-certain reduced-DF frame
628,True,13,36,-7.204066,-0.125751,2.144674,0.513607,0.016684,Identity-certain reduced-DF frame
629,True,15,32,-7.913384,-0.285099,2.983417,0.623791,0.072995,Identity-certain reduced-DF frame
630,True,14,33,-4.697899,-0.432774,2.82294,0.927061,-1.099497,Identity-certain reduced-DF frame
631,True,15,28,-8.167978,-0.513113,2.421048,0.109464,0.588908,Identity-certain reduced-DF frame
632,True,13,44,-5.26097,-0.26015,2.492327,0.955475,-0.796902,Identity-certain reduced-DF frame
633,True,13,32,-4.93682,-0.27587,2.709442,1.052246,-1.136649,Identity-certain reduced-DF frame
634,True,13,40,-5.114201,-0.450996,2.926182,0.929963,-0.883905,Identity-certain reduced-DF frame
635,True,13,45,-5.950393,-0.24991,2.738228,0.687649,-0.529536,Identity-certain reduced-DF frame
636,True,13,32,-4.962169,-0.066428,2.476481,0.886436,-1.277504,Identity-certain reduced-DF frame
637,True,13,46,-5.242777,-0.697937,2.449684,0.637733,-0.337571,Identity-certain reduced-DF frame
638,True,18,35,-13.283414,-0.261538,3.028247,-0.394871,2.359853,Identity-certain reduced-DF frame
639,True,15,30,-7.425739,-0.1168,3.409996,0.442608,-0.477743,Identity-certain reduced-DF frame
640,True,14,32,-6.008337,-0.393332,2.561141,0.79016,-0.484987,Identity-certain reduced-DF frame
641,True,13,39,-6.205321,-0.29026,2.046557,0.417871,-0.177042,Identity-certain reduced-DF frame
642,True,16,23,-7.546678,-0.083532,3.365289,0.870779,-0.618223,Identity-certain reduced-DF frame
643,True,15,34,-9.189215,-0.678182,3.283483,0.200475,0.94438,Identity-certain reduced-DF frame
644,True,16,31,-10.585922,-0.602396,2.934052,-0.346296,1.602607,Identity-certain reduced-DF frame
645,True,14,39,-6.929607,-0.592731,2.999004,0.305965,0.077618,Identity-certain reduced-DF frame
646,True,16,29,-8.129076,-0.221043,3.849133,0.654387,-0.307429,Identity-certain reduced-DF frame
647,True,14,26,-5.88407,-0.34602,1.912472,0.39208,-0.401702,Identity-certain reduced-DF frame
648,True,17,28,-11.323038,-0.538164,2.571016,-0.513169,1.93011,Identity-certain reduced-DF frame
649,True,13,35,-3.41139,-0.337542,3.186852,1.02386,-1.903009,Identity-certain reduced-DF frame
650,True,14,31,-6.386605,-0.274758,3.416998,0.873781,-0.785473,Identity-certain reduced-DF frame
651,True,13,46,-5.049587,-0.487508,2.864227,0.713252,-0.78378,Identity-certain reduced-DF frame
652,True,13,35,-5.569616,-0.528417,2.169174,0.419153,-0.341369,Identity-certain reduced-DF frame
653,True,15,22,-6.079649,-0.305178,2.935843,0.634531,-0.821719,Identity-certain reduced-DF frame
654,True,14,32,-5.985751,-0.557768,2.665535,0.696598,-0.341125,Identity-certain reduced-DF frame
655,True,14,40,-9.559531,-0.385932,3.390586,0.110551,0.856054,Identity-certain reduced-DF frame
656,True,14,30,-6.436391,0.210319,2.629598,0.684192,-0.987416,Identity-certain reduced-DF frame
657,True,16,27,-8.725438,0.039548,2.953331,0.097918,0.086461,Identity-certain reduced-DF frame
658,True,14,43,-6.674927,-0.150002,2.745738,0.616663,-0.377097,Identity-certain reduced-DF frame
659,True,13,36,-5.406876,-0.273645,2.554137,0.529152,-0.757479,Identity-certain reduced-DF frame
660,True,17,29,-8.841868,-0.41512,2.90134,0.315419,0.610626,Identity-certain reduced-DF frame
661,True,16,33,-8.682521,-0.330286,2.980952,0.354178,0.458879,Identity-certain reduced-DF frame
662,True,14,25,-5.144853,-0.278725,2.472384,0.795334,-1.044695,Identity-certain reduced-DF frame
663,True,13,43,-6.558332,-0.471798,2.025705,0.522805,0.15205,Identity-certain reduced-DF frame
664,True,13,38,-5.947003,-0.196403,2.473204,0.731584,-0.615732,Identity-certain reduced-DF frame
665,True,17,31,-9.333052,-0.250824,2.678095,-0.281325,0.831646,Identity-certain reduced-DF frame
666,True,14,31,-5.783222,-0.545156,2.54247,0.614071,-0.434508,Identity-certain reduced-DF frame
667,True,16,35,-9.670105,0.140806,2.712158,-0.019711,0.564343,Identity-certain reduced-DF frame
668,True,16,34,-9.278616,-0.448198,3.464245,0.220508,0.703425,Identity-certain reduced-DF frame
669,True,14,32,-5.485382,-0.268193,2.424691,0.773858,-0.785386,Identity-certain reduced-DF frame
670,True,15,24,-6.851648,-0.205722,3.317617,0.809457,-0.736431,Identity-certain reduced-DF frame
671,True,13,43,-5.98386,-0.433056,2.668292,0.729843,-0.350435,Identity-certain reduced-DF frame
672,True,14,40,-8.543798,-0.805437,3.048326,0.169007,0.952169,Identity-certain reduced-DF frame
673,True,14,27,-4.389547,-0.255644,2.66509,0.775706,-1.429872,Identity-certain reduced-DF frame
674,True,14,36,-5.242951,-0.308061,2.467659,0.831856,-0.848198,Identity-certain reduced-DF frame
675,True,13,35,-5.478072,-0.212533,2.664917,0.647944,-0.889533,Identity-certain reduced-DF frame
676,True,14,33,-6.924885,-0.088683,2.754636,0.813996,-0.430009,Identity-certain reduced-DF frame
677,True,14,33,-4.844549,-0.435148,3.300295,1.049872,-1.228152,Identity-certain reduced-DF frame
678,True,14,41,-7.942634,-0.188389,3.06333,0.409552,0.107962,Identity-certain reduced-DF frame
679,True,14,37,-5.82902,-0.306251,3.522491,0.916014,-0.979823,Identity-certain reduced-DF frame
680,True,14,33,-6.191558,-0.41238,3.116532,0.864189,-0.58212,Identity-certain reduced-DF frame
681,True,15,40,-8.979333,-0.579109,3.927265,0.23672,0.544038,Identity-certain reduced-DF frame
682,True,13,35,-4.178426,-0.287774,2.46261,0.989918,-1.338573,Identity-certain reduced-DF frame
683,True,14,34,-6.330983,-0.308103,3.008903,0.704497,-0.515463,Identity-certain reduced-DF frame
684,True,14,32,-5.094641,-0.433209,3.172576,0.631127,-1.083461,Identity-certain reduced-DF frame
685,True,14,32,-4.514011,-0.523216,3.226929,0.777297,-1.268641,Identity-certain reduced-DF frame
686,True,15,36,-7.768478,-0.18922,2.645421,0.48564,0.096109,Identity-certain reduced-DF frame
687,True,12,43,-4.208028,-0.053964,2.413858,0.896135,-1.45793,Identity-certain reduced-DF frame
688,True,14,35,-6.040013,-0.476165,2.514907,0.739724,-0.320885,Identity-certain reduced-DF frame
689,True,15,27,-5.826944,-0.274791,2.865147,0.861719,-0.88216,Identity-certain reduced-DF frame
690,True,13,35,-4.267109,-0.585304,2.664531,0.980069,-1.101894,Identity-certain reduced-DF frame
691,True,14,30,-6.429174,-0.3048,2.182325,0.437073,-0.236063,Identity-certain reduced-DF frame
692,True,13,42,-6.431816,-0.591429,2.775153,0.495101,-0.010538,Identity-certain reduced-DF frame
693,True,13,43,-4.935294,-0.267848,2.880831,0.909139,-1.060618,Identity-certain reduced-DF frame
694,True,14,34,-5.122722,-0.289797,2.135552,0.891042,-0.788549,Identity-certain reduced-DF frame
695,True,13,39,-5.115223,-0.145433,3.268956,1.007636,-1.365117,Identity-certain reduced-DF frame
696,True,13,36,-5.609772,-0.017282,2.968343,0.899109,-1.172004,Identity-certain reduced-DF frame
697,True,13,43,-5.603663,-0.385698,2.840828,0.827633,-0.672581,Identity-certain reduced-DF frame
698,True,13,37,-5.688552,-0.633236,2.971224,0.50321,-0.474463,Identity-certain reduced-DF frame
699,True,14,34,-6.984739,-0.209488,2.677234,0.361153,-0.226124,Identity-certain reduced-DF frame
700,True,15,23,-6.214724,-0.540219,2.597794,0.688101,-0.385207,Identity-certain reduced-DF frame
701,True,14,31,-3.896035,-0.607522,3.043993,0.954934,-1.376693,Identity-certain reduced-DF frame
702,True,14,37,-6.427656,-0.575242,3.508509,0.619425,-0.409478,Identity-certain reduced-DF frame
703,True,15,27,-9.472429,-0.488414,2.532979,-0.082763,1.092478,Identity-certain reduced-DF frame
704,True,14,29,-5.572717,-0.178878,2.364116,0.625342,-0.834473,Identity-certain reduced-DF frame
705,True,13,33,-4.885201,0.107707,3.041099,1.06514,-1.678912,Identity-certain reduced-DF frame
706,True,13,40,-4.563023,-0.663317,3.498049,0.949959,-1.115676,Identity-certain reduced-DF frame
707,True,14,32,-3.800757,-0.407993,3.690895,1.149951,-1.922196,Identity-certain reduced-DF frame
708,True,13,40,-3.954179,-0.121782,2.946738,0.914482,-1.725114,Identity-certain reduced-DF frame
709,True,13,33,-6.282427,-0.059279,2.334911,0.809035,-0.604529,Identity-certain reduced-DF frame
710,True,16,33,-9.039949,-0.525541,2.549826,0.595755,0.890961,Identity-certain reduced-DF frame
711,True,13,38,-5.893545,-0.446236,3.173848,0.695449,-0.646937,Identity-certain reduced-DF frame
712,True,14,42,-7.153578,-0.425968,3.262398,0.586088,-0.117247,Identity-certain reduced-DF frame
713,True,14,32,-5.032031,-0.119353,2.738286,0.678323,-1.243097,Identity-certain reduced-DF frame
714,True,13,43,-5.973274,-0.390965,2.603708,0.754597,-0.424607,Identity-certain reduced-DF frame
715,True,13,32,-4.858249,-0.151278,2.597614,0.959748,-1.236101,Identity-certain reduced-DF frame
716,True,13,40,-4.352054,-0.247123,2.487239,0.764632,-1.265842,Identity-certain reduced-DF frame
717,True,15,30,-7.553765,-0.545682,3.212638,0.50687,0.09257,Identity-certain reduced-DF frame
718,True,14,38,-7.848795,-0.466242,2.742981,0.173234,0.420458,Identity-certain reduced-DF frame
719,True,13,41,-5.246997,-0.386973,1.888092,0.303617,-0.437779,Identity-certain reduced-DF frame
720,True,14,40,-6.343701,-0.39385,2.752509,0.571263,-0.287316,Identity-certain reduced-DF frame
721,True,14,34,-5.652463,-0.424666,3.396344,0.783116,-0.897583,Identity-certain reduced-DF frame
722,True,14,37,-7.226205,-0.251026,2.905205,0.411587,-0.109608,Identity-certain reduced-DF frame
723,True,14,28,-4.912529,-0.079855,2.647901,1.260821,-1.420719,Identity-certain reduced-DF frame
724,True,14,31,-6.012522,-0.307901,2.703946,0.917635,-0.606691,Identity-certain reduced-DF frame
725,True,14,27,-5.776389,-0.264789,3.042656,0.946661,-0.93308,Identity-certain reduced-DF frame
726,True,14,31,-5.782005,-0.35214,3.031223,1.143641,-0.848818,Identity-certain reduced-DF frame
727,True,13,53,-5.869163,-0.291105,2.834259,0.578491,-0.529342,Identity-certain reduced-DF frame
728,True,14,32,-5.147942,-0.572194,3.317414,0.870191,-0.94819,Identity-certain reduced-DF frame
729,True,13,45,-5.253922,-0.134193,2.508246,0.856301,-0.920403,Identity-certain reduced-DF frame
730,True,14,25,-3.806228,-0.43694,3.088658,0.985034,-1.776128,Identity-certain reduced-DF frame
731,True,13,35,-4.838424,-0.338578,2.329251,0.425664,-0.951766,Identity-certain reduced-DF frame
732,True,14,30,-5.88448,-0.213731,2.285346,0.781156,-0.629167,Identity-certain reduced-DF frame
733,True,14,32,-5.23346,-0.433933,2.767074,0.932388,-0.858466,Identity-certain reduced-DF frame
734,True,13,34,-4.559549,-0.312193,2.190961,0.888076,-1.044509,Identity-certain reduced-DF frame
735,True,13,31,-4.821134,-0.21031,2.47005,0.726679,-1.143592,Identity-certain reduced-DF frame
736,True,14,35,-4.631066,-0.533257,2.99244,0.908008,-1.050774,Identity-certain reduced-DF frame
737,True,13,35,-3.715382,-0.415714,2.366368,0.903703,-1.374103,Identity-certain reduced-DF frame
738,True,15,22,-5.237576,0.155035,3.163796,0.83272,-1.770032,Identity-certain reduced-DF frame
739,True,14,22,-4.53952,-0.02797,2.888586,1.248335,-1.871533,Identity-certain reduced-DF frame
740,True,17,36,-11.556159,-0.228746,2.374803,-0.341788,1.877763,Identity-certain reduced-DF frame
741,True,15,30,-7.561151,-0.801823,2.779615,0.279904,0.499359,Identity-certain reduced-DF frame
742,True,14,37,-5.286877,-0.725247,2.882148,0.713813,-0.526395,Identity-certain reduced-DF frame
743,True,14,34,-6.950558,-0.477107,2.81571,0.683158,-0.057243,Identity-certain reduced-DF frame
744,True,14,28,-5.064546,0.078983,2.800085,0.796274,-1.511156,Identity-certain reduced-DF frame
745,True,13,41,-4.578286,-0.116064,2.12252,0.82786,-1.124436,Identity-certain reduced-DF frame
746,True,16,37,-9.315414,-0.367515,2.784569,-0.255051,0.95168,Identity-certain reduced-DF frame
747,True,17,21,-9.011807,-0.106425,2.675449,0.151263,0.352768,Identity-certain reduced-DF frame
748,True,14,36,-6.599146,0.117497,2.350564,0.555068,-0.592691,Identity-certain reduced-DF frame
749,True,12,42,-4.479381,0.00528,2.261762,0.906589,-1.328319,Identity-certain reduced-DF frame
750,True,14,30,-5.493012,-0.223445,2.912192,0.706091,-1.014311,Identity-certain reduced-DF frame
751,True,13,43,-4.557631,-0.313247,2.102277,0.993262,-0.95526,Identity-certain reduced-DF frame
752,True,14,37,-6.638811,-0.331217,2.431332,0.679933,-0.174196,Identity-certain reduced-DF frame
753,True,15,32,-7.104424,-0.51029,3.584287,0.69669,-0.282687,Identity-certain reduced-DF frame
754,True,14,38,-5.953601,-0.289285,2.869432,0.636546,-0.671975,Identity-certain reduced-DF frame
755,True,13,36,-4.331834,0.029516,1.990221,0.876986,-1.396431,Identity-certain reduced-DF frame
756,True,14,27,-6.498608,-0.316846,2.157727,0.505865,-0.217028,Identity-certain reduced-DF frame
757,True,14,31,-5.041174,-0.345704,3.015869,1.299619,-1.202407,Identity-certain reduced-DF frame
758,True,14,29,-4.924552,-0.697705,3.407,0.904391,-1.013384,Identity-certain reduced-DF frame
759,True,15,34,-7.82067,-0.260539,2.52332,0.720236,0.142671,Identity-certain reduced-DF frame
760,True,15,24,-7.771701,-0.972342,3.240103,0.44844,0.507431,Identity-certain reduced-DF frame
761,True,14,36,-5.606318,-0.497904,3.588374,0.766327,-0.865796,Identity-certain reduced-DF frame
762,True,13,37,-3.769435,-0.450738,2.324279,0.869041,-1.277963,Identity-certain reduced-DF frame
763,True,13,40,-5.105905,-0.257475,2.480076,0.809542,-0.865712,Identity-certain reduced-DF frame
764,True,13,44,-5.93434,-0.147061,2.833634,0.615867,-0.709182,Identity-certain reduced-DF frame
765,True,13,32,-5.539118,-0.181166,2.428085,0.614366,-0.783482,Identity-certain reduced-DF frame
766,True,14,40,-8.099084,-0.195107,3.380644,0.854923,-0.051945,Identity-certain reduced-DF frame
767,True,14,42,-5.991606,-0.742652,3.999263,1.024551,-0.62845,Identity-certain reduced-DF frame
768,True,14,40,-5.875924,-0.539495,2.622683,0.442407,-0.275564,Identity-certain reduced-DF frame
769,True,17,44,-15.53931,-0.339524,2.623294,-1.052478,3.686308,Identity-certain reduced-DF frame
770,True,13,35,-4.978189,-0.001211,2.626982,0.799323,-1.291434,Identity-certain reduced-DF frame
771,True,14,25,-6.038149,-0.082296,3.30701,0.875772,-1.14977,Identity-certain reduced-DF frame
772,True,13,39,-4.871533,-0.576421,2.857141,0.652255,-0.800096,Identity-certain reduced-DF frame
773,True,14,32,-5.925511,-0.450266,2.962523,0.708044,-0.611386,Identity-certain reduced-DF frame
774,True,14,43,-6.924599,-0.468693,2.850413,0.520783,0.026426,Identity-certain reduced-DF frame
775,True,13,40,-5.407256,0.185526,2.657086,1.08099,-1.365392,Identity-certain reduced-DF frame
776,True,14,30,-5.828234,-0.491106,2.711816,0.512832,-0.483231,Identity-certain reduced-DF frame
777,True,14,39,-7.17627,-0.574593,2.454173,0.469617,0.324847,Identity-certain reduced-DF frame
778,True,13,42,-6.338403,-0.009959,2.589155,0.565078,-0.586688,Identity-certain reduced-DF frame
779,True,15,36,-7.55899,-0.332235,3.27196,0.526806,-0.093518,Identity-certain reduced-DF frame
780,True,14,39,-7.853271,-0.221451,2.612384,0.425697,0.235585,Identity-certain reduced-DF frame
781,True,15,30,-6.795516,-0.289791,2.882866,0.736562,-0.397225,Identity-certain reduced-DF frame
782,True,13,36,-5.741721,-0.63529,2.720268,0.53579,-0.338094,Identity-certain reduced-DF frame
783,True,13,46,-4.440007,-0.38735,2.884027,0.97867,-1.168694,Identity-certain reduced-DF frame
784,True,14,40,-6.802388,-0.575285,2.668005,0.546458,0.096004,Identity-certain reduced-DF frame
785,True,13,42,-5.581363,-0.473272,2.223179,0.615784,-0.377788,Identity-certain reduced-DF frame
786,True,13,41,-7.381589,-0.415289,2.977523,0.445372,0.115489,Identity-certain reduced-DF frame
787,True,14,31,-5.280394,-0.040057,2.850193,0.962977,-1.27322,Identity-certain reduced-DF frame
788,True,14,42,-6.186636,-0.556064,3.638323,0.617686,-0.530667,Identity-certain reduced-DF frame
789,True,16,25,-6.673344,-0.115192,2.683012,0.659928,-0.569625,Identity-certain reduced-DF frame
790,True,13,32,-4.715904,-0.166574,2.510515,0.839007,-1.262281,Identity-certain reduced-DF frame
791,True,12,54,-4.421275,-0.012984,1.968681,0.860821,-1.156356,Identity-certain reduced-DF frame
792,True,14,33,-6.033251,-0.276811,2.310833,0.508192,-0.446111,Identity-certain reduced-DF frame
793,True,12,53,-5.522898,-0.309052,2.946317,0.62051,-0.695638,Identity-certain reduced-DF frame
794,True,14,35,-7.188779,-0.799151,3.61508,0.512152,0.046428,Identity-certain reduced-DF frame
795,True,14,31,-4.54185,-0.711688,3.553237,1.084777,-1.178487,Identity-certain reduced-DF frame
796,True,13,41,-5.305728,-0.520561,3.303643,0.983484,-0.854567,Identity-certain reduced-DF frame
797,True,13,33,-5.22068,-0.23793,2.94639,0.987018,-1.113397,Identity-certain reduced-DF frame
798,True,13,42,-6.305062,-0.221949,3.068295,0.585602,-0.554897,Identity-certain reduced-DF frame
799,True,14,33,-6.432049,-0.357206,3.076158,0.753657,-0.47676,Identity-certain reduced-DF frame
800,True,13,36,-5.603715,-0.284877,2.882943,0.895474,-0.821125,Identity-certain reduced-DF frame
801,True,13,40,-6.255085,-0.313097,2.97985,0.802375,-0.495088,Identity-certain reduced-DF frame
802,True,13,36,-5.700316,-0.318672,2.699386,0.608016,-0.677439,Identity-certain reduced-DF frame
803,True,14,33,-6.236846,-0.507905,2.946482,0.557286,-0.379626,Identity-certain reduced-DF frame
804,True,13,36,-5.926258,-0.403865,2.781712,0.657132,-0.476371,Identity-certain reduced-DF frame
805,True,16,25,-7.762196,0.121983,2.718356,0.60722,-0.415432,Identity-certain reduced-DF frame
806,True,13,41,-4.220037,-0.36909,2.435427,0.790709,-1.143428,Identity-certain reduced-DF frame
807,True,14,33,-5.575071,-0.342549,2.94623,0.731454,-0.806688,Identity-certain reduced-DF frame
808,True,14,37,-5.139987,-0.603669,3.891789,0.56747,-1.119766,Identity-certain reduced-DF frame
809,True,13,35,-5.456534,0.026469,2.560429,0.972282,-1.136122,Identity-certain reduced-DF frame
810,True,13,38,-5.353476,-0.559822,2.127639,0.281026,-0.34529,Identity-certain reduced-DF frame
811,True,13,34,-4.158551,-0.382716,2.471583,0.789406,-1.274417,Identity-certain reduced-DF frame
812,True,13,34,-5.628575,-0.119163,2.929339,0.769717,-1.045982,Identity-certain reduced-DF frame
813,True,14,29,-5.915695,-0.200136,2.406146,0.822898,-0.70006,Identity-certain reduced-DF frame
814,True,13,41,-4.748898,-0.066372,2.554993,0.935591,-1.244541,Identity-certain reduced-DF frame
815,True,14,30,-5.980568,-0.381211,3.180282,1.22625,-0.807311,Identity-certain reduced-DF frame
816,True,14,24,-4.590241,-0.095865,2.873164,0.861407,-1.65871,Identity-certain reduced-DF frame
817,True,14,39,-7.047025,-0.424131,3.530582,0.785339,-0.296915,Identity-certain reduced-DF frame
818,True,14,36,-6.211189,-0.415043,2.269619,0.398044,-0.197107,Identity-certain reduced-DF frame
819,True,13,33,-4.314037,-0.426918,2.973762,0.972489,-1.321866,Identity-certain reduced-DF frame
820,True,14,37,-5.358951,-0.176321,2.784428,0.661172,-1.000929,Identity-certain reduced-DF frame
821,True,13,34,-5.827186,-0.175102,3.098859,0.891716,-0.969839,Identity-certain reduced-DF frame
822,True,13,35,-3.996151,-0.464827,2.616095,0.838737,-1.275788,Identity-certain reduced-DF frame
823,True,13,34,-5.248056,-0.29242,2.455493,0.631449,-0.84629,Identity-certain reduced-DF frame
824,True,14,39,-6.56998,-0.180436,2.632846,0.489233,-0.408162,Identity-certain reduced-DF frame
825,True,13,51,-5.327244,-0.560542,2.976524,0.488406,-0.571787,Identity-certain reduced-DF frame
826,True,14,39,-8.121025,-0.681853,3.398448,-0.037518,0.51314,Identity-certain reduced-DF frame
827,True,13,38,-4.750582,-0.427716,2.533625,0.816459,-0.905456,Identity-certain reduced-DF frame
828,True,13,40,-4.217188,-0.453543,2.50377,0.96311,-1.109469,Identity-certain reduced-DF frame
829,True,14,30,-6.063163,-0.139286,3.24205,0.78656,-1.011195,Identity-certain reduced-DF frame
830,True,13,42,-4.696142,-0.629681,2.343772,0.489194,-0.655358,Identity-certain reduced-DF frame
831,True,16,27,-7.101233,-0.402286,2.952954,0.652113,-0.234492,Identity-certain reduced-DF frame
832,True,14,31,-4.82886,-0.277137,3.078622,1.147795,-1.340311,Identity-certain reduced-DF frame
833,True,14,27,-5.727765,-0.594011,3.386383,0.73513,-0.787641,Identity-certain reduced-DF frame
834,True,14,29,-4.312565,-0.326447,2.697825,0.942423,-1.386333,Identity-certain reduced-DF frame
835,True,13,35,-5.252458,-0.239538,2.458162,0.465582,-0.879285,Identity-certain reduced-DF frame
836,True,15,28,-8.214508,-0.486781,2.964449,-0.008643,0.385219,Identity-certain reduced-DF frame
837,True,13,35,-5.248999,-0.167644,2.71753,0.979283,-1.10327,Identity-certain reduced-DF frame
838,True,15,24,-6.468115,-0.541702,3.023521,0.70818,-0.429727,Identity-certain reduced-DF frame
839,True,14,41,-7.538694,-0.244987,2.651161,0.404246,0.116062,Identity-certain reduced-DF frame
840,True,13,47,-4.781415,-0.579711,2.479047,0.738434,-0.642606,Identity-certain reduced-DF frame
841,True,14,31,-6.348432,-0.230917,3.864433,0.96825,-1.023077,Identity-certain reduced-DF frame
842,True,14,28,-5.617789,-0.747898,3.131741,0.76625,-0.564492,Identity-certain reduced-DF frame
843,True,14,28,-4.576586,-0.089513,2.844116,0.918667,-1.557303,Identity-certain reduced-DF frame
844,True,14,31,-5.37504,-0.504036,3.167402,1.009719,-0.944833,Identity-certain reduced-DF frame
845,True,14,33,-6.100174,-0.351061,2.726825,0.764093,-0.512761,Identity-certain reduced-DF frame
846,True,13,40,-4.421871,-0.252444,3.437049,1.048236,-1.562828,Identity-certain reduced-DF frame
847,True,16,25,-7.157679,-0.561243,3.232886,0.730241,-0.172555,Identity-certain reduced-DF frame
848,True,13,36,-4.903695,-0.29048,2.491099,0.406351,-1.013917,Identity-certain reduced-DF frame
849,True,13,35,-5.725903,-0.094926,2.360293,0.867372,-0.776447,Identity-certain reduced-DF frame
850,True,16,28,-8.621122,-0.537989,2.981139,0.65082,0.550707,Identity-certain reduced-DF frame
851,True,13,39,-5.413912,-0.495168,3.13267,0.63154,-0.7599,Identity-certain reduced-DF frame
852,True,16,29,-8.433961,-0.45366,3.421701,0.287545,0.27909,Identity-certain reduced-DF frame
853,True,15,36,-7.281119,-0.137764,2.652628,0.290454,-0.132884,Identity-certain reduced-DF frame
854,True,13,36,-7.212682,-0.224129,2.325124,0.266709,0.062866,Identity-certain reduced-DF frame
855,True,14,29,-5.056203,-0.290873,2.463552,0.51122,-0.998852,Identity-certain reduced-DF frame
856,True,14,31,-4.723664,-0.328545,2.892469,0.9187,-1.230799,Identity-certain reduced-DF frame
857,True,13,46,-5.82815,-0.059257,2.689029,0.758335,-0.798283,Identity-certain reduced-DF frame
858,True,14,40,-7.103413,-0.387937,3.431147,0.719368,-0.287824,Identity-certain reduced-DF frame
859,True,13,44,-6.347213,-0.407164,3.185849,0.74455,-0.395087,Identity-certain reduced-DF frame
860,True,13,31,-5.037149,-0.296328,2.66411,0.748408,-1.020688,Identity-certain reduced-DF frame
861,True,15,23,-6.041206,-0.32363,2.077144,0.549921,-0.46485,Identity-certain reduced-DF frame
862,True,13,35,-4.811395,-0.288031,2.394965,0.509931,-0.974021,Identity-certain reduced-DF frame
863,True,13,34,-5.748724,-0.018546,2.192946,0.309587,-0.780496,Identity-certain reduced-DF frame
864,True,14,26,-5.005259,-0.102617,2.684286,1.01527,-1.357307,Identity-certain reduced-DF frame
865,True,14,28,-4.695477,-0.168686,2.356389,0.844321,-1.26353,Identity-certain reduced-DF frame
866,True,15,27,-6.122863,-0.254642,2.837694,0.674175,-0.748786,Identity-certain reduced-DF frame
867,True,14,35,-6.160011,-0.725851,3.513896,0.632222,-0.395415,Identity-certain reduced-DF frame
868,True,13,41,-5.172632,-0.429362,2.493905,0.79531,-0.694156,Identity-certain reduced-DF frame
869,True,13,37,-4.902689,-0.330684,3.390389,1.080062,-1.297201,Identity-certain reduced-DF frame
870,True,15,25,-6.395212,-0.286812,2.638294,0.728163,-0.534562,Identity-certain reduced-DF frame
871,True,14,44,-6.279199,-0.585622,3.219839,0.32547,-0.276746,Identity-certain reduced-DF frame
872,True,14,36,-8.007727,-0.643073,2.897556,0.14141,0.605609,Identity-certain reduced-DF frame
873,True,13,34,-4.899391,-0.16054,2.818218,1.093527,-1.294174,Identity-certain reduced-DF frame
874,True,15,29,-12.382924,-0.575072,3.426887,-0.468199,2.114209,Identity-certain reduced-DF frame
875,True,13,41,-5.825287,-0.526925,3.490419,1.19985,-0.757503,Identity-certain reduced-DF frame
876,True,14,30,-4.495045,-0.248061,2.275429,0.877932,-1.229318,Identity-certain reduced-DF frame
877,True,13,42,-5.975597,-0.417887,2.639252,0.789894,-0.362352,Identity-certain reduced-DF frame
878,True,14,33,-6.180828,-0.157867,2.531431,0.701165,-0.601507,Identity-certain reduced-DF frame
879,True,13,42,-4.991778,-0.392129,2.812682,0.765615,-0.925236,Identity-certain reduced-DF frame
880,True,13,38,-3.51856,-0.389436,2.94848,0.948827,-1.656451,Identity-certain reduced-DF frame
881,True,13,45,-5.636102,-0.366397,2.814938,0.530721,-0.611948,Identity-certain reduced-DF frame
882,True,15,34,-7.365616,-0.347044,3.847896,0.711684,-0.392611,Identity-certain reduced-DF frame
883,True,15,36,-8.297171,-0.406104,2.130316,0.082397,0.779195,Identity-certain reduced-DF frame
884,True,13,39,-3.790813,-0.391219,3.256811,0.897686,-1.640019,Identity-certain reduced-DF frame
885,True,13,34,-5.16557,-0.244163,3.115617,1.233157,-1.261397,Identity-certain reduced-DF frame
886,True,15,23,-5.760659,-0.429223,3.193108,1.041176,-0.937952,Identity-certain reduced-DF frame
887,True,14,40,-6.76863,-0.680836,2.579104,0.162694,0.228565,Identity-certain reduced-DF frame
888,True,14,31,-6.158935,-0.768588,4.035019,0.862643,-0.651422,Identity-certain reduced-DF frame
889,True,14,29,-6.741653,-0.650033,3.268526,0.809893,-0.189551,Identity-certain reduced-DF frame
890,True,13,32,-4.742942,-0.061297,2.716565,1.066916,-1.435199,Identity-certain reduced-DF frame
891,True,14,37,-6.80476,-0.594293,2.848854,0.521472,0.037514,Identity-certain reduced-DF frame
892,True,15,36,-8.769176,-0.854037,2.68619,-0.009326,1.16772,Identity-certain reduced-DF frame
893,True,16,29,-9.737895,-0.357623,4.019723,0.343992,0.478059,Identity-certain reduced-DF frame
894,True,13,28,-3.927747,-0.317107,2.612796,0.89808,-1.539529,Identity-certain reduced-DF frame
895,True,14,42,-7.134307,-0.803037,3.13603,0.243492,0.338564,Identity-certain reduced-DF frame
896,True,13,37,-5.140932,-0.421817,3.129663,0.76826,-0.956445,Identity-certain reduced-DF frame
897,True,14,25,-5.570934,-0.024081,3.024694,0.869572,-1.318673,Identity-certain reduced-DF frame
898,True,14,34,-6.516915,-0.29462,3.389715,0.789623,-0.632048,Identity-certain reduced-DF frame
899,True,13,48,-4.491686,-0.480929,3.117381,0.803548,-1.132142,Identity-certain reduced-DF frame
900,True,13,37,-5.254809,-0.39372,2.150037,0.739227,-0.578641,Identity-certain reduced-DF frame
901,True,15,24,-5.175635,-0.530039,3.373162,0.91987,-1.181338,Identity-certain reduced-DF frame
902,True,16,27,-8.468659,-0.40978,2.827893,0.294076,0.423041,Identity-certain reduced-DF frame
903,True,13,39,-5.790534,-0.206426,2.810155,0.852527,-0.762059,Identity-certain reduced-DF frame
904,True,14,39,-6.601501,-0.621645,3.02242,0.532501,-0.056428,Identity-certain reduced-DF frame
905,True,14,32,-7.445296,-0.457573,2.708071,0.374643,0.189141,Identity-certain reduced-DF frame
906,True,15,34,-6.916344,-0.153686,2.818856,0.418793,-0.380016,Identity-certain reduced-DF frame
907,True,13,36,-4.65505,0.007123,3.147157,0.967654,-1.675657,Identity-certain reduced-DF frame
908,True,13,39,-5.25058,-0.578046,3.1759,0.797839,-0.790487,Identity-certain reduced-DF frame
909,True,14,27,-6.022151,-0.329977,2.108829,0.743298,-0.446712,Identity-certain reduced-DF frame
910,True,14,32,-6.351861,0.017169,2.89139,0.974623,-0.927938,Identity-certain reduced-DF frame
911,True,15,43,-8.294713,-0.160471,2.839074,0.272029,0.3037,Identity-certain reduced-DF frame
912,True,17,31,-9.64636,-0.728233,2.885747,0.013697,1.310903,Identity-certain reduced-DF frame
913,True,13,30,-4.055677,-0.305727,1.780487,0.802923,-1.15669,Identity-certain reduced-DF frame
914,True,14,34,-5.358683,-0.601826,2.867246,1.022334,-0.701129,Identity-certain reduced-DF frame
915,True,15,37,-8.713932,-0.458025,2.895695,0.421114,0.684468,Identity-certain reduced-DF frame
916,True,14,36,-6.806977,-0.720499,2.848529,0.31031,0.14312,Identity-certain reduced-DF frame
917,True,14,28,-4.739036,-0.269568,3.024317,0.921348,-1.392978,Identity-certain reduced-DF frame
918,True,14,33,-4.676157,-0.181413,2.753276,0.959755,-1.341525,Identity-certain reduced-DF frame
919,True,13,34,-5.07518,-0.183518,2.529323,0.822119,-1.087627,Identity-certain reduced-DF frame
920,True,13,35,-6.203615,-0.267858,2.556175,0.854762,-0.492494,Identity-certain reduced-DF frame
921,True,13,36,-4.03863,-0.006905,2.54193,1.210212,-1.696776,Identity-certain reduced-DF frame
922,True,16,34,-7.750575,0.207946,2.652076,0.510642,-0.365624,Identity-certain reduced-DF frame
923,True,12,54,-5.069344,-0.469046,2.563217,0.72813,-0.562665,Identity-certain reduced-DF frame
924,True,13,41,-4.617318,-0.123544,2.910949,1.092338,-1.40599,Identity-certain reduced-DF frame
925,True,15,27,-7.402327,-0.374136,3.460398,0.68255,-0.298379,Identity-certain reduced-DF frame
926,True,14,39,-6.13157,-0.410364,3.294277,0.838893,-0.607071,Identity-certain reduced-DF frame
927,True,13,42,-5.238587,-0.323601,3.24059,0.820457,-0.999207,Identity-certain reduced-DF frame
928,True,13,32,-5.0955,-0.26037,2.547201,0.834941,-1.017328,Identity-certain reduced-DF frame
929,True,15,33,-8.062352,-0.296766,2.737006,0.105747,0.290703,Identity-certain reduced-DF frame
930,True,14,39,-6.620738,-0.778974,3.435226,0.484345,-0.093627,Identity-certain reduced-DF frame
931,True,13,39,-5.309987,-0.188521,2.551824,0.748523,-0.874861,Identity-certain reduced-DF frame
932,True,14,30,-5.328942,-0.53695,2.841052,1.000614,-0.811376,Identity-certain reduced-DF frame
933,True,13,40,-4.481347,-0.242201,2.917234,0.963667,-1.384765,Identity-certain reduced-DF frame
934,True,14,34,-5.778645,-0.829274,2.814418,0.492363,-0.20209,Identity-certain reduced-DF frame
935,True,14,34,-6.144689,-0.362232,2.302441,0.469705,-0.298027,Identity-certain reduced-DF frame
936,True,14,27,-5.936456,-0.590656,2.95063,0.825577,-0.506514,Identity-certain reduced-DF frame
937,True,13,45,-6.208602,-0.305228,2.608087,0.648605,-0.317824,Identity-certain reduced-DF frame
938,True,13,38,-5.66743,-0.326585,2.683907,0.783439,-0.657838,Identity-certain reduced-DF frame
939,True,13,39,-6.617343,-0.545873,2.97738,0.583052,-0.114582,Identity-certain reduced-DF frame
940,True,13,34,-6.482528,-0.322337,2.78939,0.76846,-0.37866,Identity-certain reduced-DF frame
941,True,15,29,-6.56708,-0.032314,2.95524,0.71001,-0.804434,Identity-certain reduced-DF frame
942,True,13,33,-4.758921,-0.284335,2.390608,1.084122,-1.113642,Identity-certain reduced-DF frame
943,True,14,34,-5.809271,-0.301372,2.949779,0.795816,-0.789148,Identity-certain reduced-DF frame
944,True,16,31,-8.239428,-0.481427,3.948457,0.623188,-0.00444,Identity-certain reduced-DF frame
945,True,13,38,-5.245379,-0.491822,2.251326,0.651472,-0.535791,Identity-certain reduced-DF frame
946,True,14,32,-6.561086,-0.182775,2.226156,0.514103,-0.298593,Identity-certain reduced-DF frame
947,True,13,30,-5.267641,-0.307741,3.32225,0.826452,-1.139414,Identity-certain reduced-DF frame
948,True,13,31,-4.092828,-0.075441,2.984243,1.020053,-1.835368,Identity-certain reduced-DF frame
949,True,13,46,-5.9248,-0.387053,2.351826,0.597479,-0.259543,Identity-certain reduced-DF frame
950,True,14,43,-7.572894,-0.444845,2.686822,0.07603,0.392364,Identity-certain reduced-DF frame
951,True,13,43,-3.72632,-0.484741,3.441724,1.041295,-1.596593,Identity-certain reduced-DF frame
952,True,13,35,-5.654327,-0.388033,2.918342,0.877146,-0.745381,Identity-certain reduced-DF frame
953,True,13,36,-5.471381,-0.137981,2.547677,0.726301,-0.864471,Identity-certain reduced-DF frame
954,True,13,38,-6.274824,-0.724487,2.811082,0.421196,-0.006497,Identity-certain reduced-DF frame
955,True,14,38,-6.663531,-0.577265,2.810601,0.529861,-0.033448,Identity-certain reduced-DF frame
956,True,14,32,-5.679644,-0.288646,3.254516,0.899427,-1.023377,Identity-certain reduced-DF frame
957,True,14,29,-5.782694,-0.309949,2.926476,0.801087,-0.830517,Identity-certain reduced-DF frame
958,True,17,23,-9.165478,-0.615603,2.866994,0.104665,0.896261,Identity-certain reduced-DF frame
959,True,14,38,-6.736671,-0.59735,2.774211,0.523828,0.030629,Identity-certain reduced-DF frame
960,True,13,42,-6.458017,-0.192742,2.870511,0.69358,-0.50271,Identity-certain reduced-DF frame
961,True,13,36,-5.736425,-0.160158,2.84457,0.674948,-0.898155,Identity-certain reduced-DF frame
962,True,13,39,-5.251874,-0.541009,3.154273,0.875482,-0.784387,Identity-certain reduced-DF frame
963,True,16,34,-10.35359,-0.118745,2.439224,-0.219005,1.254414,Identity-certain reduced-DF frame
964,True,14,30,-5.827738,-0.158701,2.976465,1.021388,-0.967352,Identity-certain reduced-DF frame
965,True,14,29,-4.256859,-0.099299,3.075139,1.096144,-1.812214,Identity-certain reduced-DF frame
966,True,14,37,-5.484219,-0.512749,2.831668,0.494717,-0.634107,Identity-certain reduced-DF frame
967,True,14,40,-7.823211,-0.402105,2.356026,0.172087,0.503411,Identity-certain reduced-DF frame
968,True,14,40,-7.265898,-0.57968,3.331266,0.367237,0.039463,Identity-certain reduced-DF frame
969,True,15,35,-7.669826,-0.206493,2.979585,0.621222,-0.085846,Identity-certain reduced-DF frame
970,True,15,39,-7.562648,-0.484955,2.810677,0.17976,0.3011,Identity-certain reduced-DF frame
971,True,13,35,-4.004133,-0.377346,3.362603,0.922537,-1.653353,Identity-certain reduced-DF frame
972,True,15,30,-7.801294,-0.45728,3.186812,0.357017,0.139484,Identity-certain reduced-DF frame
973,True,13,41,-5.878689,-0.367252,3.282188,0.60797,-0.685335,Identity-certain reduced-DF frame
974,True,13,46,-5.19527,-0.483754,3.115745,0.674292,-0.799024,Identity-certain reduced-DF frame
975,True,13,37,-4.476435,-0.19541,2.263234,1.031265,-1.187879,Identity-certain reduced-DF frame
976,True,13,35,-5.397972,-0.170145,2.584177,0.798843,-0.943347,Identity-certain reduced-DF frame
977,True,13,36,-5.252598,-0.182139,2.3705,0.949151,-0.918534,Identity-certain reduced-DF frame
978,True,15,35,-7.865141,-0.495406,2.963153,0.30394,0.361088,Identity-certain reduced-DF frame
979,True,14,26,-4.396784,-0.103526,2.583624,0.770256,-1.569086,Identity-certain reduced-DF frame
980,True,14,39,-6.91237,-0.463273,2.938245,0.273536,-0.052861,Identity-certain reduced-DF frame
981,True,14,33,-5.724886,-0.319905,2.840094,0.845016,-0.820105,Identity-certain reduced-DF frame
982,True,13,41,-5.010538,-0.247475,2.705247,0.893792,-0.974328,Identity-certain reduced-DF frame
983,True,13,39,-5.308809,-0.237358,2.490655,0.726622,-0.812747,Identity-certain reduced-DF frame
984,True,14,31,-6.497842,-0.416773,2.901345,0.669583,-0.346458,Identity-certain reduced-DF frame
985,True,13,30,-3.924699,-0.336904,2.541481,1.010265,-1.501542,Identity-certain reduced-DF frame
986,True,15,28,-7.123209,-0.024424,2.357281,0.526017,-0.300162,Identity-certain reduced-DF frame
987,True,15,32,-8.235305,-0.609456,3.153942,0.440737,0.499517,Identity-certain reduced-DF frame
988,True,13,34,-4.433756,-0.057619,2.73329,0.722994,-1.538758,Identity-certain reduced-DF frame
989,True,14,26,-4.332214,-0.725185,2.700782,0.758231,-1.057524,Identity-certain reduced-DF frame
990,True,13,52,-5.412155,-0.434258,2.945026,0.83906,-0.622898,Identity-certain reduced-DF frame
991,True,14,35,-6.233079,-0.093149,2.936414,0.863915,-0.837334,Identity-certain reduced-DF frame
992,True,13,32,-4.378916,-0.184339,2.595543,0.686103,-1.407617,Identity-certain reduced-DF frame
993,True,13,41,-6.002185,-0.793722,2.40565,0.561126,0.040581,Identity-certain reduced-DF frame
994,True,13,44,-6.562177,-0.693623,3.206394,0.736978,-0.032495,Identity-certain reduced-DF frame
995,True,14,34,-5.558359,-0.34589,3.22144,0.878237,-0.920427,Identity-certain reduced-DF frame
996,True,15,37,-9.38841,-0.279966,3.020766,0.261474,0.745471,Identity-certain reduced-DF frame
997,True,14,36,-6.044394,-0.354837,2.162998,0.427322,-0.275889,Identity-certain reduced-DF frame
998,True,14,31,-7.514975,-0.401021,2.2802,0.276038,0.335028,Identity-certain reduced-DF frame
999,True,14,25,-5.208825,-0.560255,3.011614,0.645342,-0.920447,Identity-certain reduced-DF frame
1000,True,16,36,-10.260903,-0.23107,3.191174,0.201479,1.003737,Identity-certain reduced-DF frame
1001,True,14,37,-6.288082,-0.336994,2.870045,0.483913,-0.477181,Identity-certain reduced-DF frame
1002,True,13,42,-6.803845,-0.458914,2.564663,0.365186,0.083847,Identity-certain reduced-DF frame
1003,True,13,36,-5.578444,-0.213554,3.03683,0.921203,-0.950368,Identity-certain reduced-DF frame
1004,True,14,47,-7.849394,0.068036,2.653981,0.553739,-0.049192,Identity-certain reduced-DF frame
1005,True,14,39,-6.891508,-0.337039,2.502949,0.420626,-0.027047,Identity-certain reduced-DF frame
1006,True,14,36,-4.719964,-0.427682,2.709982,0.526325,-1.019265,Identity-certain reduced-DF frame
1007,True,13,32,-6.284188,-0.033887,2.537456,0.64217,-0.718404,Identity-certain reduced-DF frame
1008,True,13,42,-5.29918,-0.158801,3.003952,0.841621,-1.088649,Identity-certain reduced-DF frame
1009,True,14,37,-6.790696,-0.218559,2.320907,0.580181,-0.164445,Identity-certain reduced-DF frame
1010,True,14,34,-6.490903,-0.219995,2.337644,0.405356,-0.302272,Identity-certain reduced-DF frame
1011,True,14,25,-6.306143,-0.414154,3.14095,0.885881,-0.650177,Identity-certain reduced-DF frame
1012,True,13,31,-5.057147,-0.012311,2.487557,0.838637,-1.266399,Identity-certain reduced-DF frame
1013,True,13,43,-4.729073,-0.140751,2.750333,1.07347,-1.212782,Identity-certain reduced-DF frame
1014,True,14,38,-5.764926,-0.473036,3.299811,0.742346,-0.724302,Identity-certain reduced-DF frame
1015,True,14,36,-6.123869,-0.566411,3.265824,0.76294,-0.46301,Identity-certain reduced-DF frame
1016,True,14,34,-4.067615,-0.448586,3.171685,1.165775,-1.514097,Identity-certain reduced-DF frame
1017,True,13,37,-5.429355,-0.202911,2.303417,0.676042,-0.770077,Identity-certain reduced-DF frame
1018,True,14,37,-6.503281,-0.724342,3.124142,0.806337,-0.104613,Identity-certain reduced-DF frame
1019,True,13,41,-5.431778,-0.301636,2.357876,0.840039,-0.662717,Identity-certain reduced-DF frame
1020,True,14,23,-6.21593,0.089011,2.826591,0.955134,-1.158319,Identity-certain reduced-DF frame
1021,True,14,31,-5.081694,-0.531356,3.136384,0.897847,-0.964305,Identity-certain reduced-DF frame
1022,True,13,44,-6.120741,-0.168306,2.748687,0.761199,-0.604181,Identity-certain reduced-DF frame
1023,True,14,29,-5.366688,-0.75284,3.34893,0.865262,-0.74445,Identity-certain reduced-DF frame
1024,True,13,40,-5.140501,-0.289376,2.821431,0.851553,-0.991032,Identity-certain reduced-DF frame
1025,True,14,33,-5.218074,-0.197566,2.76903,0.747532,-1.102427,Identity-certain reduced-DF frame
1026,True,15,31,-8.476611,-0.403325,2.362445,-0.245026,0.698309,Identity-certain reduced-DF frame
1027,True,14,38,-7.646813,-0.182736,2.956433,0.382362,-0.039413,Identity-certain reduced-DF frame
1028,True,15,29,-7.306151,-0.088971,2.909281,0.624831,-0.365548,Identity-certain reduced-DF frame
1029,True,15,36,-9.346672,-0.484415,2.525278,0.198726,1.130483,Identity-certain reduced-DF frame
1030,True,14,27,-3.918831,-0.431577,2.156008,0.868205,-1.296592,Identity-certain reduced-DF frame
1031,True,14,35,-6.728246,-0.136613,2.48277,0.653822,-0.355498,Identity-certain reduced-DF frame
1032,True,15,25,-7.108333,-0.186921,2.135928,0.609169,-0.138088,Identity-certain reduced-DF frame
1033,True,14,39,-5.122779,-0.257943,2.664627,0.954785,-1.003985,Identity-certain reduced-DF frame
1034,True,13,35,-4.846626,-0.057697,2.16969,0.828143,-1.146963,Identity-certain reduced-DF frame
1035,True,15,31,-8.732583,-0.458126,2.8155,0.347125,0.640145,Identity-certain reduced-DF frame
1036,True,13,36,-4.974111,-0.083524,2.856203,0.773993,-1.335706,Identity-certain reduced-DF frame
1037,True,15,30,-6.353336,-0.459679,3.611035,0.774509,-0.689758,Identity-certain reduced-DF frame
1038,True,14,38,-6.222409,-0.066106,3.223781,0.763128,-0.883983,Identity-certain reduced-DF frame
1039,True,15,33,-8.285625,-0.761803,3.522219,0.056312,0.531497,Identity-certain reduced-DF frame
1040,True,15,31,-5.99703,-0.294858,3.139738,0.624412,-0.829027,Identity-certain reduced-DF frame
1041,True,14,28,-4.133468,-0.431443,2.880902,0.9716,-1.439479,Identity-certain reduced-DF frame
1042,True,14,32,-6.796796,-0.185933,2.975078,0.957788,-0.535419,Identity-certain reduced-DF frame
1043,True,13,28,-4.555889,0.026704,2.185623,1.026733,-1.484019,Identity-certain reduced-DF frame
1044,True,13,45,-6.624237,-0.045047,2.264592,0.354462,-0.292486,Identity-certain reduced-DF frame
1045,True,14,32,-5.329244,-0.168422,3.022823,0.796819,-1.150775,Identity-certain reduced-DF frame
1046,True,14,29,-6.810409,-0.53411,3.288135,0.942874,-0.349112,Identity-certain reduced-DF frame
1047,True,14,34,-7.551854,-0.651994,3.758308,0.723808,0.003657,Identity-certain reduced-DF frame
1048,True,13,39,-6.4571,-0.343784,2.961363,0.764342,-0.372734,Identity-certain reduced-DF frame
1049,True,12,41,-5.099561,-0.018131,2.260726,0.743794,-1.020138,Identity-certain reduced-DF frame
1050,True,13,39,-4.527875,-0.416018,2.695585,0.618697,-1.055168,Identity-certain reduced-DF frame
1051,True,14,37,-5.624402,-0.321493,2.527434,0.365722,-0.648168,Identity-certain reduced-DF frame
1052,True,15,37,-8.065398,-0.511726,3.481958,0.697701,0.209362,Identity-certain reduced-DF frame
1053,True,14,34,-7.51989,-0.069493,2.67561,0.346012,-0.137748,Identity-certain reduced-DF frame
1054,True,13,40,-6.158461,0.035732,2.528465,0.755232,-0.745796,Identity-certain reduced-DF frame
1055,True,15,32,-6.699725,-0.056237,2.942707,0.665688,-0.682039,Identity-certain reduced-DF frame
1056,True,14,32,-5.946922,-0.405544,3.20104,0.816997,-0.759253,Identity-certain reduced-DF frame
1057,True,15,29,-7.478291,-0.184672,2.534151,0.667616,-0.089987,Identity-certain reduced-DF frame
1058,True,14,35,-5.324212,-0.525715,3.994536,1.065431,-1.211384,Identity-certain reduced-DF frame
1059,True,14,25,-4.065635,-0.252623,2.352526,1.215558,-1.535614,Identity-certain reduced-DF frame
1060,True,14,36,-8.714503,-0.351727,3.351041,-0.004982,0.465543,Identity-certain reduced-DF frame
1061,True,12,50,-4.014932,-0.496157,2.750273,0.783394,-1.167994,Identity-certain reduced-DF frame
1062,True,14,37,-6.276506,-0.366135,2.750985,0.653974,-0.41345,Identity-certain reduced-DF frame
1063,True,14,30,-6.381186,-0.209565,2.664702,0.670391,-0.559653,Identity-certain reduced-DF frame
1064,True,13,40,-4.903587,-0.295262,2.297666,0.869182,-0.892134,Identity-certain reduced-DF frame
1065,True,15,36,-9.906157,-0.583793,2.20192,-0.284891,1.619515,Identity-certain reduced-DF frame
1066,True,13,39,-6.073281,-0.2063,2.896428,0.611013,-0.640935,Identity-certain reduced-DF frame
1067,True,15,39,-8.031888,-0.408285,2.52966,0.612404,0.47371,Identity-certain reduced-DF frame
1068,True,13,34,-3.681389,-0.261443,2.861032,1.02682,-1.704163,Identity-certain reduced-DF frame
1069,True,13,48,-4.993103,-0.428302,2.505385,0.757419,-0.694103,Identity-certain reduced-DF frame
1070,True,13,33,-5.345681,0.060088,2.949285,0.971788,-1.379149,Identity-certain reduced-DF frame
1071,True,16,30,-8.226237,-0.286674,3.343378,0.611529,0.048526,Identity-certain reduced-DF frame
1072,True,13,39,-4.576432,-0.347406,2.74151,1.150422,-1.184566,Identity-certain reduced-DF frame
1073,True,13,36,-5.59582,-0.45486,2.817837,0.577957,-0.574937,Identity-certain reduced-DF frame
1074,True,14,30,-5.151883,-0.432496,3.214588,0.787869,-1.021602,Identity-certain reduced-DF frame
1075,True,17,17,-6.448158,-0.815485,3.448093,0.863828,-0.475192,Identity-certain reduced-DF frame
1076,True,14,36,-6.110974,-0.242689,2.359371,0.488207,-0.434837,Identity-certain reduced-DF frame
1077,True,13,27,-4.624209,-0.325884,2.558764,0.863717,-1.229254,Identity-certain reduced-DF frame
1078,True,14,37,-7.28848,-0.805076,3.452829,0.636308,0.19106,Identity-certain reduced-DF frame
1079,True,16,27,-8.430587,-0.676564,3.50321,0.247831,0.455169,Identity-certain reduced-DF frame
1080,True,14,29,-5.776396,-0.472641,3.513563,1.053506,-0.911356,Identity-certain reduced-DF frame
1081,True,13,40,-5.235152,-0.216263,2.895253,0.924989,-1.058902,Identity-certain reduced-DF frame
1082,True,15,30,-7.642866,0.017398,2.894079,0.626069,-0.329048,Identity-certain reduced-DF frame
1083,True,13,41,-6.122079,-0.416548,3.519403,0.741205,-0.668788,Identity-certain reduced-DF frame
1084,True,14,31,-6.516551,-0.893172,2.397733,0.590087,0.225874,Identity-certain reduced-DF frame
1085,True,14,34,-5.579235,-0.372217,3.102063,0.798474,-0.856751,Identity-certain reduced-DF frame
1086,True,14,32,-7.015035,-0.382504,3.001276,0.640668,-0.179191,Identity-certain reduced-DF frame
1087,True,14,40,-6.794126,-0.395074,2.612757,0.513589,-0.046913,Identity-certain reduced-DF frame
1088,True,13,35,-5.970403,-0.082479,2.581411,0.662245,-0.749252,Identity-certain reduced-DF frame
1089,True,14,41,-5.678811,-0.337123,3.434326,0.737714,-0.969063,Identity-certain reduced-DF frame
1090,True,14,29,-7.74361,-0.737118,2.721957,0.188648,0.547274,Identity-certain reduced-DF frame
1091,True,12,41,-4.85277,-0.101038,2.288732,0.494016,-1.048767,Identity-certain reduced-DF frame
1092,True,13,46,-4.751674,-0.449359,3.042949,1.074878,-1.044869,Identity-certain reduced-DF frame
1093,True,14,30,-4.967783,-0.316392,2.992226,0.911098,-1.211484,Identity-certain reduced-DF frame
1094,True,14,25,-5.691207,-0.323732,2.5909,0.843424,-0.776135,Identity-certain reduced-DF frame
1095,True,13,35,-4.555705,-0.250327,2.204862,0.826211,-1.100162,Identity-certain reduced-DF frame
1096,True,13,44,-6.201741,-0.158786,2.506253,0.676878,-0.481051,Identity-certain reduced-DF frame
1097,True,14,34,-5.786761,-0.325151,2.574645,0.681228,-0.626294,Identity-certain reduced-DF frame
1098,True,14,36,-7.138872,-0.572596,2.970306,0.734826,0.075843,Identity-certain reduced-DF frame
1099,True,15,25,-6.081685,0.082406,2.137871,0.668699,-0.86775,Identity-certain reduced-DF frame
1100,True,14,27,-5.185553,-0.296372,2.834598,0.934756,-1.096129,Identity-certain reduced-DF frame
1101,True,13,41,-5.066921,-0.13917,2.8356,0.666389,-1.122611,Identity-certain reduced-DF frame
1102,True,13,30,-5.518811,-0.178878,2.650771,0.998027,-0.990341,Identity-certain reduced-DF frame
1103,True,16,33,-9.055495,-0.407751,3.369888,0.251044,0.602193,Identity-certain reduced-DF frame
1104,True,13,35,-6.324983,-0.229826,2.702415,0.728647,-0.524341,Identity-certain reduced-DF frame
1105,True,13,40,-6.219937,-0.599479,3.408866,0.590007,-0.398046,Identity-certain reduced-DF frame
1106,True,12,53,-5.711339,-0.386743,2.396326,0.60991,-0.329022,Identity-certain reduced-DF frame
1107,True,14,36,-6.085992,-0.133523,3.0656,0.476103,-0.841897,Identity-certain reduced-DF frame
1108,True,14,42,-6.761981,-0.469784,3.196152,0.759642,-0.21637,Identity-certain reduced-DF frame
1109,True,15,40,-11.243068,-0.561456,3.062051,-0.111984,1.83838,Identity-certain reduced-DF frame
1110,True,14,36,-5.761128,-0.370705,2.665417,0.698751,-0.577429,Identity-certain reduced-DF frame
1111,True,12,45,-5.088843,-0.106065,2.428484,0.74048,-0.951212,Identity-certain reduced-DF frame
1112,True,13,42,-4.582755,-0.472524,2.885246,0.796731,-1.031003,Identity-certain reduced-DF frame
1113,True,14,26,-4.831028,-0.167396,2.986434,1.00853,-1.486738,Identity-certain reduced-DF frame
1114,True,13,36,-6.404324,-0.508095,2.821489,0.65125,-0.195156,Identity-certain reduced-DF frame
1115,True,12,48,-3.838831,-0.533841,2.267192,0.690279,-1.028365,Identity-certain reduced-DF frame
1116,True,15,28,-6.832574,-0.173009,3.667734,0.886759,-0.80661,Identity-certain reduced-DF frame
1117,True,13,38,-5.250492,-0.355276,2.934986,0.969928,-0.919566,Identity-certain reduced-DF frame
1118,True,13,38,-6.018985,-0.59006,2.972479,0.714155,-0.362074,Identity-certain reduced-DF frame
1119,True,14,33,-6.919334,0.199266,3.155309,0.891263,-0.955946,Identity-certain reduced-DF frame
1120,True,14,36,-7.444346,-0.074424,3.176027,0.623876,-0.401989,Identity-certain reduced-DF frame
1121,True,14,28,-6.301432,0.00326,2.331102,0.865862,-0.728854,Identity-certain reduced-DF frame
1122,True,13,29,-4.481987,-0.388209,2.843385,0.981284,-1.341446,Identity-certain reduced-DF frame
1123,True,14,34,-6.266818,-0.186669,2.31332,0.709536,-0.454701,Identity-certain reduced-DF frame
1124,True,15,22,-6.811819,-0.431092,2.541165,0.632004,-0.229075,Identity-certain reduced-DF frame
1125,True,14,35,-6.588817,-0.414697,3.062727,0.49651,-0.337769,Identity-certain reduced-DF frame
1126,True,14,33,-5.939651,-0.372199,3.144312,0.876253,-0.759441,Identity-certain reduced-DF frame
1127,True,13,38,-5.389538,-0.71776,3.594225,0.836627,-0.694519,Identity-certain reduced-DF frame
1128,True,14,29,-6.291793,-0.545871,2.654253,0.913976,-0.320396,Identity-certain reduced-DF frame
1129,True,14,36,-6.530617,-0.472935,2.458111,0.447346,-0.101638,Identity-certain reduced-DF frame
1130,True,13,41,-5.872985,-0.653626,2.999494,0.750278,-0.373678,Identity-certain reduced-DF frame
1131,True,13,32,-4.914909,-0.177735,2.207403,1.017763,-1.040146,Identity-certain reduced-DF frame
1132,True,13,41,-5.213251,0.03353,2.298109,0.723643,-1.05804,Identity-certain reduced-DF frame
1133,True,14,33,-5.017322,0.067791,2.542044,0.763472,-1.384674,Identity-certain reduced-DF frame
1134,True,13,42,-5.72071,-0.173751,2.619291,0.791686,-0.739574,Identity-certain reduced-DF frame
1135,True,14,34,-7.794151,-0.710096,3.102872,0.308069,0.428882,Identity-certain reduced-DF frame
1136,True,16,28,-10.103781,-0.513,3.254915,0.139539,1.112683,Identity-certain reduced-DF frame
1137,True,13,38,-4.578916,-0.105669,2.621989,0.816722,-1.325079,Identity-certain reduced-DF frame
1138,True,17,30,-9.420281,-0.852836,3.322361,0.092863,1.179397,Identity-certain reduced-DF frame
1139,True,16,22,-6.788465,-0.347972,2.869469,0.659884,-0.449601,Identity-certain reduced-DF frame
1140,True,14,32,-5.433701,-0.391519,3.09597,0.842542,-0.896156,Identity-certain reduced-DF frame
1141,True,14,37,-5.873485,-0.552888,3.452495,0.842254,-0.607708,Identity-certain reduced-DF frame
1142,True,14,33,-6.161763,-0.669473,2.450438,0.377239,-0.064455,Identity-certain reduced-DF frame
1143,True,13,33,-5.465342,-0.10059,2.598325,0.831088,-1.028133,Identity-certain reduced-DF frame
1144,True,14,35,-5.991953,-0.052436,3.456682,1.059533,-1.169532,Identity-certain reduced-DF frame
1145,True,13,36,-4.785752,-0.381569,3.466483,0.789481,-1.313787,Identity-certain reduced-DF frame
1146,True,13,33,-5.065842,0.17566,2.445261,0.888858,-1.424977,Identity-certain reduced-DF frame
1147,True,15,31,-7.187901,0.062128,1.889383,0.493793,-0.164819,Identity-certain reduced-DF frame
1148,True,13,36,-5.029226,-0.341657,2.775301,0.790921,-0.947334,Identity-certain reduced-DF frame
1149,True,13,34,-5.760053,-0.306483,2.725042,0.759636,-0.730492,Identity-certain reduced-DF frame
1150,True,13,42,-5.866098,-0.391414,2.723691,0.821116,-0.492731,Identity-certain reduced-DF frame
1151,True,14,36,-5.916711,-0.294884,2.667474,0.653397,-0.587079,Identity-certain reduced-DF frame
1152,True,13,40,-5.610266,-0.725607,2.652599,0.665942,-0.263811,Identity-certain reduced-DF frame
1153,True,14,42,-6.368371,-0.244901,2.677636,0.505225,-0.412447,Identity-certain reduced-DF frame
1154,True,13,31,-4.373871,-0.55967,3.153561,0.818985,-1.320537,Identity-certain reduced-DF frame
1155,True,13,40,-4.645513,-0.354543,3.182037,0.999817,-1.251424,Identity-certain reduced-DF frame
1156,True,16,33,-9.126294,-0.634542,3.17997,0.209194,0.911344,Identity-certain reduced-DF frame
1157,True,13,46,-5.280585,-0.546756,3.325943,0.952363,-0.764955,Identity-certain reduced-DF frame
1158,True,14,33,-5.220527,-0.575111,2.512486,0.673562,-0.597692,Identity-certain reduced-DF frame
1159,True,15,41,-10.65731,-0.455133,2.88767,-0.308606,1.626791,Identity-certain reduced-DF frame
1160,True,14,28,-4.632518,-0.27158,2.528674,0.926302,-1.247022,Identity-certain reduced-DF frame
1161,True,14,32,-6.453586,-0.288626,3.001833,0.715772,-0.540318,Identity-certain reduced-DF frame
1162,True,14,42,-6.150051,-0.334946,2.807346,0.470805,-0.386705,Identity-certain reduced-DF frame
1163,True,14,38,-6.739854,-0.603226,3.052302,0.289885,-0.02914,Identity-certain reduced-DF frame
1164,True,14,34,-6.519229,-0.454733,2.657754,0.628671,-0.201316,Identity-certain reduced-DF frame
1165,True,16,28,-8.255236,-0.746057,2.79564,0.07622,0.731655,Identity-certain reduced-DF frame
1166,True,13,40,-5.510817,-0.790498,3.366653,0.775982,-0.501755,Identity-certain reduced-DF frame
1167,True,14,35,-6.569382,-0.50785,2.334272,0.144152,0.014915,Identity-certain reduced-DF frame
1168,True,14,35,-6.523438,-0.556202,2.956343,0.500973,-0.193539,Identity-certain reduced-DF frame
1169,True,15,36,-7.868512,-0.313559,3.267893,0.222857,0.056046,Identity-certain reduced-DF frame
1170,True,13,38,-5.490218,-0.721531,2.708951,0.536652,-0.377719,Identity-certain reduced-DF frame
1171,True,15,34,-7.023808,-0.045618,2.711405,0.67422,-0.436141,Identity-certain reduced-DF frame
1172,True,13,42,-6.286663,-0.155609,2.537218,0.453659,-0.447107,Identity-certain reduced-DF frame
1173,True,14,28,-4.908123,-0.241304,2.781736,0.517103,-1.284189,Identity-certain reduced-DF frame
1174,True,14,37,-6.429073,-0.116391,2.393989,0.728726,-0.457696,Identity-certain reduced-DF frame
1175,True,14,41,-7.303501,-0.323215,2.482331,0.502757,0.131953,Identity-certain reduced-DF frame
1176,True,16,31,-8.593888,-0.296901,2.575115,0.409688,0.518636,Identity-certain reduced-DF frame
1177,True,14,39,-8.933257,-0.704071,3.24799,-0.097144,0.971448,Identity-certain reduced-DF frame
1178,True,14,36,-4.838505,-0.447569,3.229489,1.131841,-1.214873,Identity-certain reduced-DF frame
1179,True,13,36,-4.512638,-0.037042,2.450918,0.716754,-1.408794,Identity-certain reduced-DF frame
1180,True,13,41,-6.9216,-0.58749,2.806231,0.474582,0.121823,Identity-certain reduced-DF frame
1181,True,14,39,-7.936022,-0.378096,2.674779,0.098228,0.435029,Identity-certain reduced-DF frame
1182,True,16,27,-8.24139,-0.325853,2.017346,0.031049,0.588169,Identity-certain reduced-DF frame
1183,True,13,42,-5.950609,-0.522148,2.751624,0.552322,-0.316402,Identity-certain reduced-DF frame
1184,True,13,48,-6.287008,-0.135933,2.941555,0.830014,-0.620457,Identity-certain reduced-DF frame
1185,True,14,38,-6.384967,-0.332985,2.769339,0.66573,-0.410078,Identity-certain reduced-DF frame
1186,True,13,36,-5.133147,-0.59572,3.18424,0.807467,-0.838576,Identity-certain reduced-DF frame
1187,True,16,27,-11.043938,-0.816638,3.941635,0.087572,1.510493,Identity-certain reduced-DF frame
1188,True,14,34,-6.805578,-0.051114,2.547297,0.536313,-0.409684,Identity-certain reduced-DF frame
1189,True,13,39,-4.586893,-0.238861,3.121447,1.019499,-1.382208,Identity-certain reduced-DF frame
1190,True,13,38,-5.905129,-0.608362,3.348438,0.858209,-0.539944,Identity-certain reduced-DF frame
1191,True,15,29,-6.053012,-0.010048,3.070308,0.638172,-1.073963,Identity-certain reduced-DF frame
1192,True,15,34,-7.816834,-0.557727,2.85969,0.308637,0.397524,Identity-certain reduced-DF frame
1193,True,14,36,-7.107438,-0.495645,3.123971,0.296591,-0.045879,Identity-certain reduced-DF frame
1194,True,14,38,-5.890008,-0.313962,2.505776,0.726574,-0.546143,Identity-certain reduced-DF frame
1195,True,17,31,-10.465341,-0.470186,2.944091,0.252686,1.319928,Identity-certain reduced-DF frame
1196,True,15,29,-8.832866,-0.324787,2.546273,-0.134771,0.65516,Identity-certain reduced-DF frame
1197,True,14,32,-4.768334,-0.568161,3.057591,0.71961,-1.08965,Identity-certain reduced-DF frame
1198,True,15,26,-7.258391,-0.803895,2.968585,0.4375,0.247094,Identity-certain reduced-DF frame
1199,True,14,36,-6.674484,-0.203667,2.511489,0.314703,-0.254837,Identity-certain reduced-DF frame
1200,True,13,34,-5.561855,0.025634,2.372825,0.768793,-0.987143,Identity-certain reduced-DF frame
1201,True,13,31,-5.10255,-0.264326,2.729664,0.967467,-1.092714,Identity-certain reduced-DF frame
1202,True,13,41,-5.822483,-0.220793,3.055653,0.584476,-0.800349,Identity-certain reduced-DF frame
1203,True,14,33,-4.923676,-0.359538,2.416823,0.821232,-0.907835,Identity-certain reduced-DF frame
1204,True,13,46,-5.933846,-0.195931,2.840684,0.611046,-0.656737,Identity-certain reduced-DF frame
1205,True,13,37,-5.108162,0.063217,2.012112,1.150328,-1.137997,Identity-certain reduced-DF frame
1206,True,13,48,-6.398329,-0.386706,2.938289,0.669434,-0.291125,Identity-certain reduced-DF frame
1207,True,14,36,-7.011495,-0.303967,3.213861,0.833124,-0.373636,Identity-certain reduced-DF frame
1208,True,13,43,-6.401545,-0.48963,3.042244,0.572858,-0.234218,Identity-certain reduced-DF frame
1209,True,16,27,-7.623642,-0.295788,1.946982,0.406469,0.29651,Identity-certain reduced-DF frame
1210,True,13,33,-4.962549,-0.106878,2.297083,0.902569,-1.101402,Identity-certain reduced-DF frame
1211,True,13,43,-5.297726,-0.106489,2.853015,0.872096,-1.054777,Identity-certain reduced-DF frame
1212,True,13,36,-4.992825,-0.287244,3.235453,1.334147,-1.299072,Identity-certain reduced-DF frame
1213,True,14,33,-6.0299,-0.232746,2.866493,0.61234,-0.704503,Identity-certain reduced-DF frame
1214,True,14,32,-6.625379,-0.321475,2.63902,0.564357,-0.28949,Identity-certain reduced-DF frame
1215,True,14,34,-5.995846,-0.427786,3.281072,0.799258,-0.674074,Identity-certain reduced-DF frame
1216,True,14,27,-5.969588,-0.750201,2.662731,0.541063,-0.248747,Identity-certain reduced-DF frame
1217,True,14,36,-5.78354,-0.417603,2.321811,0.430801,-0.409447,Identity-certain reduced-DF frame
1218,True,14,29,-7.542815,-0.660431,2.616329,0.391561,0.379061,Identity-certain reduced-DF frame
1219,True,15,26,-6.519346,-0.35329,2.473633,0.52111,-0.341107,Identity-certain reduced-DF frame
1220,True,15,27,-6.987228,-0.683146,3.118135,0.854071,-0.097951,Identity-certain reduced-DF frame
1221,True,14,30,-3.711652,-0.580262,3.858182,1.413539,-1.86626,Identity-certain reduced-DF frame
1222,True,13,33,-4.957167,0.110579,2.464865,0.998492,-1.389078,Identity-certain reduced-DF frame
1223,True,13,46,-4.657018,-0.371732,3.109248,0.918325,-1.151453,Identity-certain reduced-DF frame
1224,True,14,35,-6.051257,-0.720827,3.255358,0.71272,-0.396549,Identity-certain reduced-DF frame
1225,True,13,39,-6.223298,-0.250293,2.355617,0.523193,-0.307363,Identity-certain reduced-DF frame
1226,True,13,36,-5.513011,-0.166475,2.379213,0.714183,-0.783369,Identity-certain reduced-DF frame
1227,True,14,31,-6.355956,-0.684562,3.732272,0.979536,-0.537984,Identity-certain reduced-DF frame
1228,True,14,30,-4.745192,-0.073086,3.217506,1.008401,-1.67188,Identity-certain reduced-DF frame
1229,True,13,36,-4.862302,-0.488798,2.637284,0.800477,-0.872482,Identity-certain reduced-DF frame
1230,True,13,41,-5.884092,-0.287388,2.838572,0.539298,-0.593648,Identity-certain reduced-DF frame
1231,True,14,32,-7.165275,0.052521,2.638729,0.490803,-0.452128,Identity-certain reduced-DF frame
1232,True,16,25,-8.700022,-0.770028,2.622994,0.216073,0.942824,Identity-certain reduced-DF frame
1233,True,13,39,-5.327901,-0.369066,2.829732,0.656143,-0.790629,Identity-certain reduced-DF frame
1234,True,15,30,-8.590311,-0.349231,2.985626,0.103828,0.438691,Identity-certain reduced-DF frame
1235,True,14,36,-7.17644,-0.553831,2.562538,0.078747,0.27737,Identity-certain reduced-DF frame
1236,True,14,33,-5.571705,0.118372,2.475994,0.761849,-1.153271,Identity-certain reduced-DF frame
1237,True,14,37,-6.39171,-0.45951,2.893287,0.624477,-0.286493,Identity-certain reduced-DF frame
1238,True,13,34,-4.505375,-0.162968,2.782685,0.793379,-1.407622,Identity-certain reduced-DF frame
1239,True,13,33,-4.378981,-0.044927,2.499084,1.10914,-1.513671,Identity-certain reduced-DF frame
1240,True,13,40,-5.610286,-0.439238,2.946116,0.698171,-0.639636,Identity-certain reduced-DF frame
1241,True,14,35,-6.458845,-0.510312,2.820583,0.310833,-0.191318,Identity-certain reduced-DF frame
1242,True,15,25,-6.513423,-0.415837,3.073858,0.64304,-0.517391,Identity-certain reduced-DF frame
1243,True,18,17,-10.488014,-0.643916,2.373868,-0.160248,1.540658,Identity-certain reduced-DF frame
1244,True,13,39,-4.900551,-0.065095,2.203479,0.782035,-1.078417,Identity-certain reduced-DF frame
1245,True,13,51,-5.178546,-0.29867,2.835036,0.623593,-0.83135,Identity-certain reduced-DF frame
1246,True,16,28,-9.272267,-0.355301,3.293235,0.208021,0.590757,Identity-certain reduced-DF frame
1247,True,15,30,-6.060424,-0.333176,2.588617,0.515242,-0.511757,Identity-certain reduced-DF frame
1248,True,13,37,-4.644739,-0.148283,2.82477,1.176147,-1.424956,Identity-certain reduced-DF frame
1249,True,14,40,-6.015657,-0.581076,3.24363,0.964034,-0.494388,Identity-certain reduced-DF frame
1250,True,19,31,-12.052095,-1.003855,3.70998,0.27984,2.142934,Identity-certain reduced-DF frame
1251,True,14,34,-7.297503,-0.50101,2.872244,0.433906,0.107604,Identity-certain reduced-DF frame
1252,True,15,19,-5.867338,-0.467588,2.785842,1.194137,-0.856516,Identity-certain reduced-DF frame
1253,True,13,38,-5.782581,-0.503105,2.945963,0.801147,-0.562293,Identity-certain reduced-DF frame
1254,True,13,39,-5.090716,-0.257502,2.990274,0.870965,-1.09562,Identity-certain reduced-DF frame
1255,True,14,41,-6.134861,-0.284913,2.811836,0.84761,-0.553635,Identity-certain reduced-DF frame
1256,True,15,26,-6.058147,-0.568589,3.246408,0.66279,-0.678132,Identity-certain reduced-DF frame
1257,True,13,45,-5.265114,-0.145748,2.870173,0.688478,-1.018086,Identity-certain reduced-DF frame
1258,True,15,26,-6.814448,-0.397965,3.455094,0.556852,-0.484869,Identity-certain reduced-DF frame
1259,True,15,33,-7.618043,-0.095446,2.560019,0.370503,-0.034432,Identity-certain reduced-DF frame
1260,True,14,28,-4.734767,-0.329021,2.568494,0.927736,-1.187237,Identity-certain reduced-DF frame
1261,True,13,36,-4.890551,-0.212097,1.848034,0.533483,-0.836839,Identity-certain reduced-DF frame
1262,True,13,45,-5.223697,-0.564557,3.315572,0.850925,-0.806224,Identity-certain reduced-DF frame
1263,True,14,29,-5.389316,-0.283883,2.841973,0.945777,-1.0234,Identity-certain reduced-DF frame
1264,True,15,30,-7.784579,-0.338208,2.970657,0.402579,0.069008,Identity-certain reduced-DF frame
1265,True,14,41,-6.865366,-0.466696,3.158367,0.519852,-0.094072,Identity-certain reduced-DF frame
1266,True,14,41,-6.926624,-0.249286,3.410191,0.542537,-0.408217,Identity-certain reduced-DF frame
1267,True,14,35,-7.660673,-0.099664,2.877571,0.314804,-0.100201,Identity-certain reduced-DF frame
1268,True,13,46,-6.741306,-0.245844,2.768479,0.42759,-0.229804,Identity-certain reduced-DF frame
1269,True,14,32,-4.721377,-0.201021,3.167424,1.34863,-1.510605,Identity-certain reduced-DF frame
1270,True,15,20,-4.563865,-0.348183,2.71541,0.597559,-1.41153,Identity-certain reduced-DF frame
1271,True,14,38,-7.088648,-0.604291,2.72435,0.358458,0.208681,Identity-certain reduced-DF frame
1272,True,13,40,-6.662052,-0.702797,3.073075,0.433121,0.053811,Identity-certain reduced-DF frame
1273,True,13,40,-5.642198,-0.438702,3.745945,0.733839,-0.957103,Identity-certain reduced-DF frame
1274,True,15,28,-7.365569,-0.363051,2.912354,0.719906,-0.088665,Identity-certain reduced-DF frame
1275,True,14,33,-6.608893,-0.581535,2.894367,0.27791,-0.094592,Identity-certain reduced-DF frame
1276,True,14,40,-6.917623,-0.412526,3.201116,0.443363,-0.192142,Identity-certain reduced-DF frame
1277,True,14,35,-7.23742,-0.702728,3.234966,0.545226,0.183415,Identity-certain reduced-DF frame
1278,True,14,37,-6.830864,-0.403979,2.825865,0.466359,-0.114316,Identity-certain reduced-DF frame
1279,True,15,30,-6.552982,-0.700308,3.45233,0.618949,-0.267877,Identity-certain reduced-DF frame
1280,True,13,35,-4.386044,-0.068641,2.45004,1.037793,-1.447671,Identity-certain reduced-DF frame
1281,True,13,39,-4.577686,0.115068,2.424966,0.849357,-1.490274,Identity-certain reduced-DF frame
1282,True,14,40,-6.268201,-0.14328,2.592687,0.507478,-0.546343,Identity-certain reduced-DF frame
1283,True,13,38,-4.318307,-0.472605,3.179468,0.649829,-1.268134,Identity-certain reduced-DF frame
1284,True,14,37,-7.146481,-0.552335,3.33536,0.599722,-0.05746,Identity-certain reduced-DF frame
1285,True,15,29,-6.377659,-0.371674,2.723665,0.708121,-0.459558,Identity-certain reduced-DF frame
1286,True,13,33,-4.593627,-0.216406,2.207741,0.812421,-1.135679,Identity-certain reduced-DF frame
1287,True,14,43,-7.702417,-0.280742,2.935404,0.180001,0.152741,Identity-certain reduced-DF frame
1288,True,13,28,-5.619275,-0.063568,2.050347,0.679202,-0.824062,Identity-certain reduced-DF frame
1289,True,13,34,-3.765482,-0.456594,3.187756,1.045055,-1.605792,Identity-certain reduced-DF frame
1290,True,15,32,-9.641941,-0.832538,2.953308,0.066903,1.366137,Identity-certain reduced-DF frame
1291,True,14,39,-5.919165,-0.441177,3.034976,0.736416,-0.54829,Identity-certain reduced-DF frame
1292,True,14,32,-5.15777,-0.524665,3.490071,0.7744,-1.035693,Identity-certain reduced-DF frame
1293,True,13,39,-4.666622,-0.178137,2.535354,0.873851,-1.194241,Identity-certain reduced-DF frame
1294,True,13,37,-4.431683,-0.364852,3.006538,0.908323,-1.327552,Identity-certain reduced-DF frame
1295,True,15,31,-7.513351,-0.636898,3.079358,0.363637,0.230187,Identity-certain reduced-DF frame
1296,True,13,45,-7.217256,-0.232267,3.111138,0.526947,-0.172073,Identity-certain reduced-DF frame
1297,True,14,31,-5.502609,-0.339639,2.859041,0.696995,-0.833571,Identity-certain reduced-DF frame
1298,True,14,31,-5.076323,-0.514044,2.830837,0.506268,-0.901646,Identity-certain reduced-DF frame
1299,True,13,29,-4.49319,-0.105641,2.564281,0.987256,-1.506793,Identity-certain reduced-DF frame
1300,True,13,30,-4.664866,0.131226,2.279,0.894856,-1.549097,Identity-certain reduced-DF frame
1301,True,14,30,-6.138997,-0.291337,2.266654,0.322308,-0.378032,Identity-certain reduced-DF frame
1302,True,14,33,-6.29266,-0.304122,2.465413,0.539041,-0.35838,Identity-certain reduced-DF frame
1303,True,15,34,-8.69656,-0.71237,2.651109,-0.144017,1.012085,Identity-certain reduced-DF frame
1304,True,13,35,-6.79943,0.022943,2.526711,0.39893,-0.460874,Identity-certain reduced-DF frame
1305,True,14,27,-4.583474,-0.287817,2.873235,1.218327,-1.434155,Identity-certain reduced-DF frame
1306,True,13,37,-4.251496,-0.486825,2.573267,0.646534,-1.12029,Identity-certain reduced-DF frame
1307,True,14,34,-6.438924,-0.349999,3.000125,0.728291,-0.480573,Identity-certain reduced-DF frame
1308,True,14,39,-8.534423,-0.357849,3.026275,0.115578,0.528289,Identity-certain reduced-DF frame
1309,True,13,40,-4.278104,-0.143105,2.238918,0.939735,-1.288359,Identity-certain reduced-DF frame
1310,True,15,30,-6.772042,-0.533255,2.984297,0.480135,-0.195247,Identity-certain reduced-DF frame
1311,True,14,35,-5.051898,-0.787146,3.496873,0.915538,-0.814331,Identity-certain reduced-DF frame
1312,True,15,39,-8.453553,-0.308597,2.539193,0.290956,0.581697,Identity-certain reduced-DF frame
1313,True,13,32,-4.496959,-0.358141,2.088859,0.559929,-1.017069,Identity-certain reduced-DF frame
1314,True,14,30,-4.785336,-0.450554,2.225404,0.841583,-0.845227,Identity-certain reduced-DF frame
1315,True,13,47,-6.019871,-0.155354,2.394044,0.625438,-0.465149,Identity-certain reduced-DF frame
1316,True,13,35,-4.407638,-0.443903,2.208385,0.894054,-0.995751,Identity-certain reduced-DF frame
1317,True,13,35,-4.771214,-0.09436,2.513232,0.884287,-1.245646,Identity-certain reduced-DF frame
1318,True,13,37,-6.254287,-0.438988,3.449144,0.618498,-0.615612,Identity-certain reduced-DF frame
1319,True,14,37,-6.448132,-0.522385,3.051905,0.649705,-0.298439,Identity-certain reduced-DF frame
1320,True,18,25,-8.93398,-0.221475,2.617798,0.280094,0.526039,Identity-certain reduced-DF frame
1321,True,14,34,-6.832469,-0.180244,2.643859,0.669465,-0.343846,Identity-certain reduced-DF frame
1322,True,13,44,-5.840204,-0.474585,2.612705,0.609761,-0.354389,Identity-certain reduced-DF frame
1323,True,14,36,-7.780201,-0.453876,2.942469,0.372413,0.301326,Identity-certain reduced-DF frame
1324,True,13,43,-5.126729,-0.406427,2.746455,0.706486,-0.764087,Identity-certain reduced-DF frame
1325,True,14,25,-5.7371,-0.477673,2.656407,0.652139,-0.631138,Identity-certain reduced-DF frame
1326,True,13,34,-5.056696,-0.492665,3.085025,0.812706,-0.948606,Identity-certain reduced-DF frame
1327,True,14,31,-4.671239,-0.610988,2.598116,0.563213,-0.869606,Identity-certain reduced-DF frame
1328,True,14,32,-6.795472,-0.50222,3.052306,0.547638,-0.172321,Identity-certain reduced-DF frame
1329,True,15,31,-6.365768,-0.593372,3.260412,0.799108,-0.382029,Identity-certain reduced-DF frame
1330,True,15,30,-8.399319,-0.477528,2.739879,0.371943,0.583885,Identity-certain reduced-DF frame
1331,True,14,32,-6.469476,-0.471481,2.482511,0.362172,-0.14313,Identity-certain reduced-DF frame
1332,True,14,31,-6.219386,-0.232746,2.429446,0.507256,-0.515426,Identity-certain reduced-DF frame
1333,True,14,31,-6.557899,-0.572465,2.934492,0.522402,-0.205198,Identity-certain reduced-DF frame
1334,True,12,44,-3.897407,-0.157283,2.511751,1.000807,-1.517328,Identity-certain reduced-DF frame
1335,True,14,34,-5.036284,-0.495144,2.79242,0.823562,-0.841792,Identity-certain reduced-DF frame
1336,True,14,30,-5.870875,-0.440205,2.818635,0.520594,-0.614855,Identity-certain reduced-DF frame
1337,True,13,37,-5.790964,-0.358328,2.641779,0.864063,-0.615572,Identity-certain reduced-DF frame
1338,True,15,27,-8.053739,-0.425698,2.721092,0.41167,0.313953,Identity-certain reduced-DF frame
1339,True,14,40,-4.640952,-0.344426,2.699695,0.519518,-1.117833,Identity-certain reduced-DF frame
1340,True,15,35,-7.525944,-0.172723,2.974603,0.538945,-0.203545,Identity-certain reduced-DF frame
1341,True,14,33,-6.601393,-0.491789,2.804372,0.432503,-0.169664,Identity-certain reduced-DF frame
1342,True,15,24,-5.509406,-0.220899,2.461312,0.915639,-0.969366,Identity-certain reduced-DF frame
1343,True,14,37,-6.940092,0.12229,2.364039,0.494382,-0.441132,Identity-certain reduced-DF frame
1344,True,14,33,-7.072859,0.047482,2.366264,0.274482,-0.336487,Identity-certain reduced-DF frame
1345,True,13,38,-4.735649,-0.495011,3.25245,1.000484,-1.139502,Identity-certain reduced-DF frame
1346,True,14,40,-5.313989,-0.423756,3.416465,0.834479,-1.004127,Identity-certain reduced-DF frame
1347,True,13,40,-6.049711,0.210687,3.185777,0.752072,-1.184249,Identity-certain reduced-DF frame
1348,True,13,40,-4.884981,-0.417438,2.961698,0.840903,-1.043777,Identity-certain reduced-DF frame
1349,True,15,39,-8.033171,-0.018175,3.004512,0.407947,-0.066627,Identity-certain reduced-DF frame
1350,True,14,24,-5.087112,-0.029433,2.718383,0.544755,-1.438932,Identity-certain reduced-DF frame
1351,True,14,34,-4.942855,-0.265785,2.738649,0.710499,-1.105347,Identity-certain reduced-DF frame
1352,True,14,37,-6.963085,0.137135,3.084224,0.467189,-0.700285,Identity-certain reduced-DF frame
1353,True,14,32,-4.819207,-0.313256,2.382103,0.84738,-1.041021,Identity-certain reduced-DF frame
1354,True,15,30,-6.773731,-0.526582,3.218561,0.549268,-0.282841,Identity-certain reduced-DF frame
1355,True,14,37,-5.530537,-0.812479,3.071283,0.347006,-0.412055,Identity-certain reduced-DF frame
1356,True,14,34,-5.891044,-0.002292,2.799112,0.752733,-0.985507,Identity-certain reduced-DF frame
1357,True,13,38,-5.67242,-0.474193,2.59385,0.536721,-0.468467,Identity-certain reduced-DF frame
1358,True,14,37,-5.390298,-0.441207,3.177314,0.728101,-0.856222,Identity-certain reduced-DF frame
1359,True,14,34,-6.121307,-0.230901,2.296783,0.652366,-0.477043,Identity-certain reduced-DF frame
1360,True,16,28,-7.228904,-0.152692,3.232879,0.612036,-0.46342,Identity-certain reduced-DF frame
1361,True,18,30,-10.112884,-0.832174,3.099161,-0.114652,1.539296,Identity-certain reduced-DF frame
1362,True,13,43,-5.95277,-0.477859,3.047706,0.76335,-0.500423,Identity-certain reduced-DF frame
1363,True,14,33,-5.344797,-0.362979,2.973163,0.907312,-0.91699,Identity-certain reduced-DF frame
1364,True,14,40,-7.996103,-0.346615,3.294418,0.538699,0.159666,Identity-certain reduced-DF frame
1365,True,16,23,-8.248444,-0.69525,3.090198,0.268409,0.464802,Identity-certain reduced-DF frame
1366,True,13,40,-4.997671,-0.158622,2.202909,0.624066,-0.907114,Identity-certain reduced-DF frame
1367,True,13,37,-4.86505,-0.272413,2.207245,0.583082,-0.901037,Identity-certain reduced-DF frame
1368,True,14,38,-7.828223,-0.547308,3.077627,0.243751,0.424701,Identity-certain reduced-DF frame
1369,True,13,36,-5.428016,-0.29695,2.978289,0.909264,-0.935601,Identity-certain reduced-DF frame
1370,True,13,44,-4.637147,-0.197964,2.502731,0.883875,-1.10344,Identity-certain reduced-DF frame
1371,True,13,39,-5.559115,-0.283319,2.990241,0.750339,-0.88424,Identity-certain reduced-DF frame
1372,True,13,38,-5.282367,-0.73032,3.08112,0.891226,-0.635645,Identity-certain reduced-DF frame
1373,True,14,38,-7.695154,-0.214534,2.767448,0.571227,0.067606,Identity-certain reduced-DF frame
1374,True,16,28,-8.306727,-0.134108,3.038783,0.464601,0.034872,Identity-certain reduced-DF frame
1375,True,15,34,-7.704175,-0.594576,2.928453,0.414408,0.373821,Identity-certain reduced-DF frame
1376,True,13,42,-5.717403,-0.632438,3.121776,0.714195,-0.464071,Identity-certain reduced-DF frame
1377,True,15,35,-7.249839,-0.27105,3.112138,0.558903,-0.200992,Identity-certain reduced-DF frame
1378,True,15,28,-7.377826,-0.044925,3.282914,0.307078,-0.555444,Identity-certain reduced-DF frame
1379,True,13,36,-4.716921,-0.126867,2.764365,0.872286,-1.33559,Identity-certain reduced-DF frame
1380,True,13,44,-5.226832,-0.301325,2.557085,0.774459,-0.74795,Identity-certain reduced-DF frame
1381,True,13,38,-5.921091,-0.258661,3.055076,0.828499,-0.733949,Identity-certain reduced-DF frame
1382,True,14,32,-4.941732,-0.310378,3.765754,1.136356,-1.584687,Identity-certain reduced-DF frame
1383,True,14,31,-4.618727,0.225743,2.023683,0.788987,-1.544674,Identity-certain reduced-DF frame
1384,True,14,29,-5.663679,-0.209571,3.211457,0.89316,-1.106221,Identity-certain reduced-DF frame
1385,True,14,32,-6.979004,-0.778896,2.774369,0.654496,0.228855,Identity-certain reduced-DF frame
1386,True,14,31,-3.598512,-0.370218,2.481053,0.897362,-1.545434,Identity-certain reduced-DF frame
1387,True,13,39,-5.786295,-0.356178,2.785357,0.640902,-0.582485,Identity-certain reduced-DF frame
1388,True,14,37,-7.439385,-0.06085,2.676954,0.191237,-0.136676,Identity-certain reduced-DF frame
1389,True,17,30,-9.796449,-0.251642,2.798919,0.352032,0.896674,Identity-certain reduced-DF frame
1390,True,14,38,-6.592508,-0.960286,3.892008,0.968542,-0.150274,Identity-certain reduced-DF frame
1391,True,14,40,-6.29312,-0.346917,2.576427,0.429304,-0.297441,Identity-certain reduced-DF frame
1392,True,14,32,-5.503575,-0.059501,2.790111,0.969471,-1.128221,Identity-certain reduced-DF frame
1393,True,14,46,-8.546034,-0.263691,2.836736,0.051157,0.556033,Identity-certain reduced-DF frame
1394,True,13,40,-4.850868,-0.62177,2.794105,0.825054,-0.792373,Identity-certain reduced-DF frame
1395,True,13,39,-6.121101,-0.141275,2.830823,0.608063,-0.683711,Identity-certain reduced-DF frame
1396,True,13,35,-5.053586,-0.391644,3.136635,0.88283,-1.067978,Identity-certain reduced-DF frame
1397,True,13,35,-5.415062,-0.137902,2.827066,1.33343,-1.166973,Identity-certain reduced-DF frame
1398,True,14,37,-6.619933,-0.545394,3.079351,0.459478,-0.13687,Identity-certain reduced-DF frame
1399,True,13,40,-4.544854,0.00734,2.295569,1.107821,-1.364237,Identity-certain reduced-DF frame
1400,True,15,22,-4.382705,-0.247829,2.650289,0.995949,-1.512113,Identity-certain reduced-DF frame
1401,True,14,41,-7.091433,-0.160078,2.710312,0.536417,-0.180517,Identity-certain reduced-DF frame
1402,True,13,38,-5.091911,0.18657,2.64355,0.819968,-1.443143,Identity-certain reduced-DF frame
1403,True,13,36,-5.128023,-0.39605,2.414621,0.748668,-0.753943,Identity-certain reduced-DF frame
1404,True,13,46,-6.449549,-0.212555,2.647411,0.75015,-0.373996,Identity-certain reduced-DF frame
1405,True,15,28,-7.225414,-0.339562,2.873832,0.574603,-0.165758,Identity-certain reduced-DF frame
1406,True,12,51,-5.829812,-0.359321,2.781437,0.812992,-0.475675,Identity-certain reduced-DF frame
1407,True,15,31,-6.933079,-0.467409,2.875811,0.312809,-0.107737,Identity-certain reduced-DF frame
1408,True,17,23,-8.021054,-0.265647,3.534397,0.483894,-0.273338,Identity-certain reduced-DF frame
1409,True,14,28,-6.627973,-0.857399,2.844459,0.274551,0.091802,Identity-certain reduced-DF frame
1410,True,13,42,-6.478509,-0.460213,2.548553,0.37103,-0.079183,Identity-certain reduced-DF frame
1411,True,14,35,-5.679821,-0.285987,2.528947,0.967491,-0.740267,Identity-certain reduced-DF frame
1412,True,14,43,-6.61525,-0.100482,2.852163,0.513218,-0.48805,Identity-certain reduced-DF frame
1413,True,15,38,-9.252661,-0.819338,3.324602,0.025834,1.155014,Identity-certain reduced-DF frame
1414,True,15,36,-7.518416,-0.239525,3.357101,0.310766,-0.22317,Identity-certain reduced-DF frame
1415,True,14,34,-5.91369,-0.110682,2.382423,0.846188,-0.727251,Identity-certain reduced-DF frame
1416,True,14,37,-6.007468,-0.638579,3.239544,0.472049,-0.449262,Identity-certain reduced-DF frame
1417,True,13,41,-4.300875,-0.283447,2.890001,1.037523,-1.371534,Identity-certain reduced-DF frame
1418,True,13,40,-5.895441,-0.166232,2.540845,0.5543,-0.662963,Identity-certain reduced-DF frame
1419,True,14,33,-5.678759,-0.41483,2.926284,0.664373,-0.702899,Identity-certain reduced-DF frame
1420,True,15,37,-6.791591,-0.332922,3.186919,0.604945,-0.352107,Identity-certain reduced-DF frame
1421,True,14,33,-5.860949,-0.781158,3.086623,0.678155,-0.349826,Identity-certain reduced-DF frame
1422,True,12,44,-4.630804,-0.177167,2.274046,0.763135,-1.005335,Identity-certain reduced-DF frame
1423,True,13,37,-5.89086,-0.218623,2.36105,0.513403,-0.563339,Identity-certain reduced-DF frame
1424,True,17,23,-8.816456,-0.65025,3.284952,0.410328,0.554834,Identity-certain reduced-DF frame
1425,True,13,38,-6.392886,-0.459538,3.41397,0.792054,-0.462851,Identity-certain reduced-DF frame
1426,True,15,31,-6.975887,-0.483548,2.77604,0.849385,-0.091385,Identity-certain reduced-DF frame
1427,True,14,28,-4.620245,-0.514594,3.369993,1.052386,-1.37686,Identity-certain reduced-DF frame
1428,True,14,36,-6.274626,-0.315212,2.282333,0.456885,-0.252305,Identity-certain reduced-DF frame
1429,True,14,41,-6.548494,-0.344917,2.615052,0.494835,-0.210216,Identity-certain reduced-DF frame
1430,True,14,37,-7.392831,-0.253073,3.145161,0.594849,-0.151569,Identity-certain reduced-DF frame
1431,True,14,32,-6.747712,-0.510301,2.453622,0.47342,0.029311,Identity-certain reduced-DF frame
1432,True,15,34,-8.110278,-0.357965,2.541207,0.560933,0.384953,Identity-certain reduced-DF frame
1433,True,14,30,-6.521464,-0.433737,2.337724,0.427695,-0.107271,Identity-certain reduced-DF frame
1434,True,14,36,-4.886244,-0.346743,3.905316,1.105879,-1.563636,Identity-certain reduced-DF frame
1435,True,14,33,-4.876108,-0.480268,2.575601,0.561785,-0.860552,Identity-certain reduced-DF frame
1436,True,13,38,-4.031822,-0.00453,2.699348,1.258191,-1.772708,Identity-certain reduced-DF frame
1437,True,13,36,-5.626749,-0.307901,2.992727,0.623406,-0.787916,Identity-certain reduced-DF frame
1438,True,13,39,-5.756723,-0.322715,2.72162,0.726716,-0.660692,Identity-certain reduced-DF frame
1439,True,13,40,-5.900894,-0.168149,2.585942,0.681531,-0.635279,Identity-certain reduced-DF frame
1440,True,15,30,-7.839776,-0.667632,2.15262,0.130812,0.7221,Identity-certain reduced-DF frame
1441,True,14,32,-5.071489,-0.41606,2.762547,0.920935,-0.970995,Identity-certain reduced-DF frame
1442,True,15,24,-6.823323,-0.028288,2.161245,0.393798,-0.427252,Identity-certain reduced-DF frame
1443,True,16,27,-8.086622,-0.729279,3.392097,0.709437,0.32579,Identity-certain reduced-DF frame
1444,True,14,34,-7.545368,-0.534165,3.175996,0.652595,0.100512,Identity-certain reduced-DF frame
1445,True,14,29,-5.739785,-0.960957,3.02931,0.645703,-0.277322,Identity-certain reduced-DF frame
1446,True,14,42,-6.071138,-0.301149,3.173054,0.865951,-0.689864,Identity-certain reduced-DF frame
1447,True,14,39,-7.310214,-0.522102,2.66208,0.482568,0.252878,Identity-certain reduced-DF frame
1448,True,15,30,-6.652576,0.022608,2.679944,0.680057,-0.682745,Identity-certain reduced-DF frame
1449,True,13,33,-6.092263,-0.2738,2.602185,0.684769,-0.542478,Identity-certain reduced-DF frame
1450,True,13,41,-5.748762,-0.47748,2.246583,0.550372,-0.269358,Identity-certain reduced-DF frame
1451,True,14,37,-6.193984,-0.446725,2.583285,0.625413,-0.27285,Identity-certain reduced-DF frame
1452,True,14,32,-5.19858,-0.201189,3.273725,0.928371,-1.302257,Identity-certain reduced-DF frame
1453,True,14,33,-5.67007,-0.381623,2.481284,0.603196,-0.56735,Identity-certain reduced-DF frame
1454,True,14,42,-7.322118,-0.576762,3.204502,0.746058,0.118158,Identity-certain reduced-DF frame
1455,True,15,31,-9.751207,-0.504394,3.01437,-0.031305,1.084751,Identity-certain reduced-DF frame
1456,True,14,33,-6.254532,0.00526,2.869252,0.402429,-0.868565,Identity-certain reduced-DF frame
1457,True,14,37,-5.917345,-0.692457,2.671359,0.510921,-0.215524,Identity-certain reduced-DF frame
1458,True,13,34,-4.582518,-0.2912,2.760281,1.100728,-1.240129,Identity-certain reduced-DF frame
1459,True,13,44,-5.097296,-0.347069,2.585601,0.659567,-0.777999,Identity-certain reduced-DF frame
1460,True,13,37,-5.3938,-0.263343,2.597464,0.997736,-0.853778,Identity-certain reduced-DF frame
1461,True,13,40,-4.722676,-0.344363,3.252399,0.816323,-1.294545,Identity-certain reduced-DF frame
1462,True,14,44,-7.193776,-0.243325,2.636808,0.469163,0.027079,Identity-certain reduced-DF frame
1463,True,13,39,-4.887614,-0.284332,2.807743,0.85195,-1.110727,Identity-certain reduced-DF frame
1464,True,13,42,-5.942094,-0.1957,3.041151,0.642244,-0.800138,Identity-certain reduced-DF frame
1465,True,14,40,-7.568472,-0.628835,3.357616,0.460429,0.21071,Identity-certain reduced-DF frame
1466,True,16,28,-9.705974,-0.428451,3.250972,0.065393,0.860697,Identity-certain reduced-DF frame
1467,True,14,29,-5.676914,-0.282896,2.920507,1.160532,-0.949339,Identity-certain reduced-DF frame
1468,True,15,39,-6.043595,-0.323127,3.836709,0.756065,-0.939361,Identity-certain reduced-DF frame
1469,True,14,40,-8.061131,-0.568149,3.252272,0.371408,0.4047,Identity-certain reduced-DF frame
1470,True,14,28,-6.086226,-0.26159,2.528102,0.943792,-0.627903,Identity-certain reduced-DF frame
1471,True,13,38,-5.098486,-0.719564,3.55771,0.684547,-0.88362,Identity-certain reduced-DF frame
1472,True,14,31,-6.927768,-0.378773,2.080567,0.156239,0.108802,Identity-certain reduced-DF frame
1473,True,15,29,-6.873335,-0.381362,2.789489,0.640636,-0.225934,Identity-certain reduced-DF frame
1474,True,14,33,-5.6389,-0.154803,2.78319,0.480186,-0.938141,Identity-certain reduced-DF frame
1475,True,14,24,-4.910967,-0.122675,2.724008,1.220792,-1.495821,Identity-certain reduced-DF frame
1476,True,13,35,-4.136459,-0.066462,2.868209,0.987129,-1.690547,Identity-certain reduced-DF frame
1477,True,13,39,-4.840882,-0.344482,2.350651,0.809384,-0.883163,Identity-certain reduced-DF frame
1478,True,15,22,-4.07204,-0.744202,3.105043,0.927971,-1.38464,Identity-certain reduced-DF frame
1479,True,14,33,-4.279427,-0.466358,3.245598,1.151505,-1.457117,Identity-certain reduced-DF frame
1480,True,13,33,-5.144671,-0.222155,2.1655,0.902128,-0.862612,Identity-certain reduced-DF frame
1481,True,13,46,-5.796167,0.031575,2.213993,0.576208,-0.707448,Identity-certain reduced-DF frame
1482,True,14,25,-5.724141,-0.53883,2.338105,0.689365,-0.496939,Identity-certain reduced-DF frame
1483,True,15,27,-6.993063,-0.408075,3.044545,0.416583,-0.286895,Identity-certain reduced-DF frame
1484,True,13,40,-4.990445,-0.29074,2.676404,0.82739,-0.935868,Identity-certain reduced-DF frame
1485,True,13,45,-5.102361,-0.419107,2.724971,0.9142,-0.783816,Identity-certain reduced-DF frame
1486,True,14,36,-6.355999,0.015506,2.687843,0.482253,-0.719946,Identity-certain reduced-DF frame
1487,True,13,40,-4.465941,-0.282531,2.261351,0.890296,-1.055332,Identity-certain reduced-DF frame
1488,True,15,31,-7.594125,-0.344975,3.126612,0.375144,-0.016931,Identity-certain reduced-DF frame
1489,True,15,29,-6.517149,-0.08604,2.633467,0.570083,-0.614608,Identity-certain reduced-DF frame
1490,True,14,32,-5.173908,-0.620721,2.670389,0.551091,-0.658985,Identity-certain reduced-DF frame
1491,True,14,35,-5.592143,-0.340481,3.241058,0.846262,-0.965269,Identity-certain reduced-DF frame
1492,True,14,32,-6.476064,-0.301979,2.243907,0.278798,-0.226991,Identity-certain reduced-DF frame
1493,True,15,28,-6.366029,-0.26945,3.258886,0.746573,-0.77704,Identity-certain reduced-DF frame
1494,True,13,32,-4.828231,-0.20134,2.306019,0.821366,-1.103898,Identity-certain reduced-DF frame
1495,True,17,29,-9.635564,-0.046919,2.362789,-0.172382,0.795852,Identity-certain reduced-DF frame
1496,True,13,37,-5.43694,-0.658435,2.874311,0.7945,-0.525245,Identity-certain reduced-DF frame
1497,True,14,32,-5.972202,-0.297056,2.512648,0.473067,-0.513734,Identity-certain reduced-DF frame
1498,True,13,37,-4.160914,-0.303355,3.06451,1.275489,-1.532925,Identity-certain reduced-DF frame
1499,True,14,30,-5.446627,-0.214562,2.89063,1.182571,-1.165643,Identity-certain reduced-DF frame
1500,True,13,32,-5.577206,-0.194932,2.474755,1.054614,-0.866144,Identity-certain reduced-DF frame
1501,True,13,51,-6.679043,-0.351328,2.517061,0.451921,0.025312,Identity-certain reduced-DF frame
1502,True,14,32,-6.365109,-0.127327,2.385326,0.501223,-0.504428,Identity-certain reduced-DF frame
1503,True,12,46,-6.515107,0.178453,2.378956,0.641285,-0.655482,Identity-certain reduced-DF frame
1504,True,13,38,-5.420097,-0.543644,2.900331,0.873007,-0.670002,Identity-certain reduced-DF frame
1505,True,13,37,-4.420423,-0.208643,2.266305,1.035249,-1.212012,Identity-certain reduced-DF frame
1506,True,13,43,-5.73298,-0.358888,2.521177,0.860807,-0.49907,Identity-certain reduced-DF frame
1507,True,13,41,-5.363135,-0.744214,3.246406,0.567472,-0.58539,Identity-certain reduced-DF frame
1508,True,16,25,-8.323518,-0.551382,2.606875,0.683163,0.512778,Identity-certain reduced-DF frame
1509,True,15,35,-8.242993,-0.372993,2.652276,0.52273,0.411457,Identity-certain reduced-DF frame
1510,True,14,38,-7.371089,-0.464265,2.652889,0.34408,0.250172,Identity-certain reduced-DF frame
1511,True,15,33,-8.711215,-0.589862,3.133511,0.194246,0.697909,Identity-certain reduced-DF frame
1512,True,14,44,-7.46864,-0.565278,2.579284,0.346204,0.465406,Identity-certain reduced-DF frame
1513,True,14,35,-6.135503,-0.532315,2.764555,0.803903,-0.336708,Identity-certain reduced-DF frame
1514,True,13,45,-5.157617,-0.16843,2.877572,0.842533,-1.040557,Identity-certain reduced-DF frame
1515,True,15,29,-6.939198,-0.16967,2.74718,0.372188,-0.358688,Identity-certain reduced-DF frame
1516,True,13,37,-6.059282,-0.234669,2.560114,1.016804,-0.615661,Identity-certain reduced-DF frame
1517,True,15,34,-8.128783,-0.612172,2.644683,0.184113,0.678611,Identity-certain reduced-DF frame
1518,True,14,35,-6.264709,-0.392051,2.734093,0.740235,-0.403373,Identity-certain reduced-DF frame
1519,True,13,37,-5.134634,-0.146348,3.044996,0.886469,-1.240586,Identity-certain reduced-DF frame
1520,True,15,26,-6.597533,-0.491608,2.275695,0.590548,-0.088721,Identity-certain reduced-DF frame
1521,True,14,34,-7.366716,-0.226566,2.934747,0.591952,-0.151087,Identity-certain reduced-DF frame
1522,True,14,36,-5.450244,-0.38923,2.595351,1.047119,-0.71865,Identity-certain reduced-DF frame
1523,True,14,33,-5.678296,-0.327266,2.942066,0.849634,-0.795609,Identity-certain reduced-DF frame
1524,True,13,38,-6.596691,-0.477566,1.910574,0.204736,0.197926,Identity-certain reduced-DF frame
1525,True,14,31,-6.133772,-0.236438,2.506688,0.597213,-0.533484,Identity-certain reduced-DF frame
1526,True,15,29,-7.129523,-0.070934,2.602086,0.206067,-0.336414,Identity-certain reduced-DF frame
1527,True,13,39,-4.145029,-0.481927,2.960492,0.896272,-1.263147,Identity-certain reduced-DF frame
1528,True,15,25,-7.855375,-1.067756,3.208154,0.305326,0.662933,Identity-certain reduced-DF frame
1529,True,13,39,-5.644582,-0.727465,2.87818,0.450164,-0.332034,Identity-certain reduced-DF frame
1530,True,14,38,-8.002949,-0.708757,2.865845,0.29281,0.669118,Identity-certain reduced-DF frame
1531,True,14,39,-6.295812,-0.385419,2.485443,0.463162,-0.226806,Identity-certain reduced-DF frame
1532,True,12,38,-4.364707,-0.052092,1.908219,0.773344,-1.236924,Identity-certain reduced-DF frame
1533,True,15,34,-9.251391,-0.543644,2.880439,0.108757,1.039577,Identity-certain reduced-DF frame
1534,True,14,31,-6.599146,-0.326748,2.613537,0.555551,-0.28361,Identity-certain reduced-DF frame
1535,True,13,41,-5.954255,-0.313036,2.463014,0.515141,-0.421727,Identity-certain reduced-DF frame
1536,True,14,25,-4.557315,-0.349891,2.675524,0.986801,-1.317164,Identity-certain reduced-DF frame
1537,True,14,36,-5.875251,-0.383581,2.561365,0.728677,-0.52047,Identity-certain reduced-DF frame
1538,True,14,31,-6.741958,-0.494738,1.990356,0.372968,0.140384,Identity-certain reduced-DF frame
1539,True,13,41,-4.694268,-0.571991,2.88647,0.670733,-0.920845,Identity-certain reduced-DF frame
1540,True,14,27,-6.173502,-0.342496,3.294021,0.834931,-0.80318,Identity-certain reduced-DF frame
1541,True,13,36,-6.511655,0.1073,2.116705,0.652661,-0.575569,Identity-certain reduced-DF frame
1542,True,14,32,-5.972528,-0.222075,2.589126,0.531941,-0.675633,Identity-certain reduced-DF frame
1543,True,15,34,-8.317853,-0.559513,2.513981,-0.18943,0.803375,Identity-certain reduced-DF frame
1544,True,14,35,-6.523817,-0.264052,2.730214,0.686526,-0.389795,Identity-certain reduced-DF frame
1545,True,13,41,-6.126014,-0.361882,2.784213,0.30288,-0.390524,Identity-certain reduced-DF frame
1546,True,13,45,-5.224744,-0.175683,2.522495,0.8932,-0.897832,Identity-certain reduced-DF frame
1547,True,12,47,-5.009356,-0.14284,2.841562,0.773376,-1.082852,Identity-certain reduced-DF frame
1548,True,13,39,-6.124634,-0.262733,2.397054,0.596293,-0.397396,Identity-certain reduced-DF frame
1549,True,17,30,-9.573314,-0.395539,2.268258,0.220725,1.130862,Identity-certain reduced-DF frame
1550,True,13,40,-5.945543,-0.269247,2.371632,0.713155,-0.455531,Identity-certain reduced-DF frame
1551,True,13,32,-4.542782,-0.260504,2.315365,0.770021,-1.168804,Identity-certain reduced-DF frame
1552,True,13,38,-5.178099,-0.09594,2.548885,0.856572,-1.083228,Identity-certain reduced-DF frame
1553,True,14,32,-6.838579,-0.741433,3.686483,0.86967,-0.228314,Identity-certain reduced-DF frame
1554,True,15,29,-6.854737,-0.817048,3.224761,0.514141,0.036014,Identity-certain reduced-DF frame
1555,True,14,39,-7.321529,-0.164722,2.600161,0.13371,-0.019632,Identity-certain reduced-DF frame
1556,True,14,29,-6.422147,-0.720522,2.543645,0.536182,-0.011157,Identity-certain reduced-DF frame
1557,True,14,34,-6.4847,-0.747795,3.042708,0.564685,-0.052875,Identity-certain reduced-DF frame
1558,True,14,40,-5.476397,-0.393762,3.008628,0.860907,-0.78135,Identity-certain reduced-DF frame
1559,True,14,31,-6.92423,-0.677093,2.548219,0.548641,0.173224,Identity-certain reduced-DF frame
1560,True,13,41,-4.031783,-0.345881,2.545434,0.905935,-1.289306,Identity-certain reduced-DF frame
1561,True,14,31,-6.289452,-0.468335,2.708314,0.689323,-0.32638,Identity-certain reduced-DF frame
1562,True,13,37,-5.372652,-0.188332,2.668625,0.731991,-0.954846,Identity-certain reduced-DF frame
1563,True,13,36,-4.409609,-0.342128,2.594171,0.78449,-1.170867,Identity-certain reduced-DF frame
1564,True,13,41,-4.50656,-0.303124,2.888295,1.050624,-1.276713,Identity-certain reduced-DF frame
1565,True,13,38,-6.605633,-0.511159,2.866317,0.860173,-0.192006,Identity-certain reduced-DF frame
1566,True,13,31,-5.537505,-0.241569,2.656152,0.734599,-0.859254,Identity-certain reduced-DF frame
1567,True,13,34,-5.8547,-0.093932,2.064585,0.84614,-0.654958,Identity-certain reduced-DF frame
1568,True,14,31,-6.196527,-0.476423,3.027286,1.01128,-0.531775,Identity-certain reduced-DF frame
1569,True,15,34,-7.804905,-0.367778,2.771521,0.330957,0.240342,Identity-certain reduced-DF frame
1570,True,14,35,-6.402839,-0.498742,2.764657,0.713651,-0.24111,Identity-certain reduced-DF frame
1571,True,14,34,-7.450953,-0.491179,3.13616,0.428758,0.07448,Identity-certain reduced-DF frame
1572,True,15,34,-9.232357,-0.277872,2.670428,-0.082578,0.825622,Identity-certain reduced-DF frame
1573,True,13,43,-5.363081,-0.24057,2.833245,0.863058,-0.898309,Identity-certain reduced-DF frame
1574,True,14,31,-6.489124,-0.356028,2.261181,0.397846,-0.167845,Identity-certain reduced-DF frame
1575,True,13,35,-4.639332,-0.577928,2.555168,0.843648,-0.861242,Identity-certain reduced-DF frame
1576,True,16,32,-9.403259,-0.578887,2.991477,0.372531,1.013614,Identity-certain reduced-DF frame
1577,True,13,43,-7.274101,-0.429285,2.085012,0.203926,0.442635,Identity-certain reduced-DF frame
1578,True,13,32,-4.719388,0.024633,2.452296,0.879253,-1.434377,Identity-certain reduced-DF frame
1579,True,14,38,-5.784112,-0.583182,3.228618,0.813805,-0.576418,Identity-certain reduced-DF frame
1580,True,13,45,-5.451703,-0.549449,3.107504,0.60471,-0.594353,Identity-certain reduced-DF frame
1581,True,14,34,-6.938671,-0.769545,2.759661,0.672113,0.209885,Identity-certain reduced-DF frame
1582,True,14,28,-5.374118,0.199371,2.176226,0.777899,-1.266259,Identity-certain reduced-DF frame
1583,True,13,40,-5.985319,-0.150606,2.643263,0.586282,-0.653265,Identity-certain reduced-DF frame
1584,True,14,28,-6.51248,-0.432884,3.100456,0.766241,-0.476747,Identity-certain reduced-DF frame
1585,True,13,43,-5.671539,-0.447807,2.604451,0.481987,-0.446882,Identity-certain reduced-DF frame
1586,True,14,34,-5.331405,-0.336236,2.537744,0.598488,-0.750707,Identity-certain reduced-DF frame
1587,True,15,23,-6.077393,-0.538819,2.854175,0.640826,-0.526771,Identity-certain reduced-DF frame
1588,True,14,37,-7.557368,-0.294715,2.780215,0.515238,0.099139,Identity-certain reduced-DF frame
1589,True,13,35,-4.603295,-0.189657,1.95291,0.851927,-1.005658,Identity-certain reduced-DF frame
1590,True,13,43,-4.112576,-0.039254,3.120381,1.089819,-1.757711,Identity-certain reduced-DF frame
1591,True,14,35,-5.64248,-0.354324,2.811378,0.694767,-0.743206,Identity-certain reduced-DF frame
1592,True,16,39,-9.127407,-0.399011,2.599572,0.232208,0.934879,Identity-certain reduced-DF frame
1593,True,15,35,-8.903978,-0.7589,3.70861,0.327944,0.723814,Identity-certain reduced-DF frame
1594,True,14,34,-7.59928,-0.44846,2.90876,0.541531,0.147283,Identity-certain reduced-DF frame
1595,True,13,34,-4.982626,-0.002042,2.613233,0.802651,-1.290365,Identity-certain reduced-DF frame
1596,True,14,33,-4.980267,-0.528305,2.914973,0.732914,-0.890325,Identity-certain reduced-DF frame
1597,True,13,37,-5.171338,-0.207107,2.755246,0.811831,-1.022517,Identity-certain reduced-DF frame
1598,True,14,31,-5.696871,-0.126557,2.603293,0.431288,-0.862683,Identity-certain reduced-DF frame
1599,True,13,35,-5.883721,-0.208098,2.754243,0.626405,-0.728923,Identity-certain reduced-DF frame
1600,True,16,32,-8.849507,-0.839886,3.722763,0.243547,0.774291,Identity-certain reduced-DF frame
1601,True,13,44,-5.871793,-0.422931,2.55803,0.732455,-0.369845,Identity-certain reduced-DF frame
1602,True,13,41,-4.685419,-0.27449,2.583538,0.702888,-1.069768,Identity-certain reduced-DF frame
1603,True,14,39,-6.653599,-0.414946,2.757018,0.424977,-0.156752,Identity-certain reduced-DF frame
1604,True,13,39,-5.313807,-0.560403,2.223252,0.494756,-0.389421,Identity-certain reduced-DF frame
1605,True,13,42,-4.477483,-0.629037,2.97507,0.834796,-0.970322,Identity-certain reduced-DF frame
1606,True,15,39,-8.777775,-0.338612,2.670549,0.231278,0.719793,Identity-certain reduced-DF frame
1607,True,13,37,-5.689902,-0.367874,2.848978,0.769586,-0.675503,Identity-certain reduced-DF frame
1608,True,15,21,-6.677213,-0.463651,3.299063,0.779586,-0.525303,Identity-certain reduced-DF frame
1609,True,14,43,-6.771595,-0.343675,2.725846,0.567729,-0.125225,Identity-certain reduced-DF frame
1610,True,15,30,-9.496394,-0.577016,2.709912,-0.017135,1.185771,Identity-certain reduced-DF frame
1611,True,14,31,-5.840615,-0.876652,2.198889,0.142971,-0.021673,Identity-certain reduced-DF frame
1612,True,14,34,-5.213294,-0.408213,2.391486,0.560102,-0.716123,Identity-certain reduced-DF frame
1613,True,14,26,-5.621407,-0.133602,1.797989,0.45994,-0.690558,Identity-certain reduced-DF frame
1614,True,13,44,-5.167734,-0.241581,2.675582,0.74952,-0.918274,Identity-certain reduced-DF frame
1615,True,13,37,-6.821455,0.053126,2.433105,0.426531,-0.436945,Identity-certain reduced-DF frame
1616,True,13,37,-5.876883,-0.498917,3.052467,0.828713,-0.541788,Identity-certain reduced-DF frame
1617,True,15,22,-5.286108,-0.480789,2.294398,0.629007,-0.715306,Identity-certain reduced-DF frame
1618,True,16,28,-6.35199,-0.206579,2.728388,0.449195,-0.551785,Identity-certain reduced-DF frame
1619,True,13,38,-4.254564,-0.632325,3.32876,0.976216,-1.245758,Identity-certain reduced-DF frame
1620,True,16,37,-9.531339,-0.395075,2.411534,0.015379,1.190501,Identity-certain reduced-DF frame
1621,True,16,26,-7.035829,-0.367795,2.870392,0.894497,-0.342082,Identity-certain reduced-DF frame
1622,True,17,22,-8.852181,-0.493294,2.923859,0.388078,0.54651,Identity-certain reduced-DF frame
1623,True,14,44,-7.923094,-0.699924,3.492653,0.490117,0.482355,Identity-certain reduced-DF frame
1624,True,14,30,-5.984084,-0.227657,2.46344,0.807377,-0.650099,Identity-certain reduced-DF frame
1625,True,13,40,-7.468356,-0.331289,3.004103,0.660817,0.028179,Identity-certain reduced-DF frame
1626,True,14,35,-7.082462,-0.267396,2.715638,0.434304,-0.151192,Identity-certain reduced-DF frame
1627,True,13,46,-3.571016,-0.410604,2.763948,0.983066,-1.478875,Identity-certain reduced-DF frame
1628,True,14,35,-6.705392,-0.544052,2.953354,0.498912,-0.101607,Identity-certain reduced-DF frame
1629,True,13,39,-6.312535,-0.536216,3.202888,0.741436,-0.352935,Identity-certain reduced-DF frame
1630,True,13,40,-5.978667,0.176306,2.733837,0.472451,-1.061152,Identity-certain reduced-DF frame
1631,True,18,28,-11.515798,-0.596407,2.782094,-0.104719,1.947088,Identity-certain reduced-DF frame
1632,True,15,20,-5.072351,-0.34753,3.143184,0.940809,-1.348215,Identity-certain reduced-DF frame
1633,True,13,43,-4.896167,0.019831,2.434557,1.268216,-1.304897,Identity-certain reduced-DF frame
1634,True,15,43,-11.945757,-0.580149,3.262915,-0.26936,2.176033,Identity-certain reduced-DF frame
1635,True,14,34,-6.657043,-0.592928,2.811401,0.326934,-0.051138,Identity-certain reduced-DF frame
1636,True,14,32,-6.522533,-0.058219,3.085835,0.632507,-0.762774,Identity-certain reduced-DF frame
1637,True,13,39,-3.772193,-0.505319,3.080741,1.06086,-1.520714,Identity-certain reduced-DF frame
1638,True,14,29,-4.471544,-0.212947,2.923179,0.967546,-1.521328,Identity-certain reduced-DF frame
1639,True,13,39,-5.380437,-0.208678,2.768038,0.821357,-0.948946,Identity-certain reduced-DF frame
1640,True,14,29,-5.938779,-0.513226,3.20434,0.947977,-0.658311,Identity-certain reduced-DF frame
1641,True,14,28,-5.709776,-0.448527,2.922721,0.737647,-0.756835,Identity-certain reduced-DF frame
1642,True,15,37,-8.703641,-0.422569,2.54797,0.135279,0.814029,Identity-certain reduced-DF frame
1643,True,13,39,-6.185853,-0.225096,2.172951,0.526813,-0.326693,Identity-certain reduced-DF frame
1644,True,13,33,-6.235886,-0.056164,2.028117,0.629702,-0.505142,Identity-certain reduced-DF frame
1645,True,14,38,-4.844455,-0.686239,2.783108,1.003622,-0.768148,Identity-certain reduced-DF frame
1646,True,16,29,-7.608956,-0.193432,3.128435,0.638303,-0.243387,Identity-certain reduced-DF frame
1647,True,16,26,-7.325417,-0.136876,3.051143,0.598668,-0.3984,Identity-certain reduced-DF frame
1648,True,14,37,-5.192125,-0.554849,3.208432,0.677534,-0.878154,Identity-certain reduced-DF frame
1649,True,15,25,-6.561177,-0.609943,4.398712,0.883941,-0.822991,Identity-certain reduced-DF frame
1650,True,14,38,-7.497027,-0.65494,2.552797,-0.073365,0.502974,Identity-certain reduced-DF frame
1651,True,14,32,-6.40489,-0.214643,2.503434,0.659202,-0.444033,Identity-certain reduced-DF frame
1652,True,15,34,-7.453041,-0.412217,3.238826,0.429525,-0.066213,Identity-certain reduced-DF frame
1653,True,14,30,-5.165463,-0.448531,2.762022,1.045644,-0.938938,Identity-certain reduced-DF frame
1654,True,16,33,-9.638241,-0.783704,3.137028,0.341372,1.220291,Identity-certain reduced-DF frame
1655,True,15,26,-7.395231,-0.544098,3.613303,0.784448,-0.241442,Identity-certain reduced-DF frame
1656,True,13,46,-5.493585,-0.448036,2.332365,0.459676,-0.378368,Identity-certain reduced-DF frame
1657,True,15,27,-6.830662,-0.795321,2.927109,0.366024,0.078151,Identity-certain reduced-DF frame
1658,True,13,37,-5.807366,-0.521493,2.946634,0.584041,-0.518236,Identity-certain reduced-DF frame
1659,True,14,33,-6.530101,-0.231463,2.951147,0.486093,-0.534772,Identity-certain reduced-DF frame
1660,True,13,38,-7.003842,-0.684376,2.693144,0.354074,0.262658,Identity-certain reduced-DF frame
1661,True,14,30,-5.761512,-0.424369,2.947944,0.867652,-0.746359,Identity-certain reduced-DF frame
1662,True,15,31,-7.469531,-0.732489,3.388129,0.423829,0.163846,Identity-certain reduced-DF frame
1663,True,15,30,-7.083656,-0.513073,3.23821,0.626265,-0.172517,Identity-certain reduced-DF frame
1664,True,13,36,-5.46982,-0.040588,2.505399,0.801533,-1.021939,Identity-certain reduced-DF frame
1665,True,12,41,-3.815156,0.017486,2.181628,0.912882,-1.606828,Identity-certain reduced-DF frame
1666,True,13,39,-5.446725,-0.456131,2.996672,0.441747,-0.711541,Identity-certain reduced-DF frame
1667,True,13,43,-6.061685,-0.352908,2.81535,0.613528,-0.452691,Identity-certain reduced-DF frame
1668,True,14,35,-7.110806,-0.274452,3.006872,0.387849,-0.208299,Identity-certain reduced-DF frame
1669,True,14,29,-5.037406,-0.422092,2.744772,0.653477,-0.986618,Identity-certain reduced-DF frame
1670,True,14,44,-8.455259,-0.645159,3.206924,0.163981,0.724948,Identity-certain reduced-DF frame
1671,True,13,40,-4.923333,-0.449635,2.499009,0.792906,-0.764168,Identity-certain reduced-DF frame
1672,True,13,44,-5.262459,-0.551339,2.473623,0.575336,-0.511932,Identity-certain reduced-DF frame
1673,True,13,40,-5.205104,-0.155832,2.545378,0.969856,-0.991077,Identity-certain reduced-DF frame
1674,True,14,25,-6.679883,-0.093788,2.795155,0.482942,-0.658087,Identity-certain reduced-DF frame
1675,True,14,32,-5.157806,-0.523427,2.652978,0.669148,-0.737192,Identity-certain reduced-DF frame
1676,True,14,41,-7.660898,-0.404415,2.639554,0.350077,0.328903,Identity-certain reduced-DF frame
1677,True,15,26,-6.343231,-0.337359,2.508999,0.292951,-0.406845,Identity-certain reduced-DF frame
1678,True,13,38,-6.21842,-0.585848,2.756513,0.64054,-0.170343,Identity-certain reduced-DF frame
1679,True,13,34,-6.139335,-0.712068,2.589992,0.655265,-0.093676,Identity-certain reduced-DF frame
1680,True,14,34,-5.16998,-0.25206,3.109362,0.742314,-1.176812,Identity-certain reduced-DF frame
1681,True,14,40,-6.022444,-0.365151,2.896461,0.535036,-0.510207,Identity-certain reduced-DF frame
1682,True,15,42,-8.833415,-0.138435,2.785241,0.168413,0.495534,Identity-certain reduced-DF frame
1683,True,13,38,-4.516995,-0.151942,3.131049,0.927063,-1.503413,Identity-certain reduced-DF frame
1684,True,13,40,-4.841661,-0.105449,2.721109,0.725827,-1.268947,Identity-certain reduced-DF frame
1685,True,14,31,-5.811035,-0.12126,3.014994,0.900832,-1.03154,Identity-certain reduced-DF frame
1686,True,14,37,-6.936968,-0.221818,2.430577,0.131782,-0.081668,Identity-certain reduced-DF frame
1687,True,13,51,-5.642244,-0.508676,2.749943,0.760392,-0.403568,Identity-certain reduced-DF frame
1688,True,14,33,-4.569689,-0.613302,3.251938,0.822784,-1.139578,Identity-certain reduced-DF frame
1689,True,13,38,-6.497145,-0.31953,2.825277,0.796268,-0.396401,Identity-certain reduced-DF frame
1690,True,13,33,-4.708417,-0.012391,2.532811,0.936899,-1.37908,Identity-certain reduced-DF frame
1691,True,12,49,-4.804593,-0.360548,2.724458,0.643288,-0.909876,Identity-certain reduced-DF frame
1692,True,18,30,-12.226305,-0.496135,2.23029,-0.565141,2.456403,Identity-certain reduced-DF frame
1693,True,14,36,-6.880397,-0.187336,2.578566,0.567923,-0.257765,Identity-certain reduced-DF frame
1694,True,14,37,-6.635897,-0.185498,2.724029,0.354893,-0.389969,Identity-certain reduced-DF frame
1695,True,14,52,-7.734989,-0.481103,2.706618,0.458534,0.485875,Identity-certain reduced-DF frame
1696,True,14,26,-5.18881,-0.141364,2.829535,0.967017,-1.303221,Identity-certain reduced-DF frame
1697,True,13,31,-4.69395,-0.299946,1.954472,0.589476,-0.915419,Identity-certain reduced-DF frame
1698,True,13,39,-4.885554,-0.416386,3.52896,0.993134,-1.219251,Identity-certain reduced-DF frame
1699,True,14,30,-6.885247,-0.180947,2.219008,0.338025,-0.209736,Identity-certain reduced-DF frame
1700,True,14,33,-4.952945,-0.440723,2.718192,0.628594,-0.951819,Identity-certain reduced-DF frame
1701,True,15,35,-7.695392,-0.1837,2.63896,0.55297,0.062022,Identity-certain reduced-DF frame
1702,True,13,38,-4.143638,-0.232495,2.966738,0.922431,-1.561274,Identity-certain reduced-DF frame
1703,True,15,28,-7.969143,-0.17542,3.019811,0.439749,-0.047883,Identity-certain reduced-DF frame
1704,True,13,40,-5.617433,-0.359961,2.423894,0.754874,-0.545622,Identity-certain reduced-DF frame
1705,True,14,32,-4.992839,-0.260435,2.864125,0.894754,-1.191268,Identity-certain reduced-DF frame
1706,True,15,30,-8.20709,-0.488886,3.092466,-0.014412,0.403458,Identity-certain reduced-DF frame
1707,True,14,26,-5.370179,-0.271078,2.00837,0.781354,-0.790008,Identity-certain reduced-DF frame
1708,True,13,46,-4.740892,-0.848589,3.766325,0.865954,-0.962995,Identity-certain reduced-DF frame
1709,True,14,26,-5.762137,0.005484,2.039114,0.494093,-0.829874,Identity-certain reduced-DF frame
1710,True,14,29,-5.645389,-0.185102,2.286657,0.670914,-0.755644,Identity-certain reduced-DF frame
1711,True,13,37,-5.725331,-0.502885,3.087759,0.749213,-0.609735,Identity-certain reduced-DF frame
1712,True,14,32,-5.511809,-0.333978,2.741607,0.656597,-0.819591,Identity-certain reduced-DF frame
1713,True,13,43,-6.018124,-0.388165,2.929234,0.534326,-0.454696,Identity-certain reduced-DF frame
1714,True,12,42,-3.756096,-0.063157,2.07203,1.072433,-1.511602,Identity-certain reduced-DF frame
1715,True,14,34,-6.006695,0.017486,2.513114,0.827035,-0.877577,Identity-certain reduced-DF frame
1716,True,13,33,-5.773259,-0.047349,2.662751,0.963252,-0.957753,Identity-certain reduced-DF frame
1717,True,14,31,-6.967305,-0.411293,2.326786,0.498231,0.05987,Identity-certain reduced-DF frame
1718,True,13,38,-5.295396,-0.474401,3.390245,0.931743,-0.938103,Identity-certain reduced-DF frame
1719,True,14,35,-5.527594,-0.589218,3.369513,0.437686,-0.757414,Identity-certain reduced-DF frame
1720,True,16,24,-8.10099,-0.312995,2.909699,0.227319,0.13552,Identity-certain reduced-DF frame
1721,True,15,27,-6.568453,-0.33377,2.524733,0.654962,-0.361529,Identity-certain reduced-DF frame
1722,True,14,32,-6.522597,-0.426449,2.857683,0.511033,-0.277947,Identity-certain reduced-DF frame
1723,True,14,32,-7.745144,-0.331084,3.277413,0.714451,-0.090499,Identity-certain reduced-DF frame
1724,True,14,32,-6.383191,-0.391679,2.882469,0.673653,-0.390163,Identity-certain reduced-DF frame
1725,True,14,35,-6.314537,-0.159561,2.883448,0.532418,-0.662037,Identity-certain reduced-DF frame
1726,True,13,41,-5.419223,-0.06732,2.670564,0.992343,-1.0399,Identity-certain reduced-DF frame
1727,True,15,28,-7.354462,-0.128201,2.940477,0.495113,-0.321483,Identity-certain reduced-DF frame
1728,True,12,47,-4.779327,-0.231854,2.73928,0.645854,-1.066778,Identity-certain reduced-DF frame
1729,True,16,31,-8.936101,-0.221363,3.543894,0.365577,0.248461,Identity-certain reduced-DF frame
1730,True,14,31,-5.111801,-0.222446,2.377372,0.772363,-0.995409,Identity-certain reduced-DF frame
1731,True,14,38,-5.748703,-0.328031,3.014921,0.915361,-0.755997,Identity-certain reduced-DF frame
1732,True,13,43,-4.883765,-0.387737,2.624736,0.514549,-0.836349,Identity-certain reduced-DF frame
1733,True,13,37,-5.505782,-0.07113,2.505461,0.531795,-0.909761,Identity-certain reduced-DF frame
1734,True,14,31,-6.378111,-0.170564,2.986675,0.656977,-0.685775,Identity-certain reduced-DF frame
1735,True,13,30,-4.648681,-0.342985,2.533723,0.987216,-1.164136,Identity-certain reduced-DF frame
1736,True,15,43,-11.037087,-0.272034,2.86925,-0.236849,1.633597,Identity-certain reduced-DF frame
1737,True,15,29,-7.93064,-0.207486,2.979187,0.266788,0.010904,Identity-certain reduced-DF frame
1738,True,14,32,-6.300871,-0.64782,2.56596,0.535051,-0.087324,Identity-certain reduced-DF frame
1739,True,14,30,-6.919108,-0.630074,3.338381,0.496322,-0.122911,Identity-certain reduced-DF frame
1740,True,14,36,-6.181901,-0.263981,2.764664,0.830628,-0.576605,Identity-certain reduced-DF frame
1741,True,15,31,-7.300027,-0.515633,2.74803,0.426484,0.159261,Identity-certain reduced-DF frame
1742,True,13,32,-6.144885,-0.505655,2.709014,0.574339,-0.318261,Identity-certain reduced-DF frame
1743,True,15,36,-7.396137,-0.364912,3.204754,0.285286,-0.046553,Identity-certain reduced-DF frame
1744,True,14,36,-4.573188,-0.350806,2.944475,1.103879,-1.281373,Identity-certain reduced-DF frame
1745,True,14,32,-4.898371,-0.328147,3.381077,1.295842,-1.41582,Identity-certain reduced-DF frame
1746,True,16,32,-11.146381,-0.244947,2.730509,-0.619199,1.59029,Identity-certain reduced-DF frame
1747,True,14,29,-4.276116,-0.212579,2.691146,0.894281,-1.494602,Identity-certain reduced-DF frame
1748,True,14,35,-6.534155,-0.417455,2.452582,0.707377,-0.168835,Identity-certain reduced-DF frame
1749,True,13,39,-5.166285,-0.79607,3.177823,0.729156,-0.606509,Identity-certain reduced-DF frame
1750,True,15,26,-7.386607,-0.261145,3.172406,0.49497,-0.295119,Identity-certain reduced-DF frame
1751,True,13,43,-5.567341,-0.035293,3.203949,0.944341,-1.150982,Identity-certain reduced-DF frame
1752,True,14,31,-6.384107,-0.440325,2.676828,0.605302,-0.311983,Identity-certain reduced-DF frame
1753,True,13,32,-4.468097,-0.25501,3.112498,0.84548,-1.513097,Identity-certain reduced-DF frame
1754,True,13,33,-5.401118,-0.107482,2.300578,0.814038,-0.94058,Identity-certain reduced-DF frame
1755,True,14,30,-6.740435,-0.515114,2.010854,0.453558,0.16172,Identity-certain reduced-DF frame
1756,True,14,28,-5.76067,-0.691098,2.422359,0.671539,-0.293505,Identity-certain reduced-DF frame
1757,True,13,46,-5.850478,-0.417502,2.739095,0.352142,-0.45844,Identity-certain reduced-DF frame
1758,True,13,33,-4.904721,0.1398,2.897086,1.138357,-1.704287,Identity-certain reduced-DF frame
1759,True,14,32,-5.344538,-0.686393,3.055153,0.707746,-0.656408,Identity-certain reduced-DF frame
1760,True,13,28,-5.065359,0.086924,2.148164,0.791106,-1.292726,Identity-certain reduced-DF frame
1761,True,13,34,-4.83886,-0.507587,2.802564,0.783263,-0.920443,Identity-certain reduced-DF frame
1762,True,13,38,-6.682353,-0.514029,3.014846,0.641458,-0.185665,Identity-certain reduced-DF frame
1763,True,14,35,-6.324625,-0.799418,3.379208,0.800164,-0.220568,Identity-certain reduced-DF frame
1764,True,12,47,-4.41449,-0.30199,2.388949,0.827863,-1.00575,Identity-certain reduced-DF frame
1765,True,14,37,-5.815436,-0.626746,3.603447,0.812069,-0.672477,Identity-certain reduced-DF frame
1766,True,13,39,-4.648151,-0.188247,2.358228,0.711143,-1.143625,Identity-certain reduced-DF frame
1767,True,14,28,-3.486182,-0.479616,3.054804,1.165363,-1.773815,Identity-certain reduced-DF frame
1768,True,15,40,-8.363983,-0.418027,3.19644,0.401371,0.406189,Identity-certain reduced-DF frame
1769,True,14,41,-6.87124,-0.390643,2.992085,0.811898,-0.193621,Identity-certain reduced-DF frame
1770,True,14,36,-5.574479,-0.06281,2.415417,0.95524,-0.905413,Identity-certain reduced-DF frame
1771,True,15,26,-5.396022,-0.387894,2.806047,0.706407,-0.898629,Identity-certain reduced-DF frame
1772,True,14,25,-5.213003,-0.563168,2.390309,0.748811,-0.718889,Identity-certain reduced-DF frame
1773,True,13,40,-4.983371,-0.341569,2.978513,0.815783,-1.050606,Identity-certain reduced-DF frame
1774,True,13,37,-5.522148,-0.479534,2.824289,0.905449,-0.656675,Identity-certain reduced-DF frame
1775,True,14,30,-6.188554,-0.9095,3.379632,0.560881,-0.200193,Identity-certain reduced-DF frame
1776,True,14,43,-7.033034,-0.522493,2.876859,0.258299,0.141101,Identity-certain reduced-DF frame
1777,True,13,38,-5.075924,0.167211,2.486058,0.920551,-1.3832,Identity-certain reduced-DF frame
1778,True,13,39,-5.058798,-0.241931,3.172835,0.954472,-1.220396,Identity-certain reduced-DF frame
1779,True,16,37,-11.63853,-0.219673,3.316722,0.091799,1.505297,Identity-certain reduced-DF frame
1780,True,14,31,-4.846567,-0.366485,3.072029,0.925994,-1.252404,Identity-certain reduced-DF frame
1781,True,14,40,-5.414692,-0.874155,3.625267,0.699413,-0.605764,Identity-certain reduced-DF frame
1782,True,15,41,-9.061489,-0.526722,3.293765,0.526027,0.75015,Identity-certain reduced-DF frame
1783,True,14,30,-5.642074,-0.572843,2.848123,0.752306,-0.594146,Identity-certain reduced-DF frame
1784,True,15,33,-7.990518,-0.605414,3.316497,0.263547,0.374991,Identity-certain reduced-DF frame
1785,True,14,33,-5.967916,-0.109872,2.799098,0.690166,-0.841458,Identity-certain reduced-DF frame
1786,True,14,35,-6.756056,-0.41535,2.722994,0.487734,-0.159588,Identity-certain reduced-DF frame
1787,True,13,38,-5.786791,0.120842,2.383871,0.711086,-0.943173,Identity-certain reduced-DF frame
1788,True,14,35,-4.999036,-0.515047,3.310926,0.972271,-1.064964,Identity-certain reduced-DF frame
1789,True,14,36,-6.38113,-0.447421,3.701582,0.883834,-0.636677,Identity-certain reduced-DF frame
1790,True,13,41,-5.677641,-0.367547,2.852938,0.739762,-0.621858,Identity-certain reduced-DF frame
1791,True,14,30,-5.339982,-0.313279,2.879085,0.934594,-0.980705,Identity-certain reduced-DF frame
1792,True,15,34,-6.709404,-0.365501,3.074795,0.586323,-0.335689,Identity-certain reduced-DF frame
1793,True,13,41,-5.036624,-0.415209,2.812176,0.618854,-0.919129,Identity-certain reduced-DF frame
1794,True,14,26,-5.749193,-0.462503,3.006757,0.814021,-0.755086,Identity-certain reduced-DF frame
1795,True,16,32,-8.744274,0.077189,2.614995,0.202624,0.217773,Identity-certain reduced-DF frame
1796,True,14,38,-5.952328,0.047943,3.14451,0.609494,-1.190672,Identity-certain reduced-DF frame
1797,True,14,35,-6.520734,-0.663056,2.825374,0.483613,-0.01945,Identity-certain reduced-DF frame
1798,True,15,27,-5.631149,-0.285185,3.877332,1.33394,-1.426252,Identity-certain reduced-DF frame
1799,True,13,39,-4.956926,-0.387815,2.867511,0.853225,-0.976104,Identity-certain reduced-DF frame
1800,True,15,32,-8.399292,-0.528609,2.929674,0.048737,0.621637,Identity-certain reduced-DF frame
1801,True,13,39,-5.143138,-0.541253,3.051366,0.765273,-0.826045,Identity-certain reduced-DF frame
1802,True,13,28,-5.337858,0.010342,2.05632,0.558324,-1.016317,Identity-certain reduced-DF frame
1803,True,14,29,-5.892275,-0.453931,2.332858,0.598549,-0.418877,Identity-certain reduced-DF frame
1804,True,14,36,-6.323589,-0.645673,3.177067,0.623815,-0.250723,Identity-certain reduced-DF frame
1805,True,14,31,-5.408315,-0.444487,2.895247,0.538821,-0.853091,Identity-certain reduced-DF frame
1806,True,14,35,-6.403959,-0.318415,2.788014,0.618736,-0.401265,Identity-certain reduced-DF frame
1807,True,13,32,-5.141132,-0.65501,2.357493,0.557125,-0.514627,Identity-certain reduced-DF frame
1808,True,13,45,-5.341721,-0.731735,3.03219,0.813825,-0.462718,Identity-certain reduced-DF frame
1809,True,13,38,-6.968456,-0.572576,2.71967,0.354096,0.157053,Identity-certain reduced-DF frame
1810,True,13,41,-6.023961,-0.398552,2.696064,0.795439,-0.431244,Identity-certain reduced-DF frame
1811,True,13,41,-5.481057,-0.553636,3.290823,1.159073,-0.801432,Identity-certain reduced-DF frame
1812,True,16,24,-7.677098,-0.15402,2.670601,0.592419,-0.115188,Identity-certain reduced-DF frame
1813,True,13,48,-5.615987,-0.257751,3.187635,0.524159,-0.817609,Identity-certain reduced-DF frame
1814,True,13,30,-5.700272,-0.216953,2.34589,0.784095,-0.721454,Identity-certain reduced-DF frame
1815,True,16,23,-6.047768,-0.360859,2.978274,0.64262,-0.79806,Identity-certain reduced-DF frame
1816,True,14,35,-5.263195,-0.341289,2.079617,1.018529,-0.690262,Identity-certain reduced-DF frame
1817,True,14,29,-5.380657,-0.758278,3.436836,0.87589,-0.817665,Identity-certain reduced-DF frame
1818,True,13,36,-6.036156,-0.773687,3.121256,0.482929,-0.236767,Identity-certain reduced-DF frame
1819,True,14,28,-5.874754,-0.301955,2.571509,0.708971,-0.668308,Identity-certain reduced-DF frame
1820,True,14,31,-5.065883,-0.238746,2.663581,0.838845,-1.095385,Identity-certain reduced-DF frame
1821,True,14,43,-7.03129,-0.398566,2.636212,0.247292,0.084046,Identity-certain reduced-DF frame
1822,True,14,32,-6.243926,-0.406969,2.959394,0.576821,-0.496779,Identity-certain reduced-DF frame
1823,True,15,27,-6.387078,-0.450372,2.701616,0.634466,-0.358932,Identity-certain reduced-DF frame
1824,True,13,41,-5.774328,-0.335074,2.468986,0.368647,-0.492234,Identity-certain reduced-DF frame
1825,True,14,41,-7.566601,-0.574944,3.445777,0.379877,0.138362,Identity-certain reduced-DF frame
1826,True,13,39,-6.250157,-0.715624,2.742655,0.690905,-0.041003,Identity-certain reduced-DF frame
1827,True,14,40,-7.593952,-0.804805,2.804914,0.362937,0.627784,Identity-certain reduced-DF frame
1828,True,14,38,-7.114522,-0.038008,2.514457,0.475646,-0.256507,Identity-certain reduced-DF frame
1829,True,13,39,-6.580791,-0.658742,2.937634,0.684833,-0.011465,Identity-certain reduced-DF frame
1830,True,15,22,-5.870095,-0.139223,2.299879,0.646807,-0.828373,Identity-certain reduced-DF frame
1831,True,14,35,-7.239072,-0.017298,2.779171,0.524483,-0.354699,Identity-certain reduced-DF frame
1832,True,12,49,-4.16121,-0.535135,2.656732,0.869939,-1.043469,Identity-certain reduced-DF frame
1833,True,14,41,-8.52876,-0.505793,3.355515,0.384923,0.554173,Identity-certain reduced-DF frame
1834,True,14,42,-7.22764,-0.320145,2.66737,0.628663,0.063325,Identity-certain reduced-DF frame
1835,True,15,31,-8.471745,-0.89237,3.066316,0.073231,0.919581,Identity-certain reduced-DF frame
1836,True,13,39,-5.513112,-0.211983,2.563713,0.765681,-0.783606,Identity-certain reduced-DF frame
1837,True,14,32,-6.613899,0.078151,2.747873,0.623446,-0.742899,Identity-certain reduced-DF frame
1838,True,15,32,-6.970342,-0.199475,3.437039,0.740907,-0.555712,Identity-certain reduced-DF frame
1839,True,14,32,-6.252781,-0.270516,3.082126,0.839358,-0.698971,Identity-certain reduced-DF frame
1840,True,13,49,-5.275188,-0.527327,2.807808,0.752905,-0.558978,Identity-certain reduced-DF frame
1841,True,14,28,-5.98565,-0.34207,2.736032,0.812448,-0.661731,Identity-certain reduced-DF frame
1842,True,13,39,-5.376046,-0.062623,2.911247,1.071764,-1.179275,Identity-certain reduced-DF frame
1843,True,14,33,-6.084803,-0.549569,3.187103,0.898464,-0.495613,Identity-certain reduced-DF frame
1844,True,13,36,-4.631746,-0.071748,1.916045,0.916749,-1.140743,Identity-certain reduced-DF frame
1845,True,13,36,-4.821253,-0.24557,2.268188,0.628053,-0.946428,Identity-certain reduced-DF frame
1846,True,14,27,-5.887187,-0.366796,2.760088,0.866472,-0.713946,Identity-certain reduced-DF frame
1847,True,14,40,-8.057444,-0.691309,2.644592,-0.007926,0.83035,Identity-certain reduced-DF frame
1848,True,15,34,-7.082161,-0.433327,3.34837,0.389899,-0.2252,Identity-certain reduced-DF frame
1849,True,13,33,-4.255859,-0.295276,2.746709,0.970974,-1.402112,Identity-certain reduced-DF frame
1850,True,13,39,-6.273634,-0.36206,3.276682,0.812064,-0.62257,Identity-certain reduced-DF frame
1851,True,13,46,-6.151942,-0.611063,3.130697,0.865762,-0.314875,Identity-certain reduced-DF frame
1852,True,14,42,-6.716551,-0.575451,3.418787,0.824599,-0.263954,Identity-certain reduced-DF frame
1853,True,14,31,-4.837552,-0.309346,2.622644,0.984857,-1.112451,Identity-certain reduced-DF frame
1854,True,14,30,-6.279113,-0.732443,3.130076,0.68527,-0.285007,Identity-certain reduced-DF frame
1855,True,15,29,-7.046292,-0.868478,3.090625,0.442461,0.187825,Identity-certain reduced-DF frame
1856,True,13,46,-4.957535,-0.500046,2.721174,0.852053,-0.757099,Identity-certain reduced-DF frame
1857,True,16,23,-8.946892,-0.285906,3.063959,0.290141,0.377576,Identity-certain reduced-DF frame
1858,True,15,30,-6.481236,-0.383413,3.157792,0.665849,-0.542145,Identity-certain reduced-DF frame
1859,True,14,33,-5.282278,-0.675795,3.347183,0.746433,-0.786996,Identity-certain reduced-DF frame
1860,True,14,39,-5.857398,-0.32877,3.154211,0.713491,-0.712839,Identity-certain reduced-DF frame
1861,True,13,36,-5.236333,-0.580312,2.985092,0.745446,-0.730466,Identity-certain reduced-DF frame
1862,True,13,36,-6.035866,-0.145732,2.617737,0.826783,-0.716736,Identity-certain reduced-DF frame
1863,True,15,26,-5.148377,-0.233146,3.06728,0.72224,-1.304007,Identity-certain reduced-DF frame
1864,True,14,34,-5.207189,-0.39086,2.668863,0.695814,-0.827662,Identity-certain reduced-DF frame
1865,True,15,38,-8.010637,-0.097972,2.276135,0.577384,0.207766,Identity-certain reduced-DF frame
1866,True,14,33,-6.240925,-0.308169,2.438164,0.650404,-0.369955,Identity-certain reduced-DF frame
1867,True,13,47,-4.702109,-0.569879,3.237001,0.796935,-0.992806,Identity-certain reduced-DF frame
1868,True,14,31,-6.457761,-0.65673,2.69615,0.31712,-0.075366,Identity-certain reduced-DF frame
1869,True,14,30,-5.196673,-0.536295,2.828062,0.84584,-0.801306,Identity-certain reduced-DF frame
1870,True,14,25,-5.435795,-0.314852,3.07158,0.961754,-1.102547,Identity-certain reduced-DF frame
1871,True,16,33,-9.575936,-0.342159,3.074401,0.039565,0.865232,Identity-certain reduced-DF frame
1872,True,14,40,-7.647387,-0.30368,3.01942,0.794693,0.047562,Identity-certain reduced-DF frame
1873,True,15,34,-7.248465,-0.164286,3.215709,0.759578,-0.394505,Identity-certain reduced-DF frame
1874,True,13,32,-5.000224,-0.352137,2.756615,0.665325,-0.992837,Identity-certain reduced-DF frame
1875,True,15,28,-7.584151,-0.189541,2.393912,0.006245,0.053476,Identity-certain reduced-DF frame
1876,True,15,36,-8.137113,-0.412662,2.763953,0.326789,0.461023,Identity-certain reduced-DF frame
1877,True,15,30,-7.794594,-0.507623,2.743794,0.336868,0.324537,Identity-certain reduced-DF frame
1878,True,13,38,-4.49384,-0.190076,2.323722,0.686684,-1.187491,Identity-certain reduced-DF frame
1879,True,13,39,-5.895145,-0.588514,3.52097,0.82281,-0.629887,Identity-certain reduced-DF frame
1880,True,15,32,-7.135469,-0.329124,2.982823,0.481214,-0.206947,Identity-certain reduced-DF frame
1881,True,15,20,-5.897075,-0.225201,2.673773,0.922327,-0.931492,Identity-certain reduced-DF frame
1882,True,13,41,-5.649032,-0.335953,2.681853,0.548433,-0.618197,Identity-certain reduced-DF frame
1883,True,13,35,-4.685762,-0.653852,2.966447,0.897845,-0.917001,Identity-certain reduced-DF frame
1884,True,15,38,-10.335667,-0.189284,3.05089,-0.148079,1.086106,Identity-certain reduced-DF frame
1885,True,14,34,-5.732502,-0.352103,2.785815,0.949968,-0.748616,Identity-certain reduced-DF frame
1886,True,13,39,-5.995278,-0.335543,2.558827,0.401439,-0.412069,Identity-certain reduced-DF frame
1887,True,15,27,-6.155571,-0.636529,2.857484,0.446131,-0.340837,Identity-certain reduced-DF frame
1888,True,15,38,-9.574131,-0.345542,2.539771,0.202051,1.066523,Identity-certain reduced-DF frame
1889,True,14,38,-5.981892,-0.525792,2.732563,0.635266,-0.349473,Identity-certain reduced-DF frame
1890,True,13,38,-5.40957,-0.327864,3.109504,0.712446,-0.924101,Identity-certain reduced-DF frame
1891,True,15,27,-6.924717,-0.525777,2.811408,0.431715,-0.09496,Identity-certain reduced-DF frame
1892,True,13,42,-7.384862,-0.562407,2.612673,0.23176,0.403557,Identity-certain reduced-DF frame
1893,True,15,32,-7.531338,-0.354609,2.890564,0.394391,0.031215,Identity-certain reduced-DF frame
1894,True,13,39,-4.387265,-0.3616,2.708834,1.142393,-1.215717,Identity-certain reduced-DF frame
1895,True,13,31,-4.211661,-0.20985,2.685505,1.181549,-1.520359,Identity-certain reduced-DF frame
1896,True,15,24,-7.081217,-0.721183,2.536111,0.113266,0.212215,Identity-certain reduced-DF frame
1897,True,13,56,-5.986185,-0.238813,2.435619,0.566826,-0.362393,Identity-certain reduced-DF frame
1898,True,15,34,-7.922734,-0.521224,2.858611,0.049652,0.440849,Identity-certain reduced-DF frame
1899,True,16,26,-7.828577,-0.741854,3.509051,0.517454,0.212849,Identity-certain reduced-DF frame
1900,True,15,31,-7.763479,-0.416721,3.436817,0.505234,0.008636,Identity-certain reduced-DF frame
1901,True,13,38,-5.720282,-0.349018,2.796932,0.861337,-0.671499,Identity-certain reduced-DF frame
1902,True,15,29,-7.952821,-0.29811,2.035766,0.284735,0.450022,Identity-certain reduced-DF frame
1903,True,15,31,-7.274409,-0.948652,4.420201,0.666098,-0.164445,Identity-certain reduced-DF frame
1904,True,13,32,-5.585822,-0.089378,2.495447,0.639282,-0.922916,Identity-certain reduced-DF frame
1905,True,13,32,-5.239697,-0.300514,2.442327,0.613432,-0.841999,Identity-certain reduced-DF frame
1906,True,13,39,-5.324603,-0.215704,2.465477,0.903836,-0.835554,Identity-certain reduced-DF frame
1907,True,14,43,-6.359318,-0.519338,2.958124,0.369753,-0.224296,Identity-certain reduced-DF frame
1908,True,15,28,-6.09137,-0.09211,2.885607,0.728325,-0.902741,Identity-certain reduced-DF frame
1909,True,13,41,-4.488546,-0.298944,3.476118,0.907151,-1.495839,Identity-certain reduced-DF frame
1910,True,13,44,-6.44956,-0.146997,2.83742,0.735055,-0.522089,Identity-certain reduced-DF frame
1911,True,13,36,-5.749583,-0.052495,3.113247,0.866366,-1.113232,Identity-certain reduced-DF frame
1912,True,14,30,-7.389823,-0.6059,3.904678,0.859706,-0.261286,Identity-certain reduced-DF frame
1913,True,15,38,-7.990227,-0.420559,3.244958,0.379461,0.252608,Identity-certain reduced-DF frame
1914,True,14,34,-6.959142,-0.499785,2.682954,0.24815,0.035653,Identity-certain reduced-DF frame
1915,True,14,30,-4.854199,-0.144249,2.993161,1.2726,-1.504637,Identity-certain reduced-DF frame
1916,True,16,35,-10.311478,-0.337099,2.910844,0.059146,1.241197,Identity-certain reduced-DF frame
1917,True,14,39,-5.666495,-0.678498,2.823602,0.437543,-0.356343,Identity-certain reduced-DF frame
1918,True,16,27,-10.280141,-0.802108,3.596136,-0.092773,1.308722,Identity-certain reduced-DF frame
1919,True,15,30,-8.024623,-0.549249,3.067857,0.520907,0.381832,Identity-certain reduced-DF frame
1920,True,12,48,-5.182789,-0.409652,2.250136,0.549375,-0.521034,Identity-certain reduced-DF frame
1921,True,15,26,-6.989719,-0.321588,2.869958,0.432091,-0.306581,Identity-certain reduced-DF frame
1922,True,13,33,-4.553927,-0.290112,2.260301,0.662427,-1.064976,Identity-certain reduced-DF frame
1923,True,14,34,-5.418131,-0.113344,2.515554,0.800608,-0.995793,Identity-certain reduced-DF frame
1924,True,14,30,-5.976849,-0.565794,2.94832,0.954596,-0.516182,Identity-certain reduced-DF frame
1925,True,14,31,-6.651732,-0.081974,2.80364,0.855316,-0.605721,Identity-certain reduced-DF frame
1926,True,14,34,-6.542361,-0.733423,2.85257,0.544887,-0.012954,Identity-certain reduced-DF frame
1927,True,14,33,-6.585668,-0.019319,3.464631,0.773644,-0.937968,Identity-certain reduced-DF frame
1928,True,13,42,-5.207708,-0.480574,2.810706,0.746152,-0.727749,Identity-certain reduced-DF frame
1929,True,14,31,-5.266254,-0.234384,2.219597,0.76535,-0.830907,Identity-certain reduced-DF frame
1930,True,13,34,-4.490978,-0.390117,2.589618,0.91411,-1.15158,Identity-certain reduced-DF frame
1931,True,13,39,-5.081791,-0.457414,3.213565,0.678187,-1.028078,Identity-certain reduced-DF frame
1932,True,14,38,-4.629446,-0.49822,3.626758,0.933825,-1.340912,Identity-certain reduced-DF frame
1933,True,14,30,-6.015987,-0.424654,2.82634,0.701498,-0.517313,Identity-certain reduced-DF frame
1934,True,13,41,-6.344368,-0.162554,2.706194,0.512013,-0.493349,Identity-certain reduced-DF frame
1935,True,13,34,-4.903395,0.113637,2.277929,1.068482,-1.407249,Identity-certain reduced-DF frame
1936,True,13,37,-6.439991,-0.353394,2.606991,0.609976,-0.270069,Identity-certain reduced-DF frame
1937,True,13,46,-6.407451,-0.472293,3.237786,0.84335,-0.355743,Identity-certain reduced-DF frame
1938,True,13,34,-4.391756,-0.514815,2.614035,0.90134,-1.051938,Identity-certain reduced-DF frame
1939,True,14,32,-4.85739,-0.443543,2.512033,0.776141,-0.932111,Identity-certain reduced-DF frame
1940,True,14,35,-6.17013,-0.297335,2.705961,0.890454,-0.556256,Identity-certain reduced-DF frame
1941,True,13,42,-5.683151,-0.716982,2.46242,0.44231,-0.140968,Identity-certain reduced-DF frame
1942,True,15,31,-8.847281,-0.506399,3.16485,0.090388,0.645435,Identity-certain reduced-DF frame
1943,True,14,29,-6.932254,-0.288859,2.239771,0.460462,-0.086423,Identity-certain reduced-DF frame
1944,True,14,37,-6.2298,-0.167241,2.488799,0.762272,-0.525729,Identity-certain reduced-DF frame
1945,True,13,37,-5.576271,-0.739587,3.11538,0.72272,-0.477896,Identity-certain reduced-DF frame
1946,True,15,29,-7.96077,-0.267218,2.032276,0.371054,0.430215,Identity-certain reduced-DF frame
1947,True,14,31,-6.768436,-0.587714,3.074181,0.399638,-0.137313,Identity-certain reduced-DF frame
1948,True,14,41,-8.162113,-0.6018,2.647928,0.281549,0.736455,Identity-certain reduced-DF frame
1949,True,16,34,-10.468523,-0.077921,2.795617,0.137712,1.066621,Identity-certain reduced-DF frame
1950,True,14,32,-7.012154,-0.559912,2.526869,0.448157,0.152005,Identity-certain reduced-DF frame
1951,True,14,32,-6.716048,-0.306118,3.061149,0.657057,-0.42586,Identity-certain reduced-DF frame
1952,True,13,44,-4.510064,-0.247154,2.282759,0.797155,-1.042723,Identity-certain reduced-DF frame
1953,True,14,29,-6.84508,-0.274035,3.419627,0.944241,-0.598666,Identity-certain reduced-DF frame
1954,True,15,22,-6.444549,-0.442375,2.811479,0.860732,-0.500768,Identity-certain reduced-DF frame
1955,True,13,38,-6.445878,-0.055041,2.7497,0.321787,-0.603781,Identity-certain reduced-DF frame
1956,True,14,43,-6.993612,-0.68873,3.261711,0.664703,0.076587,Identity-certain reduced-DF frame
1957,True,13,32,-4.732613,-0.291662,2.150933,0.591895,-0.945991,Identity-certain reduced-DF frame
1958,True,14,30,-7.278375,-0.524426,3.161777,0.363543,-0.031969,Identity-certain reduced-DF frame
1959,True,14,26,-5.082957,-0.179109,2.35309,0.648595,-1.112192,Identity-certain reduced-DF frame
1960,True,13,40,-6.364841,-0.426533,2.742716,0.660759,-0.260548,Identity-certain reduced-DF frame
1961,True,14,37,-7.004128,-0.477327,2.643968,0.374136,0.121392,Identity-certain reduced-DF frame
1962,True,13,44,-5.408075,0.065111,2.702222,0.963218,-1.125228,Identity-certain reduced-DF frame
1963,True,13,41,-6.042054,-0.286443,2.601641,0.516865,-0.485189,Identity-certain reduced-DF frame
1964,True,16,34,-9.740099,-0.200116,2.641618,-0.114425,0.994742,Identity-certain reduced-DF frame
1965,True,13,40,-5.445227,-0.483772,2.734454,0.74452,-0.63873,Identity-certain reduced-DF frame
1966,True,13,40,-4.466861,-0.365012,3.179022,1.034806,-1.357251,Identity-certain reduced-DF frame
1967,True,15,32,-8.455958,-0.7188,3.417473,0.089308,0.619324,Identity-certain reduced-DF frame
1968,True,14,25,-4.568196,-0.517381,2.928974,0.633681,-1.255783,Identity-certain reduced-DF frame
1969,True,15,31,-6.395912,-0.28767,3.048615,0.542382,-0.56149,Identity-certain reduced-DF frame
1970,True,14,37,-6.845566,-0.588038,1.982477,0.478203,0.321325,Identity-certain reduced-DF frame
1971,True,13,37,-5.205133,-0.396919,3.098675,0.935865,-0.98827,Identity-certain reduced-DF frame
1972,True,14,31,-5.863291,-0.360421,2.968306,0.83403,-0.753155,Identity-certain reduced-DF frame
1973,True,13,37,-5.665611,-0.512761,2.950457,0.585204,-0.607105,Identity-certain reduced-DF frame
1974,True,14,33,-6.040615,-0.317493,2.714787,0.896732,-0.60719,Identity-certain reduced-DF frame
1975,True,13,38,-5.027314,-0.139774,2.40166,0.861477,-1.02238,Identity-certain reduced-DF frame
1976,True,14,36,-7.13662,-0.389118,1.747325,0.160863,0.362407,Identity-certain reduced-DF frame
1977,True,15,33,-7.2484,-0.14898,2.297223,0.611296,-0.091662,Identity-certain reduced-DF frame
1978,True,16,26,-7.245149,-0.581589,2.890098,0.683451,0.002745,Identity-certain reduced-DF frame
1979,True,14,37,-6.98369,-0.213347,2.68926,0.376391,-0.204036,Identity-certain reduced-DF frame
1980,True,13,36,-5.614106,-0.333026,2.815033,0.860275,-0.760665,Identity-certain reduced-DF frame
1981,True,14,34,-6.516056,-0.204739,2.869335,0.330201,-0.479533,Identity-certain reduced-DF frame
1982,True,13,39,-5.417954,-0.274431,2.393247,0.628529,-0.652362,Identity-certain reduced-DF frame
1983,True,13,43,-4.929947,-0.421509,2.026339,1.04946,-0.678445,Identity-certain reduced-DF frame
1984,True,15,27,-6.272583,-0.586632,2.819435,0.510256,-0.332844,Identity-certain reduced-DF frame
1985,True,13,39,-5.764052,-0.255791,2.977787,1.135993,-0.876245,Identity-certain reduced-DF frame
1986,True,14,39,-6.60501,-0.469722,2.081335,0.481631,0.119029,Identity-certain reduced-DF frame
1987,True,14,39,-6.965718,-0.369069,2.711499,0.511641,-0.064592,Identity-certain reduced-DF frame
1988,True,14,37,-6.358411,-0.28253,2.81194,0.568867,-0.440255,Identity-certain reduced-DF frame
1989,True,17,38,-12.094662,-0.363352,2.850512,-0.267602,2.099294,Identity-certain reduced-DF frame
1990,True,16,30,-9.018588,-0.113314,2.623058,0.231535,0.520334,Identity-certain reduced-DF frame
1991,True,18,30,-13.66946,-0.431323,3.317665,-0.280213,2.511453,Identity-certain reduced-DF frame
1992,True,15,44,-9.103613,-0.382677,2.780009,-0.030243,0.942959,Identity-certain reduced-DF frame
1993,True,13,44,-6.24296,-0.456982,2.435319,0.559477,-0.135075,Identity-certain reduced-DF frame
1994,True,14,30,-5.912024,-0.317089,2.542011,0.693206,-0.573587,Identity-certain reduced-DF frame
1995,True,13,45,-5.417729,-0.541111,3.318509,0.80862,-0.726476,Identity-certain reduced-DF frame
1996,True,14,28,-6.338109,-0.444537,2.618288,0.746603,-0.371462,Identity-certain reduced-DF frame
1997,True,14,44,-9.140546,-0.805063,2.433512,-0.225177,1.483923,Identity-certain reduced-DF frame
1998,True,15,28,-7.567632,-0.659055,2.805469,0.238732,0.350682,Identity-certain reduced-DF frame
