repetition,converged,iterations,events,const,age_10-19 yrs,age_20-29 yrs,age_30+ yrs,log_processing_capacity,calendar_FY2010-2014,calendar_FY2015-2019,calendar_FY2020-2024,duration_5-9,duration_10-14,duration_15+,model
0,True,18,44,-7.931256,-0.478458,-0.700854,-1.223717,2.926618,0.40112,1.852211,2.372628,-0.49302,-0.654438,-0.878566,broad
1,True,43,30,-7.957933,-0.764914,-1.741278,-1.556366,2.544976,0.757351,0.520954,1.325824,-0.785619,1.500149,0.826662,broad
2,True,17,27,-10.38387,0.146835,1.012272,-0.236744,3.017552,3.98888,4.686838,5.022589,-2.859785,-2.593869,-3.382667,broad
3,True,15,52,-7.047348,-0.418792,-0.515345,-0.457167,2.553478,-0.544096,0.352795,1.283228,-0.516883,0.020556,-0.910755,broad
4,True,15,43,-8.915816,-0.651249,-0.608202,-1.257016,3.162477,-1.505467,-0.210928,0.86717,2.073701,2.458897,1.305417,broad
5,True,18,33,-7.521414,-2.053466,-1.587846,-2.098591,2.833233,-2.073631,0.098393,0.544804,1.147701,1.952475,0.922639,broad
6,True,17,36,-7.187672,-0.981027,-0.618261,-0.368411,2.11969,-2.141008,1.017039,1.998276,0.604471,-0.382606,-1.140956,broad
7,True,18,37,-7.734007,-2.053884,0.087295,-0.10617,2.505453,1.932038,2.563571,2.174616,-2.528667,-1.652245,-1.789554,broad
8,True,15,42,-6.318761,-2.005752,-1.159478,-0.66975,2.125822,-0.067918,1.037555,2.060349,-0.928666,-0.708355,-1.429018,broad
9,True,19,28,-8.370646,-0.632978,-0.275469,-0.770821,2.679525,-2.011843,0.89563,1.903765,1.043203,0.623784,-1.126354,broad
10,True,17,38,-7.606149,-0.395653,-1.158712,-0.631231,2.484447,-0.877093,0.688259,1.697162,0.230457,0.378909,-0.329346,broad
11,True,18,35,-8.214163,0.163984,0.131563,0.15818,2.321098,-0.860224,1.103238,1.282827,0.098251,0.059734,-0.62358,broad
12,True,17,39,-8.364307,-0.194829,0.111477,-0.152343,2.715351,-0.015742,1.747738,2.725251,-0.666742,-0.451758,-1.655624,broad
13,True,18,37,-6.71781,-1.404099,-1.729783,-2.462775,2.589588,0.415925,0.84379,0.821925,-1.565069,0.447884,0.343818,broad
14,True,18,34,-7.11505,-1.059968,-1.410454,-1.578663,2.268149,-0.566354,-0.705338,-0.273531,0.27203,1.761451,1.950166,broad
15,True,20,31,-8.414513,-0.31834,-0.181983,-0.143754,2.751207,-1.07277,0.233005,1.985844,0.102482,0.682064,-0.803601,broad
16,True,16,36,-7.46817,-1.102479,-1.022587,-0.883977,3.111055,-0.475483,1.299662,1.912573,-0.437548,-0.585651,-1.396899,broad
17,True,17,32,-6.02623,-1.731594,-1.204786,-0.595364,1.990152,-0.430493,-0.233916,-0.761508,-0.323766,0.320533,0.096031,broad
18,True,28,32,-6.089325,-2.310497,-1.588658,-1.621967,2.220324,-3.786983,-1.58449,-1.716068,0.662886,2.261444,1.894545,broad
19,True,18,31,-7.467293,-0.524428,-1.347325,-0.672002,2.617533,1.275875,1.886768,1.81256,-1.411285,-0.642197,-1.74731,broad
20,True,17,31,-7.270101,-1.113774,-1.281898,-2.057903,2.861491,-0.196227,-0.006862,-0.090086,0.054357,0.849628,1.034062,broad
21,True,21,31,-6.620807,-2.289032,-1.259649,-1.251969,2.398104,-1.531988,0.206725,-0.874799,0.334092,0.816882,0.622526,broad
22,True,23,35,-7.818678,-1.758226,-2.085528,-2.581374,3.770387,-0.780451,1.104167,1.579548,-0.898443,0.846042,0.138386,broad
23,True,15,40,-6.63552,-2.199856,-1.475661,-1.585717,2.505912,-0.744781,0.990726,1.005545,0.272811,0.43388,-0.596052,broad
24,True,15,42,-7.124127,-0.623758,-0.763383,-1.26206,2.666719,-0.390768,0.736846,1.038954,-0.132244,-0.116958,-0.423933,broad
25,True,18,19,-8.206216,-1.621772,-1.581685,-1.914096,3.444108,2.281573,2.008276,1.694926,-4.166153,-0.760721,-0.590939,broad
26,True,59,29,-8.861183,-0.684428,-0.526891,-1.17341,3.629837,0.507665,0.802937,0.491031,-1.719661,0.469629,0.518593,broad
27,True,15,38,-7.69974,-0.783256,-0.721458,-1.087245,2.313721,-0.915609,0.100762,0.649514,1.277037,1.621267,0.630281,broad
28,True,17,33,-7.561145,-1.254921,-1.197668,-1.956202,2.502485,-1.078714,-0.226582,-0.500564,1.028954,2.224257,1.810246,broad
29,True,17,38,-7.058982,-2.117383,-1.652938,-2.946046,3.204094,-0.583864,0.220002,0.052292,0.04826,1.397789,0.353943,broad
30,True,17,30,-7.037673,-1.631148,-1.816538,-1.79756,2.697137,-1.274202,-1.310004,-1.141029,0.565875,2.301592,2.297633,broad
31,True,19,33,-8.937052,0.48229,0.283762,0.115538,2.754268,-1.927044,2.011801,2.850183,-0.451407,-0.801132,-1.25621,broad
32,True,22,25,-7.808734,-1.235973,-1.062757,-3.009219,2.778627,0.50419,1.022229,0.925222,-0.273528,0.847786,-0.029745,broad
33,True,17,36,-7.812117,-1.192653,-0.682707,-1.623993,3.558828,0.59995,1.038591,1.89615,-1.214538,-0.234246,-1.593581,broad
34,True,16,37,-6.722413,-1.627515,-0.752741,-0.035311,2.286952,-0.906764,0.836203,0.501857,0.254584,-1.479639,-0.485929,broad
35,True,17,44,-7.593007,-0.949464,-1.088628,-1.427059,2.919233,0.876649,2.236875,2.863076,-2.09473,-0.704788,-1.522199,broad
36,True,20,32,-9.278032,-0.999598,0.3036,-0.245624,2.738733,-0.795869,2.193735,2.902167,0.251181,-0.051923,-1.062946,broad
37,True,19,32,-6.823962,-2.122964,-0.816587,-1.167134,2.446555,-2.50072,-0.925484,-0.492848,0.551292,1.751657,0.772655,broad
38,True,16,38,-7.458298,-0.699139,-0.424919,-0.211983,2.060125,-0.404185,0.716113,1.93761,0.47431,-0.199103,-0.88503,broad
39,True,17,48,-6.792617,-1.632726,-0.988946,-0.966041,2.880483,-2.178605,-0.139456,0.535962,0.43702,0.829206,-0.237799,broad
40,True,18,35,-6.313391,-2.393986,-1.485211,-1.848045,2.8579,-2.358246,-0.409567,0.327645,0.225703,0.764637,-0.364192,broad
41,True,18,28,-7.234226,-1.585818,-0.939265,-1.973278,3.012406,1.264393,1.158053,-0.20289,-2.9342,-0.636371,-0.001165,broad
42,True,21,22,-11.05654,1.47741,1.338153,0.539479,2.981042,3.417837,3.495718,3.640505,-3.093139,-1.23509,-2.282992,broad
43,True,15,50,-6.92726,-1.901279,-1.035701,-1.493897,2.967006,-1.054627,0.102283,0.828731,-0.219057,1.182199,-0.395676,broad
44,True,17,41,-7.076969,-1.326235,-0.604983,-0.836256,2.431855,0.231901,0.948732,1.733179,-0.582444,-0.084057,-1.107124,broad
45,True,23,39,-6.869567,-1.279328,-1.734896,-1.774691,2.877232,0.017704,0.22514,0.206673,-1.310282,0.957466,0.5886,broad
46,True,18,31,-7.597419,-0.038672,-0.968186,-0.395737,2.631073,-0.658315,-0.931133,0.694475,-0.368664,1.098176,0.011208,broad
47,True,17,33,-7.355575,-0.717748,-0.998052,-1.119135,2.379242,0.591792,1.717039,1.827794,-0.866042,-0.254011,-1.355901,broad
48,True,17,34,-6.627029,-1.531646,-1.927243,-1.793449,2.750706,-1.657338,-0.494342,0.096494,0.140085,1.171152,0.657493,broad
49,True,15,47,-7.507247,-0.362195,-0.37056,-0.405122,1.838228,2.049707,2.765153,3.558956,-2.14775,-1.45459,-2.010419,broad
50,True,18,43,-7.68501,0.069502,-0.354592,0.382555,1.899035,0.765573,1.417749,1.965273,-0.395414,-0.521934,-0.94379,broad
51,True,17,39,-6.974206,-1.657365,-1.214706,-1.299233,2.542269,0.046666,1.364018,0.89613,-0.933368,-0.090878,-0.122323,broad
52,True,17,36,-7.604586,-0.902422,-0.842226,-2.222362,2.740118,0.950168,1.813583,2.134326,-0.883325,-0.602485,-0.726781,broad
53,True,18,30,-8.580801,0.664954,1.024046,0.630638,2.407961,2.000318,2.248805,2.297361,-2.643433,-1.649755,-2.786023,broad
54,True,17,30,-8.579561,-1.1307,-0.407068,-1.086604,3.40125,0.100679,1.704128,3.309884,-0.921167,-0.573512,-2.023389,broad
55,True,18,29,-7.247412,-1.062752,-1.141371,-0.858372,2.065845,-2.020221,-0.717679,-0.107733,1.288306,2.31661,0.868611,broad
56,True,20,19,-7.766153,-1.839238,-1.874848,-2.462339,2.873745,-1.823863,-1.260005,-1.394262,1.417212,3.373778,2.379062,broad
57,True,20,27,-7.368154,-0.387669,-1.463138,-0.989883,2.871653,0.276813,0.429973,0.983662,-0.97695,-0.044599,-0.463222,broad
58,True,17,38,-6.659003,-1.287686,-1.174019,-1.083667,2.059024,0.556523,0.853931,2.014191,-1.193412,-0.046938,-1.036008,broad
59,True,16,40,-7.467142,-0.959414,-0.785345,-1.017105,2.977299,-0.536434,0.00549,1.018904,-0.312105,0.756922,-0.199212,broad
60,True,18,30,-6.563476,-1.335345,-1.568664,-1.010887,1.957276,-0.251071,0.85615,1.646271,-0.453993,-0.044188,-0.765046,broad
61,True,19,35,-7.626707,-0.748455,-0.700603,-0.792979,3.044504,0.995898,1.535958,2.305853,-1.722622,-1.194898,-1.568988,broad
62,True,28,31,-7.748942,-0.837111,-1.002905,-1.165509,2.755679,-3.257937,-1.071988,-0.531575,0.660388,2.167514,2.125415,broad
63,True,17,29,-8.090222,-0.737511,-0.219751,-0.378834,2.929206,1.628788,2.248496,2.723727,-1.660461,-1.45092,-2.988005,broad
64,True,18,34,-8.349344,-0.344544,-0.138845,-0.327424,3.157791,-1.248167,0.472252,1.33552,0.695561,0.361144,-0.855669,broad
65,True,19,33,-7.314559,-1.516213,-1.301615,-1.283351,3.167863,-1.918812,-1.133504,-1.119776,0.627048,1.161991,2.012684,broad
66,True,18,31,-8.109219,-0.364727,-0.546422,0.118646,2.290224,-0.544472,0.902007,1.037064,0.953806,0.213124,-0.27677,broad
67,True,21,24,-9.271832,0.04376,-0.559308,-0.936922,3.498551,-1.395698,1.640877,2.129331,0.493831,-0.159587,-0.59002,broad
68,True,18,33,-7.152255,-2.60394,-0.515865,-1.101477,2.486647,-1.448589,0.546961,0.027042,0.859854,0.126033,0.349794,broad
69,True,19,25,-6.716648,-1.79607,-2.038345,-2.162323,2.408993,-3.590476,-0.246821,0.588321,1.288606,1.519302,-0.022273,broad
70,True,16,41,-6.734837,-1.855972,-1.734524,-1.861498,2.703993,-2.019165,-1.003565,-0.90028,1.267338,2.132272,2.111111,broad
71,True,24,29,-7.30704,-1.357106,-1.343922,-1.439848,2.813222,0.368133,0.984389,0.843686,-0.884438,0.180224,-0.147565,broad
72,True,17,37,-8.074339,-0.311171,0.024348,-0.176226,3.05677,0.195384,0.882745,2.022348,-0.602019,-0.79427,-1.2977,broad
73,True,21,28,-6.923199,-1.566965,-1.250298,-1.654465,2.659129,-2.506107,-2.536018,-1.704629,-0.205991,3.146636,2.449683,broad
74,True,18,37,-7.629391,-0.506278,-0.763015,-1.408426,2.480084,0.471091,1.332812,1.512508,-0.277008,0.147879,-0.392756,broad
75,True,18,33,-7.338542,-1.444203,-1.302134,-1.530004,2.881066,-1.017883,-0.430484,-0.189659,-0.083457,1.409945,1.315698,broad
76,True,15,39,-7.615368,-0.63456,-0.641407,-1.147314,2.369052,2.378303,2.982568,3.262831,-2.797173,-1.698049,-1.805642,broad
77,True,18,36,-8.594359,-0.586358,-0.151421,-0.920174,2.590306,2.075966,3.314571,3.571651,-2.000967,-1.360166,-1.75585,broad
78,True,22,28,-7.994962,-1.359754,-0.654621,-1.541537,3.163851,0.476568,1.966081,0.738949,-0.73972,-0.472483,-1.17958,broad
79,True,17,37,-7.797391,-1.420288,-0.710256,-0.663058,2.69665,-0.281824,1.947947,2.572585,-0.283783,-0.310096,-1.951685,broad
80,True,21,26,-8.033229,-1.580043,-1.144282,-1.192339,2.650419,-1.822696,-0.302267,-1.020947,1.617202,2.046455,2.222063,broad
81,True,16,56,-6.429506,-1.656466,-1.61478,-1.635961,2.61783,0.683005,0.99,0.974707,-1.011278,-0.041717,0.148043,broad
82,True,24,32,-8.367714,-0.413785,0.312739,-0.088998,2.65437,0.278647,1.938394,1.937437,-0.859564,-0.626402,-1.273248,broad
83,True,17,35,-6.428482,-3.105133,-1.057059,-1.25294,2.361287,-0.969564,-0.183369,-0.547472,0.543919,0.734808,0.563728,broad
84,True,33,27,-8.615661,-0.504371,-0.622502,-1.28234,2.843699,1.138157,0.986122,1.277544,-0.570792,0.561661,0.630282,broad
85,True,19,36,-6.83236,-1.729415,-1.182571,-1.04014,2.517072,-3.145432,-1.373139,-1.153546,1.122903,2.269713,1.317862,broad
86,True,16,41,-6.937988,-0.886325,-1.397998,-1.257728,2.526394,-0.283494,1.041122,2.112107,-1.099029,-0.258242,-0.650167,broad
87,True,17,37,-8.325008,-0.479872,-0.453953,-0.946652,3.296667,-0.110803,0.566811,2.354096,-0.661215,0.835509,-1.624712,broad
88,True,18,35,-7.68651,-1.495665,-0.316319,-0.999473,2.904025,0.719043,1.596321,1.195731,-1.274986,-0.53161,-1.064347,broad
89,True,16,32,-8.625388,-1.32184,-1.203184,-1.800339,3.453534,-0.060612,0.557866,1.526859,0.617587,1.596659,-0.467131,broad
90,True,18,33,-7.222236,-1.470741,-0.94068,-1.539498,2.793413,0.316817,0.681202,0.867048,-0.700745,0.164008,-0.577427,broad
91,True,30,25,-10.803767,0.767599,1.058362,0.745936,3.251828,1.644861,4.027642,4.601435,-2.149089,-2.155934,-2.755505,broad
92,True,20,26,-9.944019,-1.296327,1.784219,1.721705,3.011164,-0.663359,2.241696,0.830687,0.011254,-1.513521,-1.467425,broad
93,True,17,42,-6.638828,-2.241308,-1.65612,-2.749161,3.275368,-1.08785,-0.932296,-0.805261,-0.480609,1.72379,1.470824,broad
94,True,19,36,-7.38654,-1.263416,-1.612555,-2.296397,3.516883,-0.050804,1.096135,1.39236,-1.027746,-0.296657,-0.141039,broad
95,True,15,38,-6.348745,-1.488947,-1.220035,-1.394858,1.862171,-0.694751,0.61147,1.393413,0.194464,0.359758,-0.51692,broad
96,True,17,39,-6.849791,-2.006308,-1.534792,-1.837489,2.829574,-1.599882,-0.67617,-0.304071,0.377356,2.00978,0.952606,broad
97,True,16,41,-7.464007,-1.667624,-1.623729,-1.883833,2.520036,-1.362098,-0.655268,-1.243247,1.650248,2.464186,3.15491,broad
98,True,19,28,-7.748361,-1.063722,-2.25172,-3.702238,3.902816,1.272937,1.071261,2.305515,-3.842132,-0.677545,-0.269491,broad
99,True,16,40,-7.123062,-1.391989,-0.993844,-0.722927,2.56825,-1.046316,0.206529,0.244745,0.393886,0.818379,0.453613,broad
100,True,16,32,-8.009066,-0.518193,-0.585413,-1.015743,2.710065,-0.306559,0.661596,1.037416,0.289639,0.607315,0.008881,broad
101,True,16,39,-6.001007,-1.91027,-1.802092,-1.652171,1.974999,-1.841709,-0.271137,0.188515,1.081728,0.875276,0.692425,broad
102,True,17,39,-7.412291,-1.764478,-1.398298,-1.700837,3.123078,-0.753837,1.517259,2.426109,-0.378938,-0.056308,-1.367323,broad
103,True,17,37,-6.890348,-1.991088,-0.974364,-1.362881,2.740608,-0.339862,0.664836,1.49554,-0.603104,-0.073722,-1.19521,broad
104,True,19,35,-6.819445,-1.105807,-1.521039,-1.7308,2.361758,-0.444396,1.155071,1.582752,-1.555623,0.071946,-0.278486,broad
105,True,15,40,-7.747139,-1.278157,-0.547247,-0.310024,2.83509,-0.248612,0.806015,1.94306,0.283495,0.088148,-1.451129,broad
106,True,18,31,-10.39929,2.221728,1.699402,1.812012,2.623089,0.066977,0.626667,3.092008,0.166758,0.561353,-2.795869,broad
107,True,20,29,-8.720939,-0.687837,-0.547946,-0.431302,3.034684,-0.76038,1.140851,0.248503,-0.571249,0.754127,0.443506,broad
108,True,18,46,-8.950266,0.663271,0.753636,-0.15849,2.985692,0.769476,1.683385,2.52382,-1.418831,-0.459521,-1.742093,broad
109,True,17,36,-7.257051,-1.771963,-0.77795,-1.77106,3.158622,-0.931128,-0.7062,0.484595,0.059616,1.132631,-0.002445,broad
110,True,18,24,-7.492704,-1.76581,-0.372005,-1.421703,2.502702,0.093204,1.31991,1.910818,-0.316628,-0.358447,-1.835702,broad
111,True,16,38,-6.848785,-1.820172,-1.102379,-1.634818,2.89512,-0.566063,0.409425,0.325918,-0.809361,0.322056,0.030647,broad
112,True,17,39,-6.674175,-1.525268,-1.417292,-1.828483,2.464327,0.749788,1.015021,0.246037,-1.06874,0.051816,0.525339,broad
113,True,18,32,-7.42525,-1.437732,-0.387458,-0.932377,2.628486,-1.147588,0.546644,0.875881,0.437514,0.107653,-0.255779,broad
114,True,17,40,-7.582739,-0.972788,-0.295453,-0.878409,2.85858,1.024883,2.00616,2.961266,-1.916638,-1.100957,-2.753991,broad
115,True,17,34,-6.926717,-2.008581,-0.904025,-1.415932,2.297481,-1.27667,0.375791,0.871693,0.697393,0.941319,-0.387033,broad
116,True,16,40,-6.794855,-1.17669,-1.318348,-1.867027,2.758574,0.219295,0.909197,1.819481,-1.023351,-0.120595,-0.965393,broad
117,True,19,28,-7.572512,-0.72218,-0.027775,0.250664,2.339364,-1.556037,0.255869,1.363687,0.695535,-0.08768,-1.770976,broad
118,True,18,26,-7.721819,-0.835754,-1.196402,-0.84508,2.144671,-0.31512,0.085761,0.659697,0.773263,1.484033,0.777804,broad
119,True,16,38,-6.391198,-2.509316,-1.982191,-1.988032,2.511679,-1.483724,-0.876424,-0.502296,0.779399,2.086498,1.190411,broad
120,True,20,33,-8.275627,-1.033445,-0.867742,-1.355873,3.304521,0.823843,0.455424,-0.058174,-0.381577,0.840453,1.207308,broad
121,True,18,31,-6.506658,-1.549885,-1.990833,-1.500565,2.156881,0.041283,0.460475,0.962852,-0.491451,0.390385,0.288446,broad
122,True,19,37,-7.473356,-1.605949,-1.207956,-1.426462,2.964961,-0.971732,1.175995,2.015542,-0.766076,0.191174,-0.86468,broad
123,True,16,36,-6.43512,-1.314041,-1.641441,-1.153181,2.096514,-0.210666,-0.204982,-0.207436,-0.094041,0.999149,0.886991,broad
124,True,14,39,-7.148625,-1.246189,-1.02709,-1.251964,2.138064,-0.446204,0.226264,0.710478,0.84723,1.078445,0.728657,broad
125,True,17,42,-7.696217,-0.721159,-1.635498,-1.659197,2.183789,-0.593896,-0.41905,-0.040804,0.814061,2.679343,2.568332,broad
126,True,16,38,-8.877221,0.134397,0.479338,0.003931,2.170828,-0.391271,2.468854,3.346063,0.518716,-0.852207,-1.574126,broad
127,True,18,34,-7.573475,-1.278936,-0.422431,-0.959631,2.58733,1.590973,2.307399,1.897536,-2.175101,-1.096232,-1.654766,broad
128,True,17,36,-8.39052,-0.191515,-0.72943,-0.960513,3.119678,-1.288818,-0.041273,1.091438,0.994315,1.364699,0.339334,broad
129,True,18,27,-7.35264,-1.373981,-1.252108,-1.884847,2.565489,-0.362648,0.440005,0.493857,0.363494,0.619286,0.829999,broad
130,True,17,32,-7.006283,-1.516288,-1.876024,-1.63996,2.378845,-1.498976,-0.428148,-0.382036,1.162026,1.789399,1.833468,broad
131,True,19,29,-7.987456,-0.346734,-0.017155,-0.619526,2.54396,-0.082678,1.554788,2.324095,-0.505675,-0.48603,-1.538813,broad
132,True,18,33,-8.450781,-0.072007,-0.18707,-0.448903,2.531147,-1.137051,-0.379554,0.135911,0.853913,1.89808,1.191908,broad
133,True,19,29,-7.444373,-1.209801,-1.031548,-1.657658,2.586597,1.079608,1.908346,1.710757,-1.783594,-0.591776,-0.649691,broad
134,True,16,38,-6.623334,-1.2645,-1.959088,-1.837908,3.071977,-0.514639,-0.936983,0.169797,-0.437008,0.71257,0.527281,broad
135,True,15,42,-6.846134,-1.434103,-1.248065,-1.582026,2.26842,-0.307571,0.606499,0.139741,0.246596,0.783501,0.818636,broad
136,True,23,29,-7.74492,-0.791692,-0.723634,-0.389696,3.076149,-1.520821,-0.421345,-0.104107,0.133032,0.282599,0.63547,broad
137,True,17,51,-7.898186,-0.216748,0.215748,-0.086926,2.769055,-0.918743,1.158471,1.428291,-0.986924,-0.223235,-1.036953,broad
138,True,22,37,-6.949572,-1.606942,-2.162144,-2.290026,2.942554,0.287724,0.637175,0.786025,-0.963561,0.369158,0.949706,broad
139,True,16,32,-6.671484,-2.137909,-1.338464,-1.156072,2.051134,-1.087162,-0.883143,-0.405959,1.405604,1.462947,1.474864,broad
140,True,20,37,-6.37812,-2.599752,-2.4406,-2.652769,2.434357,-3.998321,-1.907113,-1.137927,0.923789,3.522235,2.990746,broad
141,True,17,36,-6.267086,-2.087758,-1.5687,-1.182703,2.233711,-0.964235,0.179842,-0.063511,0.234035,0.571551,0.27014,broad
142,True,16,37,-6.580964,-1.927025,-1.394067,-1.607423,2.802442,0.221014,1.460963,1.71096,-1.188136,-0.758399,-1.218491,broad
143,True,17,36,-6.633945,-2.161396,-2.145638,-2.035687,2.404628,-1.662159,-0.894344,-1.883643,0.979381,2.479116,3.051142,broad
144,True,21,28,-8.824309,-0.924028,-0.463762,-0.859804,3.47332,-1.855089,-0.396716,0.292981,1.007672,1.453499,0.728117,broad
145,True,16,33,-7.361439,-2.135299,-0.467357,-1.677691,2.958363,2.334675,2.194973,1.753368,-3.404525,-1.549209,-1.723616,broad
146,True,18,36,-7.949531,-0.637325,-0.200113,-0.539439,2.969065,-0.667225,0.965971,2.772541,-0.241961,-0.902368,-1.705501,broad
147,True,16,30,-6.888335,-1.33897,-1.494285,-2.084067,2.732385,-0.218347,0.335353,0.857835,0.01744,0.555701,-0.408999,broad
148,True,16,26,-7.528173,-2.138753,-1.388718,-1.398744,3.274575,-0.022458,0.003306,-0.705051,-0.774815,0.378059,0.961788,broad
149,True,17,37,-7.867897,-0.950395,-0.895083,-0.320444,2.861987,-1.700739,1.348496,1.786663,0.272411,-0.243219,-0.649324,broad
150,True,16,46,-7.969913,-0.050414,-0.280998,-0.46693,2.086992,0.214762,2.025546,2.382664,0.21174,-0.586853,-0.447688,broad
151,True,24,23,-6.863674,-1.912058,-1.906292,-0.852224,1.977377,-2.927927,-0.867467,-0.19453,0.425334,2.175263,1.256982,broad
152,True,18,30,-7.999447,-0.710779,-0.191479,-0.064001,2.30646,-0.075862,1.459585,2.496179,-0.007161,-0.422272,-1.57102,broad
153,True,16,41,-6.983807,-1.374852,-1.393812,-1.457955,2.813899,-1.020254,0.249901,-0.113758,-0.121385,0.963749,0.906567,broad
154,True,32,23,-7.783458,-1.476027,-1.228834,-1.395279,2.825139,-0.104454,0.496792,0.989811,-0.912441,0.962253,0.067526,broad
155,True,19,39,-6.594547,-1.960379,-1.909356,-2.147328,2.887739,0.303488,1.178671,1.016776,-2.194921,0.163701,-0.324596,broad
156,True,17,35,-7.458134,-0.842695,-0.005837,0.144086,2.323005,1.924601,2.175012,2.273408,-2.855228,-1.641717,-2.371748,broad
157,True,19,30,-7.310003,-1.245822,-1.176439,-1.900486,3.079553,0.479694,0.613511,0.290456,-0.786735,-0.19947,0.460527,broad
158,True,17,27,-7.911613,-2.077221,-1.075475,-1.572718,2.729091,-1.694631,-0.054102,0.433106,2.010211,1.852184,0.323564,broad
159,True,14,44,-6.43151,-2.290281,-1.212482,-0.838565,2.419414,-0.793215,0.246869,-0.098596,0.155714,0.533672,-0.067527,broad
160,True,22,25,-7.445378,-1.578911,-1.320779,-1.648984,2.498572,-2.662735,0.142331,1.318601,0.544427,1.37304,0.096813,broad
161,True,17,36,-7.403081,-0.378531,-0.525818,-0.601821,2.61758,0.7503,1.171846,1.410484,-1.232951,-0.721525,-1.097871,broad
162,True,19,41,-8.864395,0.653309,0.150353,0.215319,2.370515,1.698072,2.158693,3.243673,-1.499559,-0.547575,-1.45703,broad
163,True,17,38,-6.748758,-0.956052,-0.805704,-0.078506,1.890708,-0.312197,0.265946,0.202602,-0.094774,-0.125606,0.369892,broad
164,True,17,44,-8.833961,-0.008887,-0.132241,-0.038614,2.425479,-0.612535,0.454213,0.802678,1.165011,1.763022,1.158848,broad
165,True,17,38,-7.727597,-0.972441,-0.431,-0.787953,3.331417,0.319359,1.098165,2.449026,-1.328787,-0.690171,-2.425705,broad
166,True,16,28,-7.982023,-0.007552,0.312854,-0.171676,2.136468,2.621956,2.483308,3.052699,-3.098341,-1.865644,-2.583646,broad
167,True,16,32,-6.099397,-2.843696,-2.340553,-2.16072,2.415354,-1.214656,-0.040937,-0.555323,0.489894,1.294854,0.935122,broad
168,True,15,31,-6.63519,-1.227606,-1.960352,-2.115194,2.401993,-0.859255,0.356924,0.526647,0.137714,0.589246,0.560817,broad
169,True,19,29,-7.172844,-1.130019,-1.242491,-1.884752,2.74117,-0.041591,-1.000649,-0.006228,-0.090786,1.233443,0.979876,broad
170,True,20,29,-8.40581,-0.108278,-0.218226,-0.44676,2.4789,-1.517693,1.55994,2.492476,0.499517,0.144436,-1.585244,broad
171,True,32,32,-7.461931,-0.815613,-1.630061,-1.646783,2.775451,0.450053,0.716083,0.664125,-1.299148,0.450312,0.765329,broad
172,True,17,36,-8.248353,-1.221296,-0.395387,-1.105699,2.556431,-1.655707,1.54063,2.172403,0.842275,0.543334,-0.756026,broad
173,True,17,44,-7.456852,-1.098011,-1.188094,-1.563202,2.829845,0.067418,0.719475,0.970479,-0.556675,0.776336,0.548589,broad
174,True,17,27,-7.433977,-1.178561,-0.997441,-1.108706,2.187413,-1.1692,-0.642064,0.332631,0.963462,2.171075,0.379999,broad
175,True,20,29,-7.12013,-2.171061,-1.820338,-2.047424,3.258814,-1.416024,-0.54305,-0.091672,-0.228458,1.567863,0.505597,broad
176,True,17,39,-6.939414,-1.458632,-1.672879,-1.782995,2.644856,-0.82734,0.124725,-0.14639,0.061283,1.49201,1.058285,broad
177,True,21,31,-7.056278,-2.149792,-1.229652,-1.864368,2.556357,-3.29928,-2.806705,-2.395738,0.895546,4.336025,2.802975,broad
178,True,16,31,-7.667636,-1.104861,-0.855098,-0.865175,2.29495,-1.013119,-0.074062,1.331207,1.061475,1.522656,-0.176975,broad
179,True,18,29,-10.811745,1.068504,0.958899,1.110252,2.704848,-0.63034,2.903543,3.396352,1.563614,-0.548862,-1.366411,broad
180,True,22,38,-7.393795,-1.290271,-1.577292,-2.216895,3.019545,-0.118494,1.480605,1.201403,-1.024054,-0.100582,0.44129,broad
181,True,18,34,-7.152891,-1.157503,-1.266436,-1.130041,2.002738,-1.714852,-0.38045,-0.711848,1.552912,1.93581,2.16244,broad
182,True,17,28,-6.88843,-1.417954,-0.885159,-1.455304,1.935072,-0.572149,1.147676,1.811088,-0.198809,0.108555,-1.016351,broad
183,True,16,33,-6.160369,-1.743539,-2.042074,-2.008192,2.34576,-1.973997,-1.037778,-0.685909,0.561752,1.736607,1.575217,broad
184,True,17,39,-6.572601,-1.595203,-1.924985,-1.278903,2.560471,-1.129254,-0.736233,-0.799491,-0.154019,1.803677,1.581935,broad
185,True,15,43,-7.630045,-0.491172,-0.70242,-0.583898,2.123027,-1.010606,1.118429,1.680929,0.933305,0.57883,-0.267604,broad
186,True,17,36,-7.45758,-1.288582,-1.197474,-1.626886,3.379788,0.217067,2.262049,2.813261,-1.214191,-1.393601,-2.3057,broad
187,True,19,37,-7.890591,-0.961683,-0.790723,-1.283423,2.468282,1.367515,2.17041,2.992438,-1.529619,-0.371862,-1.097748,broad
188,True,17,32,-7.379467,-1.239568,-1.041137,-1.752499,2.8482,-0.76307,0.268291,0.096078,0.225967,1.065053,0.093921,broad
189,True,18,31,-7.466557,-0.80722,-0.870327,-0.927119,2.802822,1.224842,0.906764,1.619098,-1.508993,-0.729529,-0.870087,broad
190,True,23,30,-7.838912,-1.680585,-1.430935,-2.07016,3.195648,0.123206,0.537998,1.503363,-0.773016,0.861713,0.289676,broad
191,True,18,37,-7.331773,-0.583223,-1.601128,-1.718312,3.088298,-0.005034,-0.146119,0.226323,-1.096328,0.721842,1.095262,broad
192,True,17,32,-6.508174,-1.641843,-1.129303,-0.773195,1.990961,-1.521284,0.171807,0.141445,0.654442,0.521919,-0.239483,broad
193,True,20,35,-6.970812,-1.419399,-1.22518,-1.264707,2.810522,0.266664,1.071932,0.902072,-2.240211,-0.500908,-0.265694,broad
194,True,15,34,-6.286787,-2.41676,-1.07159,-1.288107,2.142435,-0.994887,0.033194,0.952063,0.252071,0.635045,-1.021235,broad
195,True,16,39,-6.436533,-1.470753,-1.657044,-2.291817,2.526239,-0.579276,-0.038203,-0.034569,-0.182092,1.025021,0.970885,broad
196,True,16,38,-6.787426,-1.728986,-1.341848,-1.427907,2.519821,-1.197659,-0.546395,0.243486,0.299121,1.667174,0.578194,broad
197,True,16,32,-6.726147,-1.203707,-2.020354,-1.466566,2.368949,-0.925248,0.11783,0.827237,0.504543,0.677391,0.291084,broad
198,True,16,35,-7.805901,-1.046598,-1.246746,-1.604091,2.662478,-1.179686,0.666756,1.589125,1.119285,1.079978,0.158276,broad
199,True,17,52,-7.814784,-0.813694,-0.299951,-1.023599,2.531654,0.846546,1.666225,2.034159,-0.751111,-0.099219,-0.743815,broad
200,True,19,37,-8.205601,0.000399,-0.104884,0.377012,2.328516,0.028063,1.164424,1.304479,0.133575,-0.240868,-0.470974,broad
201,True,17,25,-7.424244,-2.113939,-1.655681,-1.962498,3.084841,-2.02865,0.266424,0.632334,1.107646,1.046436,0.407927,broad
202,True,16,34,-7.417533,-1.672763,-2.13209,-3.194522,2.807643,-1.684685,-1.628873,-1.481125,1.496965,3.875539,3.541642,broad
203,True,16,33,-7.507817,-0.904235,-0.685963,-1.246781,2.553704,-1.01838,0.883188,1.788954,0.989948,0.250864,-1.713111,broad
204,True,16,36,-7.599986,-0.574232,-1.274064,-0.453304,2.805332,-2.306038,-2.120834,-2.145393,0.61581,2.609409,3.032518,broad
205,True,16,33,-7.680925,-1.57496,-1.530162,-1.793135,2.505121,-1.84373,-1.161829,-0.814899,2.154779,3.345104,2.496861,broad
206,True,16,38,-6.938776,-1.113943,-1.917413,-1.808471,2.663633,-1.70494,0.094761,0.004101,-0.181285,1.224027,1.300675,broad
207,True,15,51,-7.863382,-0.681863,-0.53625,-0.750401,2.694914,-0.620375,0.716667,1.882403,0.895421,0.858868,-0.753272,broad
208,True,19,44,-6.212265,-2.281372,-2.096262,-2.122816,3.051251,-3.421861,-0.259094,-0.110503,-0.132685,1.175362,0.543657,broad
209,True,22,26,-6.719111,-1.616782,-1.830908,-2.005228,2.855201,-1.228605,-2.578204,-1.869532,0.288202,2.774229,2.264743,broad
210,True,18,32,-7.246814,-1.423564,-1.206373,-1.490248,2.739988,0.315888,0.544941,0.997969,-0.559391,0.399612,-0.162445,broad
211,True,17,29,-9.061764,-0.47826,-0.276097,-0.821396,3.250947,-0.727196,1.210124,1.544058,0.575377,0.744891,-0.904487,broad
212,True,20,34,-7.620771,-0.829799,-0.822315,-1.304883,2.63755,0.609294,1.637805,1.573696,-0.52414,-0.403794,-0.53288,broad
213,True,17,37,-6.742548,-1.443761,-1.130283,-0.933065,2.324004,-1.287595,-0.273147,-0.217476,0.563784,0.859413,0.791108,broad
214,True,16,42,-6.400377,-1.118512,-1.254472,-1.087514,2.360743,-0.764198,0.419895,0.885753,-0.243866,-0.012279,-0.241257,broad
215,True,20,37,-6.819029,-1.351018,-1.245122,-1.316874,2.793221,0.049573,0.30966,0.888738,-1.335478,0.28877,-0.607412,broad
216,True,20,41,-6.226094,-2.024331,-1.816926,-1.578643,2.235743,-3.174183,-1.755837,-2.393337,0.137023,3.172549,2.735071,broad
217,True,16,41,-5.912684,-2.119061,-2.00749,-2.552624,2.743506,-1.705709,-0.356154,0.173958,-0.029122,0.977083,0.358295,broad
218,True,19,40,-7.27681,-0.733149,-1.671925,-1.446602,2.720951,0.133714,0.119245,1.478468,-0.654002,0.890918,0.149214,broad
219,True,17,41,-8.254131,-1.242661,-1.656828,-1.907899,3.562041,-0.886355,-0.304738,-0.507615,0.292865,2.453821,1.771468,broad
220,True,19,36,-7.9357,-0.619537,-0.514767,-0.114362,2.661347,-0.418465,0.813402,1.510817,-0.582111,0.449179,-0.906528,broad
221,True,18,27,-11.386483,1.613664,2.086164,1.683337,2.968887,-0.471393,2.628186,3.863264,0.579927,-0.540558,-2.601596,broad
222,True,16,33,-6.604589,-1.2511,-1.375659,-2.114397,2.348093,-0.111497,0.306865,0.566351,-0.458228,0.432055,0.23978,broad
223,True,16,44,-7.088066,-2.172691,-0.985267,-1.526529,3.023038,-1.448568,-0.103519,0.451788,-0.369461,1.153144,0.328879,broad
224,True,19,30,-7.784032,-2.42111,-1.594428,-2.241238,3.858899,-1.127618,0.812362,1.710751,0.493715,0.142322,-1.365984,broad
225,True,17,23,-7.735581,-1.194392,-1.193046,-3.224021,2.94388,0.437904,1.188437,1.556019,-0.365066,0.158864,-0.344031,broad
226,True,20,30,-10.064708,1.013744,0.263549,0.332284,3.161529,-1.118369,0.340818,1.162953,0.624031,1.620942,0.723852,broad
227,True,15,53,-6.879047,-1.974853,-2.209829,-2.154788,2.818162,-1.164785,-0.640542,-0.644595,0.943019,2.467478,2.484669,broad
228,True,18,35,-7.033093,-1.699373,-2.949518,-2.639797,3.239611,-1.817511,-0.17917,-0.372311,-0.037393,1.719052,2.191196,broad
229,True,19,28,-8.063239,-1.28963,-1.033653,-1.16283,3.003148,0.967434,2.026331,2.416231,-0.906453,-0.75427,-1.065492,broad
230,True,20,36,-9.717318,1.20547,0.893991,0.730789,2.331438,-0.657653,0.959902,1.838156,0.62893,0.858838,0.196759,broad
231,True,16,40,-7.367973,-0.999878,-0.79087,-0.88905,2.584431,-2.02634,-0.622684,0.337688,0.644177,1.739981,0.676215,broad
232,True,15,39,-6.235903,-1.121747,-0.936534,-0.779068,1.96727,1.400929,1.208995,1.408829,-1.834606,-1.108009,-1.529336,broad
233,True,16,34,-7.365275,-0.837152,-0.841436,-2.147826,2.957862,2.198313,1.82367,1.242401,-2.42209,-1.535856,-0.878836,broad
234,True,16,34,-7.74818,-2.333728,-2.114961,-2.472581,3.194443,-1.248,0.128411,-0.031675,1.243874,2.128688,1.887573,broad
235,True,22,26,-9.181906,-0.227801,-0.478028,-0.688189,3.040491,-1.504393,1.461006,2.8814,0.934687,0.343647,-1.088877,broad
236,True,17,31,-6.714884,-1.443948,-1.882122,-1.318455,2.250682,-1.368888,-0.769123,-0.925469,0.929792,1.906749,1.660959,broad
237,True,20,33,-9.995691,0.682164,0.839266,0.589564,2.793656,-0.650986,0.493505,1.823264,0.628359,1.087746,0.316746,broad
238,True,18,34,-7.565694,-0.415261,-1.227051,-0.740773,2.263149,0.291373,1.869754,2.213726,-0.057424,-0.794497,-0.561258,broad
239,True,18,28,-7.06389,-2.112435,-1.709205,-1.832961,2.901128,-0.621641,1.036594,0.711684,-0.287479,0.075121,0.036892,broad
240,True,18,32,-6.794661,-1.465442,-1.690914,-1.481871,2.726968,-0.815277,0.283039,0.687017,-0.096183,0.591218,-0.047949,broad
241,True,18,32,-7.451872,-0.847419,-0.950002,-1.160646,2.819251,-1.179008,1.456399,1.885107,0.064379,-0.452539,-1.484716,broad
242,True,16,35,-6.751163,-1.856797,-1.566194,-2.317476,2.557387,-0.768661,-0.619711,-0.872128,0.529616,1.967473,1.716386,broad
243,True,16,36,-8.110927,-0.871126,-0.716442,-1.313951,2.790334,-0.15526,0.888943,0.740002,0.619364,0.851087,0.597431,broad
244,True,15,35,-6.907551,-1.46609,-1.470983,-1.589859,2.340767,-0.594415,0.454477,1.16284,0.237328,1.036304,-0.084954,broad
245,True,16,38,-7.327646,-1.674499,-1.114697,-1.14607,3.017546,-1.036412,0.203685,0.055985,0.327935,0.829148,0.47698,broad
246,True,17,32,-8.813805,-0.642548,-0.345585,-0.251685,2.296911,-1.162867,-0.416453,-0.473166,2.008353,2.631959,2.190063,broad
247,True,15,46,-6.642477,-1.486669,-1.610954,-2.093113,3.080406,1.455095,1.774276,1.94462,-2.667081,-0.925244,-1.313966,broad
248,True,18,34,-6.819341,-1.258437,-1.873539,-1.419793,2.853789,0.706757,0.918812,1.380076,-1.763495,-0.253536,-0.883419,broad
249,True,16,34,-8.447231,-1.145529,-1.409005,-2.034637,3.729041,-1.798842,-1.934844,-2.481647,0.539949,3.618343,3.821584,broad
250,True,17,33,-7.181102,-1.596235,-1.308699,-1.340678,2.298085,-1.135754,-0.42602,-1.054125,0.836435,1.933897,1.899269,broad
251,True,18,33,-7.177708,-1.946141,-2.102081,-2.987465,3.091182,-1.275206,-0.694942,-1.82564,0.201846,2.623662,2.88683,broad
252,True,20,32,-7.873921,-0.79237,-0.993861,-0.882127,2.885807,-1.493834,-0.123132,0.041176,1.021048,1.118795,1.021122,broad
253,True,17,40,-8.869986,-0.145124,-0.103768,-0.249558,2.4267,-0.461751,1.667354,2.642131,0.932816,0.640888,-0.79913,broad
254,True,17,37,-7.615053,-0.356214,-1.00397,-0.782246,2.241599,-0.963265,0.702522,1.094256,0.801941,0.677839,0.335001,broad
255,True,22,25,-7.230013,-2.139051,-1.583969,-1.17527,2.529665,-1.606952,-0.023121,-0.111623,0.520615,1.379414,1.191377,broad
256,True,17,35,-6.65448,-2.211099,-1.903957,-2.799961,2.80017,-2.536743,-0.264731,0.33707,1.067763,1.565887,0.846207,broad
257,True,19,31,-6.783162,-1.988721,-1.628892,-1.766706,3.17089,0.226452,0.646423,0.799816,-2.109283,0.128529,-0.99482,broad
258,True,16,38,-6.658739,-1.630257,-0.972723,-1.05938,2.431318,1.372617,1.519264,1.415349,-2.233438,-1.02996,-1.128324,broad
259,True,16,39,-7.410178,-0.884729,-0.837119,-1.178183,2.487409,-1.603443,0.681165,1.379948,0.787436,0.488346,-0.057415,broad
260,True,17,34,-7.236244,-0.917433,-0.283113,-0.718224,2.877101,1.539609,1.621963,1.972497,-3.616139,-1.60807,-1.992489,broad
261,True,16,39,-7.370659,-1.373171,-1.076011,-1.019737,2.517227,0.41403,1.569597,0.512932,-0.210886,0.168848,-0.088865,broad
262,True,16,35,-6.732325,-1.47853,-1.369232,-0.637767,2.035252,-0.361775,0.154242,0.789412,0.12803,0.409432,0.241635,broad
263,True,19,39,-7.584604,-0.826462,-0.776291,-1.003871,2.395918,1.094986,2.164598,1.703602,-1.228697,-0.422423,-0.575933,broad
264,True,15,49,-6.454901,-2.046812,-1.394604,-1.443805,2.832267,-0.97758,0.063763,0.497293,-0.048475,0.58044,-0.129057,broad
265,True,18,33,-6.172321,-1.596266,-1.551078,-1.532031,2.196724,-0.133182,0.048038,0.708841,-0.805191,0.505529,-0.567321,broad
266,True,15,36,-6.767165,-0.986136,-2.157238,-1.555815,2.617913,-0.909148,-0.378366,0.080016,0.450985,1.377067,0.859866,broad
267,True,17,35,-6.596196,-2.227731,-0.926621,-1.498989,2.517984,0.871745,1.348835,1.729198,-1.203702,-0.672325,-1.906537,broad
268,True,23,24,-7.255756,-1.387794,-1.35485,-1.098186,2.727236,-1.297393,-2.091074,-1.300546,0.542365,2.457167,1.695413,broad
269,True,17,39,-6.982653,-1.371596,-0.876577,-0.526655,2.373203,-0.39181,1.097166,1.277723,-0.078224,-0.215151,-0.902465,broad
270,True,20,41,-8.670095,0.066903,-0.103281,0.243951,2.549444,-0.313088,2.174997,2.393836,-0.532697,-0.604983,-0.933023,broad
271,True,20,32,-7.707021,-1.373056,-1.807581,-1.774961,3.33835,-1.749244,2.082045,1.733447,-0.741269,-0.882682,-0.236833,broad
272,True,17,36,-7.742567,-1.256456,-0.956307,-1.549103,3.085746,-0.093521,1.329695,0.789832,-0.488694,0.293462,-0.443648,broad
273,True,16,38,-7.466214,-1.335901,-0.8327,-1.427562,2.850943,-0.996282,0.876676,1.442493,-0.223829,0.256023,-0.420197,broad
274,True,17,33,-7.198918,-1.422389,-0.453275,-0.664808,2.313164,2.021364,2.597802,2.756929,-2.819086,-1.907241,-2.544208,broad
275,True,15,30,-6.727197,-1.824016,-1.330234,-1.964654,2.359382,-0.489817,0.349357,-0.271052,0.137139,0.61155,1.004824,broad
276,True,16,28,-6.861931,-1.386876,-1.160096,-1.084177,2.561169,1.953263,1.809431,1.072038,-3.153353,-1.602533,-0.985704,broad
277,True,18,27,-7.291818,-2.023116,-2.477804,-3.023841,2.809279,-1.787012,-0.91475,-1.222656,1.168462,3.234173,3.035324,broad
278,True,17,45,-7.933959,0.096221,0.328845,0.193591,2.559104,1.100792,1.995188,1.93938,-2.249694,-1.120641,-1.683526,broad
279,True,17,34,-7.188412,-1.702671,-1.753047,-2.255617,3.003153,-0.475646,-0.062729,-0.704745,8.8e-05,1.524977,1.511223,broad
280,True,15,43,-6.295396,-1.919652,-1.615468,-2.380947,2.696126,-0.766068,0.011697,0.852982,0.391598,0.70783,-0.558547,broad
281,True,23,25,-7.55241,-1.981813,-1.343673,-1.582029,2.924373,0.453054,2.240541,2.539118,-1.82047,-0.971914,-1.598049,broad
282,True,21,28,-12.112489,1.801351,1.25935,0.873397,2.800295,3.575129,4.722418,6.01789,-1.900014,-1.411272,-2.748787,broad
283,True,14,42,-6.877807,-1.183883,-1.199034,-1.03717,2.429045,-1.103923,-0.548001,0.447819,0.778578,1.621146,0.129843,broad
284,True,17,45,-6.98804,-1.452723,-1.175197,-1.603634,2.885268,-1.786145,-0.195467,0.413822,-0.452534,0.986443,0.843496,broad
285,True,15,42,-6.768024,-1.546338,-1.156191,-1.322741,2.710915,-1.098143,0.101816,0.738591,0.143928,0.572674,-0.202875,broad
286,True,17,34,-6.235371,-2.185034,-1.5547,-1.349147,2.189598,0.046793,0.289385,0.449198,-0.516844,0.011173,0.313941,broad
287,True,17,40,-6.836937,-1.249591,-1.944813,-1.888967,2.844588,-2.305097,-1.458289,-1.693918,0.93873,2.582333,2.40101,broad
288,True,20,29,-8.539458,-0.774396,-0.049293,-0.1871,2.714696,-1.202227,0.17849,0.639447,1.168602,1.138673,0.115618,broad
289,True,16,42,-6.588502,-1.419671,-0.870684,-0.37784,2.107177,-0.894644,-0.61455,-0.895497,0.057921,1.099636,1.023871,broad
290,True,16,42,-8.161409,-1.216472,-0.151535,-0.964612,3.121238,-0.547495,0.683403,0.853431,0.098908,0.799608,-0.15555,broad
291,True,16,36,-6.81226,-1.954543,-1.325184,-2.427263,2.815389,-1.102661,-0.420098,0.127967,0.361147,1.707561,0.452962,broad
292,True,16,28,-6.909681,-1.421394,-2.177849,-2.070359,2.614195,-0.480877,0.073504,0.564458,0.285706,0.938834,0.943503,broad
293,True,18,33,-7.471929,-1.495604,-1.512683,-2.36046,3.167532,-0.517649,0.776047,0.77965,-0.64722,0.578918,0.479123,broad
294,True,19,39,-7.939683,-0.762222,-0.635039,-0.647309,2.375423,1.70038,2.622258,2.556098,-2.291775,-0.714473,-1.392357,broad
295,True,18,38,-8.24747,-0.546238,-0.295334,-0.735968,3.203794,-0.156339,0.763803,1.371492,-0.896445,0.584938,-1.15801,broad
296,True,18,37,-6.436615,-2.092784,-2.156227,-2.881154,3.204242,0.045907,-0.211465,0.085323,-2.094003,1.010172,0.325279,broad
297,True,17,34,-7.926842,-0.62508,-1.427388,-0.982769,2.709939,-0.7736,0.862753,0.401526,0.521078,1.021837,0.991249,broad
298,True,18,35,-6.94572,-1.826489,-0.751971,-1.35946,2.62209,0.680453,1.617497,2.113285,-1.222295,-0.84409,-1.806114,broad
299,True,20,32,-7.298348,-1.655628,-1.348827,-2.285211,2.97854,0.250261,0.242452,0.83753,-0.846638,0.889363,0.322167,broad
300,True,16,44,-7.048505,-0.975708,-1.108672,-1.779452,2.447994,-1.734531,0.177625,0.952808,0.540188,1.409941,0.108605,broad
301,True,18,38,-7.715951,-1.037553,-0.466461,-0.198663,2.78958,0.710663,1.804117,1.909762,-1.213603,-1.165627,-1.272661,broad
302,True,18,36,-7.226107,-1.285231,-0.479536,-0.844388,2.182217,0.590278,1.561913,2.581473,-1.068147,-0.428413,-1.74848,broad
303,True,20,36,-7.62573,-0.9891,-1.125803,-0.886602,2.60355,0.589542,1.516518,2.029624,-0.363494,-0.114754,-0.745221,broad
304,True,15,44,-7.413511,-1.203254,-1.268921,-1.464688,2.719159,-0.014079,1.213276,0.715338,-0.27734,0.605556,0.34152,broad
305,True,17,28,-8.146973,-0.15668,-0.083424,-0.241353,2.554619,-0.353186,0.043984,0.603453,0.132507,0.905303,0.141041,broad
306,True,17,37,-7.932095,-0.337451,-0.416452,-1.005261,2.919551,-1.836483,0.582776,1.733555,0.724954,0.388913,-0.668615,broad
307,True,19,25,-7.17353,-1.552277,-1.079171,-1.455472,2.356092,-0.605347,-0.020918,0.009643,0.264282,1.306479,0.267231,broad
308,True,18,42,-7.995084,0.479276,0.311963,0.655943,2.245791,-0.267068,0.589014,1.43698,-0.384102,0.120563,-0.982662,broad
309,True,16,36,-6.925686,-1.789379,-1.748515,-2.072626,2.825807,-1.310753,-0.063309,0.230174,0.829804,1.685911,0.020213,broad
310,True,25,21,-8.329854,0.007739,-0.796473,-0.305239,3.070859,0.304339,0.28313,0.943434,-1.055801,-0.17675,-0.680984,broad
311,True,18,29,-7.278427,-1.058961,-1.183965,-1.299506,2.454004,-0.302791,0.12396,0.713093,0.064861,0.984634,0.286165,broad
312,True,19,39,-9.260067,-0.052948,-0.31307,-1.188458,3.557929,1.512868,2.104444,2.438618,-1.215301,-0.215621,-0.772273,broad
313,True,17,31,-7.298568,-1.768207,-1.067902,-1.302022,2.998255,-0.323612,0.418199,0.860021,-0.099302,0.170147,-0.41724,broad
314,True,17,30,-6.551491,-1.374168,-1.338169,-1.370847,2.357415,0.335926,0.487723,1.502166,-0.666382,-0.3442,-1.379412,broad
315,True,21,28,-6.953887,-1.704754,-0.905943,-1.163155,2.668924,-2.405636,-1.059056,-0.489671,0.515545,1.488753,0.760562,broad
316,True,17,30,-7.295767,-1.390835,-1.89169,-2.885979,2.836591,-1.015153,-0.221491,-0.012053,0.864705,2.117166,1.284399,broad
317,True,16,36,-6.296515,-1.466374,-1.268843,-1.311597,2.230794,-1.20759,-0.498021,-0.36974,0.035202,1.218019,0.260534,broad
318,True,19,40,-8.144218,-0.094418,-0.787221,-1.082582,2.749383,1.140757,2.573735,2.507619,-1.989515,-0.93426,-0.907225,broad
319,True,16,41,-6.259032,-2.46867,-1.325258,-1.907104,2.644392,-1.462697,0.169298,0.077648,0.278451,0.514906,0.001875,broad
320,True,17,31,-7.676189,-1.358845,-1.136636,-1.714691,2.59382,-0.382972,0.852484,1.052596,0.555737,1.018927,0.252013,broad
321,True,18,35,-7.985986,-0.09559,-0.157845,-0.62049,2.505018,0.191993,0.181423,1.471306,0.063082,0.764444,-0.812588,broad
322,True,17,39,-6.999239,-1.04334,-0.296089,0.042335,2.19737,-1.07137,0.816095,1.80828,-0.196745,-0.369409,-1.834471,broad
323,True,16,42,-6.830302,-0.657302,-1.184834,-0.837807,2.207557,1.444458,1.936878,1.823243,-2.761816,-1.025394,-1.067177,broad
324,True,16,34,-7.114254,-1.924119,-0.803662,-1.17494,2.406741,-0.506457,0.443205,1.056518,0.42788,0.648501,-0.29495,broad
325,True,16,45,-7.174548,-1.18888,-0.676347,-0.886968,2.226629,0.328736,1.480444,1.792661,-0.760857,-0.13631,-0.756781,broad
326,True,18,33,-7.878017,-1.131589,-1.060989,-0.82922,2.788553,-0.116912,1.469809,1.7287,-0.218631,0.060691,-0.461786,broad
327,True,15,40,-6.52417,-1.433154,-2.170709,-1.805269,2.464737,-1.55484,-0.941704,0.083089,0.669342,2.219162,1.19439,broad
328,True,16,44,-7.652509,-0.930382,-0.504291,-0.279116,2.442828,-0.589385,0.978296,0.907809,0.61166,0.334091,0.045376,broad
329,True,20,24,-7.504686,-1.382035,-0.778259,-1.284878,2.431832,0.551609,1.706081,2.197568,-0.275695,-1.247803,-1.179232,broad
330,True,18,29,-6.379928,-1.153969,-1.882955,-0.643889,2.172491,-1.019587,-0.229767,-0.74747,0.417175,0.305232,0.456713,broad
331,True,18,31,-8.017418,-0.401299,-0.50598,-0.058792,2.194269,-0.784529,1.096215,1.673606,0.529002,0.581803,-0.823367,broad
332,True,18,35,-8.134877,-0.162719,0.315852,-0.710243,2.832093,1.325359,2.03913,2.759595,-2.109889,-1.546994,-2.177527,broad
333,True,17,36,-6.824769,-2.164955,-1.940002,-2.741448,3.308292,-2.225313,-0.706553,-0.635492,0.227049,1.774136,1.575053,broad
334,True,17,45,-7.039241,-1.795215,-0.826396,-1.014522,2.871745,-1.503993,0.031626,-0.558381,-0.237033,0.866812,0.810062,broad
335,True,19,42,-7.124103,-0.497364,-0.86672,-0.564049,2.25554,0.356677,0.359354,0.926931,-0.896806,0.527371,-0.170835,broad
336,True,19,34,-7.303279,-1.406968,-0.418593,-0.501143,2.374449,1.611465,1.695114,1.305377,-1.902219,-1.19657,-0.963063,broad
337,True,19,35,-6.986865,-1.229441,-1.64157,-1.224206,2.315166,0.477758,1.327262,1.227219,-0.394861,-0.026767,-0.075997,broad
338,True,18,33,-7.774968,-1.356463,-1.096593,-1.44957,3.163373,1.886569,2.587266,3.259292,-2.405118,-1.212816,-2.581208,broad
339,True,20,28,-8.219892,-1.524969,-2.028938,-1.809632,2.609123,-3.353659,-0.186575,0.164751,2.267226,2.891742,2.545795,broad
340,True,16,39,-7.830954,-0.67658,-0.644919,-0.377597,2.703642,-1.848071,1.444468,1.737795,0.396638,-0.120452,-1.121152,broad
341,True,24,31,-10.194041,1.436142,1.071471,0.790639,2.799676,2.333007,2.302287,3.9914,-1.775446,-0.724974,-2.443353,broad
342,True,18,27,-8.72242,-0.450192,-0.168583,-1.251817,2.840626,0.373792,1.843134,2.918484,0.143016,-0.43018,-1.688233,broad
343,True,19,33,-7.941723,-1.213752,-0.802904,-1.679623,3.331319,0.265589,1.313895,1.835142,-0.761577,-0.142018,-1.680675,broad
344,True,17,34,-6.472778,-2.024572,-1.647771,-2.380016,2.686457,-1.416244,-0.412962,-0.24187,0.423755,1.317925,0.711219,broad
345,True,18,29,-7.099614,-1.402109,-2.997857,-2.464716,2.701171,-2.349255,-3.057815,-2.632169,0.339857,4.421001,4.914872,broad
346,True,15,39,-6.836918,-0.583985,-1.208348,-1.160957,2.230534,-1.105599,-0.014536,1.154321,0.648912,0.8194,-0.363931,broad
347,True,18,30,-6.424869,-1.806962,-2.474991,-2.162848,2.665084,-1.864008,-0.709793,-1.062885,-0.103563,1.49608,2.029127,broad
348,True,19,34,-7.16853,-1.164265,-0.347448,-0.487985,2.183741,0.017973,1.034281,1.670761,-0.715362,-0.012366,-1.570214,broad
349,True,17,37,-8.252008,0.058602,0.051732,-0.57439,2.618037,1.772483,2.389172,2.668655,-1.954176,-1.198578,-1.737688,broad
350,True,18,40,-7.037649,-1.171936,-0.464446,-1.135194,2.155514,0.313661,0.907072,1.657346,-1.228337,0.172056,-0.805837,broad
351,True,16,35,-7.071534,-2.232401,-2.169945,-2.314167,2.790814,-1.708404,-0.137896,-0.157835,0.882771,2.258032,1.428103,broad
352,True,17,36,-8.085093,-0.714179,-0.389817,-0.997983,2.953476,0.198153,1.063841,1.557956,0.111136,-0.121519,-0.611112,broad
353,True,18,36,-6.457989,-2.271419,-1.469933,-1.495509,2.507723,-1.742463,-1.005752,-1.611349,0.493345,1.774268,1.752002,broad
354,True,17,37,-8.312564,-0.433678,-0.422214,-0.788162,2.755319,-0.44166,0.73834,2.161784,0.202531,0.69336,-0.661413,broad
355,True,19,34,-6.773553,-2.527898,-1.712239,-1.170555,2.553637,-1.633561,-0.197812,-0.628406,0.629438,1.325771,1.202438,broad
356,True,18,22,-7.694757,-1.145876,-1.310143,-1.233314,2.290119,-0.782654,-1.206115,-0.219734,0.763295,2.423737,1.938674,broad
357,True,19,41,-9.854019,1.418787,1.100724,1.371833,2.308638,2.391269,3.318462,2.738716,-2.149074,-1.524307,-1.21863,broad
358,True,18,35,-8.048375,-0.442887,-0.001967,-0.836377,2.867745,1.406029,1.852199,1.880938,-1.414017,-0.832544,-1.852701,broad
359,True,17,37,-6.714556,-2.099831,-1.6266,-1.488482,2.790607,-1.148185,-0.27953,-0.680442,0.202472,1.327048,0.761262,broad
360,True,18,36,-7.001328,-1.197179,-1.311096,-1.349896,2.387208,-1.709218,-1.069996,-0.639737,0.86172,2.149614,1.993041,broad
361,True,17,37,-7.180176,-1.12983,-1.124694,-1.09734,2.516519,-1.442116,-0.915701,-0.771184,0.319796,2.265503,1.361516,broad
362,True,19,27,-7.037412,-1.113136,-1.233826,-1.726057,2.651654,-2.022408,0.23944,0.35825,0.493067,0.685143,0.281082,broad
363,True,15,38,-7.91999,-0.822979,-0.642304,-0.820119,2.444724,-0.504179,0.055445,0.925378,1.322481,1.286947,0.32591,broad
364,True,19,32,-7.394155,-1.196301,-0.944846,-1.355355,2.848345,-1.650478,-0.169216,0.173472,0.368334,1.181231,0.460067,broad
365,True,20,38,-7.029583,-1.098197,-1.723894,-1.748974,2.631625,-0.3253,0.791889,0.16437,-0.853489,0.875105,0.661188,broad
366,True,19,29,-8.824608,0.419199,-0.170042,-0.235679,2.654982,2.008868,2.440255,2.486976,-1.972733,-1.155982,-1.221547,broad
367,True,17,35,-7.885475,-0.861563,-0.363613,-0.434437,2.438002,0.029006,0.73648,1.343646,0.31847,0.21076,-0.248261,broad
368,True,15,46,-7.137958,-1.494522,-0.478288,-1.284161,2.475698,-0.489129,1.130168,2.232969,-0.200361,0.123506,-1.618071,broad
369,True,17,44,-6.697743,-1.687933,-2.205714,-1.812626,2.978174,-3.004911,-1.328717,-1.243179,0.693243,2.388994,2.260943,broad
370,True,17,36,-8.025648,-0.340157,0.012335,-0.18248,2.611664,0.382559,1.29168,2.095395,-0.390082,-0.668042,-1.370366,broad
371,True,18,38,-7.278079,-0.845923,-0.367106,-1.048695,2.512321,1.016614,1.020147,1.636291,-1.907821,-0.281834,-0.926591,broad
372,True,18,31,-7.802943,-1.288352,-1.323649,-1.828011,3.062701,-0.983757,-0.254866,0.876888,0.270515,1.739204,0.371773,broad
373,True,15,39,-7.228519,-0.72016,-0.780331,-1.114157,2.510225,-0.642785,0.820363,2.175656,0.415503,0.187534,-1.739782,broad
374,True,16,38,-7.529614,-2.055741,-1.613098,-1.469212,2.732241,-1.992136,-1.573805,-1.273169,1.664298,3.522248,2.79312,broad
375,True,19,36,-9.541415,0.227226,0.186738,0.034123,2.495846,-0.839628,0.901248,2.095865,1.726482,1.228212,0.444817,broad
376,True,16,34,-7.40469,-1.682622,-0.61941,-1.418294,2.614309,-0.559193,0.503678,0.852622,0.717484,0.732398,-0.440882,broad
377,True,19,32,-6.704084,-2.417078,-1.594585,-0.994376,2.788935,-2.79205,-1.11429,-0.46512,0.427162,1.933362,-0.345861,broad
378,True,17,44,-7.186763,-1.574671,-1.224301,-1.207402,2.880614,0.278249,1.363143,0.708184,-0.648071,-0.242861,-0.08295,broad
379,True,19,32,-6.944839,-1.664994,-1.159365,-1.484457,2.787585,-1.73438,-0.040666,-0.060774,-0.212568,0.911458,0.422142,broad
380,True,19,26,-6.960013,-1.28651,-1.515332,-0.906086,1.804218,-2.269746,-1.639893,-1.154439,1.302999,3.028579,2.082347,broad
381,True,17,44,-7.987705,-0.435909,-0.477134,-0.423623,2.160841,-0.03376,0.642837,1.427447,0.408449,0.901518,0.29231,broad
382,True,18,40,-8.475623,-0.589586,-0.004213,-1.237796,3.044435,1.113093,2.444273,3.033334,-1.093171,-1.01971,-1.983752,broad
383,True,19,34,-8.050936,-0.916465,-0.908973,-0.516805,2.248338,2.088425,2.136216,2.340086,-1.90515,-0.283977,-0.544445,broad
384,True,18,33,-6.81255,-1.953657,-2.309357,-2.636608,2.648247,-2.68274,-1.274737,-0.597072,1.287481,2.74677,2.320927,broad
385,True,20,29,-8.324575,-1.037737,-0.761107,-0.649828,2.483967,0.062474,1.695033,1.776544,0.17756,0.237515,-0.294039,broad
386,True,18,30,-5.929208,-2.196332,-1.860539,-1.951579,1.685263,-2.267607,-1.796729,-2.433209,0.855516,2.831991,3.158364,broad
387,True,19,28,-7.772662,-0.685796,-0.531567,-1.368299,2.930375,1.098556,1.463776,1.842423,-2.255327,-0.718511,-1.633751,broad
388,True,19,28,-7.997462,-1.800134,-0.203533,-0.394509,2.726859,-0.068639,1.574386,2.302751,-0.554464,-0.64217,-1.951678,broad
389,True,22,24,-6.549506,-3.008115,-1.938046,-1.951996,2.634656,-0.603988,-0.459612,0.126537,-0.957683,1.275639,0.68239,broad
390,True,16,41,-7.965499,-1.024479,-0.195995,-1.11805,2.640953,-0.858637,0.806197,1.401133,1.409314,0.42923,-0.228265,broad
391,True,18,28,-8.272016,-0.618565,-0.681734,-1.873826,2.918835,1.060957,1.813583,3.415718,-0.589763,-0.239333,-2.310416,broad
392,True,23,33,-8.521413,-0.10838,0.030464,-0.088007,2.695662,0.39366,2.024354,2.123917,-0.736758,-0.402868,-1.756418,broad
393,True,17,31,-9.880964,-0.491692,-0.506738,-0.52068,2.200578,-1.756713,0.792659,1.835357,3.198969,2.738841,1.251648,broad
394,True,18,30,-7.342521,-0.888736,-1.085008,-1.33475,2.621772,-0.326666,0.146043,0.185675,0.061857,0.796851,0.645876,broad
395,True,18,32,-7.929051,-0.732385,-0.904235,-1.336722,2.668423,1.889981,3.200983,2.945309,-2.017728,-1.514882,-1.56045,broad
396,True,16,28,-8.457891,-1.158242,-1.671381,-1.970199,3.328429,-1.336084,-1.312708,-1.971015,1.360972,3.167413,3.928323,broad
397,True,18,29,-7.186137,-2.463244,-0.673033,-1.106963,2.545821,-0.772114,0.456893,1.433788,0.146911,0.126612,-0.837078,broad
398,True,17,33,-7.16814,-0.719517,-1.255084,-0.778647,2.331614,-0.152942,0.022272,0.355159,0.042739,0.553671,0.74782,broad
399,True,14,44,-6.399186,-1.357925,-1.20369,-1.349177,2.404442,-0.857769,0.364712,1.552289,0.074096,0.131745,-1.444465,broad
400,True,17,34,-7.24941,-1.346837,-1.128713,-1.602791,2.34999,-1.180702,-0.16999,0.493344,0.792265,1.426788,1.091973,broad
401,True,15,41,-6.888027,-2.192927,-1.184693,-1.67624,2.676502,-1.29159,0.13179,1.345575,0.463224,0.848393,-0.471287,broad
402,True,17,42,-7.023984,-0.781238,-1.339955,-1.240004,2.60503,0.536723,0.89517,1.17096,-1.14697,-0.309286,-0.126419,broad
403,True,15,42,-6.235698,-1.77968,-1.390459,-1.141001,2.106452,-0.443716,-0.538197,-0.052883,0.548515,1.265755,0.0047,broad
404,True,15,38,-7.248677,-1.092714,-0.253272,-0.999008,2.413092,-0.459467,0.519679,1.652155,0.103247,0.015761,-1.247417,broad
405,True,15,43,-6.836127,-2.424821,-1.416269,-1.711671,2.615729,-0.053279,1.22075,1.047643,-0.207505,0.228606,-0.123305,broad
406,True,19,33,-7.53169,-0.947373,-0.741049,-0.987206,2.553044,-0.374854,1.760069,1.844064,-0.571176,-0.342907,-1.148054,broad
407,True,16,36,-7.826041,-1.309979,-1.233196,-1.379084,3.310099,-0.74559,-0.084537,-0.609891,0.49373,1.422865,1.194742,broad
408,True,18,39,-7.716214,-1.812807,-0.909168,-0.878512,2.847851,0.24289,1.705877,2.244226,-0.279101,-0.20762,-1.291401,broad
409,True,19,22,-6.54429,-1.894602,-0.756538,-2.002481,1.964276,0.334315,0.996219,2.480119,-0.609299,-1.403123,-2.097241,broad
410,True,19,36,-7.811171,-1.460734,-1.211121,-1.55096,2.742313,1.863167,2.477088,2.270788,-2.20676,-0.543768,-0.477085,broad
411,True,16,35,-6.594789,-2.218997,-1.344519,-2.015187,2.672161,1.974545,1.91927,2.264228,-2.291534,-1.336616,-1.855439,broad
412,True,18,34,-7.71634,-0.602416,-1.283595,-1.327414,2.684778,-2.550693,-0.843602,-0.278906,1.028218,2.243601,1.800343,broad
413,True,64,24,-8.170134,-0.853337,-1.421679,-1.321479,2.650113,0.492607,0.882697,0.132409,-1.058155,1.094494,1.154169,broad
414,True,18,34,-8.413571,-0.168305,0.128983,-0.376823,2.852125,-0.115767,2.020071,2.813381,-0.309765,-1.236362,-1.702168,broad
415,True,20,31,-7.300285,-1.470945,-2.175332,-1.910545,3.296492,0.566574,1.038439,-0.126052,-3.239876,-0.006508,0.743084,broad
416,True,17,33,-7.856183,-0.434841,-0.692532,-1.242866,2.520786,-1.039868,-0.123655,0.479983,0.665407,1.716458,0.664414,broad
417,True,16,39,-7.422014,-1.167505,-1.190365,-1.642247,2.816614,-0.852532,-0.193838,0.349846,0.569694,1.596903,1.014282,broad
418,True,19,25,-8.450513,-0.736096,-0.389469,-1.489829,2.025969,-0.205452,0.629649,1.226135,1.305728,1.705834,0.35709,broad
419,True,21,31,-8.147041,-0.655999,-0.978226,-1.556719,3.762353,-0.525027,0.159223,0.285895,-1.46632,0.557419,0.454721,broad
420,True,17,32,-7.102417,-1.481266,-1.366383,-1.282374,2.293342,-1.114082,0.529136,0.766585,0.834155,0.845357,0.36789,broad
421,True,21,32,-7.701025,-0.934027,-1.461637,-1.700966,3.464583,-0.71248,-0.599078,-0.055417,-1.175162,1.439274,1.189203,broad
422,True,16,41,-7.917471,-1.150978,-0.741987,-2.057415,3.53827,0.235526,0.874147,1.883878,-0.511119,0.195479,-1.241885,broad
423,True,18,46,-6.875151,-1.502415,-1.740457,-2.210676,2.958381,0.161681,0.163613,0.09186,-0.869446,1.254159,0.923282,broad
424,True,19,23,-9.587208,-0.443148,-0.05545,-0.503451,1.776869,-1.133938,0.113022,1.642462,2.828346,2.855762,1.11659,broad
425,True,17,41,-8.745939,-0.94725,-1.39068,-1.482729,3.230318,-0.464469,0.34319,1.876011,0.857474,2.179136,0.493257,broad
426,True,15,38,-6.71948,-1.812215,-1.223063,-1.499363,2.556349,-0.991482,0.470639,1.064525,0.39155,0.514272,-0.651357,broad
427,True,22,28,-7.382761,-1.366964,-1.422157,-1.635922,2.746592,0.517064,0.965114,1.34543,-0.773036,0.259532,-0.380406,broad
428,True,16,43,-7.081844,-1.326836,-0.515919,-0.185134,2.20809,0.206228,1.23577,1.345113,-0.35147,-0.567757,-0.713896,broad
429,True,20,32,-7.484023,-0.906779,-1.531411,-1.320396,2.998586,-1.034036,0.366426,0.712297,-0.134994,0.503711,0.482563,broad
430,True,18,26,-7.711245,-2.751119,-1.987396,-2.061838,3.14318,-0.825286,-0.181126,0.103492,0.541329,2.120907,1.035842,broad
431,True,18,31,-8.279104,-0.412163,0.067747,0.680129,2.618806,-0.779974,0.335999,1.36646,0.38304,0.467474,-1.565112,broad
432,True,17,26,-7.342484,-1.2345,-0.954194,-0.869828,2.437277,-1.275444,-0.286569,0.760546,0.701988,1.222314,-0.257232,broad
433,True,24,28,-9.446912,0.131086,0.319287,0.413213,2.388567,-1.387853,1.35125,2.012774,1.670645,0.542386,0.051002,broad
434,True,17,33,-7.735891,-1.273809,-0.802246,-0.942885,2.92052,-1.278749,1.56469,2.620603,-0.244017,-0.387729,-1.945729,broad
435,True,17,29,-6.639745,-1.828534,-1.236871,-1.644287,2.497733,-0.317689,0.438659,0.30899,-0.06605,0.359818,-0.271324,broad
436,True,18,28,-7.666906,-2.074861,-0.595738,-2.107197,2.913352,0.278139,1.132742,0.261646,-0.238257,0.037174,0.2164,broad
437,True,18,32,-7.127596,-1.012869,-1.33669,-1.633809,2.829497,1.298241,1.559119,0.706617,-1.826293,-0.427313,-0.869271,broad
438,True,17,32,-6.991919,-1.168285,-0.286664,-0.479818,1.909652,0.194165,0.607219,1.809175,-0.353513,-0.253032,-1.233529,broad
439,True,15,31,-6.944511,-1.227473,-0.926438,-1.231776,2.214103,0.065552,1.074858,1.784442,-0.030987,-0.22654,-1.361624,broad
440,True,18,38,-7.25849,-1.010954,-1.148204,-1.511396,2.511732,0.270441,1.288018,1.289458,-0.544254,0.025321,-0.102482,broad
441,True,19,32,-7.375425,-0.952524,-0.719901,-0.72291,2.47729,-1.451215,0.42581,0.700239,0.849182,0.408774,-0.135852,broad
442,True,17,38,-7.486044,-2.169997,-1.114921,-1.143363,3.070115,-1.310853,0.454908,1.462142,0.102408,0.455715,-0.439493,broad
443,True,16,40,-6.262119,-1.55701,-1.441725,-1.075455,2.240496,-1.519774,-0.13296,0.599304,0.459294,0.272356,0.099456,broad
444,True,15,40,-6.774132,-1.797664,-1.703831,-2.208004,2.9176,-1.665786,-0.312115,-0.398319,0.607044,1.785802,0.833506,broad
445,True,15,38,-7.415345,-1.162817,-1.272528,-1.748348,2.904013,-0.302714,-0.213519,-1.049093,0.478676,1.249544,1.81945,broad
446,True,20,40,-8.243952,-0.730419,0.248592,0.36542,2.585696,0.369348,1.643686,1.601142,-0.736324,-0.759343,-0.736867,broad
447,True,19,26,-7.429305,-1.126919,-2.237418,-1.968144,3.085732,-1.939328,-1.09323,-1.419009,0.578441,2.414426,2.369629,broad
448,True,19,35,-8.725186,0.537878,0.244224,0.131867,2.446983,0.233764,2.043567,3.387601,-0.115147,-0.885062,-2.024318,broad
449,True,18,40,-7.240146,-1.999969,-1.487347,-2.115661,3.404509,0.625815,1.774002,1.076526,-1.728087,-0.587538,-0.517879,broad
450,True,15,42,-5.989316,-2.222726,-1.903337,-1.661371,2.195452,-1.101182,-0.214147,-0.379767,0.463301,1.114603,1.026112,broad
451,True,18,31,-8.052751,-2.891786,-0.128942,0.28918,2.927616,-0.033695,1.629932,1.82722,-0.572993,-0.98159,-1.933046,broad
452,True,19,35,-8.117934,-1.302494,-0.758899,-0.942132,2.408071,-2.01678,0.870306,0.937857,1.277778,1.487804,0.415426,broad
453,True,17,28,-8.102633,-0.80704,-0.822424,-1.071451,2.497318,-0.69868,0.583688,0.939317,0.81552,1.366969,0.544292,broad
454,True,22,27,-7.051407,-2.407871,-2.331636,-3.545052,3.383322,-0.722938,0.943854,0.611438,-0.977313,0.612667,0.498041,broad
455,True,19,39,-7.921699,-0.593918,-0.562442,-0.412781,2.713296,1.113807,2.273085,2.027591,-1.84803,-1.103734,-1.033967,broad
456,True,17,29,-7.134929,-1.334439,-0.616193,-1.10508,2.410165,-0.972126,0.491418,1.495478,0.553774,0.025328,-1.276423,broad
457,True,16,32,-6.583351,-1.345089,-1.115911,-1.160882,2.034592,-0.6738,0.085256,0.743464,0.02763,0.86348,-0.187998,broad
458,True,18,34,-8.491558,0.547171,0.370097,0.795051,2.101412,-0.648216,1.902267,2.757712,-0.133452,-0.837153,-1.577812,broad
459,True,17,38,-7.949084,-1.288313,-1.590575,-2.128798,3.22814,-1.788398,-0.900479,-0.426596,1.140408,2.792896,2.19766,broad
460,True,19,25,-8.061863,-0.614054,-0.540203,-0.552507,2.769797,-0.717209,0.729234,1.486736,0.277167,0.099051,-0.739093,broad
461,True,16,43,-6.959361,-0.823764,-0.613931,-0.308048,2.109253,-1.137031,0.190338,1.036636,0.337179,0.522752,-0.34555,broad
462,True,18,33,-6.799859,-1.840278,-1.466757,-1.488465,2.610528,-0.942211,-0.356761,-0.726534,-0.213485,1.194345,1.424849,broad
463,True,18,29,-7.356754,-1.421857,-1.919664,-2.299956,3.055953,-1.434305,-1.04325,-1.41394,0.089825,2.53868,2.335719,broad
464,True,16,42,-7.53883,-0.502813,-0.884148,-0.986629,2.378883,-0.558231,0.319687,1.196595,0.089349,1.256436,0.010414,broad
465,True,16,32,-7.180591,-0.733608,-0.751778,-0.758861,2.674576,-1.451221,-1.236544,0.113109,0.377162,1.355315,0.143389,broad
466,True,15,45,-6.905879,-1.821042,-2.084168,-1.856762,2.763413,-0.600422,0.563145,-0.198562,0.611594,1.004012,1.644901,broad
467,True,16,32,-6.718968,-1.368776,-1.245711,-2.317918,2.817287,-0.927992,0.36722,0.82099,-0.645536,0.375156,-0.632845,broad
468,True,19,29,-8.677511,-0.460259,-0.520549,-0.561846,2.197521,-1.182397,0.153427,0.844346,1.725039,2.007821,1.349311,broad
469,True,18,31,-6.635797,-0.890787,-1.480408,-1.10525,2.197184,-0.260756,1.042579,0.831452,-0.634658,-0.957342,-0.02792,broad
470,True,19,43,-8.298823,0.41026,0.658184,-0.17005,2.19106,0.673048,1.264618,1.967077,-0.48402,0.045086,-1.072509,broad
471,True,22,28,-7.640822,-0.612096,-0.032749,-0.624032,2.258616,0.736982,1.590985,2.605745,-2.355743,-0.684414,-2.074872,broad
472,True,19,28,-7.721395,-1.80011,-0.753527,-0.95581,3.171607,-0.469547,-0.150337,-0.636798,-0.249721,0.601152,0.925359,broad
473,True,16,37,-7.221488,-0.80467,-1.272351,-0.552432,2.281807,0.011112,1.104944,1.857511,-0.317829,-0.006413,-0.916836,broad
474,True,18,32,-10.343005,0.950943,1.184819,0.746856,2.335713,2.258995,4.041559,4.784348,-0.832094,-1.732456,-2.850657,broad
475,True,17,47,-5.902699,-2.983946,-1.83898,-1.412982,2.576758,-1.850103,-0.17035,0.088671,-1.351847,1.011583,0.005952,broad
476,True,18,36,-7.187047,-1.13166,-1.030835,-1.565161,2.296358,-0.47419,1.630742,1.474817,-0.428097,0.013943,-0.311411,broad
477,True,16,44,-7.652517,-1.209136,-0.960262,-0.761895,2.630048,-1.493252,-0.241747,-0.550019,1.269156,2.066326,1.212678,broad
478,True,16,39,-7.048051,-1.26819,-1.011498,-1.496479,2.917889,-0.730356,0.762974,1.5575,-0.129208,-0.173679,-1.055907,broad
479,True,17,33,-8.14269,-1.257075,-1.487159,-2.408649,3.446101,-1.224528,0.274948,0.944554,0.332666,1.750417,0.521841,broad
480,True,49,28,-7.397089,-2.347086,-1.575659,-2.190317,3.500325,-2.966012,-0.194166,-1.111226,0.149605,1.217792,1.249148,broad
481,True,16,42,-7.383613,-1.024554,-1.282169,-1.203681,2.805145,-0.637782,0.242748,-0.059617,0.429988,1.110679,1.094145,broad
482,True,17,43,-8.16377,-0.702414,-0.015339,-0.25678,2.940156,-0.9017,0.568599,0.472055,0.605833,0.517775,-0.088726,broad
483,True,16,42,-7.006579,-1.898661,-1.264765,-1.786178,2.811921,-0.778233,0.174709,-0.012448,0.710484,0.732774,1.055741,broad
484,True,17,36,-6.828256,-1.804027,-2.001188,-2.43142,2.307384,-1.405911,-0.598706,-0.521172,0.851389,2.473722,2.246186,broad
485,True,16,32,-6.736244,-1.529495,-1.563553,-1.711271,2.439267,1.436857,1.615444,2.26973,-1.852563,-0.759199,-1.302791,broad
486,True,18,36,-7.21798,-1.474869,-1.577301,-1.371998,2.680504,0.410272,1.000712,0.534733,-0.423914,-0.100583,1.028333,broad
487,True,20,32,-7.523547,-1.774122,-1.098682,-1.682482,2.714915,0.441538,1.273984,1.833052,-0.334013,0.387149,-0.706566,broad
488,True,17,41,-6.595438,-2.267318,-1.991459,-2.566524,3.214991,-2.82691,-1.143518,-0.85569,0.400546,2.331976,1.511418,broad
489,True,19,33,-6.904188,-1.629122,-1.554284,-0.959036,2.599339,-1.891962,-0.359022,-0.508786,0.667575,1.194829,0.83766,broad
490,True,20,29,-6.838482,-2.063327,-1.508763,-1.309397,2.56993,-2.868084,0.078068,0.861424,0.070032,1.079952,-0.382228,broad
491,True,18,32,-9.201358,-1.52318,0.434791,0.005631,3.05806,-1.019726,1.685325,2.498764,0.528009,-0.029075,-1.900964,broad
492,True,17,36,-8.532135,-0.578332,0.060609,0.028878,2.935922,2.776023,3.578898,3.720107,-2.972435,-2.53278,-2.927495,broad
493,True,18,29,-6.927235,-1.676791,-2.158456,-2.372364,3.032298,-1.183401,-0.033365,1.049362,-0.08819,1.169503,-0.147121,broad
494,True,17,39,-8.917812,-0.014136,-0.427331,-0.306685,2.850459,-1.325694,0.556676,1.600728,1.570015,1.554847,-0.043386,broad
495,True,23,28,-6.755089,-2.011128,-1.607205,-1.147089,2.834299,-2.642878,-1.115496,-0.683213,0.718168,1.477182,0.655592,broad
496,True,17,34,-8.016874,-1.240501,-1.189604,-1.206457,2.614219,-0.968746,0.0947,1.09197,1.330397,1.871741,0.740513,broad
497,True,49,20,-7.464989,-1.004562,-1.065625,-1.553546,1.893038,0.349601,0.517546,0.85219,-0.920955,1.310006,0.045509,broad
498,True,25,22,-7.706797,-2.325381,-1.188309,-1.219309,2.479001,-2.755563,-0.689708,0.009259,0.718359,2.365002,1.431574,broad
0,True,17,36,-6.616797,-2.104954,-2.038173,-2.462136,2.765913,-2.091815,-2.299237,-1.661459,1.300853,3.508728,2.841871,prior_operation
1,True,20,27,-7.453575,-1.107285,-1.575913,-1.464335,2.550328,-1.546715,0.119469,0.306599,0.498231,1.528205,1.433292,prior_operation
2,True,18,30,-6.49932,-1.430704,-1.787184,-1.748896,2.432925,-0.82411,-0.600812,-0.845131,-0.219163,1.631779,1.447011,prior_operation
3,True,18,35,-7.757284,-0.940206,-0.453008,-0.176139,2.658795,-1.751833,0.199157,0.28355,0.117446,1.046139,0.508561,prior_operation
4,True,18,32,-6.694311,-0.645746,-1.068086,-0.267588,2.127754,-0.951253,0.124184,-0.080377,0.083531,0.217885,0.17825,prior_operation
5,True,17,38,-6.353802,-0.992944,-1.167329,-1.239672,2.138217,-0.213623,-0.673079,0.104281,-0.379032,1.015708,0.614013,prior_operation
6,True,19,25,-7.939031,-2.267918,-1.983627,-2.604818,3.674241,-1.839644,-0.902687,-1.430448,0.851144,2.697648,2.283221,prior_operation
7,True,19,27,-6.798295,-1.063364,-0.619357,-0.399359,1.673981,1.390684,1.349949,1.727662,-1.829769,-0.714593,-1.104021,prior_operation
8,True,16,39,-5.864393,-1.312556,-2.488515,-1.041346,1.794735,-1.726749,-1.733155,-1.745105,0.518211,2.274634,2.787712,prior_operation
9,True,19,35,-7.32913,-1.391276,-0.588493,-0.753493,2.944879,1.647249,1.521829,1.824115,-2.680185,-0.820772,-1.979775,prior_operation
10,True,17,29,-7.134623,-1.014354,-1.303714,-1.626323,2.295717,-1.179671,-0.182337,0.383659,0.802187,1.440307,1.091143,prior_operation
11,True,22,32,-6.450735,-1.030836,-2.43128,-1.491924,2.315777,0.269794,0.099915,0.208089,-1.022214,0.153395,1.365524,prior_operation
12,True,20,27,-7.599385,-0.619681,-0.580404,-0.496365,2.659587,-1.085111,0.180292,0.967657,0.002393,0.508607,-0.087528,prior_operation
13,True,23,35,-7.140536,-1.296569,-1.639735,-2.241079,3.272295,-0.006118,0.112906,0.804601,-1.423203,0.690611,0.225525,prior_operation
14,True,20,31,-6.035972,-1.969741,-2.309566,-2.758067,2.643912,-2.442923,-2.381643,-1.58989,-0.480885,3.138539,2.580262,prior_operation
15,True,15,45,-6.146162,-1.126355,-1.804627,-2.35658,2.177459,-0.766721,-0.791743,-0.822843,0.116122,2.050858,1.782268,prior_operation
16,True,22,33,-6.712666,-2.158957,-1.167309,-0.714229,1.769645,-4.104155,-1.994227,-1.743811,1.609714,3.375066,2.973938,prior_operation
17,True,17,27,-7.437223,-1.453495,-1.549976,-1.592423,2.81159,-2.934664,-2.71716,-3.188893,0.789045,4.075752,4.285862,prior_operation
18,True,19,41,-6.774094,-1.528156,-1.281706,-1.833658,2.826638,-0.256479,1.144279,0.939392,-1.002172,0.007805,-0.482314,prior_operation
19,True,16,34,-6.994695,-1.02394,-1.492293,-1.226345,2.139723,-1.679654,-1.557142,-1.656361,1.074893,2.777641,3.103875,prior_operation
20,True,19,33,-7.378562,-1.435278,-1.804764,-1.608475,3.417745,-2.984032,-2.142058,-2.306689,0.247359,3.115951,3.251883,prior_operation
21,True,26,29,-6.518293,-2.669171,-1.199308,-1.135107,2.50449,-2.92207,-0.685858,-0.739024,-0.334441,1.329876,0.889219,prior_operation
22,True,18,32,-7.372421,-1.371928,-1.487382,-2.074042,3.108331,-1.854329,-1.369183,-0.800169,0.41856,2.782811,1.86951,prior_operation
23,True,34,31,-8.278705,-1.028033,-1.276951,-1.563567,3.880004,-1.413486,1.145746,1.279674,-1.600573,0.300964,-0.057642,prior_operation
24,True,19,43,-7.184178,-1.546859,-1.056122,-1.878306,3.163911,-1.372648,-0.151442,0.067953,-0.408473,1.480436,0.840302,prior_operation
25,True,17,31,-6.454221,-1.234251,-2.446107,-1.827761,1.705469,-0.76754,-1.313491,-1.088357,0.315351,2.189658,3.296942,prior_operation
26,True,18,30,-7.12693,-0.956089,-1.464341,-1.370604,2.797858,-1.364244,-1.006677,-1.082969,-0.178336,2.077766,1.85133,prior_operation
27,True,15,30,-7.185325,-0.679929,-1.288139,-1.234774,2.427537,2.00336,2.046429,1.366595,-2.062673,-1.201816,-0.592523,prior_operation
28,True,28,34,-7.53473,-0.760263,-0.895608,-0.562891,2.637912,0.234435,0.973302,0.583188,-1.225688,-0.072567,0.289751,prior_operation
29,True,28,30,-7.758924,-1.443375,-0.714188,-1.156392,2.707109,0.269492,1.026967,1.032278,-0.760938,0.591355,0.184803,prior_operation
30,True,19,31,-7.471166,-0.802697,-1.247172,-1.342444,2.561248,1.745388,2.233112,1.809575,-2.400966,-0.750119,-0.597447,prior_operation
31,True,17,29,-8.164768,-0.418925,-1.216041,-1.061459,2.503572,-0.337176,0.599707,0.773694,0.785282,1.682806,0.774515,prior_operation
32,True,19,36,-7.532922,-0.776244,-0.221336,-0.207141,2.623773,-1.205803,-0.018817,0.883798,-0.221476,0.382374,0.083324,prior_operation
33,True,19,30,-6.479083,-2.153117,-2.010777,-2.148916,2.729421,-2.512929,-0.85706,-0.701803,0.724767,2.051159,1.232865,prior_operation
34,True,32,32,-7.554555,-1.296658,-0.640403,-1.033904,2.503539,0.491692,1.292216,1.089688,-1.168493,0.114699,0.007768,prior_operation
35,True,23,30,-7.388396,-1.290107,-0.902033,-1.311238,2.707975,-0.18786,1.427219,1.099792,-0.887419,0.012079,-0.54734,prior_operation
36,True,19,31,-6.685867,-1.220652,-1.419262,-1.78901,2.494339,1.025021,1.849152,1.470497,-2.149514,-1.04713,-0.57719,prior_operation
37,True,23,41,-7.322909,-1.266525,-1.705066,-2.148172,3.057517,-0.046494,1.042626,1.61592,-1.177755,0.600868,-0.029639,prior_operation
38,True,18,35,-7.668784,-0.874757,-0.949617,-1.145891,3.101887,-0.231709,1.243202,0.275154,-0.012866,-0.09784,0.207397,prior_operation
39,True,19,36,-6.407455,-1.462959,-2.118211,-1.240061,2.473869,-0.552212,0.651703,0.791875,-1.132821,0.153728,0.207646,prior_operation
40,True,16,34,-6.277529,-2.269126,-1.582077,-1.917094,1.9765,-1.388266,-1.347119,-1.545849,1.063292,2.665892,2.460983,prior_operation
41,True,18,35,-6.462859,-2.122708,-2.310305,-2.917668,2.738669,-2.454493,-1.508982,-1.661405,1.046842,3.118823,2.754428,prior_operation
42,True,18,49,-6.527373,-1.099642,-1.972155,-1.804017,2.429768,0.621503,1.208612,1.16186,-2.406223,0.240592,0.264662,prior_operation
43,True,16,40,-6.231186,-1.454929,-1.379684,-1.048451,2.13973,-1.511469,-0.821999,-0.926583,0.519721,1.711221,1.349941,prior_operation
44,True,24,26,-7.549619,-2.209427,-1.464509,-1.73585,3.585782,-1.528728,0.413441,0.08479,-0.158291,0.689175,0.233125,prior_operation
45,True,19,29,-6.095196,-1.977302,-2.070327,-1.526254,2.645228,-1.667569,-0.380065,0.092023,-0.62835,0.748611,0.091919,prior_operation
46,True,18,31,-7.600543,-1.643145,-1.518969,-1.144301,2.699441,2.012282,2.297184,1.54719,-4.032478,-0.558194,-0.199145,prior_operation
47,True,19,29,-7.080447,-1.277026,-1.223138,-0.785369,2.53889,-0.909482,-0.116926,-0.974523,0.023284,1.202314,1.154502,prior_operation
48,True,18,34,-7.434254,-3.110673,-1.586708,-2.141294,3.659467,1.97091,2.826127,2.494076,-4.763934,-1.62746,-1.840944,prior_operation
49,True,21,33,-6.586818,-1.405233,-1.93449,-1.362548,2.28319,-0.300811,0.761724,0.669333,-0.888841,0.267003,0.750469,prior_operation
50,True,37,37,-8.328588,-1.050292,-1.006251,-1.433284,3.509465,0.198969,0.926498,1.07102,-1.582263,0.882232,0.257427,prior_operation
51,True,18,38,-7.280399,-1.142147,-1.675438,-1.35301,3.172864,-1.3685,-0.610635,-0.637741,0.293908,1.531146,1.671504,prior_operation
52,True,18,37,-7.192537,-0.333361,0.097096,0.540078,2.168157,1.05105,1.432479,1.712617,-1.936349,-1.175608,-2.022672,prior_operation
53,True,17,29,-6.08115,-1.095186,-2.47513,-0.940233,1.802147,-0.874637,-1.466731,-1.658932,0.627343,1.547313,2.014149,prior_operation
54,True,19,30,-8.423871,-0.344744,0.009792,-0.004638,2.847935,1.62335,2.348358,2.177419,-4.051283,-1.069466,-1.717945,prior_operation
55,True,19,34,-7.260828,-1.227853,-1.43628,-1.065407,2.169272,-1.143981,0.596004,-0.473941,0.999006,1.221055,1.645756,prior_operation
56,True,17,41,-6.65611,-0.7648,-1.305882,-0.229217,1.827408,-0.581548,0.770537,0.54129,-0.094438,0.286845,0.254306,prior_operation
57,True,18,34,-7.554946,-2.095823,-2.476195,-1.572846,2.621117,-2.739344,-1.747132,-1.869091,2.241687,4.162639,3.857249,prior_operation
58,True,19,29,-7.862439,-0.240678,-0.65573,-0.831914,2.285862,1.70123,2.22482,2.53493,-1.915314,-0.676589,-1.527815,prior_operation
59,True,18,25,-6.77375,-1.123001,-1.462307,-1.107932,2.230954,-1.778975,-1.548334,-1.114287,0.890762,2.223114,1.546126,prior_operation
60,True,17,49,-6.424453,-2.256542,-1.98755,-1.784551,2.846709,-3.401396,-1.543496,-1.29886,1.286652,2.778385,2.418707,prior_operation
61,True,17,33,-6.48598,-2.127886,-1.441681,-1.144248,2.434515,-0.827758,-0.357116,-0.406008,0.342215,1.084056,0.896816,prior_operation
62,True,29,35,-7.168764,-1.351697,-1.385756,-1.801699,2.874865,-0.19382,0.458811,0.854169,-1.408764,1.104558,-0.017856,prior_operation
63,True,28,32,-7.238669,-2.058793,-1.207255,-1.709427,3.166768,-0.345983,0.761706,0.811169,-1.457269,0.618104,-0.766529,prior_operation
64,True,21,38,-7.870929,-0.353157,-1.053956,-0.421683,3.076216,0.049237,0.976015,1.58722,-0.953623,0.192045,-0.78453,prior_operation
65,True,18,35,-7.339874,-1.460258,-1.770724,-1.408277,2.482208,-1.968522,-0.908824,-0.513803,1.035285,3.035853,2.24478,prior_operation
66,True,17,40,-6.991986,-1.639882,-1.54814,-2.145895,2.817279,-1.289633,-1.143917,-1.460268,-0.059799,2.583102,2.837293,prior_operation
67,True,20,22,-10.034841,0.441614,0.588993,0.251839,2.905141,3.037036,3.100468,2.932688,-3.318383,-1.195746,-1.497823,prior_operation
68,True,16,40,-6.49304,-1.784561,-1.814065,-1.035037,2.567152,-1.323526,-0.181773,-0.107892,0.226121,0.992662,0.854951,prior_operation
69,True,19,42,-8.518544,0.094512,0.161419,0.069549,2.479718,-0.571821,0.372608,0.895649,0.352754,1.249,0.846704,prior_operation
70,True,21,28,-7.120904,-0.933688,-1.077254,-1.306592,2.424258,-0.957732,0.578034,-0.320373,0.036797,0.477274,0.980888,prior_operation
71,True,17,43,-7.051165,-1.161111,-0.625924,-0.159539,2.561614,1.263779,1.856569,1.987482,-3.322774,-1.00859,-1.945344,prior_operation
72,True,17,33,-6.827127,-1.831105,-1.852222,-2.139907,2.914254,-1.377404,-0.580077,-1.295724,0.427989,1.940157,2.059864,prior_operation
73,True,17,43,-6.875049,-1.409393,-1.503043,-1.477988,2.751333,-1.078718,-0.478681,-0.325978,0.310263,1.440055,1.726124,prior_operation
74,True,15,39,-6.059699,-2.075775,-1.877801,-2.203925,2.391842,-0.818692,-0.644654,-0.248211,0.145789,1.656039,0.988736,prior_operation
75,True,17,34,-7.68589,-1.027321,-1.151128,-1.678986,3.45422,-1.873482,-1.743024,-1.469159,0.244474,2.482882,2.45911,prior_operation
76,True,19,31,-7.368387,-2.684651,-1.408364,-2.24338,3.580776,-1.797308,-1.146136,-1.051306,0.329808,2.193175,1.702453,prior_operation
77,True,17,39,-6.787605,-1.078346,-1.026792,-1.170629,2.460479,1.178228,1.365284,0.164256,-1.857267,-0.455124,0.05104,prior_operation
78,True,18,38,-7.687317,-0.919158,-0.830081,-1.338395,3.307318,1.0264,1.857656,2.14357,-2.323908,-0.753538,-1.416965,prior_operation
79,True,16,37,-7.246802,-1.195623,-1.333117,-0.983035,2.787606,-1.437971,-1.300208,-1.566621,0.534922,2.139346,2.800713,prior_operation
80,True,22,34,-7.19944,-1.223996,-0.889756,-0.262228,2.798177,-2.178306,-0.173249,0.402784,-0.003447,0.769173,-0.286853,prior_operation
81,True,20,26,-6.920319,-1.995493,-1.779981,-1.86554,2.986079,-1.550861,0.025587,-0.291982,-0.010998,1.080449,0.840984,prior_operation
82,True,17,29,-7.450675,-2.076635,-1.542307,-1.706205,2.972569,2.44136,2.962869,2.228583,-4.646628,-1.287049,-1.29317,prior_operation
83,True,16,33,-6.223122,-1.423863,-1.82592,-1.295139,1.8343,-1.358247,-1.266595,-1.452986,0.798561,2.287065,2.142519,prior_operation
84,True,25,24,-7.323568,-1.213779,-0.602846,-0.768842,2.291984,0.037238,1.574385,0.720627,-0.884335,-0.51919,-0.351265,prior_operation
85,True,27,29,-7.283134,-2.028415,-1.932637,-1.69837,2.669215,-3.489232,-1.139934,-1.078975,1.327206,3.11725,2.698819,prior_operation
86,True,20,39,-7.136996,-0.452175,-1.295367,-1.707858,2.461622,-1.501373,0.160564,0.030749,0.355783,0.95917,1.570024,prior_operation
87,True,16,25,-7.485412,-1.07811,-2.592355,-1.672442,2.725204,-1.761827,-1.885475,-2.19053,1.048436,3.361221,4.083044,prior_operation
88,True,17,39,-7.62794,-1.568584,-1.404961,-1.334134,2.829102,-2.943801,-2.322273,-2.61413,1.012793,4.272391,4.397024,prior_operation
89,True,19,28,-6.440532,-1.255905,-1.319294,-1.674797,1.824608,1.056871,1.108263,1.436355,-1.881692,-0.12129,-0.405794,prior_operation
90,True,22,30,-6.140019,-1.988128,-1.745386,-1.903444,2.641342,-0.044754,-0.089525,-0.007115,-1.39051,0.192957,0.55836,prior_operation
91,True,18,32,-6.750753,-1.272842,-1.48036,-0.58522,2.305131,-2.268624,-2.397483,-1.671627,0.663201,2.956025,2.387725,prior_operation
92,True,19,35,-8.069233,-1.405899,-1.508334,-1.275956,2.926907,-3.660865,-2.552491,-1.731398,1.913481,4.739688,3.951836,prior_operation
93,True,19,29,-7.251683,-2.534828,-2.500605,-2.77363,4.055792,1.095962,1.711188,1.13611,-3.917646,-0.479564,-0.813144,prior_operation
94,True,17,39,-7.502524,-1.418457,-0.962511,-1.362103,2.759558,2.000976,2.861025,2.347016,-2.584248,-1.057487,-1.21565,prior_operation
95,True,20,26,-7.395175,-1.346141,-0.368766,-0.02918,2.342179,-0.865155,-0.652578,-0.552708,-0.121629,0.980271,0.979429,prior_operation
96,True,23,29,-8.240371,-0.250141,-0.543558,0.069151,2.504314,-1.501517,0.400255,0.77762,0.284637,0.95281,0.665704,prior_operation
97,True,19,36,-7.233572,-1.448064,-1.387473,-0.408393,2.72824,-1.978069,-0.928767,-0.874119,0.300069,2.161612,1.58815,prior_operation
98,True,19,33,-6.888774,-1.261449,-1.459036,-1.582058,2.289371,-1.548558,-0.546228,-0.042314,0.066705,2.092112,1.076599,prior_operation
99,True,18,27,-7.857698,-1.42813,-3.732875,-1.727103,3.343558,-1.344284,-0.753545,-0.673951,1.113665,2.522506,2.810091,prior_operation
100,True,21,25,-7.456394,-1.614121,-1.240177,-2.257736,3.107746,1.504844,2.002306,2.358521,-3.865587,-0.612564,-1.56609,prior_operation
101,True,20,38,-6.780526,-0.85936,-0.860762,-0.615886,1.930046,0.451457,1.360765,0.386149,-0.795026,0.015411,-0.260998,prior_operation
102,True,16,38,-8.1574,-0.700717,-0.573401,-0.221741,3.427239,2.020584,2.356088,2.011329,-3.833558,-1.498194,-1.529063,prior_operation
103,True,30,30,-7.736594,-1.141399,-1.297271,-1.155415,3.260171,-3.217843,-0.448041,-0.933086,0.462058,1.803871,1.649774,prior_operation
104,True,21,35,-6.830719,-1.523084,-1.631438,-1.519086,3.174136,-0.207729,0.514589,0.743829,-1.419163,0.337721,-0.599386,prior_operation
105,True,20,26,-9.094933,-0.512813,-0.9311,-0.634452,3.937027,1.806205,2.688534,2.722544,-3.881566,-1.729391,-0.977969,prior_operation
106,True,19,23,-7.61313,-1.294707,-2.156746,-1.423127,2.76221,-0.939829,0.513968,0.082381,0.546287,1.24596,1.077843,prior_operation
107,True,19,37,-6.652264,-2.280158,-1.921304,-2.535264,3.082851,-3.432162,-2.240631,-2.06855,0.616186,3.836957,2.722996,prior_operation
108,True,25,26,-8.320561,-1.795724,-1.291009,-1.773811,3.746396,-0.349478,1.569841,2.187859,-0.98687,0.271061,-0.928285,prior_operation
109,True,20,25,-7.51313,-0.929459,-1.619837,-0.659416,2.6473,-1.814066,-0.507599,-0.668447,1.297808,1.693298,1.639778,prior_operation
110,True,18,33,-7.741316,-0.76502,-1.104417,-1.489113,3.062233,1.757367,2.680503,2.316887,-4.282172,-1.31771,-1.019796,prior_operation
111,True,20,38,-6.233849,-1.898108,-1.977114,-2.137785,2.299999,-3.760924,-1.25821,-1.994196,0.695484,2.819658,2.917773,prior_operation
112,True,19,37,-8.270014,-0.55204,-1.375493,-0.620213,3.099202,-0.071114,1.527771,2.120456,-0.518328,0.305352,-0.503066,prior_operation
113,True,18,36,-6.752815,-1.410582,-1.379896,-1.182317,2.611236,-1.010099,-0.282504,-0.141651,-0.220837,1.187751,0.955949,prior_operation
114,True,18,30,-6.461591,-1.625323,-2.006752,-1.485961,2.235699,-1.901513,-1.649858,-1.232256,0.442747,2.824715,1.872047,prior_operation
115,True,18,26,-6.80308,-1.555844,-1.690246,-2.086469,2.840833,1.686134,0.909869,1.741889,-2.691285,-0.773758,-0.784468,prior_operation
116,True,19,44,-6.840619,-1.474973,-1.626814,-1.503761,2.397264,-1.487447,-0.396101,-0.506902,0.088929,1.949215,2.133764,prior_operation
117,True,21,36,-7.790754,-0.90268,-1.348543,-1.370676,2.979383,-2.019033,-0.307466,0.316655,0.708026,1.677316,1.65274,prior_operation
118,True,21,35,-6.408008,-1.679978,-1.647129,-1.519836,2.758031,0.258391,1.319972,0.873136,-3.467367,-0.720941,-0.489912,prior_operation
119,True,35,33,-7.776547,-0.614411,-0.494848,-1.034009,3.076692,0.071684,0.113473,1.081473,-1.823338,0.475772,-0.157449,prior_operation
120,True,20,38,-7.877905,-0.619215,-0.252604,-0.198836,3.044521,0.950228,1.848719,2.696606,-2.000154,-1.316039,-2.087389,prior_operation
121,True,19,31,-6.616599,-1.045826,-1.477633,-1.521938,2.460127,1.068268,1.45921,1.22885,-2.31687,-0.682313,-0.703046,prior_operation
122,True,16,43,-6.231526,-2.347505,-1.587486,-1.239231,2.362338,-0.926121,0.280633,0.014946,-0.140079,0.716165,0.566456,prior_operation
123,True,18,40,-7.904677,-0.906042,-0.696691,-0.694083,3.013917,1.171751,2.148343,1.560885,-2.657332,-0.671861,-0.616905,prior_operation
124,True,19,27,-8.028613,-0.757,-0.189731,0.34262,2.324852,-2.316065,-1.812164,-1.61491,1.193501,2.711903,2.481853,prior_operation
125,True,27,35,-9.148488,0.73539,1.339439,1.419222,2.052844,0.172249,2.034234,2.48543,-0.917005,-0.653626,-1.212291,prior_operation
126,True,20,34,-6.070347,-2.002191,-2.103819,-1.956002,2.437774,-1.948863,-1.006216,-1.811734,0.718901,1.314588,2.700467,prior_operation
127,True,20,38,-7.106536,-1.73137,-1.312553,-1.443008,3.076487,0.605977,1.586118,2.305584,-2.575515,-0.684884,-1.299307,prior_operation
128,True,30,33,-6.952756,-2.501684,-2.513256,-2.413509,3.516976,-3.147208,-0.718703,-1.926512,0.400081,1.920045,2.936156,prior_operation
129,True,18,36,-6.657064,-1.73624,-1.421696,-0.649177,1.92929,-3.063671,-2.403331,-2.366259,1.873459,3.627814,3.331192,prior_operation
130,True,24,30,-8.41847,-0.870285,-0.421159,-0.300468,3.094836,-0.009509,1.744767,1.584171,-1.120233,-0.402479,-0.961091,prior_operation
131,True,23,28,-7.06199,-1.513284,-0.713389,-1.258364,2.359001,-0.274126,0.867502,1.249992,-0.840862,0.11767,-0.563089,prior_operation
132,True,39,32,-7.417567,-0.945442,-1.573274,-1.358269,2.796366,0.136603,0.750307,0.338368,-1.510877,0.75487,0.626805,prior_operation
133,True,18,30,-7.359756,-0.613915,-1.163796,-1.344874,2.026654,-1.546183,-0.229872,0.012383,0.977816,1.662699,1.845352,prior_operation
134,True,18,37,-7.989198,-0.706928,-0.538215,-0.780749,3.048395,1.660454,2.081752,1.625629,-2.2938,-0.853357,-0.934751,prior_operation
135,True,21,28,-7.040016,-1.020093,-0.8962,-0.44748,2.505529,0.027264,0.733254,1.345787,-1.046108,-0.465259,-0.857789,prior_operation
136,True,20,22,-7.404038,-0.753276,-0.51136,0.191942,2.503356,1.460628,2.249942,1.616124,-2.859875,-2.363027,-2.190303,prior_operation
137,True,16,34,-7.200155,-1.531861,-2.303226,-1.594763,2.905751,-1.104316,0.325037,0.847831,0.184879,1.290142,0.814557,prior_operation
138,True,18,42,-6.913901,-1.867616,-1.676652,-2.030728,2.9901,-1.865658,-0.865672,-0.844541,0.292725,2.224123,2.196405,prior_operation
139,True,35,17,-8.276943,-2.517407,-3.416212,-2.91805,4.026388,-2.373964,-0.101703,-0.327165,0.554645,2.279141,2.570222,prior_operation
140,True,15,38,-6.424572,-1.60082,-1.41106,-1.754129,2.539744,-1.242154,-0.876169,-0.495083,0.526324,1.61693,1.114926,prior_operation
141,True,18,26,-7.920278,-0.795109,-0.615183,-0.576723,2.947394,2.227008,2.776386,3.22251,-3.720561,-2.105505,-2.667719,prior_operation
142,True,18,30,-6.447931,-2.386621,-1.475846,-0.954058,2.275729,-2.050818,-1.398702,-0.999377,0.430723,2.307767,1.331677,prior_operation
143,True,17,35,-8.311413,0.189661,0.911514,0.685172,2.070762,2.16095,2.492058,2.669537,-2.292154,-1.976139,-1.807553,prior_operation
144,True,16,30,-7.868848,-1.248967,-1.138616,-0.531401,3.208678,2.204319,2.349982,1.91111,-3.593408,-1.435384,-1.136953,prior_operation
145,True,19,28,-10.232362,1.625547,1.4037,1.748731,1.96016,3.348722,3.564414,4.681596,-2.864705,-2.327241,-2.506955,prior_operation
146,True,19,32,-7.498788,-1.377489,-0.751474,-0.950054,2.982851,1.129528,1.727073,1.433261,-2.119287,-0.567344,-1.054616,prior_operation
147,True,21,26,-7.498639,-1.019813,-1.83483,-1.455976,2.587649,-1.554101,0.079735,0.264048,0.462017,1.462946,1.520297,prior_operation
148,True,18,35,-7.082724,-0.497212,-1.234025,0.232771,1.975204,-0.575966,0.733536,0.7028,0.020055,0.224678,-0.018281,prior_operation
149,True,18,40,-6.173034,-1.469967,-1.739835,-1.531859,2.105913,-1.796053,-0.363408,-0.74813,0.518095,1.3246,1.793224,prior_operation
150,True,16,49,-7.369836,-0.245664,-0.122484,0.077893,2.530917,1.535366,1.425849,2.22715,-2.521603,-1.098217,-1.485711,prior_operation
151,True,20,37,-7.05173,-1.250423,-0.192686,-0.075358,2.770607,0.161176,1.023611,0.431374,-1.539501,-1.538298,-0.719776,prior_operation
152,True,17,39,-6.603236,-1.702891,-1.61289,-1.806454,2.966208,-0.692803,-0.572628,-0.008229,-0.327683,1.288222,0.865462,prior_operation
153,True,17,34,-6.604345,-1.640756,-1.370478,-1.198485,2.516538,-2.157314,-1.981005,-1.991913,0.543735,2.769515,2.370458,prior_operation
154,True,19,24,-9.739649,0.519372,-0.388536,-0.227153,2.9972,-2.943267,-2.534976,-2.526986,1.651025,4.301847,5.014422,prior_operation
155,True,19,28,-7.775349,-1.42584,-0.880428,-1.026075,2.769019,-0.909318,0.016409,0.216055,0.436379,1.753132,0.350242,prior_operation
156,True,30,30,-8.389089,-0.177443,-0.753866,-0.587363,2.735004,0.681788,1.016349,1.823045,-0.866295,0.593928,-0.222286,prior_operation
157,True,77,28,-7.863115,-1.395065,-2.174476,-2.236539,3.70534,0.020128,0.934057,0.473686,-2.285016,0.429916,1.143946,prior_operation
158,True,18,30,-8.057037,-0.644015,-0.547018,-0.00611,2.165671,-1.91389,-1.068404,-2.479853,1.196226,2.735441,3.38336,prior_operation
159,True,20,23,-7.563186,-2.384531,-1.822325,-1.488483,2.745671,-2.978323,-2.035941,-2.503926,1.377475,4.144397,3.68208,prior_operation
160,True,19,36,-6.902251,-1.580305,-1.188682,-1.32126,2.845132,-1.568627,-0.094182,0.0479,0.212294,0.896249,0.650469,prior_operation
161,True,19,44,-7.270503,-1.539861,-1.377582,-1.471647,3.353401,-1.759103,0.49385,0.645769,-0.446259,0.778049,0.07906,prior_operation
162,True,18,30,-7.283819,-1.672498,-2.508742,-2.310717,3.059915,-3.195897,-3.693815,-2.836154,1.17594,5.171055,4.623462,prior_operation
163,True,53,29,-9.099904,-0.651027,-0.73465,-1.491176,4.188754,0.506799,1.69792,1.742728,-3.052436,-0.169355,-0.737215,prior_operation
164,True,19,31,-6.500936,-1.217916,-1.612604,-1.959781,2.388372,0.153686,0.694568,0.693492,-0.82944,0.415565,-0.379498,prior_operation
165,True,18,33,-7.534054,-1.237083,-1.276302,-1.172367,2.942641,-0.291862,0.08488,0.689759,0.058731,1.284682,0.301247,prior_operation
166,True,19,37,-6.27508,-1.767788,-1.756535,-1.829441,2.744561,-2.973588,-3.373586,-2.679698,-0.144008,3.842433,3.115068,prior_operation
167,True,17,41,-8.327449,-0.426991,-0.876344,-1.035742,3.804071,-0.974024,-0.637303,-0.183852,0.081284,1.417644,1.35502,prior_operation
168,True,22,24,-7.478629,-0.76926,-1.492124,-1.326899,2.757308,0.172051,1.141773,1.636627,-0.811418,-0.183299,-0.666828,prior_operation
169,True,16,40,-7.265454,-0.728454,-1.472397,-0.824335,1.936103,-1.338094,-1.394655,-0.964174,0.954061,3.268028,2.97689,prior_operation
170,True,25,34,-6.703188,-1.213332,-1.747705,-1.328593,2.780557,-0.407869,0.068191,0.011751,-1.628645,0.459201,0.932229,prior_operation
171,True,18,33,-7.266606,-1.204415,-0.90173,-0.867554,2.531266,-2.197608,-0.342008,0.06443,0.487778,1.604566,0.602582,prior_operation
172,True,22,31,-7.196075,-1.120159,-1.689196,-1.060182,2.936855,-1.50759,0.301995,0.194831,0.383813,0.673355,0.31468,prior_operation
173,True,17,40,-8.923209,-0.028328,0.310437,0.267255,2.854568,2.269324,3.314813,3.334739,-2.88773,-1.569718,-1.980842,prior_operation
174,True,21,35,-6.215463,-1.73397,-2.396551,-1.844496,2.757585,-0.307655,-0.037919,0.110492,-1.269339,0.552731,0.909985,prior_operation
175,True,23,28,-7.529648,-1.498081,-1.854149,-2.895688,3.410418,-2.757715,-0.238286,0.283941,-0.095989,1.998759,0.82237,prior_operation
176,True,25,37,-7.364114,-1.003958,-1.529182,-0.738193,2.447482,0.468016,1.053625,0.693955,-0.863397,0.648248,0.499701,prior_operation
177,True,22,32,-7.038962,-1.846543,-1.968169,-1.968755,3.003012,0.274938,0.893014,0.394062,-0.903237,0.425709,0.695775,prior_operation
178,True,20,30,-7.344465,-0.907713,-0.659782,-0.603278,2.309944,-1.519253,-0.586211,-0.110295,0.130287,1.854381,0.742608,prior_operation
179,True,19,24,-6.626684,-2.138232,-1.48774,-1.364892,2.605328,-1.634938,-0.58294,-0.074878,-0.15877,1.028266,0.567102,prior_operation
180,True,18,36,-6.945001,-1.51034,-1.287129,-1.390396,2.597885,-1.916432,-0.201255,-0.400564,0.735125,1.610918,1.114859,prior_operation
181,True,18,32,-6.549693,-1.320735,-1.432553,-1.577931,2.202555,1.233869,1.349231,1.189893,-2.707699,-0.204287,-0.413186,prior_operation
182,True,19,39,-6.274026,-1.244094,-2.076977,-1.761575,2.558819,-0.168767,0.126564,0.483644,-1.089027,0.300481,0.58882,prior_operation
183,True,19,28,-9.596472,1.144552,-0.128145,0.333149,2.865917,-1.383143,-0.424206,-0.55013,0.619659,2.189591,2.299822,prior_operation
184,True,19,30,-6.748869,-1.520513,-1.685607,-0.929432,2.588872,-1.882442,-1.310919,-1.319561,0.262419,1.996018,1.807862,prior_operation
185,True,18,32,-6.813933,-1.269322,-1.199044,-0.915281,2.527438,-0.983934,-0.239682,0.233824,-0.415658,1.039143,0.055974,prior_operation
186,True,16,32,-6.236036,-1.641204,-2.802225,-1.652991,2.51476,-2.223408,-2.577708,-3.245292,1.22203,3.045882,3.815525,prior_operation
187,True,17,41,-6.820178,-1.543462,-1.55721,-2.055823,2.417477,-2.32034,-0.564731,-0.689633,1.363392,2.379355,2.03766,prior_operation
188,True,17,40,-6.478527,-1.415193,-1.441015,-2.324951,2.524487,0.989187,0.719374,0.869571,-1.60457,0.441306,-0.197852,prior_operation
189,True,18,31,-8.347106,-0.447764,-1.109406,-1.298484,2.764715,1.963159,2.214148,2.987194,-1.729836,-0.502955,-0.59889,prior_operation
190,True,23,34,-7.491988,-1.031811,-0.926864,-1.852105,2.608274,0.303603,0.911545,1.521052,-0.636482,0.641649,0.223287,prior_operation
191,True,23,30,-7.619573,-0.735767,-0.624768,-0.458691,2.725307,-1.782665,-0.15425,-0.156433,0.60916,0.918,0.709539,prior_operation
192,True,19,30,-6.066354,-2.541281,-1.645838,-1.381331,2.090483,-2.148099,-2.139749,-1.838896,0.646617,2.431445,2.643379,prior_operation
193,True,20,25,-7.989602,-1.660079,-1.951083,-1.932751,3.155965,-1.252562,-0.27655,-0.10525,0.475779,2.564825,1.491898,prior_operation
194,True,27,27,-6.621087,-1.556892,-1.780634,-1.182718,2.322106,-0.324431,0.244239,0.218308,-1.313953,0.674821,0.479304,prior_operation
195,True,28,40,-7.671698,-1.347484,-1.02286,-1.56184,3.309504,-0.1927,1.08039,0.855556,-1.603917,0.392549,0.042204,prior_operation
196,True,16,36,-6.500824,-2.006438,-1.768273,-2.341547,3.039979,1.406485,1.700365,1.161071,-2.682254,-0.731046,-0.922658,prior_operation
197,True,17,45,-6.457797,-1.685093,-1.369412,-1.92509,2.62644,-0.025294,0.890426,0.948644,-0.799305,0.105987,0.039563,prior_operation
198,True,17,36,-6.93284,-1.211513,-1.814949,-1.806763,2.962499,-0.565825,-0.667683,0.007383,-0.266595,1.604688,1.041697,prior_operation
199,True,17,33,-5.753306,-2.452901,-1.589043,-1.660336,2.046282,-1.733516,-0.28755,-0.55611,-0.413843,1.144433,0.771062,prior_operation
200,True,18,29,-6.977048,-1.964569,-2.006339,-1.654801,2.619205,1.369969,1.648168,0.807969,-3.555166,0.141451,0.179926,prior_operation
201,True,21,35,-7.15691,-1.164015,-1.371049,-1.344792,2.478235,0.361815,0.844952,0.88283,-0.663363,0.498381,0.417742,prior_operation
202,True,19,29,-10.327777,0.947326,1.213045,0.52699,3.366087,2.974996,3.186394,3.603593,-3.475468,-2.062495,-1.950009,prior_operation
203,True,19,18,-6.906397,-1.389941,-3.045735,-3.099249,2.200908,-2.047338,-2.018329,-2.333503,1.534052,3.490605,4.238902,prior_operation
204,True,16,38,-7.330626,-1.82813,-2.155323,-2.369181,3.07143,-1.739092,-1.667753,-1.31268,0.829143,3.472145,3.369146,prior_operation
205,True,17,46,-6.563347,-1.263073,-1.518011,-1.339293,2.594183,-0.98726,-0.09683,-0.200835,-0.538026,1.439533,0.683784,prior_operation
206,True,19,31,-6.858,-0.786714,-0.343391,-0.674414,1.902985,0.076872,1.094441,1.065499,-0.740546,-0.131547,-1.000752,prior_operation
207,True,22,34,-6.652343,-1.916728,-1.532507,-1.147053,2.611142,-0.800781,0.701392,0.490796,-1.312879,0.076949,0.190677,prior_operation
208,True,17,36,-7.150502,-1.980553,-1.099455,-1.067568,2.990923,-1.455075,-0.510788,-0.096482,0.091143,1.469097,0.168387,prior_operation
209,True,21,42,-7.736099,-0.278488,-0.447135,-0.596322,2.601272,-0.379413,0.982497,1.911665,-1.012021,-0.004973,-0.383969,prior_operation
210,True,19,26,-6.958448,-1.784666,-1.401394,-0.926491,2.604583,-0.725976,0.332499,-0.368424,0.183601,0.446474,0.777982,prior_operation
211,True,29,39,-7.161064,-1.325639,-1.91592,-1.726909,2.933295,-0.192664,0.165277,0.706561,-1.409244,1.136992,0.978093,prior_operation
212,True,20,33,-6.519326,-2.180101,-1.59407,-1.394515,2.65725,-1.555437,-0.052102,-0.457238,-0.457051,0.754091,0.953105,prior_operation
213,True,17,40,-6.837421,-1.844727,-0.641377,-1.003873,2.670785,-1.441362,-1.051646,-0.462133,-0.010454,1.793859,0.839877,prior_operation
214,True,17,31,-6.652264,-1.714854,-1.591549,-1.778172,2.998962,1.865938,1.935211,1.489116,-4.794481,-1.409003,-1.483467,prior_operation
215,True,18,36,-7.896643,-0.065797,-0.857782,-1.133789,2.392919,-1.381965,-1.462351,-0.105032,0.373467,2.615528,2.566846,prior_operation
216,True,19,28,-6.331941,-2.123996,-1.631975,-1.673647,2.266714,-0.854987,-0.707424,-1.152597,-0.06741,1.339114,1.901615,prior_operation
217,True,18,33,-6.883488,-1.312073,-0.703586,-1.027861,2.471756,1.192805,1.263328,1.443755,-2.083459,-0.915071,-0.835877,prior_operation
218,True,26,28,-7.299084,-4.097353,-1.196457,-2.250753,2.956692,-0.503398,1.133585,1.257198,-0.795331,0.742962,-0.53495,prior_operation
219,True,20,31,-7.101061,-1.64317,-1.623263,-2.107834,2.950081,-3.118659,-2.355969,-1.670481,0.592627,3.625865,3.241664,prior_operation
220,True,16,31,-8.138047,-1.395705,-1.612552,-2.090619,3.722763,2.130488,2.633353,2.177109,-3.24911,-1.076893,-0.785194,prior_operation
221,True,16,35,-7.171074,-0.993332,-1.55024,-1.097336,2.075843,-1.021698,-0.957848,-0.903192,1.006257,2.403263,2.751065,prior_operation
222,True,18,44,-6.426848,-1.428269,-1.695336,-1.279068,2.48997,-0.547325,0.706475,0.903854,-1.030039,0.078237,0.273463,prior_operation
223,True,19,34,-8.560662,-0.308537,-0.078507,-0.953931,3.153009,-1.89017,-1.327202,-0.54453,0.622637,2.855316,1.627439,prior_operation
224,True,17,29,-8.522639,-1.104383,-2.050658,-2.309495,3.005174,-1.284652,-0.852803,-0.567445,1.334922,3.637148,3.586758,prior_operation
225,True,21,26,-6.712849,-2.103272,-1.040472,-2.057122,2.779236,-0.230254,1.221131,-0.445666,-1.083219,-0.243466,-0.89014,prior_operation
226,True,18,36,-7.739891,-0.627629,-1.904475,-1.496769,2.618944,-2.249823,-1.631645,-0.829848,1.324609,3.123336,3.374282,prior_operation
227,True,18,36,-7.502151,-1.574472,-0.672838,-1.103286,2.654388,-2.262913,-0.233589,-0.023031,0.698716,2.043819,0.802343,prior_operation
228,True,20,27,-8.73059,-0.60182,-0.343824,-0.394423,3.120303,1.755721,3.008402,2.324399,-2.837346,-1.440657,-1.466003,prior_operation
229,True,19,24,-8.41199,-1.556043,-1.70125,-1.840056,3.328386,-1.294033,-0.746341,-0.644045,0.847326,3.145224,1.96726,prior_operation
230,True,46,18,-9.850525,0.358779,0.037763,-0.498447,3.729447,1.082385,1.817453,3.006296,-3.176807,-0.642178,-1.841958,prior_operation
231,True,24,23,-7.117433,-1.960017,-2.224751,-1.896552,2.816244,-3.180974,-1.331018,-1.24875,0.7744,2.575084,2.79226,prior_operation
232,True,16,44,-6.724889,-2.243761,-1.835788,-1.605494,3.153848,1.413447,1.456334,1.621571,-3.309313,-0.340441,-1.111446,prior_operation
233,True,23,34,-7.491562,-2.037749,-1.566954,-2.175242,3.284672,-0.713995,1.05982,1.515684,-0.894882,0.669714,-0.336953,prior_operation
234,True,18,38,-6.378471,-1.659723,-1.527722,-1.403586,2.592983,-1.391704,-0.53828,-0.993448,-0.075318,1.27706,1.27998,prior_operation
235,True,16,36,-7.262807,-1.469329,-1.714799,-1.841303,3.212219,-1.363198,-1.124833,-1.521245,0.814078,2.244861,2.373161,prior_operation
236,True,17,31,-8.080967,-0.768999,-1.315272,-1.235197,3.024168,1.899216,1.451418,1.694057,-2.250181,0.304459,-0.433761,prior_operation
237,True,16,38,-7.536739,-0.240614,-0.463201,-0.253653,2.33302,-1.067068,-0.465208,-0.885192,0.416474,1.668822,1.419843,prior_operation
238,True,18,32,-7.074286,-1.621709,-0.997524,-1.267329,2.58399,-1.959398,-1.538174,-1.408097,0.980237,2.289576,2.169078,prior_operation
239,True,16,38,-6.958642,-1.28655,-0.760417,-0.623418,2.625025,1.603678,1.765112,1.585059,-3.389914,-1.299254,-0.963336,prior_operation
240,True,16,33,-7.435545,-0.81994,-0.761285,-0.983858,2.88676,2.341006,2.786545,2.532028,-3.620177,-2.07337,-2.130876,prior_operation
241,True,20,38,-6.889193,-1.190536,-0.831523,-1.17213,2.478604,-1.077602,0.569418,1.068078,-1.151304,0.496246,-0.195383,prior_operation
242,True,23,26,-7.569453,-1.663751,-2.202835,-2.398463,3.728688,-3.15228,-1.364448,-0.211387,0.445926,2.245248,1.704509,prior_operation
243,True,28,30,-6.682444,-1.54989,-2.037575,-1.578841,2.685441,-0.201734,0.568973,0.559022,-1.47458,0.503589,0.147899,prior_operation
244,True,18,28,-6.305321,-0.768904,-1.589855,-2.027093,1.82374,0.083697,0.57469,0.987588,-0.702589,0.080976,0.127473,prior_operation
245,True,38,36,-7.384005,-0.32477,-2.276887,-1.395223,2.953853,0.130776,0.117712,0.242332,-1.814076,0.821676,1.210386,prior_operation
246,True,19,31,-6.258024,-1.413832,-2.029357,-1.274182,1.939895,-1.535948,-0.737083,-0.897513,-0.061935,1.931194,1.702332,prior_operation
247,True,20,35,-7.312842,-1.174397,-1.959128,-1.468599,3.113793,-2.405113,-1.676572,-1.729847,-0.33731,3.157806,2.58771,prior_operation
248,True,17,31,-6.657453,-1.744298,-1.220682,-1.471158,2.325628,-1.371442,-0.770891,-0.66823,0.763968,1.945654,0.849879,prior_operation
249,True,18,29,-6.598395,-2.128212,-2.888823,-1.578932,2.695164,-1.699029,-0.930219,-2.276027,0.916069,2.241965,2.323324,prior_operation
250,True,18,29,-6.37429,-1.133142,-0.801878,-0.674582,1.959627,-0.435171,-0.15283,-0.986439,-0.357871,0.280797,0.736194,prior_operation
251,True,21,38,-6.382885,-1.64938,-1.996556,-2.220581,2.63575,0.546075,1.257003,0.188563,-1.129727,-0.129746,0.512302,prior_operation
252,True,24,22,-6.802107,-1.079411,-1.419296,-0.475865,2.028881,-3.346126,-2.674189,-2.432763,0.819341,3.585074,2.177812,prior_operation
253,True,40,26,-7.553096,-1.657738,-1.229598,-0.486283,2.300821,-3.507689,-1.268608,-1.515884,1.594138,2.599002,2.906873,prior_operation
254,True,23,33,-7.329872,-1.838711,-1.874184,-2.633952,2.994803,-0.056865,1.141279,1.914641,-0.661978,0.612773,0.379912,prior_operation
255,True,18,42,-7.033648,-1.282609,-0.369157,-0.37744,2.407674,-0.576566,0.479534,1.142335,-0.364931,-0.227944,-0.259326,prior_operation
256,True,20,25,-7.49259,-1.032015,-1.583409,-0.408645,2.316447,-1.482781,-0.983648,-0.033598,0.371172,2.145394,1.331495,prior_operation
257,True,16,46,-6.523928,-1.305809,-1.386756,-1.536883,2.501862,-0.520043,-0.111258,0.304363,-0.334889,1.1729,0.508494,prior_operation
258,True,20,27,-6.972753,-1.298512,-2.119225,-1.450388,2.744557,-1.414743,-0.82995,-0.006425,-0.15907,1.706306,1.07821,prior_operation
259,True,17,38,-7.411847,-2.058814,-1.720043,-1.665618,2.928993,-1.811695,-0.840181,-1.480191,1.660648,2.749622,2.561069,prior_operation
260,True,17,45,-7.584105,-1.551065,-1.803728,-2.287418,3.55586,-2.917291,-2.160827,-1.706311,1.450777,3.9651,2.996347,prior_operation
261,True,20,47,-6.93228,-1.42371,-1.695773,-2.24933,3.09627,0.072105,0.733292,0.964283,-1.109292,0.780238,0.410751,prior_operation
262,True,17,37,-6.836676,-2.094431,-1.291513,-0.759097,2.591344,-1.635638,0.092369,-0.218765,0.237619,1.164584,0.616084,prior_operation
263,True,21,33,-6.898107,-1.953845,-1.693885,-2.772277,2.924022,0.158469,0.704339,1.194269,-0.71215,0.715328,0.057439,prior_operation
264,True,27,32,-7.290142,-1.915504,-2.940339,-2.314267,3.35719,0.357068,0.952351,0.094122,-1.155745,1.004579,1.044788,prior_operation
265,True,27,28,-6.427822,-2.156345,-1.684195,-1.472109,2.472185,-0.351936,0.363488,-0.006369,-1.384786,0.656428,0.317672,prior_operation
266,True,15,41,-6.381185,-1.259623,-1.188967,-1.184453,1.989991,-0.33396,0.095007,0.631103,-0.081172,0.907338,0.334726,prior_operation
267,True,25,31,-7.424005,-1.54952,-2.168541,-2.302207,3.500482,-0.396019,0.451331,1.094343,-1.28137,0.950923,0.235343,prior_operation
268,True,18,36,-6.798888,-1.79076,-1.577514,-1.44125,2.773075,1.421683,1.529092,0.890018,-3.157997,-0.646044,-0.211933,prior_operation
269,True,23,25,-6.736974,-1.452617,-0.9151,-0.864204,2.250525,-1.823131,-0.232796,-1.826445,0.704045,0.911302,1.01758,prior_operation
270,True,17,36,-7.081062,-0.970431,-1.09481,-1.577805,2.662134,-0.747143,-0.014513,0.385018,-0.042753,1.253804,0.598934,prior_operation
271,True,22,37,-7.299939,-1.92981,-2.040861,-2.281229,3.293368,0.703315,0.948368,0.591677,-0.815474,0.870594,0.335362,prior_operation
272,True,17,37,-8.198845,-0.85857,-1.195284,-0.978573,2.798066,-1.958893,-1.324798,-1.406315,1.291557,3.438779,3.407945,prior_operation
273,True,19,27,-7.536431,-1.365966,-1.794849,-2.581074,3.345387,-1.006569,0.359126,0.783971,0.140081,0.997619,0.550358,prior_operation
274,True,17,36,-7.247539,-1.643214,-1.69498,-1.691496,3.260473,-0.922684,-0.799376,-0.316974,-0.258437,1.924187,1.134069,prior_operation
275,True,21,34,-7.583101,-1.614034,-0.871393,-0.675497,2.961023,1.263898,2.707908,1.901778,-2.773956,-1.361811,-1.701769,prior_operation
276,True,17,45,-7.718957,-0.852775,-1.038183,-1.503644,3.254105,1.325385,1.446723,1.876616,-3.02804,-0.006365,-0.864295,prior_operation
277,True,20,24,-10.385318,1.143574,0.355273,0.467601,3.528217,2.653826,2.611688,3.905119,-4.476966,-1.650614,-1.752326,prior_operation
278,True,34,38,-8.836621,-0.437902,-0.612899,-0.790953,2.992441,-3.150609,-0.438884,-0.398676,1.203082,2.441598,2.737256,prior_operation
279,True,19,26,-7.033542,-2.188619,-1.789783,-1.910942,2.389566,-1.299144,-0.863906,-1.186024,0.605812,2.493304,2.834275,prior_operation
280,True,19,28,-7.549758,-1.722166,-2.332942,-3.108945,3.452682,-2.287246,-2.471735,-1.981758,0.311067,4.36299,3.548765,prior_operation
281,True,19,46,-6.50251,-1.460683,-1.473049,-1.980603,2.517355,0.515667,0.098425,0.421973,-0.966287,0.856352,0.892072,prior_operation
282,True,17,47,-6.194891,-1.817234,-1.959197,-1.564127,2.653824,-1.051044,-0.362132,-0.285262,-0.392947,1.229049,1.368361,prior_operation
283,True,21,36,-7.000298,-2.774406,-1.508451,-1.515523,3.045468,-4.14678,-1.584108,-1.465072,0.985733,3.054932,1.774359,prior_operation
284,True,17,35,-7.644972,-1.414544,-0.796667,-1.128396,2.858946,1.980581,2.578107,2.327279,-3.389403,-1.371473,-1.069387,prior_operation
285,True,17,31,-6.522579,-1.781917,-1.766674,-1.664423,2.730616,-2.253487,-2.217234,-2.340863,0.575222,2.884088,2.799865,prior_operation
286,True,21,24,-7.581614,-1.591253,-1.992296,-2.051274,3.042473,-2.472788,-1.555023,-0.974868,0.489982,3.397187,2.359912,prior_operation
287,True,17,38,-7.414217,-0.707011,-1.119411,-0.53961,2.469524,-1.470769,-1.0234,-0.286906,0.681783,2.431359,1.65263,prior_operation
288,True,19,34,-7.395382,-1.416005,-1.426979,-1.697819,3.049856,-2.340829,-2.075966,-1.679493,-0.189518,3.28684,3.176971,prior_operation
289,True,17,39,-6.666871,-1.432936,-1.453817,-0.696693,2.415215,-2.036088,-1.089823,-1.208656,0.686213,1.99421,1.466202,prior_operation
290,True,17,41,-6.536368,-1.24028,-0.982795,-1.598872,2.504217,-2.255726,-1.972898,-1.62772,0.334256,2.951691,1.866335,prior_operation
291,True,19,37,-6.866465,-1.762841,-1.279243,-1.627147,2.664077,-1.57321,-0.428539,-0.627304,-0.080364,1.907742,1.379176,prior_operation
292,True,17,36,-7.852272,-0.556737,-0.52788,-0.423073,2.484929,-0.834751,-0.116418,0.019652,0.640837,1.429106,1.185815,prior_operation
293,True,18,31,-7.631813,-1.130082,-1.094539,-0.978407,2.191994,-0.718964,0.696706,0.480169,0.873792,1.487798,1.038305,prior_operation
294,True,19,34,-5.925882,-1.641069,-1.593531,-1.15865,2.027629,-2.449114,-2.232717,-2.006273,0.518136,2.303701,2.492178,prior_operation
295,True,17,30,-7.603975,-1.161597,-1.270265,-1.446793,2.854646,-1.621752,0.013753,0.141116,0.734028,1.648968,0.622714,prior_operation
296,True,17,38,-7.98673,-0.749597,-0.292265,-0.988242,2.778796,-1.225371,-0.243043,0.105683,1.023918,1.93186,0.611588,prior_operation
297,True,17,43,-6.264491,-1.219901,-1.642139,-0.686407,2.298724,0.513374,1.2651,1.281309,-1.548358,-0.695435,-0.887324,prior_operation
298,True,23,29,-8.220651,-0.611032,-0.695854,-1.954998,3.47251,-0.935897,0.743863,0.986131,-0.142964,0.107225,-0.058795,prior_operation
299,True,22,30,-6.80861,-1.786217,-1.283385,-1.88322,2.952024,-0.135688,0.286145,0.749829,-1.221422,0.414539,-0.299977,prior_operation
300,True,19,30,-6.57159,-1.380955,-1.479561,-0.995472,2.288559,-1.40255,-1.623492,-0.916143,-0.30841,2.213493,1.382814,prior_operation
301,True,77,26,-8.24257,-1.02444,-0.794241,-1.428501,2.89558,0.026039,0.822629,1.859126,-1.813343,0.871867,-0.006655,prior_operation
302,True,19,40,-7.849917,-0.577668,-1.608163,-1.086441,3.106056,-1.482628,-0.243294,0.537894,-0.023676,1.960217,1.198748,prior_operation
303,True,19,40,-6.726262,-1.394412,-1.482858,-1.5308,2.801193,-1.509275,-0.598262,-0.212165,-0.470171,1.465019,1.086962,prior_operation
304,True,17,38,-7.652875,-2.080234,-1.864207,-2.32159,3.549853,-1.402388,-0.180919,0.093455,0.645301,2.316959,1.210014,prior_operation
305,True,18,32,-6.725658,-0.788293,-1.412369,-1.073186,2.16757,-0.318715,0.092289,0.056008,-0.06568,1.239603,0.001685,prior_operation
306,True,18,37,-7.524151,-0.787259,-0.458642,-0.403932,2.688009,-0.938351,-0.520846,0.100733,-0.24869,1.421603,0.690079,prior_operation
307,True,20,33,-7.384321,-1.233267,-0.626439,-0.445881,2.978363,0.041304,1.286982,1.177483,-1.292681,-0.805445,-1.17114,prior_operation
308,True,18,37,-6.964716,-0.46334,-0.897579,-0.503108,2.075496,1.214228,1.221972,1.434238,-2.002712,-0.441328,-0.533831,prior_operation
309,True,16,37,-6.116708,-1.629143,-1.053432,-0.956961,2.221085,-1.340664,-0.278478,-0.511328,-0.084898,0.604164,0.477588,prior_operation
310,True,18,27,-7.319147,-0.639244,-0.686355,-0.214481,2.043929,-0.657112,0.075448,0.286342,0.158077,1.108979,-0.05595,prior_operation
311,True,30,30,-9.770665,0.721553,1.269618,0.948937,2.513976,1.133665,2.065161,2.439544,-0.605978,-0.19384,-1.490645,prior_operation
312,True,86,25,-7.724885,-1.488882,-1.430382,-1.252972,2.449771,0.119788,1.103472,1.828994,-1.902377,0.920292,-0.171333,prior_operation
313,True,17,34,-7.669526,-1.806873,-2.052525,-3.08233,3.567554,-1.266323,-0.870405,-0.686497,0.67516,2.622202,2.496583,prior_operation
314,True,26,26,-7.448968,-2.103245,-1.228814,-1.427187,2.809653,-1.918835,-0.161176,-0.745755,0.764026,1.53787,1.719474,prior_operation
315,True,23,31,-6.619777,-1.054382,-1.230761,-0.786588,2.126099,-0.048641,0.389825,0.505202,-1.262741,0.649947,-0.485813,prior_operation
316,True,20,27,-6.490214,-1.105374,-1.168035,-1.485366,2.190612,-0.024992,0.683016,1.132664,-1.01576,-0.319838,-0.67011,prior_operation
317,True,19,39,-7.323982,-0.822108,-0.494651,-0.683131,2.48099,0.026794,1.038112,1.223855,-0.680263,-0.116784,-0.264925,prior_operation
318,True,17,38,-7.234425,-1.309313,-1.15829,-1.937463,3.148287,-0.947968,-0.016103,0.60701,-0.366106,1.216423,0.248755,prior_operation
319,True,17,33,-7.587449,-0.759378,-1.815197,-1.650694,2.738333,-0.65461,0.258533,0.605878,0.306158,1.576406,0.808529,prior_operation
320,True,19,35,-7.570786,-1.84089,-1.639401,-1.482346,3.229878,-1.493907,-0.515484,0.220819,0.012326,2.031011,1.136934,prior_operation
321,True,16,42,-6.309617,-2.41883,-1.710845,-1.845317,2.782601,-1.30394,0.359728,-0.192567,-0.301529,0.862794,0.739586,prior_operation
322,True,21,31,-6.810575,-1.311904,-0.820151,-0.732126,2.554862,0.010565,0.974485,1.125328,-1.256529,-1.008827,-0.946582,prior_operation
323,True,17,34,-7.812137,-1.487244,-1.770025,-1.534738,3.501858,-2.386788,-2.029451,-2.660472,0.035984,3.759886,3.472248,prior_operation
324,True,17,31,-8.196363,-0.818911,-0.489102,-0.808649,3.040865,2.388144,3.111372,2.994764,-2.781804,-1.832457,-1.916293,prior_operation
325,True,18,31,-6.87246,-0.91225,-1.720565,-1.145569,2.182853,1.446871,1.729139,1.491168,-2.270455,-0.659504,-0.224525,prior_operation
326,True,19,30,-7.738252,-0.246173,-0.612669,-0.303227,2.338544,1.749361,1.978145,2.518491,-1.869828,-0.90197,-1.56051,prior_operation
327,True,19,33,-8.237567,-1.560279,-1.527627,-1.623099,2.57639,-3.386156,-2.529563,-2.113686,2.192935,5.122223,4.977857,prior_operation
328,True,18,35,-6.563524,-1.512519,-2.650229,-2.469474,2.636614,-1.344758,-0.880103,-1.241451,-0.134338,2.380788,2.734977,prior_operation
329,True,20,33,-7.666291,-2.082622,-1.097673,-2.136679,3.11282,-3.039252,-1.826245,-1.57958,0.765062,3.732691,2.582525,prior_operation
330,True,22,27,-6.879375,-1.60116,-1.777251,-1.778774,2.778102,-1.50773,0.081431,0.097857,-0.008339,0.946527,0.821002,prior_operation
331,True,17,29,-8.394779,-0.596169,-0.874974,-0.623817,3.215894,2.924724,3.079663,2.47419,-4.969146,-1.824594,-1.225875,prior_operation
332,True,15,40,-6.899935,-1.031529,-1.919659,-1.971232,2.634434,-1.295431,0.003359,0.241067,0.477984,1.389405,1.339807,prior_operation
333,True,20,33,-6.726869,-1.837329,-1.81399,-1.848447,2.802329,-0.403905,0.733157,1.18637,-0.90053,0.434358,-0.078407,prior_operation
334,True,20,23,-7.411451,-0.722675,-0.824851,-0.869662,2.302969,-1.567724,0.113308,0.653939,0.135935,1.071706,0.038867,prior_operation
335,True,19,28,-7.245088,-1.468176,-1.381628,-1.50812,2.631152,-1.427755,-0.941318,-0.259174,0.244884,2.215073,1.688102,prior_operation
336,True,32,37,-7.090287,-1.131731,-0.81646,-0.842408,2.488998,-0.107232,-0.100377,0.275901,-1.577733,0.983888,0.625644,prior_operation
337,True,19,36,-7.073562,-0.94047,-0.336315,-0.255035,2.2093,0.047373,1.093955,1.053217,-0.866624,-0.312285,-0.650826,prior_operation
338,True,20,28,-7.248619,-1.598328,-1.084371,-1.666942,2.339427,-1.718619,-0.110827,0.159093,0.507376,1.894434,1.218718,prior_operation
339,True,18,31,-6.708236,-2.399203,-2.132693,-2.23074,2.941434,-2.110646,-1.309047,-2.641794,0.74042,2.63207,3.075375,prior_operation
340,True,65,24,-6.984316,-1.981272,-2.021084,-2.077652,2.979342,-0.509585,-0.313122,-1.104673,-1.771864,1.67934,1.954644,prior_operation
341,True,18,40,-7.154424,-0.875961,-1.124063,-0.577353,2.146969,-2.088865,-0.893297,-0.207197,0.668914,2.459691,1.556755,prior_operation
342,True,20,38,-6.802116,-0.825554,-1.166837,-0.729061,2.346277,0.337485,0.865389,1.142584,-1.13267,-0.185307,-0.395421,prior_operation
343,True,18,42,-7.428283,-0.879957,-2.194968,-0.802385,2.312853,-0.61304,0.39015,0.206722,0.461106,1.491713,1.767347,prior_operation
344,True,20,38,-6.624733,-1.209187,-2.087121,-1.904029,3.020715,-3.46118,-2.456016,-1.760383,0.324918,3.281517,2.663746,prior_operation
345,True,25,32,-8.912069,-0.105612,-1.238483,-0.194994,2.724497,0.453202,2.177197,1.698061,-0.298426,0.063399,0.402286,prior_operation
346,True,19,29,-7.539832,-1.764092,-1.334122,-2.689331,3.271559,-1.930952,-1.134148,-0.918586,0.66287,2.690851,1.839018,prior_operation
347,True,18,35,-7.540812,-1.571925,-1.399511,-1.323316,2.967253,-2.210871,-0.969453,-2.278039,0.886875,2.669977,2.683319,prior_operation
348,True,25,25,-7.859041,-0.481654,-1.026773,-1.249161,3.054618,-0.630398,0.942287,1.484279,-1.085286,0.069583,-0.558588,prior_operation
349,True,17,36,-6.958068,-1.277371,-1.71895,-1.401985,2.466499,-0.524325,0.114503,-1.243664,0.072466,1.534997,1.556812,prior_operation
350,True,17,31,-6.701211,-2.033678,-2.00459,-2.045681,2.257971,-2.757694,-2.453312,-2.868557,1.866042,4.217557,3.829267,prior_operation
351,True,19,31,-8.031405,-0.648567,-0.594726,-1.061006,3.005775,-1.568088,0.072668,0.533921,0.698152,1.327707,0.501002,prior_operation
352,True,23,37,-7.570935,-0.199008,-0.732889,-0.568954,2.511125,-0.066834,0.822933,1.685659,-1.197534,0.324449,-0.488341,prior_operation
353,True,18,38,-6.651871,-0.89795,-1.109866,-0.580866,2.186049,0.313451,0.999597,0.385664,-0.906917,-0.102878,-0.163561,prior_operation
354,True,17,27,-7.98939,-0.236857,-1.119353,-0.498731,2.629557,2.535367,2.413893,2.596739,-2.953402,-1.055886,-1.573035,prior_operation
355,True,20,30,-7.569141,-1.472852,-1.57797,-1.01734,3.225686,-1.626697,0.118193,0.189545,0.008377,0.96135,0.592361,prior_operation
356,True,16,45,-6.582905,-1.869198,-1.135669,-1.108977,2.589797,-2.009732,-2.285245,-1.549153,0.718457,3.007919,2.112683,prior_operation
357,True,25,28,-9.643125,-1.180331,-1.62494,-0.748096,2.604724,-3.420635,-0.973714,-0.057357,2.866897,4.613794,3.632849,prior_operation
358,True,19,33,-7.300727,-0.708979,-1.285124,-0.522192,2.788265,0.598627,1.487643,1.514827,-1.832769,-0.704873,-0.898166,prior_operation
359,True,24,29,-6.476899,-1.611568,-1.19261,-0.14243,2.361977,-1.604792,-0.094168,-1.307375,0.059897,0.011713,0.551641,prior_operation
360,True,18,30,-7.049497,-0.885179,-1.369035,-0.96745,2.524354,-1.13203,0.074807,0.638517,-0.069094,0.79785,0.275295,prior_operation
361,True,16,38,-6.901769,-0.542193,-1.649782,-0.480012,1.996293,-0.976832,0.027502,0.38634,0.540346,0.863232,0.97921,prior_operation
362,True,19,31,-6.607355,-2.49053,-1.502442,-1.703225,2.601231,-2.116529,-0.641209,-0.054673,0.467751,1.656867,1.030926,prior_operation
363,True,38,29,-8.850336,-1.198548,-0.781558,-0.800116,3.331879,-1.4e-05,2.081409,2.065873,-0.861513,0.12833,-0.529294,prior_operation
364,True,17,26,-8.702207,-0.415637,-0.128388,-2.083281,2.898427,3.154991,3.20426,3.740788,-3.292087,-1.615034,-2.136691,prior_operation
365,True,19,30,-7.406527,-1.449322,-1.119136,-0.97418,2.304262,-3.387581,-2.339437,-2.515259,1.304913,4.055246,3.470024,prior_operation
366,True,14,48,-7.523801,-0.659352,-0.095159,-0.920109,2.697897,2.281342,2.683441,2.477656,-3.157555,-1.431291,-1.962438,prior_operation
367,True,17,35,-6.908156,-1.598977,-1.39362,-1.186412,2.161242,-0.830159,0.145724,0.537385,0.394844,1.376487,0.909527,prior_operation
368,True,18,29,-7.313376,-0.534229,-0.857484,-0.851691,2.170047,1.72582,1.604216,1.452787,-1.834537,-0.584491,-0.617181,prior_operation
369,True,21,31,-7.549691,-0.270538,-1.602862,-0.34357,2.695135,-1.676067,0.263127,0.930197,-0.230662,0.770021,-0.158028,prior_operation
370,True,19,42,-7.452452,-1.411435,-1.482738,-1.994123,3.327282,-3.300663,-1.748033,-2.028118,0.590835,3.480819,3.244342,prior_operation
371,True,16,54,-8.285442,-0.526717,-0.223756,-0.273962,2.943976,1.657191,2.780437,2.554752,-2.339711,-1.109355,-1.119225,prior_operation
372,True,17,34,-7.50702,-1.75005,-1.605614,-1.734295,3.060323,-1.700975,-0.843838,-0.907332,1.145427,2.606174,2.271788,prior_operation
373,True,17,42,-6.926231,-0.736534,-0.372016,-0.310666,2.178766,-0.807778,0.190963,0.694205,-0.396444,0.67132,-0.47604,prior_operation
374,True,19,32,-7.542186,-1.283179,-1.152005,-1.249189,3.293673,-0.917632,-0.235721,-0.708059,-0.300254,1.043239,1.363238,prior_operation
375,True,20,30,-7.295045,-1.122252,-0.895846,-0.924778,2.376233,0.998576,1.89,2.13363,-1.775957,-0.493837,-1.165799,prior_operation
376,True,23,28,-7.496663,-0.831965,-0.666437,0.435861,2.251352,-2.242643,-1.560625,-1.185298,1.342215,2.333369,0.736585,prior_operation
377,True,19,34,-7.651621,-1.88145,-1.780222,-1.849034,3.028596,-1.369101,-0.3762,-0.55975,0.571373,2.485774,2.416376,prior_operation
378,True,19,40,-8.556006,-1.810118,-1.338995,-2.21406,4.070785,-2.935927,-1.278349,-1.51194,0.584045,3.618847,2.747358,prior_operation
379,True,21,31,-7.175672,-1.735261,-2.547848,-1.7561,3.091086,-2.584268,-1.627715,-0.645861,0.165136,3.113351,2.348051,prior_operation
380,True,19,33,-6.754549,-2.434312,-1.418393,-1.764407,2.905598,1.179473,1.647274,1.666108,-3.985716,-0.814051,-1.017732,prior_operation
381,True,18,36,-7.942996,-1.635082,-2.072108,-2.972778,3.027072,-2.199358,-1.176199,-0.837272,1.774691,3.814457,3.586252,prior_operation
382,True,17,35,-6.848418,-1.107799,-1.788386,-1.527413,2.980691,-0.77014,-0.070086,0.310957,-0.440741,0.856241,0.048007,prior_operation
383,True,18,29,-6.900918,-1.515373,-1.454642,-1.875902,2.747889,-0.77624,-0.850344,-1.183254,-0.114889,1.932588,1.569846,prior_operation
384,True,18,33,-7.004291,-1.919041,-1.817598,-1.891734,2.843269,-2.457639,-2.094802,-2.454257,0.171545,3.866436,3.186928,prior_operation
385,True,24,37,-8.191338,-0.233471,-0.128178,0.407302,2.447405,-0.154687,1.538679,2.625757,-0.891995,-0.314272,-1.413042,prior_operation
386,True,18,39,-7.638909,-1.197131,-1.465918,-2.063011,3.234989,1.299893,2.04269,2.03644,-1.79556,-0.10377,-1.213645,prior_operation
387,True,21,32,-7.060204,-1.113421,-1.351866,-1.356687,2.823124,0.335416,0.981687,1.391464,-0.983999,0.02463,-0.881494,prior_operation
388,True,19,24,-9.059183,0.814228,0.970364,0.859676,2.299344,2.184308,2.124685,2.110604,-3.341508,-1.264459,-1.386157,prior_operation
389,True,20,28,-8.744459,-1.456104,-0.92733,-1.23024,3.753562,1.740776,3.118018,2.932736,-2.736631,-1.306578,-1.681608,prior_operation
390,True,16,35,-5.989143,-1.795942,-1.392428,-0.97103,2.080307,-0.836609,-0.625499,-1.286433,0.009968,0.854487,1.196631,prior_operation
391,True,18,39,-6.819721,-1.884061,-1.670023,-0.933988,2.956304,-0.966208,-0.402473,-0.058201,-0.235272,1.117075,1.000852,prior_operation
392,True,16,30,-6.786738,-1.422671,-1.382832,-1.692996,2.534402,1.733949,1.48009,1.285417,-3.203551,-0.648808,-0.535299,prior_operation
393,True,16,38,-7.636923,-1.113135,-1.866472,-1.476554,2.311468,-1.456263,-0.49996,-0.115043,1.720154,2.991936,2.235636,prior_operation
394,True,36,31,-7.130764,-1.061408,-1.589888,-1.578784,2.914176,-2.527203,-0.148959,-0.113894,-0.364998,1.025241,1.476243,prior_operation
395,True,29,40,-7.909089,-0.500804,-0.886481,-1.054465,2.956936,0.355472,0.29858,1.335782,-1.464561,0.743568,0.25,prior_operation
396,True,17,40,-6.305065,-1.795526,-2.454294,-1.725268,2.736996,-2.348458,-1.510757,-0.836015,0.383076,2.562613,1.880838,prior_operation
397,True,19,35,-6.814445,-2.233573,-0.720465,-0.84188,2.609696,-1.173716,0.403509,-0.732678,0.138678,0.440883,0.16056,prior_operation
398,True,18,38,-6.592479,-0.965395,-1.247022,-0.634757,1.949132,-1.017156,0.013664,-0.414566,-0.132857,1.22497,1.08063,prior_operation
399,True,25,26,-8.015428,-1.014912,-1.515301,-0.90448,2.554151,-1.407748,0.412763,-0.430389,1.291578,1.386074,1.945571,prior_operation
400,True,18,33,-6.55956,-1.215336,-1.082825,-0.835858,2.051429,-0.919501,-0.731677,-0.067382,-0.152863,1.627273,0.782878,prior_operation
401,True,20,35,-8.03056,-1.155983,-0.389148,-0.613515,3.296216,1.341403,2.685578,2.656571,-3.170548,-1.810244,-2.192038,prior_operation
402,True,17,40,-7.361887,-0.418908,-1.479767,-1.527512,2.71812,-0.591747,-0.616522,0.4376,-0.105109,1.711865,1.265387,prior_operation
403,True,17,45,-7.704444,-0.52162,-1.12016,-0.954766,3.243451,-1.442824,-0.321116,-0.183023,0.193933,1.471578,1.418318,prior_operation
404,True,15,49,-7.323047,-0.349108,-1.021868,-0.153195,2.678844,-1.428932,-1.239436,-1.931901,0.011098,2.352316,2.251959,prior_operation
405,True,16,34,-6.528994,-1.877868,-1.439265,-1.752523,2.650579,-0.823083,0.188408,0.344171,-0.169003,0.796916,0.102527,prior_operation
406,True,16,33,-6.214348,-1.692017,-1.738717,-1.201259,2.2228,-1.23697,-0.029176,-0.160331,-0.227011,0.836681,0.77781,prior_operation
407,True,17,42,-7.941737,-0.754016,-1.209315,-1.496173,3.331845,-3.532,-3.418791,-2.769368,1.106438,4.946738,4.137577,prior_operation
408,True,18,38,-7.593901,0.007948,-0.161105,0.179672,1.858596,-0.318584,1.064469,1.164178,0.202857,0.201399,-0.181628,prior_operation
409,True,19,27,-7.121768,-1.169221,-0.646738,-0.178388,2.429075,-0.540722,0.530748,0.599002,-0.121581,0.013863,-0.983873,prior_operation
410,True,21,38,-6.041577,-1.886413,-1.349898,-0.526039,1.928039,-2.15764,-0.515245,-0.920792,0.055279,0.852772,1.287287,prior_operation
411,True,19,33,-7.00649,-1.560807,-1.367763,-1.907082,2.987222,-0.019821,1.142207,0.522792,-0.95822,-0.11662,0.054986,prior_operation
412,True,21,32,-7.138632,-1.425085,-0.900271,-1.452445,3.118451,0.60058,1.781509,1.824696,-2.695778,-1.086402,-1.951314,prior_operation
413,True,18,39,-7.349202,-1.250305,-1.2078,-0.482638,2.504988,1.468978,1.603753,1.148235,-2.216979,-0.030577,-0.239525,prior_operation
414,True,22,38,-7.235042,-1.592603,-1.028959,-1.67689,2.754371,-0.250538,1.179152,1.011319,-0.800737,0.411484,0.442959,prior_operation
415,True,19,27,-9.474972,-0.435259,-0.091982,-0.436227,2.881762,3.360707,4.445359,3.703915,-3.585557,-1.973782,-1.978815,prior_operation
416,True,24,27,-8.292347,-0.291367,-0.627583,0.016503,2.398682,-1.522463,0.284873,0.258035,1.191798,1.288471,0.9682,prior_operation
417,True,26,32,-7.711718,-1.611565,-1.990598,-1.938849,3.391328,-3.556699,-1.136359,-0.814344,1.158958,2.781414,2.577025,prior_operation
418,True,21,25,-7.268321,-1.490221,-1.424519,-1.436005,3.058536,1.119786,1.898764,1.56169,-2.594438,-0.996278,-1.11625,prior_operation
419,True,18,30,-8.511007,-0.162808,-0.298271,-0.210774,2.390372,2.371738,2.632407,2.079328,-2.537867,-0.730565,-0.803473,prior_operation
420,True,15,31,-6.63682,-1.443791,-1.323733,-1.509908,2.090392,-1.187243,-0.244134,-0.245161,0.638794,1.28155,1.403565,prior_operation
421,True,18,29,-6.965472,-1.531765,-1.575053,-1.583471,2.845084,-1.371532,-1.218075,-1.714158,-0.089599,2.139173,2.415412,prior_operation
422,True,18,34,-6.927516,-1.464332,-1.478552,-1.033019,2.74323,-2.186231,-1.416584,-1.685232,0.538522,2.232369,2.337298,prior_operation
423,True,34,27,-8.635642,-1.591611,-0.585993,-0.953,3.573786,-1.043307,1.761157,1.124632,-1.30538,0.048731,-0.349562,prior_operation
424,True,52,24,-9.906698,0.065928,-0.179704,0.009666,3.38543,-0.632404,3.050795,1.928867,-1.153573,-0.877526,-0.28064,prior_operation
425,True,23,27,-7.876902,-0.144995,-0.25414,0.687904,2.239958,-1.625487,0.271006,-0.352713,0.563246,0.6992,0.081384,prior_operation
426,True,32,32,-8.507178,-0.455502,-0.787197,-0.196924,2.904223,0.469661,0.830869,1.817074,-1.044728,0.730737,-0.082993,prior_operation
427,True,28,33,-9.464308,0.850047,1.007658,1.135377,2.292309,0.555176,2.449311,2.048254,-0.575326,-0.505556,-0.841291,prior_operation
428,True,27,44,-7.369832,-0.858175,-1.970025,-1.133658,2.951152,0.656016,0.886923,-0.200191,-1.253978,0.440047,1.467077,prior_operation
429,True,18,38,-7.493158,-0.506721,-1.276598,-1.152569,3.078264,0.902516,1.028536,1.800603,-2.144004,-0.277132,-0.605454,prior_operation
430,True,17,36,-9.291674,-0.587713,-0.297685,-0.607586,2.906163,2.788986,3.140953,2.74876,-2.45743,-0.628012,-0.366808,prior_operation
431,True,16,27,-6.8038,-1.544624,-1.578501,-2.133987,2.400758,-0.940514,-1.211183,-1.022477,0.650911,2.498336,1.559434,prior_operation
432,True,20,34,-6.919614,-1.746808,-0.928965,-1.205248,2.769162,-0.33514,0.864147,0.588009,-1.292457,-0.268549,-0.063805,prior_operation
433,True,17,32,-6.745273,-1.648431,-1.575315,-1.978905,2.40084,-1.784737,-1.067298,-0.792006,0.980377,2.482339,1.574223,prior_operation
434,True,19,36,-7.118784,-1.719268,-1.513583,-1.350657,2.670388,1.283217,1.625233,1.680033,-3.691739,0.034237,-0.359238,prior_operation
435,True,29,27,-7.267006,-1.036725,-1.59938,-0.862823,2.838368,0.306616,0.644446,1.495613,-1.183774,0.158445,-0.536349,prior_operation
436,True,20,31,-6.354858,-2.159271,-1.235486,-1.501965,2.276143,-0.376812,0.878271,0.099652,-1.050501,0.119479,0.116264,prior_operation
437,True,19,29,-6.599119,-1.871586,-2.532216,-1.801116,2.997979,-1.158487,-0.040452,-0.197769,-0.094814,0.717419,0.806953,prior_operation
438,True,21,30,-6.706552,-1.442849,-1.74022,-2.076352,2.461118,-3.597664,-2.672858,-2.183834,1.095485,4.091102,2.956627,prior_operation
439,True,21,32,-8.27531,-1.202988,-0.87056,-1.244018,3.139824,1.84224,2.344269,3.383719,-3.890163,-0.651311,-1.54987,prior_operation
440,True,17,41,-6.981881,-1.366737,-1.413386,-1.596771,2.859789,-2.239136,-1.593362,-1.334286,0.575103,2.785415,2.338201,prior_operation
441,True,29,33,-6.371591,-1.209935,-1.584571,-1.601122,1.787691,-0.248506,-0.475248,0.029566,-1.157222,1.378,1.754276,prior_operation
442,True,18,30,-6.866836,-2.002691,-1.721483,-1.262795,2.783877,1.837249,2.367714,2.079705,-3.3095,-1.464054,-1.508725,prior_operation
443,True,58,25,-7.073633,-2.085877,-1.304128,-1.701504,2.885884,-0.545579,0.270234,0.157451,-2.095522,0.738715,0.291758,prior_operation
444,True,17,25,-6.988267,-1.042404,-0.763534,-1.118668,2.177827,1.973154,2.236434,2.150408,-2.484438,-1.464806,-1.94252,prior_operation
445,True,16,42,-6.652441,-1.710026,-1.428707,-0.888078,2.678548,-0.392485,-0.463661,-0.413812,-0.272051,1.378838,1.015353,prior_operation
446,True,16,39,-6.530725,-1.707985,-1.195314,-1.299506,2.488732,-1.01507,0.415764,0.245293,0.191186,0.863916,-0.369097,prior_operation
447,True,16,33,-8.027822,-0.439976,-0.564213,-0.254578,2.472773,2.626559,2.777921,2.63248,-3.124528,-1.616839,-1.263305,prior_operation
448,True,25,26,-8.132251,-0.61758,-0.432801,-2.032083,3.284782,0.322259,1.507165,2.154792,-0.951227,-0.568432,-1.271454,prior_operation
449,True,35,26,-9.807077,1.202979,0.002271,1.072927,3.544212,-1.459012,0.678366,1.067809,0.07079,0.002915,-0.172693,prior_operation
450,True,20,22,-7.325736,-1.953145,-1.764523,-1.212406,2.314892,-2.662653,-1.367096,-1.027831,2.061459,3.058005,2.296847,prior_operation
451,True,22,33,-7.803469,-0.775967,-1.102341,-1.271685,3.419008,0.246788,1.006916,1.131039,-1.124929,-0.022938,-0.244602,prior_operation
452,True,18,42,-7.42164,-1.120688,-0.820805,-0.757632,2.839988,-1.42143,-1.289815,-0.213757,-0.197664,2.012762,1.661001,prior_operation
453,True,47,25,-9.648978,-0.133032,0.418636,1.070056,3.035499,-3.473577,-0.782051,0.100048,1.462046,2.139456,1.050927,prior_operation
454,True,18,33,-9.816138,0.757684,0.45859,0.008961,2.621776,-1.874381,-1.159611,-1.012219,1.632441,3.710753,3.107821,prior_operation
455,True,16,47,-6.351916,-1.661129,-1.499922,-1.40763,2.537811,-1.53668,-0.601462,-0.302272,0.202878,1.631945,0.867528,prior_operation
456,True,17,41,-6.671019,-2.048014,-1.49361,-0.795039,2.134841,-2.2125,-0.511292,-0.928357,1.212813,2.027796,1.782734,prior_operation
457,True,19,27,-7.955548,-0.481097,-0.826324,-1.410412,2.616306,1.669783,2.319637,2.611599,-2.133518,-0.596051,-1.503892,prior_operation
458,True,15,39,-8.300133,-0.128673,-0.445222,-0.362132,2.329067,3.204462,3.170711,2.989378,-3.88733,-1.363232,-1.159133,prior_operation
459,True,16,49,-6.615235,-3.042786,-1.85865,-1.725879,3.091603,-1.899975,0.263902,0.059306,-0.278437,1.179572,0.801986,prior_operation
460,True,18,32,-7.194684,-1.226603,-0.903091,-1.26441,2.581021,1.404813,1.711281,1.555333,-2.83898,-0.456989,-0.916866,prior_operation
461,True,16,31,-5.667214,-2.007731,-1.989944,-1.835077,1.915711,-1.12877,-0.572185,0.065552,-0.282119,0.808055,0.832192,prior_operation
462,True,29,36,-8.167722,-1.210259,-1.311644,-1.835678,4.072846,0.400549,1.1432,0.561155,-1.574178,0.253025,0.072077,prior_operation
463,True,17,41,-7.299555,-1.555984,-1.164883,-1.418206,2.881428,2.015653,2.195483,1.816974,-4.624482,-0.985687,-0.56332,prior_operation
464,True,20,32,-6.478774,-1.879315,-1.580299,-1.077951,2.764995,-1.873253,-0.662832,-0.702051,0.303705,0.771109,0.942377,prior_operation
465,True,20,35,-6.884197,-0.586513,-1.429158,-0.56793,2.117201,-1.397638,-0.746103,-0.628397,-0.221754,1.488684,1.798516,prior_operation
466,True,17,38,-8.016528,-0.955891,-0.886895,-0.710673,2.476565,-1.997419,-1.017979,-1.179492,1.867732,3.145939,2.981123,prior_operation
467,True,21,25,-7.929257,-1.743442,-1.181314,-1.012027,3.208296,-2.809132,-0.418949,0.231584,0.394596,1.923197,0.776346,prior_operation
468,True,16,32,-7.125583,-0.524625,-0.51024,-0.553899,2.206014,2.023378,2.421906,2.336311,-3.166266,-1.873481,-1.894132,prior_operation
469,True,18,27,-7.493011,-1.478132,-1.425243,-1.800173,3.433088,1.975804,1.935877,2.115975,-3.06447,-1.223605,-1.692874,prior_operation
470,True,17,34,-7.42634,-1.501926,-2.12667,-2.414601,3.611475,1.685544,2.001677,2.264323,-4.300869,-0.63767,-1.218308,prior_operation
471,True,17,38,-7.871872,-1.571038,-1.028308,-1.772884,3.435627,2.072644,2.631194,2.556408,-3.414058,-1.040721,-1.456485,prior_operation
472,True,22,37,-7.281123,-1.528309,-1.230639,-1.138422,2.804268,0.285814,1.132599,0.794941,-1.01107,0.240983,0.229048,prior_operation
473,True,35,29,-7.422191,-1.333801,-1.062456,-0.879714,2.525719,0.001913,1.010683,-0.13663,-1.29442,0.413961,0.540256,prior_operation
474,True,24,30,-7.145077,-0.950836,-1.026441,-1.318431,2.173338,-0.012161,0.897783,0.909589,-0.760362,0.845759,-0.147827,prior_operation
475,True,19,32,-9.653355,0.252687,0.437825,0.260369,2.804536,3.200972,4.29046,4.331539,-5.023108,-2.108545,-2.425507,prior_operation
476,True,19,27,-7.291792,-1.233883,-1.775564,-1.969249,2.903632,-2.036838,-1.069721,-0.317436,1.229668,1.876982,1.61402,prior_operation
477,True,19,37,-6.835639,-1.43792,-1.272747,-1.32104,2.869068,0.10904,0.489462,0.999218,-1.033141,0.197125,-0.295765,prior_operation
478,True,19,32,-6.747766,-0.899382,-1.360384,-0.760543,1.881242,-1.14372,0.38944,0.479977,0.086437,0.787946,0.506598,prior_operation
479,True,34,22,-7.818442,-0.849068,-1.333325,-1.231896,2.939344,0.51922,0.875126,1.769284,-1.202094,0.095217,-0.811793,prior_operation
480,True,17,34,-6.917267,-1.78121,-2.378342,-1.800081,2.499646,-2.691363,-2.2855,-2.595812,1.683526,4.139755,3.876275,prior_operation
481,True,17,36,-7.607744,-0.8158,-1.511226,-1.092022,2.481743,-2.514865,-2.049604,-1.876856,1.5601,3.854188,3.561407,prior_operation
482,True,16,34,-6.809784,-1.372764,-2.616161,-2.289108,2.506299,-3.226226,-3.449176,-3.794484,0.990194,4.808864,5.674181,prior_operation
483,True,18,34,-8.295341,-0.36466,-0.271878,-0.288683,2.586181,-0.540049,-0.033423,-0.429879,0.322207,1.644343,1.481722,prior_operation
484,True,17,35,-7.621619,-0.701807,-0.843134,-0.94175,2.277478,1.883754,2.099005,1.806706,-3.985588,-0.315671,-0.354449,prior_operation
485,True,18,26,-7.167047,-1.77427,-2.231665,-1.963587,2.573043,-1.675774,-1.376768,-0.758958,1.422448,2.856004,2.5055,prior_operation
486,True,30,23,-7.348206,-0.743584,-0.732624,-0.935784,2.757325,-0.179754,0.746791,0.81769,-1.533273,0.208312,-1.590862,prior_operation
487,True,17,42,-7.111735,-0.556824,-0.915887,-0.708186,2.352842,-2.077041,-1.324731,-0.847581,0.922629,2.19169,1.954009,prior_operation
488,True,16,36,-6.567826,-1.389946,-1.687233,-1.23361,2.040158,-1.352195,-0.665149,-1.895691,1.175161,1.923069,2.619114,prior_operation
489,True,18,29,-6.437974,-2.794461,-1.360985,-1.883175,2.408432,-1.377793,-0.545252,-1.768063,0.51724,1.919574,1.213964,prior_operation
490,True,25,32,-6.49091,-0.742353,-1.629185,-0.735963,2.02691,-0.412819,0.397482,-0.023902,-1.43354,0.515718,0.567169,prior_operation
491,True,18,30,-6.921098,-1.053779,-1.54557,-1.323683,2.337003,-1.653622,-0.070558,0.599999,0.066431,1.31933,0.693074,prior_operation
492,True,23,33,-6.949629,-1.263782,-1.824704,-0.875733,2.717239,0.716579,0.822356,-0.106899,-1.219557,0.083977,0.508956,prior_operation
493,True,19,31,-7.399228,-1.29169,-0.974447,-0.523023,2.732534,-1.488475,-0.034342,-0.09117,0.503411,1.075475,0.793675,prior_operation
494,True,17,39,-6.190572,-1.845941,-1.927825,-1.567357,2.540203,-1.74842,-0.140148,-0.344053,-0.344926,1.111572,1.194179,prior_operation
495,True,18,33,-6.811466,-1.203632,-0.845745,-1.320712,2.394664,-1.257609,0.365215,0.36017,0.254498,0.766185,-0.618214,prior_operation
496,True,19,27,-7.886329,-0.903051,-1.327268,-2.298542,3.424555,-0.351552,1.012372,0.626293,0.113715,0.267547,0.168563,prior_operation
497,True,19,32,-7.064209,-0.55751,-0.933932,-1.077743,2.607205,-0.924071,-0.432605,-0.157609,-0.4401,0.822656,0.849461,prior_operation
498,True,17,33,-7.591859,-0.974468,-0.310753,-1.495856,2.694407,2.13622,2.527914,2.589629,-4.675835,-1.383656,-1.74051,prior_operation
0,True,19,30,-7.147195,-1.679427,-2.329695,-3.674759,3.128235,-1.350036,0.115791,0.300077,-0.539164,1.672517,1.231803,same_episode_continuity
1,True,59,24,-7.86389,-1.205964,-2.393647,-3.401295,3.229026,-0.787046,-1.249114,-0.740279,-0.906838,3.289163,2.516359,same_episode_continuity
2,True,18,25,-8.521768,-2.116485,-0.710223,-2.32236,3.564751,3.006098,3.653258,3.070171,-4.94375,-1.797696,-2.57187,same_episode_continuity
3,True,21,30,-6.819978,-1.330658,-1.429574,-1.602834,2.76724,0.542675,1.213299,0.935691,-2.348244,-0.165067,-1.834347,same_episode_continuity
4,True,18,32,-7.892549,-1.171801,-1.916603,-2.663292,2.711938,-3.01925,-2.403174,-1.76391,1.345201,4.837886,4.237502,same_episode_continuity
5,True,22,25,-6.91266,-3.508725,-1.99062,-2.967382,3.132945,-3.591923,-1.428038,-1.600777,0.770399,3.113331,1.983535,same_episode_continuity
6,True,22,22,-6.393706,-2.134676,-1.818926,-2.073062,2.042192,-0.801522,0.428435,0.471316,-0.755224,0.960018,0.089974,same_episode_continuity
7,True,19,29,-7.979609,-2.311261,-1.044935,-1.758544,3.243046,1.823033,2.350042,2.361955,-2.204886,-0.589364,-1.647836,same_episode_continuity
8,True,19,21,-8.050033,-1.043243,-0.771223,-1.455662,2.862718,2.294419,3.052236,2.831047,-4.37899,-1.612227,-2.301411,same_episode_continuity
9,True,22,18,-9.37598,-0.829331,-1.78209,-1.944662,2.404043,-2.417993,-2.095571,-1.70084,2.402438,5.713133,4.61232,same_episode_continuity
10,True,24,26,-7.151163,-1.208024,-1.725614,-1.807671,2.49697,-2.932336,-0.880138,-0.098539,0.229196,2.153717,1.630502,same_episode_continuity
11,True,19,23,-9.179642,-0.010174,0.149458,-1.543336,2.99255,2.348967,2.658678,2.73016,-4.200622,-0.904864,-1.715563,same_episode_continuity
12,True,20,30,-7.628681,-0.633659,-1.332566,-2.283144,2.984741,0.739929,1.128986,1.754407,-3.270539,0.090766,-0.181565,same_episode_continuity
13,True,20,25,-7.187431,-1.211495,-1.980212,-2.691993,2.983562,1.022272,1.220001,1.323262,-3.414065,0.23782,-0.724644,same_episode_continuity
14,True,21,23,-8.636332,-1.083578,-1.286037,-2.479096,3.418852,2.081441,2.745042,2.905413,-3.697019,-0.583206,-1.499562,same_episode_continuity
15,True,39,18,-7.85968,-1.601687,-1.737647,-2.464544,2.90834,-1.207995,0.758201,1.633824,-0.790226,1.150119,0.222002,same_episode_continuity
16,True,24,22,-7.38867,-1.812574,-1.679974,-2.475876,2.755801,-0.594228,0.805974,0.937273,-0.46235,1.022603,0.341838,same_episode_continuity
17,True,19,27,-6.284037,-1.526475,-1.759967,-2.059664,2.3006,0.611322,0.761289,0.961323,-2.38452,-0.112465,-0.636689,same_episode_continuity
18,True,26,28,-6.880264,-1.641801,-1.776737,-2.67304,2.950847,-1.411928,-0.473193,-0.190262,-1.647372,1.759298,0.985978,same_episode_continuity
19,True,20,30,-6.882298,-2.09453,-1.776777,-2.414123,3.296883,0.59316,1.667498,1.599448,-2.332873,-0.547691,-1.448968,same_episode_continuity
20,True,23,26,-6.976536,-1.756749,-2.32022,-4.648214,3.305375,-0.34165,-0.609922,-0.557079,-1.167573,1.933113,1.567668,same_episode_continuity
21,True,34,19,-6.06231,-3.683842,-1.088435,-1.182814,2.117693,0.999108,1.556494,0.316762,-2.316652,-1.580665,-3.427386,same_episode_continuity
22,True,34,20,-7.605609,-1.823134,-2.217808,-3.363267,3.204046,-0.989257,-0.081345,-0.060223,-0.989942,2.259103,1.491071,same_episode_continuity
23,True,22,26,-7.684046,-2.091825,-1.34845,-2.23179,2.963495,-0.025592,0.922855,0.41556,-0.363499,1.222559,-0.343202,same_episode_continuity
24,True,24,27,-7.565981,-0.911534,-1.732178,-2.353569,3.120371,-2.103597,0.055405,0.594533,-1.301916,1.318421,0.766721,same_episode_continuity
25,True,20,19,-8.284069,-1.050397,-1.846126,-3.617738,3.153676,2.223882,1.717224,2.154708,-3.682076,0.173699,-0.255381,same_episode_continuity
26,True,24,17,-9.45018,-1.098946,-0.675173,-2.20237,3.546651,2.458783,3.48552,3.516826,-3.65544,-1.210642,-2.121215,same_episode_continuity
27,True,28,32,-6.635028,-1.702729,-2.231843,-2.81858,2.829741,-0.268702,0.429886,0.356429,-1.323399,1.280964,0.030899,same_episode_continuity
28,True,32,18,-8.216903,-1.562592,-0.587369,-1.96947,2.164364,-0.154297,1.453765,1.459207,-0.078172,0.960627,-0.149518,same_episode_continuity
29,True,19,26,-9.683635,-1.606361,-1.510447,-3.634226,2.980517,-2.852057,-2.178637,-1.988394,3.105898,6.511471,5.253178,same_episode_continuity
30,True,29,16,-6.473029,-3.785148,-1.809674,-2.057401,2.206317,-0.350355,0.428357,0.728547,-0.881454,0.352297,-0.178469,same_episode_continuity
31,True,23,24,-7.5529,-1.556598,-0.863358,-1.957444,2.868874,-2.00634,-0.095174,0.288677,-1.091227,1.439686,0.66427,same_episode_continuity
32,True,22,19,-8.024291,-1.308045,-0.501309,-3.883566,2.577401,1.406265,2.124562,2.11403,-1.940393,-0.30228,-1.182877,same_episode_continuity
33,True,17,30,-7.66468,-1.248015,-2.139718,-4.068511,3.567901,1.946289,1.541385,2.070541,-3.085106,-0.102578,-0.237467,same_episode_continuity
34,True,23,19,-6.034849,-2.847732,-1.843047,-1.51663,2.033401,-0.723245,0.197431,0.4512,-1.009691,0.315847,-0.551355,same_episode_continuity
35,True,19,28,-8.279097,-0.590741,-0.059188,-1.01239,2.757902,2.277544,3.047401,2.42759,-4.628107,-1.447489,-2.973105,same_episode_continuity
36,True,27,17,-8.628187,-1.867639,-1.13739,-2.302352,2.964885,-1.541901,0.534923,0.705493,-0.050233,2.010165,1.074914,same_episode_continuity
37,True,26,25,-6.858423,-2.341973,-1.657248,-2.632231,2.734083,-0.272388,0.239666,-0.376233,-1.03379,1.539493,-0.386691,same_episode_continuity
38,True,18,19,-7.214875,-0.994662,-1.147033,-4.101887,2.186708,2.810085,1.876479,2.082414,-4.672338,-0.983987,-0.958038,same_episode_continuity
39,True,22,29,-6.012193,-2.919359,-1.794901,-2.320201,2.227944,-2.997172,-0.720577,-0.844362,-0.327693,2.068174,0.952817,same_episode_continuity
40,True,27,22,-7.014624,-2.388914,-1.718551,-2.489849,2.772492,-3.241072,-1.235955,-0.998948,0.84754,2.591184,1.868032,same_episode_continuity
41,True,47,17,-7.338657,-1.812088,-1.416199,-3.550273,2.832176,0.345102,0.61685,1.097514,-1.354609,0.527727,-0.322838,same_episode_continuity
42,True,24,16,-8.452131,-0.68485,-0.268654,-1.316824,2.582375,2.243416,2.468118,2.674584,-3.972385,-0.942293,-2.073397,same_episode_continuity
43,True,24,24,-8.743981,-0.793904,0.147401,-1.143761,2.790124,1.130469,2.451127,2.052693,-3.071362,-0.429174,-1.803833,same_episode_continuity
44,True,28,22,-8.049814,-0.521701,-0.295205,-0.695089,2.401468,-0.394827,1.2869,1.745973,-0.891456,0.012879,-1.068568,same_episode_continuity
45,True,19,27,-6.976182,-1.507083,-2.31442,-3.129305,2.899648,0.69443,0.599186,0.567301,-3.036226,1.040819,0.479379,same_episode_continuity
46,True,32,25,-7.227856,-1.955017,-1.329005,-2.038676,3.336282,-1.029992,-1.152774,-0.719702,-1.996205,1.825816,0.670005,same_episode_continuity
47,True,22,27,-7.423033,-1.592189,-0.712137,-1.760808,2.47601,0.591943,1.724162,1.95358,-2.994139,-0.245085,-1.156087,same_episode_continuity
48,True,20,20,-6.118731,-2.735776,-1.166037,-2.138169,1.963704,-1.053401,-0.378864,-0.195613,-0.084002,0.633431,0.074644,same_episode_continuity
49,True,16,36,-6.777319,-1.489335,-1.081293,-2.085486,2.385205,2.460526,2.54966,2.32143,-5.035544,-1.310346,-1.870864,same_episode_continuity
50,True,25,27,-7.319255,-1.260395,-0.744648,-0.417234,2.130399,-0.702927,1.032407,1.206158,-0.922015,0.292047,-0.908073,same_episode_continuity
51,True,19,28,-6.992377,-2.216231,-1.748701,-2.996103,2.723572,-1.046396,0.592315,0.529376,-0.575329,1.321759,0.263989,same_episode_continuity
52,True,19,25,-6.436871,-1.862994,-2.046271,-3.342258,2.622306,1.099016,1.149524,1.274769,-2.039686,-0.147306,-0.603022,same_episode_continuity
53,True,23,18,-8.441929,-0.016405,0.066667,-0.953453,2.588692,1.38088,1.830305,2.379639,-3.512071,-1.007725,-1.34875,same_episode_continuity
54,True,18,29,-7.595602,-1.392298,-1.594377,-2.759565,3.372847,2.364056,2.139992,2.570911,-4.653319,-0.768778,-1.419152,same_episode_continuity
55,True,21,20,-7.768319,-0.999297,-1.350643,-1.89177,2.482291,1.627991,2.279344,1.931365,-3.329491,-0.148975,-1.491439,same_episode_continuity
56,True,22,19,-8.053473,-2.184897,-2.465695,-3.216226,3.496437,-2.339551,-1.417806,-1.486152,0.919803,3.998165,2.882899,same_episode_continuity
57,True,19,21,-7.784262,-0.366027,-1.717419,-2.879389,3.184277,2.355691,1.680371,2.590818,-4.73808,-1.243172,-1.214474,same_episode_continuity
58,True,19,26,-7.331998,-1.143936,-1.314469,-2.456889,2.387941,1.465799,1.127336,1.431681,-2.352704,0.409561,-0.111472,same_episode_continuity
59,True,20,30,-7.335831,-2.163441,-1.645678,-3.742784,3.357894,-0.65767,0.266392,0.36981,-0.895511,1.555264,0.405871,same_episode_continuity
60,True,22,22,-6.400703,-2.209358,-1.820828,-2.469226,2.532437,0.085074,0.900468,0.642006,-2.809097,0.145433,-0.793188,same_episode_continuity
61,True,24,20,-7.056824,-2.528397,-1.140305,-1.923443,2.861437,0.470739,0.851736,1.242117,-3.068052,-0.261599,-1.084241,same_episode_continuity
62,True,21,18,-7.039872,-2.114522,-2.378843,-3.300785,2.566315,-2.892315,-2.407345,-2.06755,1.170668,4.181573,3.358595,same_episode_continuity
63,True,24,18,-7.422272,-2.145877,-0.672006,-1.71451,2.88123,0.841888,1.225765,1.422211,-3.316052,-0.628748,-1.529667,same_episode_continuity
64,True,30,18,-6.881203,-2.054198,-2.04726,-2.84539,2.937697,-1.49722,0.308561,0.491744,-1.292278,0.971138,0.033354,same_episode_continuity
65,True,40,20,-7.78428,-1.279071,-2.397696,-3.337407,3.447795,-0.8801,-0.984604,-0.556668,-1.332647,2.298896,2.336683,same_episode_continuity
66,True,22,22,-8.141629,-1.489851,-1.475255,-2.106574,3.040649,-2.478317,-1.74199,-1.25117,0.803557,3.691794,2.854294,same_episode_continuity
67,True,28,19,-11.562548,-0.237179,-0.96529,-2.868259,4.310828,-1.122749,-0.560424,0.539466,1.230979,4.443141,2.998523,same_episode_continuity
68,True,18,22,-6.44052,-2.686881,-1.687832,-3.710816,2.276568,-1.569812,-0.390427,-0.239683,0.257506,1.725115,1.211333,same_episode_continuity
69,True,19,23,-7.095422,-2.321743,-2.26511,-3.58328,2.948055,-1.641426,-0.402311,-0.17648,0.504932,2.140396,1.762981,same_episode_continuity
70,True,19,30,-6.448085,-2.339923,-2.60445,-3.800886,2.525709,-3.208625,-2.678698,-2.714444,1.07474,4.814678,3.88068,same_episode_continuity
71,True,35,20,-7.22171,-1.946513,-2.239453,-3.370569,3.109103,-1.384392,0.472922,1.03601,-1.181133,1.150955,0.528902,same_episode_continuity
72,True,17,29,-7.350132,-0.884253,-0.923422,-1.972626,3.04641,1.519303,1.231667,1.81243,-3.136765,-0.887294,-1.011315,same_episode_continuity
73,True,33,16,-7.46361,-2.085178,-1.480682,-2.982142,2.877051,-1.037178,-0.41973,-0.33528,-1.06607,1.960718,0.888019,same_episode_continuity
74,True,23,27,-7.441398,-1.537555,-1.51351,-2.29054,2.659681,0.1029,1.401868,1.167496,-2.190587,0.804346,-0.389665,same_episode_continuity
75,True,24,15,-7.350027,-1.831714,-2.132794,-2.289166,2.728279,-2.380344,-2.168951,-1.596088,0.514608,3.459739,2.647003,same_episode_continuity
76,True,20,33,-7.145372,-1.344519,-1.448772,-3.172182,2.670614,-1.027164,0.584813,0.866287,-0.762961,1.136158,0.576662,same_episode_continuity
77,True,16,36,-7.032948,-1.357467,-1.372816,-3.013532,2.766155,2.155487,1.727656,2.134305,-4.621999,-0.54886,-0.871178,same_episode_continuity
78,True,25,26,-7.236674,-1.974097,-1.666935,-2.990211,3.042985,-0.602734,1.192926,0.921107,-0.876046,0.703916,-0.37416,same_episode_continuity
79,True,19,29,-6.530158,-2.292912,-1.230046,-2.549702,2.540795,0.963131,1.735939,1.316849,-3.682968,-0.418341,-1.700745,same_episode_continuity
80,True,22,23,-6.434047,-2.477474,-2.033786,-2.759483,2.517724,-0.579776,-0.105778,-0.201676,-0.947485,1.457309,0.628312,same_episode_continuity
81,True,18,26,-6.837847,-1.50913,-1.891171,-2.947509,2.778654,1.599213,1.381383,1.457724,-4.019326,-0.207937,-0.751102,same_episode_continuity
82,True,18,24,-9.445166,-0.846396,0.146235,-0.563368,3.234583,3.772753,4.030085,3.881442,-5.483088,-2.145676,-3.126248,same_episode_continuity
83,True,23,24,-6.280283,-3.359252,-1.838113,-3.444435,2.753964,-0.788686,0.455116,0.272307,-1.12978,0.651393,-0.105071,same_episode_continuity
84,True,27,27,-6.417288,-2.236015,-2.05755,-3.213363,2.505296,-1.30028,-0.950461,-0.792805,-1.364786,2.571336,1.736518,same_episode_continuity
85,True,24,22,-7.425435,-1.628231,-1.82453,-2.107331,2.341894,-3.477302,-1.178225,-1.278605,1.360187,3.467186,2.451027,same_episode_continuity
86,True,19,21,-7.160432,-2.483523,-1.710086,-2.497981,3.506914,1.645676,1.723461,1.79506,-3.090879,-1.358514,-1.467523,same_episode_continuity
87,True,21,29,-7.606297,-1.461938,-1.312765,-2.560726,3.01985,0.775455,1.701139,1.635582,-3.026292,0.337942,-1.038016,same_episode_continuity
88,True,33,30,-7.825241,-1.384955,-1.758012,-3.249678,3.184936,-1.107161,0.169145,0.433532,-1.067257,2.136676,1.386874,same_episode_continuity
89,True,21,24,-7.994555,-2.95215,-1.815426,-4.304827,3.824117,-0.587089,0.304037,0.274861,-0.462103,1.948507,0.855866,same_episode_continuity
90,True,32,18,-7.737707,-2.336627,-0.787328,-1.347409,2.758579,1.704505,2.148891,0.95346,-3.713516,-0.652756,-3.048704,same_episode_continuity
91,True,21,23,-7.669137,-1.813394,-1.549795,-2.715485,3.291787,1.383389,2.306224,2.269343,-2.429708,-0.666285,-1.357194,same_episode_continuity
92,True,33,20,-8.415221,-0.323481,-0.832208,-1.764064,3.05145,-2.563702,-0.025359,0.70212,0.3625,1.651441,0.451137,same_episode_continuity
93,True,24,23,-7.925587,-3.388703,-1.822675,-4.577885,3.326933,-2.868152,-0.613529,-0.494806,0.9963,3.228439,2.039874,same_episode_continuity
94,True,34,26,-6.48027,-1.508481,-2.387886,-3.538381,2.663814,-1.084821,-0.345962,0.288528,-1.748796,1.539278,1.078479,same_episode_continuity
95,True,19,29,-6.503158,-2.096751,-1.921669,-3.347626,2.4207,-1.028893,0.582033,0.550617,-0.719348,1.345535,0.286665,same_episode_continuity
96,True,23,22,-6.99456,-2.804782,-1.740143,-3.098958,3.105853,-0.947072,-0.323595,-0.889527,-0.595959,1.785861,0.056109,same_episode_continuity
97,True,21,22,-6.81625,-1.733604,-2.228525,-4.338162,2.426744,-2.432606,-2.053175,-1.285713,0.330839,3.390644,3.309943,same_episode_continuity
98,True,19,29,-6.986361,-2.276957,-2.572195,-3.872141,3.659238,-0.934552,-0.349308,-0.073147,-0.887006,1.703934,1.387944,same_episode_continuity
99,True,18,27,-7.805227,-0.764215,-1.205095,-2.96888,2.658681,2.31018,2.755207,2.96437,-4.261757,-0.880261,-1.453191,same_episode_continuity
100,True,32,29,-7.958041,-1.239032,-1.365601,-2.424686,3.092645,-0.093102,1.132152,1.363536,-0.894572,1.146179,-0.288505,same_episode_continuity
101,True,19,27,-5.937476,-2.309127,-2.927875,-3.801636,2.552489,-1.137647,-1.730084,-1.47014,-0.377303,2.649561,2.365684,same_episode_continuity
102,True,25,21,-7.051545,-3.302816,-2.119355,-2.793054,2.979617,-2.786063,-0.401984,-0.67189,0.354764,2.419885,0.848299,same_episode_continuity
103,True,27,24,-7.376252,-2.102106,-1.960172,-3.21506,3.303721,0.294933,0.850493,1.087669,-0.938993,0.761627,-0.084189,same_episode_continuity
104,True,49,24,-6.851798,-1.632552,-1.555231,-3.146338,2.286895,-0.862039,0.089977,0.446353,-1.510859,1.60214,0.67405,same_episode_continuity
105,True,17,28,-7.433113,-1.459097,-1.274173,-2.490777,2.812381,1.650902,1.819313,1.848663,-2.695707,-0.280268,-0.813951,same_episode_continuity
106,True,20,20,-10.10365,1.289276,0.687236,0.004483,2.981575,2.483711,2.647937,3.100157,-4.333263,-1.004576,-2.157759,same_episode_continuity
107,True,20,22,-10.874943,1.887249,2.000896,2.086744,2.812589,3.163215,3.688371,3.903954,-5.159849,-2.42025,-3.393435,same_episode_continuity
108,True,19,30,-7.848435,-0.678373,-1.247514,-3.059338,2.713047,1.741381,2.550654,2.893336,-3.780238,-0.531854,-1.037961,same_episode_continuity
109,True,20,27,-7.72525,-1.107166,-0.876897,-1.645045,2.818331,-2.434169,-2.22958,-2.317772,0.102518,3.803938,2.701842,same_episode_continuity
110,True,24,15,-8.863246,-0.94609,-0.683085,-2.961733,2.852723,2.261409,2.810352,3.235773,-3.386798,-0.851064,-1.194858,same_episode_continuity
111,True,23,23,-6.85869,-2.176912,-1.504184,-3.29002,2.818637,0.0673,0.017057,0.525154,-0.888238,0.778747,0.440565,same_episode_continuity
112,True,17,33,-6.036462,-1.936441,-1.587491,-2.453906,2.229554,0.40083,0.457987,-0.005884,-1.34688,0.626573,-0.400828,same_episode_continuity
113,True,20,27,-7.065473,-2.639815,-1.397661,-2.428433,3.045105,1.249061,1.860907,1.433041,-2.654272,-0.502197,-1.654079,same_episode_continuity
114,True,19,29,-6.878529,-1.516657,-1.231901,-1.816829,2.511807,0.856478,1.0972,1.168156,-3.491938,0.169402,-0.894106,same_episode_continuity
115,True,18,28,-7.386284,-1.694497,-1.258903,-2.888167,2.803173,1.922839,2.53432,2.424434,-4.088671,-0.694275,-1.623817,same_episode_continuity
116,True,21,22,-7.624229,-1.279974,-1.612375,-2.547246,3.059203,-0.667261,-0.283012,-0.232423,-0.597429,1.737827,1.389772,same_episode_continuity
117,True,23,25,-7.020219,-1.434336,-1.036417,-1.128539,2.114174,-0.877218,0.665323,0.727783,-0.694554,0.813624,-0.404426,same_episode_continuity
118,True,22,20,-7.129086,-1.855808,-1.995363,-2.965769,2.873038,-1.2884,-0.588738,-0.746851,0.373762,2.286643,0.991336,same_episode_continuity
119,True,21,34,-6.956128,-1.917996,-2.23436,-3.406078,2.918746,-2.507563,-1.193138,-0.596509,0.17162,3.283405,2.085918,same_episode_continuity
120,True,20,19,-8.025054,-1.921931,-2.657901,-3.011557,3.312457,-1.178119,-1.537508,-1.340654,0.995579,3.716247,3.113449,same_episode_continuity
121,True,22,18,-7.098052,-2.832781,-1.741733,-1.524031,2.643843,1.292519,1.282029,0.965851,-2.27052,-0.042145,-1.240279,same_episode_continuity
122,True,33,27,-8.105208,-0.326708,-0.647622,-1.547915,2.583933,-1.542948,0.885955,1.396747,-1.208981,0.854473,0.057177,same_episode_continuity
123,True,19,20,-8.179996,-0.767515,-1.73657,-4.70528,3.014818,1.685993,1.843228,2.43284,-3.30798,-0.093809,-0.092233,same_episode_continuity
124,True,18,28,-6.423344,-2.482863,-1.963483,-3.526332,2.497157,-2.001227,-1.273805,-1.211764,0.552911,2.771479,2.154093,same_episode_continuity
125,True,22,18,-9.432793,-0.718241,-1.749811,-2.442525,2.537156,-2.441689,-1.957573,-1.79547,2.402227,5.751065,4.57639,same_episode_continuity
126,True,25,23,-8.382446,-1.007947,-1.535824,-3.114652,3.185817,-0.266854,0.237512,0.60017,-0.366385,1.76977,1.678186,same_episode_continuity
127,True,22,27,-7.493061,-0.497005,-0.553937,-1.40074,2.040208,-0.21105,1.124074,1.59054,-0.702184,0.241124,-0.529812,same_episode_continuity
128,True,20,29,-6.853182,-2.822478,-2.190195,-3.452051,3.146963,-3.009818,-1.752859,-2.206165,0.518527,3.78004,2.503723,same_episode_continuity
129,True,22,24,-7.583414,-0.971655,-1.382629,-3.556947,2.698232,0.805546,1.711732,2.127303,-2.882652,-0.072833,-0.372335,same_episode_continuity
130,True,19,22,-6.983646,-1.629377,-2.557793,-3.196489,2.305114,-2.063249,-0.622037,-0.285802,1.191692,2.603565,2.085169,same_episode_continuity
131,True,20,28,-6.367085,-2.151623,-1.151256,-2.314137,2.343293,0.071753,0.404264,0.366546,-0.91985,0.467693,-0.284651,same_episode_continuity
132,True,53,19,-8.544614,-0.973083,-1.482451,-2.441767,2.844347,-0.897241,-1.013145,-0.729967,-0.165614,3.436044,2.68044,same_episode_continuity
133,True,19,33,-6.010775,-2.444158,-1.731627,-2.970024,2.69834,0.141019,0.636119,0.583693,-3.354549,0.172584,-0.665263,same_episode_continuity
134,True,20,18,-7.620841,-1.943608,-2.931348,-4.607747,3.267111,-2.230386,-2.694517,-2.644352,0.717317,4.644158,4.493147,same_episode_continuity
135,True,18,27,-6.721559,-2.222765,-1.363278,-2.773284,2.781941,-0.657533,0.230516,0.338427,-0.707585,0.690317,0.003813,same_episode_continuity
136,True,61,18,-8.248343,-0.321562,-1.264067,-2.353703,3.088352,0.525093,-0.160719,0.890832,-2.504423,0.779978,0.986088,same_episode_continuity
137,True,20,30,-7.577791,-0.47508,-0.1877,-0.976537,2.692734,0.742097,1.487681,1.602733,-3.746477,-0.632745,-1.804513,same_episode_continuity
138,True,28,15,-6.629101,-1.815192,-2.317716,-2.994067,2.682078,1.607307,0.097279,0.375475,-3.82714,0.055455,-0.23791,same_episode_continuity
139,True,20,18,-6.583634,-2.20907,-1.547305,-2.270643,2.157468,-1.546008,-0.47932,-0.209301,0.381521,1.487148,0.939581,same_episode_continuity
140,True,20,30,-6.522956,-2.575798,-2.42037,-3.54552,2.503439,-3.341057,-2.451295,-2.211414,1.128674,4.421253,3.580306,same_episode_continuity
141,True,18,27,-6.237759,-2.427142,-1.558884,-2.636157,2.345115,-1.091378,0.095993,0.103608,-0.038077,0.990024,0.071718,same_episode_continuity
142,True,20,24,-5.855782,-3.163685,-2.401669,-2.841543,2.211978,-2.095516,-0.684232,-1.227576,0.485016,2.146605,0.979083,same_episode_continuity
143,True,18,27,-6.360644,-2.315066,-2.4387,-4.670642,2.945122,-1.660891,-0.396898,-0.168161,-0.156486,1.596342,1.290349,same_episode_continuity
144,True,37,18,-6.836878,-2.435719,-1.937312,-2.519784,2.544446,-0.944803,-0.46853,-0.31749,-1.246048,1.909331,0.929558,same_episode_continuity
145,True,18,28,-6.736134,-1.998691,-1.46819,-2.422236,2.646185,-1.640432,0.097893,0.118564,-0.020449,1.298562,0.188088,same_episode_continuity
146,True,17,23,-7.158049,-1.422157,-1.105582,-2.891548,2.775111,2.42943,1.84909,2.080018,-4.779025,-1.322921,-1.200232,same_episode_continuity
147,True,20,16,-7.39978,-1.433262,-1.27864,-2.49248,2.586607,2.493024,1.850962,2.303461,-4.41018,-1.13469,-1.284038,same_episode_continuity
148,True,18,28,-6.092974,-2.138467,-1.555642,-2.544677,2.109161,-1.896585,-1.57255,-1.125391,0.254008,2.299128,1.563309,same_episode_continuity
149,True,22,20,-6.29905,-2.377373,-2.732206,-2.110186,2.415847,-2.449118,-1.970809,-1.575199,-0.007837,2.996237,2.028413,same_episode_continuity
150,True,23,15,-6.816394,-1.309191,-1.060427,-2.688585,2.051845,1.165621,1.497896,1.797332,-3.407754,-0.866205,-1.323425,same_episode_continuity
151,True,22,27,-7.2086,-2.215433,-2.411793,-3.320959,3.017341,-2.476216,-1.076436,-1.276431,0.369488,3.571978,2.134488,same_episode_continuity
152,True,22,23,-6.850063,-1.483844,-1.789124,-3.113956,2.392434,0.54842,1.503171,1.677086,-2.790286,0.122241,-0.455483,same_episode_continuity
153,True,21,27,-8.689527,-0.614548,-0.000159,-0.922599,2.853831,1.497905,1.842314,1.784815,-3.659543,0.013665,-1.269485,same_episode_continuity
154,True,24,22,-7.047874,-2.665258,-2.186689,-3.296643,3.393022,0.881268,0.863324,0.226384,-3.153834,0.685681,-0.876929,same_episode_continuity
155,True,22,25,-7.435251,-1.995018,-2.190842,-2.803158,2.93372,-2.446648,-1.430356,-1.103338,0.513464,3.618462,2.593288,same_episode_continuity
156,True,18,27,-8.335147,-0.46686,0.191764,-0.893153,2.855569,2.812205,2.934007,2.573489,-5.226671,-1.782695,-2.87701,same_episode_continuity
157,True,23,19,-7.174525,-1.789169,-2.133929,-3.935135,3.004658,-1.429968,-0.83059,-0.659116,-1.070156,2.40161,1.960614,same_episode_continuity
158,True,19,22,-8.047584,-2.24114,-1.642123,-3.830986,3.16062,-1.252665,-0.973956,-1.329298,1.018072,3.497527,2.393466,same_episode_continuity
159,True,21,22,-7.213367,-1.970632,-0.891725,-1.593346,2.639624,1.452289,1.60408,1.725449,-3.900692,-0.744897,-1.753464,same_episode_continuity
160,True,22,31,-6.952824,-3.062764,-1.943431,-2.854054,2.890143,-3.747149,-1.341857,-1.11376,0.707839,3.335771,2.04742,same_episode_continuity
161,True,19,20,-7.942568,-0.759394,-1.207985,-4.476636,2.52455,1.900775,2.267113,2.611136,-3.487717,-0.30163,-0.762897,same_episode_continuity
162,True,17,29,-7.827242,-0.347889,-0.677244,-1.228185,2.299811,2.121838,1.840684,1.795632,-4.220571,-0.179204,-1.028651,same_episode_continuity
163,True,19,28,-7.606842,-0.489856,-0.064883,-0.466872,2.358561,2.215897,2.3584,2.03974,-4.961238,-1.48794,-2.587735,same_episode_continuity
164,True,79,24,-8.201454,0.082487,-0.96118,-2.789102,2.218613,0.86423,0.517122,1.288896,-1.448287,1.352034,0.741213,same_episode_continuity
165,True,18,30,-8.046132,-0.559407,-0.310044,-1.736612,2.753921,2.487019,2.45255,2.386388,-4.753373,-0.911182,-2.135834,same_episode_continuity
166,True,19,18,-9.670178,1.044407,1.885401,1.071658,2.398633,3.509279,2.828855,2.974215,-5.703575,-2.671722,-2.763961,same_episode_continuity
167,True,24,22,-7.095617,-2.847429,-2.110637,-3.917433,3.178996,-2.587773,-0.465902,-0.088572,0.241667,2.204333,1.184007,same_episode_continuity
168,True,20,18,-7.157306,-1.967499,-2.195794,-2.885032,2.662301,-1.475765,-0.129308,-0.138532,0.662226,1.974566,1.300964,same_episode_continuity
169,True,20,25,-5.40806,-2.286738,-1.904096,-3.668885,1.816464,0.054229,-1.242742,-0.665447,-1.042952,0.836673,1.163904,same_episode_continuity
170,True,20,27,-6.890986,-1.633841,-1.993023,-1.917951,2.362813,-2.427483,-1.911234,-1.528946,0.262345,3.638088,2.48762,same_episode_continuity
171,True,19,26,-9.465876,-0.812146,-0.787645,-3.823072,3.811083,3.362371,3.957999,4.562806,-4.874128,-1.780174,-2.071413,same_episode_continuity
172,True,19,27,-8.04034,-0.599101,-0.128559,-1.357464,2.329205,2.361169,2.735466,2.719,-4.41727,-1.049094,-2.067153,same_episode_continuity
173,True,20,21,-7.243703,-1.884134,-1.633204,-3.02663,2.669873,-0.738644,0.552009,0.662532,-0.531156,1.152295,0.400904,same_episode_continuity
174,True,21,23,-9.470263,-0.321778,-0.661373,-2.220466,3.662469,2.633777,2.965427,3.417025,-4.264398,-0.664821,-1.781884,same_episode_continuity
175,True,24,20,-7.817342,-1.15085,-0.577924,-1.363248,2.655497,1.300427,2.18104,2.344051,-3.447078,-0.886535,-2.04151,same_episode_continuity
176,True,22,24,-6.523911,-2.297038,-2.206928,-2.825333,2.594824,-2.616557,-1.532299,-2.056235,0.238042,3.329681,1.937501,same_episode_continuity
177,True,28,25,-7.418017,-1.044835,-1.696972,-2.756682,2.751385,-0.292589,0.610582,0.858412,-0.970955,1.173682,0.221515,same_episode_continuity
178,True,29,23,-6.683007,-1.728726,-2.203428,-2.13266,2.650194,-0.07572,-0.217669,-0.37291,-1.32757,1.487558,0.20256,same_episode_continuity
179,True,22,22,-7.722136,-1.867647,-2.427844,-3.648181,3.360116,-2.430122,-1.591049,-1.151346,0.655294,3.695855,2.951343,same_episode_continuity
180,True,33,8,-8.593749,-3.571883,-1.583929,-4.8781,3.97936,2.951332,3.346323,2.092128,-4.366324,-1.850824,-3.011966,same_episode_continuity
181,True,21,21,-8.713423,-1.199752,-2.084146,-4.484276,3.192777,-2.281332,-2.199125,-1.541844,1.394744,5.16054,4.264519,same_episode_continuity
182,True,18,28,-6.303266,-2.077362,-1.994223,-2.540844,1.986026,-2.238525,-0.850457,-0.954483,0.69413,2.474292,2.060393,same_episode_continuity
183,True,26,22,-7.253742,-2.906243,-1.366297,-3.420482,2.757956,-0.5761,1.002169,0.929631,-0.56334,0.985145,-0.07325,same_episode_continuity
184,True,21,26,-7.701629,-0.731529,-1.342755,-1.760249,2.894745,-2.489692,-1.89387,-1.799901,0.16248,3.498521,2.286462,same_episode_continuity
185,True,17,33,-6.774215,-1.853389,-2.268978,-2.552408,2.932636,-0.45802,0.446104,0.160679,-0.745311,1.268304,0.436911,same_episode_continuity
186,True,25,23,-7.033043,-1.229571,-1.814655,-1.892973,2.598893,-0.42387,0.4441,0.418904,-1.065501,0.991594,-0.279128,same_episode_continuity
187,True,23,25,-7.596452,-1.646709,-1.006946,-2.984712,2.838286,0.920749,2.06756,2.151213,-3.024459,-0.226216,-1.615236,same_episode_continuity
188,True,19,27,-7.944858,-1.71719,-1.94762,-3.375301,3.073033,-2.467232,-2.096074,-2.371869,1.00071,4.854986,3.86471,same_episode_continuity
189,True,19,22,-7.584739,-2.065315,-1.046371,-3.302139,3.225315,2.811079,2.871113,2.363231,-3.934697,-1.67685,-2.619635,same_episode_continuity
190,True,80,26,-7.951309,-1.398071,-1.189812,-4.855988,2.739308,0.150984,0.275678,1.120507,-1.725939,1.641648,1.165246,same_episode_continuity
191,True,21,25,-8.017981,-0.249895,-1.028361,-1.99777,2.649089,1.049565,1.761051,2.315209,-2.103526,-0.364827,-0.499487,same_episode_continuity
192,True,24,31,-6.854353,-1.783905,-1.808888,-2.154982,2.804478,-0.391643,0.192117,0.153036,-1.270797,1.281119,0.026179,same_episode_continuity
193,True,22,27,-6.725035,-1.57879,-2.128719,-3.218631,2.731338,-0.619386,-0.064666,0.36459,-1.019302,1.365963,0.967847,same_episode_continuity
194,True,21,28,-6.410943,-2.711578,-1.578398,-2.303774,2.504891,-0.370995,0.85666,0.699898,-0.885945,0.426707,-0.501743,same_episode_continuity
195,True,18,35,-6.94003,-1.481615,-1.227055,-2.191655,2.757344,1.208713,1.901528,2.127301,-2.77218,-0.687457,-1.049187,same_episode_continuity
196,True,20,24,-6.973527,-2.57791,-2.329838,-3.350639,2.803676,-2.398152,-2.333224,-2.46481,0.478967,4.4121,3.165897,same_episode_continuity
197,True,19,24,-7.270944,-1.523926,-2.157302,-3.248657,3.289624,1.420456,1.366808,1.711015,-3.778285,-0.11579,-0.528916,same_episode_continuity
198,True,21,18,-6.430943,-2.711192,-2.098624,-3.860969,2.876791,1.134413,1.284876,1.135108,-2.010749,-0.897646,-0.925531,same_episode_continuity
199,True,20,28,-7.328243,-2.422396,-1.427441,-3.240343,2.568673,-1.446261,-0.48743,-0.42217,0.617311,2.708452,1.412299,same_episode_continuity
200,True,19,28,-8.217311,-1.494702,-1.942063,-3.882672,3.474399,1.652927,1.554472,2.039392,-3.368397,0.635711,0.07302,same_episode_continuity
201,True,20,24,-7.95492,-2.346003,-1.627271,-2.931684,3.062781,-1.624662,0.076526,-0.060844,0.979368,2.532793,1.552008,same_episode_continuity
202,True,27,15,-7.495244,-2.635245,-2.782256,-4.318154,3.539729,-3.177548,-1.20459,-1.860678,1.234212,3.417937,2.133477,same_episode_continuity
203,True,20,24,-7.387996,-1.604268,-2.485763,-3.931099,2.818159,-2.28607,-2.006361,-2.124347,0.612543,4.474884,3.449706,same_episode_continuity
204,True,21,20,-8.819992,-0.591668,-1.566963,-2.680633,2.934138,-2.458141,-1.512292,-1.071397,1.277032,4.121424,3.263764,same_episode_continuity
205,True,22,21,-7.793123,-1.228224,-2.149601,-3.035989,3.422002,-2.343127,-2.883157,-2.453127,0.265987,4.270511,3.562855,same_episode_continuity
206,True,19,23,-7.235105,-1.471763,-1.841297,-3.353997,2.439382,-1.553289,-0.261,0.293677,0.542756,1.945377,1.660087,same_episode_continuity
207,True,21,31,-8.10365,-1.239734,-0.925579,-1.508961,3.003859,1.986907,2.727308,2.617668,-3.993939,-0.519301,-2.291976,same_episode_continuity
208,True,21,35,-6.614375,-2.197149,-1.756618,-2.729784,2.842063,-3.40547,-0.819375,-0.865032,-0.247547,2.53632,1.390054,same_episode_continuity
209,True,21,19,-7.96139,-1.794798,-2.710392,-5.844812,3.678199,-2.471913,-1.826214,-1.864072,0.644034,3.979256,3.919851,same_episode_continuity
210,True,19,27,-6.756036,-1.896691,-0.886696,-1.490492,2.733417,0.484701,0.581984,0.602827,-1.822003,-0.158512,-1.11635,same_episode_continuity
211,True,48,23,-7.432785,-2.066942,-2.647693,-4.134282,3.684029,-0.678647,0.232785,0.605832,-1.664647,1.607305,0.888974,same_episode_continuity
212,True,23,20,-8.794483,-0.241319,-0.668403,-1.544136,2.466068,2.045109,3.005134,3.360713,-3.310744,-0.754228,-1.343266,same_episode_continuity
213,True,17,28,-6.520379,-1.640824,-1.712921,-2.527591,2.519146,-1.146307,0.117406,0.360361,-0.100156,0.973664,0.243295,same_episode_continuity
214,True,24,25,-6.869845,-2.039537,-1.63239,-2.42278,2.982188,-3.55339,-1.205059,-1.45085,0.286497,2.499981,0.919814,same_episode_continuity
215,True,17,23,-6.363265,-1.79362,-1.106965,-1.4899,2.370055,1.614669,1.432824,1.335216,-2.91141,-1.417249,-2.000186,same_episode_continuity
216,True,77,33,-8.258579,-0.640442,-0.85745,-1.459915,2.570775,0.321175,0.9811,1.046324,-2.078384,1.517898,0.244119,same_episode_continuity
217,True,20,24,-6.525277,-2.326604,-1.34584,-2.129666,2.381957,0.876074,0.992969,0.998238,-2.294173,-0.116314,-0.742065,same_episode_continuity
218,True,17,34,-6.840722,-1.523752,-2.102716,-3.521614,2.824854,-2.1977,-0.418891,-0.061922,0.496663,2.090377,1.414129,same_episode_continuity
219,True,19,30,-7.282559,-1.023454,-1.921194,-2.2243,3.041698,1.026743,0.595811,0.865061,-3.557466,0.630272,0.116453,same_episode_continuity
220,True,22,23,-7.425084,-0.753897,-1.892599,-0.884543,2.566822,-2.477512,-2.079345,-1.885795,0.069352,3.356965,2.196199,same_episode_continuity
221,True,91,27,-8.817247,-0.648542,-1.031303,-3.250916,2.836252,-0.068323,1.160268,1.783758,-1.227328,1.661638,0.746521,same_episode_continuity
222,True,21,26,-6.843589,-1.948684,-1.08178,-1.967218,2.435274,0.87185,1.900039,1.642514,-2.292412,-0.546052,-1.633372,same_episode_continuity
223,True,22,26,-6.778767,-2.34344,-1.072052,-2.094793,2.873918,0.116046,0.380675,0.245448,-2.979611,0.407677,-0.904674,same_episode_continuity
224,True,19,33,-7.50982,-1.719462,-0.972964,-2.033469,2.938468,-0.485715,0.939935,1.15029,-0.791404,0.539774,-0.339103,same_episode_continuity
225,True,19,24,-6.842595,-2.159272,-1.905558,-3.52404,2.915944,-1.132821,0.01371,0.293258,-0.687384,1.352453,0.714748,same_episode_continuity
226,True,23,21,-8.540188,-0.145399,-0.278538,-1.277152,2.857745,1.392912,2.525233,2.659185,-3.482768,-0.949507,-1.999879,same_episode_continuity
227,True,19,26,-6.908464,-1.594847,-1.621812,-2.528697,2.856204,0.631094,0.906303,0.659772,-1.512873,0.318028,-0.789242,same_episode_continuity
228,True,20,27,-7.237345,-2.913792,-2.89554,-4.900208,3.720302,-2.265179,-1.918268,-1.966809,0.122591,4.062188,3.611658,same_episode_continuity
229,True,24,19,-8.038195,-2.080452,-1.382204,-3.258021,3.744032,0.885309,1.513201,2.139073,-2.974112,-0.227795,-1.40514,same_episode_continuity
230,True,19,23,-7.568744,-0.799383,-1.14685,-2.388188,2.443,1.819293,2.32337,2.446473,-3.792358,-0.668917,-1.159376,same_episode_continuity
231,True,54,28,-6.755758,-1.534171,-1.310647,-1.817775,2.176412,-0.636735,-0.574197,-0.055956,-1.855573,1.872967,0.77853,same_episode_continuity
232,True,19,26,-5.80859,-2.049299,-1.734313,-3.536572,2.150893,0.439871,0.695017,0.270649,-2.216594,0.174251,-0.565744,same_episode_continuity
233,True,17,29,-7.377003,-1.303046,-0.162174,-1.984179,2.424049,3.373496,2.978973,2.418003,-4.734054,-1.981509,-3.282394,same_episode_continuity
234,True,19,27,-6.397367,-2.819393,-2.039258,-3.485699,2.749379,-1.303603,-1.081414,-1.342576,-0.029873,2.591276,1.500366,same_episode_continuity
235,True,76,18,-7.522846,-1.195587,-1.940424,-3.054709,2.903127,-0.062244,0.754712,1.422686,-1.816597,1.048368,-0.114371,same_episode_continuity
236,True,23,15,-7.109803,-1.979673,-3.062497,-2.838688,2.350769,-3.237091,-1.459981,-1.265657,1.451862,3.472031,3.052464,same_episode_continuity
237,True,26,24,-6.752425,-1.954668,-2.053947,-2.553308,2.723055,-0.200571,-0.074876,0.171683,-1.133574,1.48044,0.365439,same_episode_continuity
238,True,23,25,-7.189998,-2.336175,-1.973526,-2.410039,2.668928,-2.927354,-0.686611,-0.517207,0.506456,2.769668,1.966337,same_episode_continuity
239,True,53,21,-8.803417,-0.66208,-1.161109,-1.961831,2.811737,0.427334,1.268323,1.706266,-0.565911,1.239341,0.356554,same_episode_continuity
240,True,20,21,-6.814606,-2.009945,-1.404719,-2.43565,2.862309,1.738355,2.491429,1.54662,-4.389268,-1.644706,-2.859931,same_episode_continuity
241,True,23,24,-7.252509,-1.946116,-1.860768,-2.402997,3.047005,-2.018648,0.365247,0.11826,-1.061499,1.504797,-0.262771,same_episode_continuity
242,True,23,26,-6.864987,-1.676828,-2.3342,-3.569661,2.787578,-2.978053,-0.631048,-0.409997,0.152302,2.504757,1.70804,same_episode_continuity
243,True,33,18,-7.287121,-2.9601,-1.928033,-4.129575,3.166377,0.024007,0.955247,1.485242,-0.899454,0.245833,0.008714,same_episode_continuity
244,True,31,19,-7.519902,-2.423626,-1.693473,-2.562531,3.010782,-0.28442,1.262899,1.080952,-0.652939,0.659232,-0.499726,same_episode_continuity
245,True,22,20,-6.179961,-2.398484,-2.432125,-2.481937,2.072269,-2.403329,-1.878566,-1.663619,0.192285,3.268704,2.334647,same_episode_continuity
246,True,22,20,-7.315871,-2.011496,-1.549219,-2.565246,2.675087,-2.409684,-1.62715,-1.553619,0.49496,3.422893,2.394851,same_episode_continuity
247,True,19,23,-7.107758,-2.337746,-1.780878,-2.712574,3.571049,2.273939,2.212919,1.288362,-4.920192,-1.459156,-2.551701,same_episode_continuity
248,True,19,42,-6.720576,-1.293585,-1.639598,-2.715319,2.636588,0.213191,1.185393,1.324014,-2.001756,0.520072,-0.310738,same_episode_continuity
249,True,20,22,-7.071527,-1.83839,-2.512303,-2.648593,2.42428,-1.353894,-0.792142,-0.454881,0.640614,2.754421,2.175572,same_episode_continuity
250,True,21,21,-7.679277,-1.512854,-1.161203,-2.842595,3.014808,1.562791,1.55894,1.581109,-3.662348,-0.061599,-1.210747,same_episode_continuity
251,True,20,23,-7.37933,-1.944046,-2.130943,-3.301996,2.824439,-2.369194,-1.832486,-2.08002,0.672844,4.15784,3.082917,same_episode_continuity
252,True,33,27,-7.793849,-1.860809,-1.714427,-3.750855,3.139502,-0.004641,1.061753,1.134189,-0.742627,1.433345,0.271446,same_episode_continuity
253,True,20,26,-8.967185,-0.625508,-1.220201,-1.367547,2.911789,-2.424062,-2.073263,-1.36905,1.21724,4.490033,3.884952,same_episode_continuity
254,True,20,29,-7.316285,-1.80084,-2.061556,-3.826151,3.193013,1.299252,2.259496,1.951708,-3.509657,-0.07537,-1.334343,same_episode_continuity
255,True,58,21,-7.357111,-1.742126,-1.851468,-2.743469,3.073471,-0.581563,0.161973,0.485286,-1.622268,1.406357,0.541867,same_episode_continuity
256,True,23,17,-7.77263,-2.956378,-2.81003,-6.312107,4.234514,-2.423458,-1.844309,-2.176245,0.601673,3.913417,2.97677,same_episode_continuity
257,True,87,20,-7.045422,-1.680553,-1.871658,-2.758254,2.697442,-0.203434,-0.253606,-0.632995,-1.851318,1.932016,0.819152,same_episode_continuity
258,True,18,29,-6.736161,-1.968502,-1.348321,-2.267585,2.66621,0.490443,0.986574,1.008454,-1.264719,-0.036312,-0.587581,same_episode_continuity
259,True,19,37,-6.239967,-2.377636,-1.756071,-2.326731,2.732989,-0.041243,0.539916,0.496897,-2.00922,0.527412,-0.249073,same_episode_continuity
260,True,18,26,-8.20143,-0.462062,-0.514232,-1.786949,2.697375,2.391623,2.54706,2.952654,-4.43774,-1.046816,-1.675193,same_episode_continuity
261,True,19,27,-6.884596,-1.733153,-1.472227,-2.513447,2.826361,-0.21645,0.650903,0.440429,-1.462283,0.737226,-0.158381,same_episode_continuity
262,True,20,20,-7.053513,-1.92946,-1.913489,-3.398419,2.502203,-1.303888,-1.156345,-0.668561,0.603605,2.626977,2.334265,same_episode_continuity
263,True,18,22,-6.766755,-1.559873,-1.513987,-2.86525,2.453541,1.527999,1.783423,1.517945,-2.739212,-0.67336,-1.131484,same_episode_continuity
264,True,19,34,-7.009016,-1.456145,-0.933578,-1.411605,2.695139,-1.148058,0.411673,0.834907,-1.150218,0.599267,-0.455721,same_episode_continuity
265,True,20,20,-7.400047,-2.457716,-1.551539,-2.966724,3.115747,1.978895,1.90589,1.512006,-3.943914,-0.440618,-1.610168,same_episode_continuity
266,True,18,29,-6.146733,-1.992163,-1.768216,-2.127383,2.43852,-0.831835,0.225501,-0.06329,-0.847491,0.754214,-0.18317,same_episode_continuity
267,True,19,31,-6.394302,-1.79052,-1.741826,-2.622408,2.579053,0.756524,1.340196,1.182602,-2.432516,-0.130537,-1.000746,same_episode_continuity
268,True,31,17,-6.910148,-2.848073,-2.121619,-3.495828,3.061456,-1.554246,-0.065749,-1.351844,0.420769,1.725013,-0.24595,same_episode_continuity
269,True,18,24,-6.653179,-2.332778,-2.350725,-3.00413,2.786493,-1.375012,-1.893768,-1.739166,0.285401,3.083299,2.800907,same_episode_continuity
270,True,18,29,-6.86276,-1.718668,-1.144696,-2.206703,2.924408,1.2508,1.606649,1.704972,-2.982674,-0.922214,-1.366674,same_episode_continuity
271,True,37,25,-7.539494,-0.719784,-1.917585,-3.502858,3.016108,-1.309381,0.933284,1.756019,-1.619653,0.505114,-0.012446,same_episode_continuity
272,True,20,25,-7.642187,-2.161519,-1.904778,-2.945951,3.633129,1.492175,2.243626,2.063744,-3.687101,-0.356296,-1.614585,same_episode_continuity
273,True,20,24,-7.195374,-2.193557,-1.686402,-3.134263,2.879948,0.726574,1.054441,0.984473,-1.775186,0.609852,-0.266658,same_episode_continuity
274,True,24,18,-7.271947,-1.816029,-1.308371,-2.813973,2.790899,1.38255,1.698036,1.195015,-3.534889,-0.321876,-1.870844,same_episode_continuity
275,True,20,24,-6.702019,-2.691703,-1.645426,-2.858894,2.670448,-0.397711,0.759068,0.306417,-0.580819,0.816251,-0.55085,same_episode_continuity
276,True,20,18,-9.108342,-0.652977,0.232874,-0.723204,2.874011,3.323991,3.900229,3.48393,-5.059906,-2.333087,-3.171841,same_episode_continuity
277,True,19,25,-6.627334,-2.262365,-1.760733,-2.217708,2.742766,-0.996366,0.375065,0.305253,-0.961848,0.868471,-0.151265,same_episode_continuity
278,True,21,24,-7.524972,-1.256933,-1.857992,-2.652866,3.127203,-1.409617,-0.381583,-0.460348,0.300882,2.219158,1.004247,same_episode_continuity
279,True,18,22,-6.638491,-1.478826,-1.48346,-3.360166,2.589761,1.489666,1.311381,1.722792,-2.987489,-1.007984,-1.01901,same_episode_continuity
280,True,49,22,-6.381616,-3.296799,-2.572647,-3.822625,2.970832,-1.16226,-0.423949,-1.417055,-0.091214,2.036926,-0.161064,same_episode_continuity
281,True,40,18,-6.778456,-2.044903,-2.384162,-5.226274,2.810175,-0.747311,-0.716918,0.002199,-1.525573,1.653671,1.579607,same_episode_continuity
282,True,41,14,-7.333171,-1.128046,-2.554211,-2.325978,2.208764,-1.073572,1.146733,1.060509,-0.853576,0.991037,-0.150482,same_episode_continuity
283,True,21,21,-7.179395,-1.680523,-2.381391,-2.590633,2.545786,-2.803936,-3.400353,-3.002365,1.065857,5.092297,4.201243,same_episode_continuity
284,True,18,32,-6.51257,-2.29142,-1.914497,-3.134279,2.89394,-1.953545,-0.409129,-0.410146,-0.025872,1.898503,1.034225,same_episode_continuity
285,True,22,20,-7.580102,-1.702543,-1.893993,-2.542463,2.961121,-2.385909,-2.000346,-2.32451,0.521607,3.96024,2.710256,same_episode_continuity
286,True,18,26,-6.960417,-1.321208,-1.262776,-2.633465,2.604226,1.38673,1.364614,1.502212,-3.892328,-0.371955,-0.909047,same_episode_continuity
287,True,21,21,-6.062706,-3.003799,-1.507474,-2.151066,1.882548,-1.659939,-0.353206,-0.570302,0.004789,1.376407,0.348437,same_episode_continuity
288,True,25,30,-7.434616,-1.368977,-2.180482,-3.516185,3.442459,-1.856038,0.482982,1.300062,-1.513699,1.047031,0.139745,same_episode_continuity
289,True,21,27,-6.871104,-1.906252,-0.989483,-1.673103,2.593846,0.394552,1.409661,1.191287,-2.023087,-0.280395,-1.677448,same_episode_continuity
290,True,21,21,-7.699445,-1.303526,-1.325728,-2.142396,2.526715,-2.455408,-2.553975,-2.301274,0.852572,4.470951,3.399944,same_episode_continuity
291,True,19,29,-6.864123,-1.70385,-1.455083,-2.613292,2.951271,0.652963,0.503399,0.156334,-2.229284,0.69159,-0.399488,same_episode_continuity
292,True,20,20,-7.607388,-1.514602,-2.29847,-3.521635,2.657421,-2.274165,-2.618247,-2.12134,0.923901,4.712479,4.308735,same_episode_continuity
293,True,32,22,-6.592195,-2.168704,-2.121391,-3.143271,2.75185,-1.058182,-0.967681,-0.904564,-1.515955,2.264909,1.491098,same_episode_continuity
294,True,20,22,-8.854248,-1.064127,-1.324673,-3.580442,3.572751,2.824345,2.498401,2.467995,-4.277798,-0.237906,-1.213017,same_episode_continuity
295,True,19,34,-8.165325,-0.535494,-0.675127,-1.408284,2.710866,1.517835,1.875926,1.921585,-3.59746,0.242874,-0.902601,same_episode_continuity
296,True,21,18,-9.261625,0.20714,-0.336117,-1.710356,3.191205,3.450621,2.715017,3.179371,-5.078053,-1.346538,-1.959105,same_episode_continuity
297,True,22,31,-5.989175,-2.093736,-2.537858,-4.031533,2.538851,-1.704219,-0.818281,-0.28664,-1.732495,2.137685,1.591707,same_episode_continuity
298,True,24,21,-7.213652,-1.755101,-1.713593,-1.992009,2.501035,1.439501,2.056631,1.516808,-3.31201,-0.155211,-2.029462,same_episode_continuity
299,True,18,24,-6.051767,-2.486087,-2.230373,-3.531601,2.372177,-0.768521,-0.875764,-1.09428,-0.097536,2.052979,1.385183,same_episode_continuity
300,True,20,31,-6.137546,-2.373798,-3.082628,-3.927832,2.883523,-2.723544,-1.616111,-1.635659,-0.27806,3.270584,2.707953,same_episode_continuity
301,True,27,14,-8.62932,-1.434196,-1.464946,-2.364408,3.056996,-2.344029,-1.742653,-1.661622,1.358247,4.158793,2.806374,same_episode_continuity
302,True,25,23,-6.006835,-2.190039,-1.376584,-1.332555,2.146137,-1.883399,-0.323143,0.161406,-1.753778,0.503428,-0.399914,same_episode_continuity
303,True,31,25,-7.630859,-1.523704,-1.707192,-2.568776,2.932159,-0.062017,0.438903,0.564433,-0.744715,1.693272,0.438205,same_episode_continuity
304,True,23,30,-7.036318,-2.0519,-1.829886,-3.069004,2.909933,0.018444,0.922478,0.969196,-0.792137,0.984088,-0.141499,same_episode_continuity
305,True,23,21,-6.581918,-2.00411,-2.01741,-2.410249,2.551422,-0.315408,0.432504,0.240485,-2.290775,0.830932,-0.036726,same_episode_continuity
306,True,23,21,-10.010003,1.238398,0.571085,-0.220696,2.980138,2.21778,3.188749,3.456839,-4.028125,-1.124943,-2.577277,same_episode_continuity
307,True,27,20,-6.691565,-2.163841,-2.028493,-3.042015,3.002856,-1.251581,-1.099902,-0.38486,-1.603003,1.718666,1.2085,same_episode_continuity
308,True,19,28,-7.432505,-0.863525,-1.457423,-1.931936,2.600796,1.383619,1.614344,1.402215,-3.642712,0.201764,-1.098843,same_episode_continuity
309,True,18,29,-7.5555,-0.672739,-1.095126,-1.666069,2.840396,2.273887,2.917268,2.466781,-4.745577,-1.421387,-2.533734,same_episode_continuity
310,True,21,20,-7.692575,-1.652062,-2.093367,-3.853815,2.729107,-2.353576,-1.682883,-1.200599,0.914283,3.952734,3.200506,same_episode_continuity
311,True,38,23,-8.534423,-0.241339,-1.569808,-1.995647,2.976326,-1.056658,-1.220576,-0.474134,-0.61789,3.186886,2.276231,same_episode_continuity
312,True,23,22,-7.600361,-1.607552,-1.775162,-3.324317,3.029673,-0.331866,-0.172686,-0.138098,-0.483509,2.161048,1.527489,same_episode_continuity
313,True,22,23,-11.033847,0.919835,1.050834,-0.295395,3.500023,3.033818,3.331868,3.566185,-4.320155,-0.846385,-2.238916,same_episode_continuity
314,True,20,21,-7.217028,-1.427182,-1.510507,-2.616923,2.823507,-0.255313,0.820323,0.982024,-0.619587,0.411614,-0.417336,same_episode_continuity
315,True,24,26,-6.683179,-1.353508,-1.543045,-3.128556,2.185947,-0.488557,0.004405,0.479454,-0.971609,1.249513,0.949454,same_episode_continuity
316,True,30,19,-7.868621,-1.696448,-2.025125,-3.378892,3.674048,-2.352545,-1.532933,-0.84566,0.259983,3.230767,1.594309,same_episode_continuity
317,True,22,24,-6.700774,-1.152021,-1.366183,-1.875891,2.125892,-0.877833,0.725397,0.651236,-0.853713,0.675879,-0.372156,same_episode_continuity
318,True,22,33,-6.870101,-1.236147,-1.92935,-3.568871,2.664124,-0.069532,0.650775,1.145165,-0.909558,0.935494,0.522446,same_episode_continuity
319,True,21,22,-10.319282,0.979764,0.742404,-0.660474,2.922337,2.276132,3.819007,4.135394,-3.695005,-1.554798,-2.261391,same_episode_continuity
320,True,24,24,-6.809806,-2.524773,-1.526242,-2.325697,2.728977,-2.856833,-0.769795,-0.504795,-0.037274,2.070688,0.910363,same_episode_continuity
321,True,30,19,-6.816656,-1.6489,-2.011566,-3.771419,2.80287,-0.081701,-0.1712,0.561629,-1.302511,0.800708,0.573631,same_episode_continuity
322,True,20,19,-6.394737,-1.277843,-1.001798,-1.150207,2.018679,1.014889,0.90479,0.794142,-2.730178,-0.742196,-1.733984,same_episode_continuity
323,True,22,28,-6.655353,-1.485827,-1.17946,-2.107791,2.123691,0.647353,1.884727,1.910158,-3.145637,-0.429103,-1.350446,same_episode_continuity
324,True,16,34,-6.476866,-1.395699,-1.36312,-2.512838,2.451786,1.735601,1.927087,1.598425,-3.442173,-0.895329,-1.589138,same_episode_continuity
325,True,19,27,-5.807579,-2.509264,-2.330995,-2.861367,2.445829,0.344227,-0.0574,-0.099557,-2.050944,0.744029,0.178126,same_episode_continuity
326,True,18,28,-7.166769,-1.511882,-1.061145,-2.268763,2.403152,1.644375,1.962734,1.917754,-3.863272,-0.3403,-1.125114,same_episode_continuity
327,True,46,15,-6.925213,-1.835096,-1.878556,-2.810693,2.320262,-0.781746,-0.282847,-0.186358,-1.216633,1.867859,1.015553,same_episode_continuity
328,True,19,24,-7.034386,-1.980199,-1.59957,-2.302738,2.216248,-2.397881,-0.742491,-0.806565,1.431023,2.668511,1.648205,same_episode_continuity
329,True,23,22,-7.344622,-1.6804,-1.276291,-1.653524,2.63897,0.736854,1.708669,1.734526,-3.042256,-0.193929,-1.294445,same_episode_continuity
330,True,21,16,-7.934205,-1.151111,-2.069977,-2.30714,2.813593,1.788056,2.554909,2.79933,-2.282905,-0.95508,-1.204186,same_episode_continuity
331,True,29,17,-6.535431,-2.459096,-2.152068,-1.833794,2.493516,-3.449438,-1.473194,-1.938011,0.969115,2.57225,1.0567,same_episode_continuity
332,True,27,26,-6.814847,-1.401611,-2.337303,-2.630021,2.880788,-1.431057,-0.515045,-0.313645,-1.635578,1.793771,1.212833,same_episode_continuity
333,True,19,25,-7.078786,-2.076398,-0.815818,-2.304095,2.284713,1.858112,1.69186,2.00795,-3.998385,-0.540421,-1.205164,same_episode_continuity
334,True,18,24,-6.691026,-1.788264,-1.793195,-3.709097,2.623349,-0.375066,0.54814,0.760338,-0.666913,0.653795,0.234246,same_episode_continuity
335,True,22,32,-6.555298,-1.855021,-1.769246,-2.525369,2.522736,-2.222115,0.041142,0.454266,-1.474612,1.384075,0.508963,same_episode_continuity
336,True,18,27,-6.938207,-1.477349,-0.762962,-1.197083,2.174356,1.761204,1.629023,1.465699,-3.094813,-0.560172,-1.628557,same_episode_continuity
337,True,25,20,-6.632655,-1.457455,-0.820478,-1.280922,1.52139,-0.070833,1.022095,1.003926,-0.735712,0.070066,-0.836129,same_episode_continuity
338,True,19,25,-8.20911,-0.732933,-0.867094,-2.338426,2.690229,1.895844,2.584093,2.8408,-3.622526,-0.484598,-1.282387,same_episode_continuity
339,True,23,27,-7.168216,-2.367948,-1.691096,-2.605645,3.214528,-0.234801,1.126314,1.172172,-0.796915,0.346656,-0.655914,same_episode_continuity
340,True,22,21,-8.373376,-2.100631,-1.965257,-2.197009,3.087429,-2.480899,-1.544496,-1.324509,1.406331,4.31072,3.314968,same_episode_continuity
341,True,18,26,-8.094108,-1.055106,-0.952426,-1.613316,3.052884,2.530166,2.526334,2.76355,-4.536464,-1.027316,-1.746941,same_episode_continuity
342,True,18,25,-8.262293,-0.575807,-1.174048,-2.15562,2.720459,3.059107,2.73225,3.168068,-4.673603,-0.87641,-1.497919,same_episode_continuity
343,True,21,25,-8.321211,-0.589901,-0.792095,-2.238253,3.2801,0.994989,1.482803,1.817087,-3.337452,-0.065323,-0.867326,same_episode_continuity
344,True,23,23,-7.441713,-1.615802,-1.561708,-2.645722,2.763732,-3.325632,-1.19199,-0.927373,1.022373,2.929891,2.316944,same_episode_continuity
345,True,18,28,-6.698434,-1.701029,-1.842845,-2.425635,2.351808,-1.924176,-1.143793,-1.037278,0.614665,2.741483,1.982138,same_episode_continuity
346,True,19,23,-7.86384,-0.734493,-1.436038,-2.870788,2.778762,1.942913,1.456132,2.104694,-3.837518,-0.042174,-0.286922,same_episode_continuity
347,True,23,22,-6.695984,-2.546024,-1.593573,-3.233746,2.397642,-3.130565,-1.017844,-1.066339,0.36106,2.744444,1.670016,same_episode_continuity
348,True,19,34,-6.018894,-1.483676,-2.00315,-3.179772,2.473561,-1.6212,-0.979169,-0.58554,-0.500686,1.764565,1.333491,same_episode_continuity
349,True,39,27,-9.271272,-0.43683,-1.064025,-1.495086,3.022392,0.00161,2.252425,2.555336,-0.310879,0.820867,-0.404794,same_episode_continuity
350,True,22,26,-7.998206,-0.935341,-0.614454,-1.029763,2.870326,0.767248,1.678812,2.079708,-3.201909,-0.502389,-1.122265,same_episode_continuity
351,True,19,30,-6.715935,-2.336138,-1.570608,-3.166006,2.67199,-1.736499,-0.104839,-0.667138,-0.461091,2.041672,0.747171,same_episode_continuity
352,True,21,24,-6.601549,-1.754701,-1.718957,-3.098629,2.277293,-0.869409,0.289814,0.606049,-0.75353,0.998408,0.631768,same_episode_continuity
353,True,20,22,-8.101329,-0.849371,-0.832117,-2.31832,2.908643,2.089804,2.399791,2.901009,-2.989299,-0.982193,-1.753265,same_episode_continuity
354,True,22,30,-7.42015,-1.621778,-1.194207,-2.118001,2.792176,-2.520816,-1.176299,-0.995744,0.160567,3.079574,1.658991,same_episode_continuity
355,True,21,19,-7.469513,-1.442284,-1.495968,-2.111658,2.826173,1.962516,1.646888,2.519805,-4.100173,-1.016143,-1.23752,same_episode_continuity
356,True,20,33,-7.18215,-1.901199,-1.996362,-2.444812,2.50977,-3.621384,-2.401178,-2.167875,1.64861,4.739701,3.754924,same_episode_continuity
357,True,20,22,-7.573631,-0.855367,-1.299741,-2.147963,2.889206,2.040381,1.993966,1.716996,-4.216011,-0.573844,-1.748127,same_episode_continuity
358,True,19,22,-7.724933,-0.714484,-1.053464,-1.943447,2.127534,1.931278,2.072977,2.211638,-3.597548,-0.128781,-0.944392,same_episode_continuity
359,True,18,26,-8.35927,-0.368695,-0.115524,-0.931372,2.991303,2.838695,2.577236,3.042383,-5.112977,-1.744835,-2.226966,same_episode_continuity
360,True,19,25,-7.586507,-1.48881,-1.548474,-1.910866,2.752627,-1.36258,-0.90528,-0.946977,0.538852,2.860427,1.716714,same_episode_continuity
361,True,28,27,-7.058008,-1.22808,-1.922989,-3.195177,2.692268,-0.075491,-0.081018,0.359725,-1.172807,1.671105,0.914397,same_episode_continuity
362,True,72,21,-7.110812,-1.08257,-2.038164,-1.90371,2.867634,-0.107736,-0.387509,0.344087,-2.413694,1.367012,0.173739,same_episode_continuity
363,True,40,19,-7.577365,-1.678363,-1.289816,-2.108359,2.752481,-1.205088,1.202067,0.944447,-1.186873,0.641053,-0.899019,same_episode_continuity
364,True,19,27,-6.778588,-2.366269,-2.307044,-2.948514,2.988149,-1.44686,-0.731912,-0.540665,0.0797,2.287275,1.615061,same_episode_continuity
365,True,21,19,-8.218159,-1.024706,0.061872,-0.753914,2.548579,2.486664,2.946099,2.64653,-4.53457,-1.677534,-3.020957,same_episode_continuity
366,True,23,21,-7.106401,-1.421099,-2.297855,-1.934021,1.916299,-2.512967,-1.290871,-2.015026,0.841147,3.818235,2.067411,same_episode_continuity
367,True,26,17,-11.021105,0.653492,2.316822,1.071659,3.070258,2.811661,3.583362,4.057733,-4.65313,-2.309337,-3.850685,same_episode_continuity
368,True,18,28,-6.949049,-1.667307,-0.643183,-1.353686,2.409007,1.564327,1.558723,1.56273,-3.092902,-0.852363,-1.560126,same_episode_continuity
369,True,20,34,-7.179303,-1.427622,-1.54048,-3.416722,3.076931,0.571819,1.255034,1.668459,-3.203373,0.280778,-0.130581,same_episode_continuity
370,True,21,22,-7.077455,-1.951343,-1.880233,-3.297148,3.166343,-0.482422,-0.509207,-0.613203,-0.935801,1.753909,0.854973,same_episode_continuity
371,True,32,27,-7.454243,-2.245046,-1.16381,-3.193356,2.75358,-0.073236,0.407117,0.477152,-0.789446,1.70242,0.51189,same_episode_continuity
372,True,19,22,-7.590035,-1.345312,-1.818408,-3.016713,2.865076,2.245276,1.269323,2.105555,-2.925313,-0.217315,-0.188504,same_episode_continuity
373,True,22,21,-7.662906,-1.988168,-2.193971,-3.126308,3.146407,-2.916965,-2.213632,-1.703742,1.19064,4.156898,3.121237,same_episode_continuity
374,True,35,23,-7.204693,-1.344697,-2.276429,-3.703949,2.808926,0.071485,0.051514,0.743375,-1.080204,1.399296,1.166104,same_episode_continuity
375,True,20,27,-7.41306,-1.234251,-1.446137,-1.836893,2.41427,-2.467336,-2.16666,-1.722604,0.470586,3.884256,3.289342,same_episode_continuity
376,True,20,22,-7.694202,-1.984024,-2.003961,-3.516666,2.79696,-2.011575,-0.389485,-0.376786,1.483869,2.868098,2.156321,same_episode_continuity
377,True,21,19,-7.864617,-0.986211,0.203459,-0.492573,2.157351,2.023353,2.35998,2.162889,-4.178045,-1.359716,-2.437187,same_episode_continuity
378,True,22,24,-7.198567,-1.190364,-1.411946,-1.298367,2.847417,-0.671421,0.078284,0.072617,-1.136329,0.888755,-0.413542,same_episode_continuity
379,True,26,26,-6.924349,-1.716673,-1.809283,-2.494705,3.147812,-1.410467,-0.657418,-0.120433,-1.753697,1.558393,0.56314,same_episode_continuity
380,True,21,21,-7.130425,-1.658129,-1.476052,-3.219906,2.552219,1.246422,1.703902,2.207404,-2.203232,-0.499816,-0.92357,same_episode_continuity
381,True,21,19,-7.907462,-1.004409,-2.27789,-2.510984,2.139776,-2.386771,-2.130667,-1.731386,1.377784,4.784712,4.14008,same_episode_continuity
382,True,21,17,-7.311816,-1.739586,-1.437381,-2.001625,2.484801,-0.941469,0.311468,0.028427,0.579513,1.084463,-0.03637,same_episode_continuity
383,True,18,32,-9.159103,-0.597845,0.352512,-1.062153,2.820894,3.194085,3.550916,3.682515,-4.894842,-1.340669,-2.428309,same_episode_continuity
384,True,19,18,-6.710692,-1.46245,-1.847234,-2.20821,2.098947,1.560242,0.923122,1.133146,-2.518598,0.008014,-0.343659,same_episode_continuity
385,True,22,23,-7.79091,-1.853771,-2.638876,-4.079435,3.731405,-2.361745,-1.951903,-1.140246,0.326327,3.389703,3.371135,same_episode_continuity
386,True,19,25,-6.497429,-2.116202,-1.52604,-2.186187,1.920352,-1.473841,-0.985724,-0.761237,0.352548,2.371712,1.707529,same_episode_continuity
387,True,39,22,-7.016214,-2.137946,-1.889818,-3.358483,2.782267,-0.849122,-0.668583,-1.516928,-1.33297,2.625835,1.083753,same_episode_continuity
388,True,25,24,-7.133151,-1.285664,-1.454047,-2.226433,2.631638,-0.639392,0.534186,1.192547,-1.002599,0.537965,0.001007,same_episode_continuity
389,True,19,22,-7.210442,-2.544186,-0.905493,-2.355013,2.796306,2.277514,2.301249,2.372513,-4.585201,-1.610284,-1.848934,same_episode_continuity
390,True,20,29,-7.089496,-1.666059,-1.309383,-2.995028,2.785544,0.93021,1.500018,1.661488,-3.33198,-0.017166,-0.643096,same_episode_continuity
391,True,18,29,-7.321028,-2.869032,-1.488695,-4.195502,2.815781,-1.823102,-1.087411,-0.654663,1.111478,3.231441,2.299385,same_episode_continuity
392,True,19,28,-6.380388,-1.63006,-1.744354,-2.601381,2.141907,1.388889,1.080372,1.283572,-2.703457,0.106392,-0.522147,same_episode_continuity
393,True,18,30,-8.481158,-0.056641,-0.736568,-1.200227,2.837163,1.880562,2.056255,2.123996,-3.958308,-0.03,-1.325784,same_episode_continuity
394,True,22,18,-7.793691,-1.401122,-2.041652,-3.031196,2.723704,-1.405755,0.28226,0.564854,0.917037,1.973743,1.079488,same_episode_continuity
395,True,19,27,-7.001516,-1.826961,-2.215148,-3.525764,3.040682,-1.301911,-0.86262,-0.716958,0.178436,2.663769,1.823901,same_episode_continuity
396,True,22,20,-7.772063,-2.042963,-1.133434,-2.943681,3.050764,1.275896,1.79863,2.086152,-2.037172,-0.3599,-0.866451,same_episode_continuity
397,True,20,20,-8.056371,-0.655683,-1.347037,-2.893639,2.660552,2.05381,1.733583,2.702421,-3.657306,-0.436295,-0.39233,same_episode_continuity
398,True,21,20,-7.374188,-2.349678,-1.618399,-2.85771,3.05717,-1.373248,-0.038353,0.336681,0.304891,1.383149,0.480543,same_episode_continuity
399,True,21,26,-6.55077,-2.656088,-2.580436,-3.011027,2.577882,-2.36554,-1.424387,-1.211379,0.186146,3.35288,2.434637,same_episode_continuity
400,True,19,25,-6.437724,-2.291504,-2.169886,-2.803211,2.731013,-1.75988,-0.591519,-0.52488,-0.019417,1.667399,1.141588,same_episode_continuity
401,True,19,22,-6.883745,-1.324198,-2.110932,-3.33997,1.982575,-1.250653,-1.330993,-0.688169,0.549538,3.033999,2.668007,same_episode_continuity
402,True,21,23,-6.741335,-2.39608,-2.875663,-3.680522,3.269094,-2.383047,-2.353767,-2.362495,-0.031337,3.741167,3.14237,same_episode_continuity
403,True,23,26,-6.797773,-1.442706,-1.637506,-2.528772,2.645697,-0.524088,0.266817,0.353096,-1.230057,0.946782,-0.208697,same_episode_continuity
404,True,18,22,-6.374529,-3.456059,-1.99778,-2.445274,2.097702,-2.426087,-1.096886,-1.509246,1.301795,2.799855,1.856708,same_episode_continuity
405,True,21,21,-7.595756,-1.467567,-0.482226,-0.995697,2.208509,1.600561,1.814541,1.723135,-2.603256,-0.518717,-1.441914,same_episode_continuity
406,True,19,28,-6.104005,-2.588683,-1.74018,-2.96816,2.469091,-0.484739,0.429315,0.288059,-0.946568,0.615113,-0.153412,same_episode_continuity
407,True,22,23,-7.507567,-1.514667,-1.962856,-2.574532,2.887762,-2.433359,-1.258597,-1.114246,0.503676,3.486118,2.016177,same_episode_continuity
408,True,30,17,-7.248468,-1.711205,-1.745442,-2.372621,2.81713,0.029343,-0.259906,-0.10998,-1.021464,1.418848,0.542455,same_episode_continuity
409,True,18,24,-8.456376,-1.119455,-0.790788,-1.112889,2.850101,2.865817,3.431368,2.958486,-4.559241,-1.40795,-2.593663,same_episode_continuity
410,True,19,27,-6.311802,-2.640416,-2.169479,-3.814231,2.874746,1.124132,1.465408,1.191779,-2.650329,-0.266329,-0.919529,same_episode_continuity
411,True,19,23,-7.85406,-2.500374,-0.647802,-1.856252,2.828141,2.427343,3.045232,2.707611,-3.294957,-1.395658,-2.350679,same_episode_continuity
412,True,17,27,-6.975318,-1.622112,-1.599824,-3.027751,2.695657,1.693209,1.607736,1.891647,-2.85727,-0.43163,-0.684297,same_episode_continuity
413,True,30,19,-7.354664,-1.121384,-1.674123,-2.745592,2.403525,-0.105573,0.416389,0.832453,-0.779006,1.183408,0.473033,same_episode_continuity
414,True,69,17,-7.590456,-1.34986,-2.419119,-1.549109,2.898261,0.165377,0.956994,1.471957,-2.142276,0.539104,-0.876985,same_episode_continuity
415,True,18,20,-7.323154,-1.989772,-1.250702,-1.96273,2.693031,2.590275,2.818537,2.343358,-4.773406,-1.648314,-2.298589,same_episode_continuity
416,True,17,32,-7.741731,-0.912228,-1.708745,-4.061251,3.215113,1.726296,1.415059,1.914753,-4.015584,0.012224,-0.112257,same_episode_continuity
417,True,21,34,-6.886876,-2.302543,-2.082243,-3.58072,2.860786,-3.857362,-1.383693,-1.21278,1.067442,3.581796,2.500656,same_episode_continuity
418,True,26,24,-7.593581,-1.5875,-1.372893,-2.084787,3.060995,-0.496774,1.205742,1.400702,-0.849347,0.468343,-0.595923,same_episode_continuity
419,True,22,24,-7.376965,-1.159959,-1.74265,-3.698794,2.788098,0.555157,1.200406,1.856513,-2.782331,0.089982,-0.003972,same_episode_continuity
420,True,41,25,-7.833706,-0.557505,-1.312861,-1.868561,3.150266,-0.910407,-0.14014,0.55468,-1.784896,1.241149,0.748207,same_episode_continuity
421,True,26,22,-6.823786,-1.855868,-1.383168,-2.600749,2.17334,-0.356646,0.362627,0.26944,-0.875405,1.261472,-0.009798,same_episode_continuity
422,True,18,30,-7.15616,-1.057146,-2.0447,-2.749234,2.526575,-1.350788,-1.703821,-1.237093,0.322151,3.267107,3.018472,same_episode_continuity
423,True,20,21,-8.143921,-1.802844,-1.38013,-3.354309,3.501008,0.659629,0.648244,0.587811,-1.363927,1.065287,0.639849,same_episode_continuity
424,True,25,34,-6.592839,-1.71219,-1.920817,-2.061152,2.349804,-0.347444,-0.109993,-0.05343,-1.179276,1.769948,0.907243,same_episode_continuity
425,True,19,26,-6.6973,-2.577397,-2.467212,-4.673233,3.012622,-2.81872,-3.15762,-2.922523,0.610985,4.689933,4.228098,same_episode_continuity
426,True,19,30,-7.186284,-1.456958,-1.832114,-2.361816,2.637524,-1.438138,-0.957736,-0.82966,0.28705,2.820728,2.087261,same_episode_continuity
427,True,20,23,-6.351948,-1.586402,-1.47819,-2.293496,2.06653,0.855701,1.125911,1.185479,-3.377466,-0.064918,-0.994501,same_episode_continuity
428,True,22,18,-7.592167,-2.828716,-1.626366,-2.680526,3.007314,-0.673483,0.551758,0.641633,-0.251107,1.238064,0.367663,same_episode_continuity
429,True,20,32,-6.281937,-2.193245,-1.855541,-2.068104,2.39237,-3.196303,-1.96974,-2.023792,0.358508,3.510902,2.009322,same_episode_continuity
430,True,20,16,-8.685475,-1.252177,-1.647593,-3.130207,3.986975,2.766207,2.818949,3.205969,-4.567381,-1.803195,-1.581919,same_episode_continuity
431,True,23,23,-7.667996,-2.17782,-2.58133,-3.326192,3.25044,-2.259053,-1.676906,-1.8528,0.668902,4.264566,2.636293,same_episode_continuity
432,True,21,24,-7.150854,-1.762505,-1.924185,-2.479599,3.44274,1.221455,1.793378,1.593859,-3.86085,-0.652593,-1.681265,same_episode_continuity
433,True,34,14,-8.382662,-1.400579,-1.368709,-4.560221,2.850653,-1.048032,-1.04943,-0.888594,0.088043,3.427621,2.541475,same_episode_continuity
434,True,35,27,-8.061121,-0.857207,-1.073295,-2.980075,2.665078,-0.017142,0.944768,1.349891,-0.629626,1.379061,0.535685,same_episode_continuity
435,True,50,15,-7.541455,-2.088602,-2.234752,-3.539264,3.252799,-0.690585,-0.317825,-0.141008,-1.10373,1.972782,1.440036,same_episode_continuity
436,True,22,24,-6.30103,-3.278407,-1.478409,-2.67714,2.855593,-1.034574,0.216284,-0.525849,-0.291106,0.533298,-0.974613,same_episode_continuity
437,True,35,30,-7.299756,-2.113678,-1.797535,-3.565563,2.952089,-1.624238,0.910902,1.243806,-1.12819,1.363003,0.208998,same_episode_continuity
438,True,39,22,-7.181333,-1.321742,-1.339601,-1.897376,2.529239,0.113214,0.28871,0.507757,-1.264411,1.056798,-0.056756,same_episode_continuity
439,True,19,21,-8.173474,-1.878857,0.053427,-0.507232,2.629253,2.89255,3.128831,2.543324,-3.964313,-2.038109,-3.133493,same_episode_continuity
440,True,26,16,-6.88975,-3.037854,-2.294161,-2.13318,2.75549,-2.426015,-1.966593,-1.936217,0.428329,3.298967,1.94267,same_episode_continuity
441,True,20,25,-6.663958,-1.958326,-1.983335,-2.878157,2.468713,-2.905654,-2.74553,-2.337411,0.639563,4.165275,3.380715,same_episode_continuity
442,True,22,26,-6.886247,-1.622242,-1.656304,-2.940149,3.058518,0.064191,0.85932,1.157811,-2.972031,0.031911,-0.61326,same_episode_continuity
443,True,23,27,-7.050337,-1.943894,-2.008785,-2.806549,2.785072,-3.497948,-1.298004,-0.887331,0.909888,3.087131,2.33141,same_episode_continuity
444,True,18,31,-6.188932,-2.070235,-2.336015,-3.076646,2.860359,-1.655949,-1.048705,-1.001179,-0.411551,2.090081,1.345585,same_episode_continuity
445,True,20,24,-6.720746,-1.746573,-1.948744,-3.982902,2.063433,-2.995975,-2.245775,-1.880814,1.05664,4.210946,3.683262,same_episode_continuity
446,True,25,19,-7.803651,-1.282336,-1.031334,-2.074905,2.756381,-0.502272,1.108793,1.154508,-0.605335,0.589176,-0.689522,same_episode_continuity
447,True,45,26,-6.789898,-2.417866,-2.258816,-3.108107,3.167033,-0.747919,-0.488391,-0.120826,-1.883345,1.867732,1.05992,same_episode_continuity
448,True,25,20,-7.08607,-1.442452,-2.256393,-3.324963,3.3726,-0.200098,-0.681073,-0.025345,-1.358462,1.149779,0.951609,same_episode_continuity
449,True,23,22,-10.697503,1.734842,0.621891,0.321692,2.824539,2.536401,4.135292,4.748482,-3.947829,-1.824777,-2.658783,same_episode_continuity
450,True,30,22,-6.969373,-2.008854,-2.603037,-3.014555,2.918844,-0.046132,0.397644,0.714679,-1.090088,1.119362,0.701433,same_episode_continuity
451,True,17,37,-6.546697,-2.55688,-2.04044,-2.590624,2.458413,-2.796341,-1.647445,-1.949747,1.459487,3.732615,2.652583,same_episode_continuity
452,True,20,21,-6.324059,-2.770401,-1.314173,-1.400584,2.080813,1.12729,1.117063,0.973753,-2.56165,-0.457078,-1.483557,same_episode_continuity
453,True,27,24,-8.285248,-1.00524,-1.016143,-1.345081,2.283983,-2.89459,-0.16242,-0.006626,1.234823,2.876513,1.293502,same_episode_continuity
454,True,86,21,-7.524259,-1.731535,-1.267862,-2.041469,2.737012,-0.126291,0.720261,1.010879,-1.743869,1.011549,-0.09227,same_episode_continuity
455,True,21,30,-6.919832,-1.869624,-1.669906,-2.85073,2.726994,0.857328,1.83581,1.961586,-2.247556,-0.364413,-0.941646,same_episode_continuity
456,True,17,28,-8.144434,-0.636856,-1.211716,-1.510445,2.558688,2.573907,2.266446,2.375694,-4.242292,-0.215773,-0.976735,same_episode_continuity
457,True,19,17,-8.775596,-0.204575,-0.133668,-3.042372,2.254731,3.207047,2.8684,3.136116,-4.437608,-1.200219,-1.277709,same_episode_continuity
458,True,31,20,-6.471088,-1.93276,-1.486686,-1.935521,2.092739,-0.095462,-0.171003,-0.11581,-1.250911,1.195079,0.138061,same_episode_continuity
459,True,22,23,-7.275692,-1.21624,-1.293481,-2.207779,2.796366,1.349889,2.082077,1.716308,-3.824624,-0.681405,-2.069019,same_episode_continuity
460,True,22,28,-7.335366,-2.010333,-2.278742,-3.75929,3.202942,-3.662812,-1.374952,-1.085252,0.927254,3.515212,2.711331,same_episode_continuity
461,True,36,14,-7.361347,-1.948732,-2.206224,-1.314681,2.680391,-1.151127,1.079823,0.825924,-1.126983,0.503817,-1.176758,same_episode_continuity
462,True,38,19,-6.851719,-0.935926,-1.47436,-1.716853,2.401507,0.166953,-0.676281,0.090492,-1.645381,0.97297,0.250411,same_episode_continuity
463,True,26,25,-7.19978,-1.008406,-1.488065,-1.957878,2.836893,-1.456367,-0.396135,-0.387464,-1.602947,1.665184,0.594739,same_episode_continuity
464,True,24,19,-9.305381,-1.573081,-1.381811,-2.495278,2.612777,-2.383322,-1.798853,-2.368785,2.433515,5.703526,3.862002,same_episode_continuity
465,True,19,25,-7.660146,-0.99857,-2.048723,-3.405519,2.826211,-1.279219,-1.328837,-0.920214,0.524943,3.242514,2.71251,same_episode_continuity
466,True,32,24,-6.904346,-1.440018,-1.322607,-2.729956,2.89154,-0.00739,-0.156687,0.336807,-1.587619,0.808571,0.1799,same_episode_continuity
467,True,23,25,-7.445096,-2.369304,-2.00683,-3.448869,3.02668,-3.096699,-0.969104,-0.529772,0.670705,3.106238,2.546795,same_episode_continuity
468,True,30,25,-6.912797,-1.531812,-1.864038,-3.413627,2.424497,-0.187132,0.850674,0.595646,-0.94268,1.247376,0.123302,same_episode_continuity
469,True,22,16,-6.562307,-4.232916,-2.092012,-2.924921,2.570917,-1.350433,-0.309902,-0.415868,0.424958,1.558062,0.852533,same_episode_continuity
470,True,21,16,-8.543962,0.253514,0.045903,-0.760506,2.629407,2.878304,2.649126,2.975317,-4.972573,-2.029471,-2.510385,same_episode_continuity
471,True,18,26,-7.743539,-0.275686,0.312638,-1.107854,2.032806,2.341624,2.720597,2.681821,-4.749768,-1.69637,-2.271142,same_episode_continuity
472,True,22,26,-5.935369,-1.916224,-2.097084,-2.293682,2.562906,-1.7131,-1.072203,-1.116604,-1.998077,1.589283,0.515161,same_episode_continuity
473,True,21,23,-7.037622,-3.375839,-2.054046,-3.279668,3.202894,-2.741119,-0.64087,-0.357322,0.180597,2.287163,1.123974,same_episode_continuity
474,True,19,28,-8.914467,-0.168246,-0.489608,-1.310281,2.828548,2.014683,2.446909,2.7952,-3.794464,-0.216519,-1.177632,same_episode_continuity
475,True,22,30,-6.485095,-1.69108,-1.353905,-1.571526,2.331838,-0.006701,1.031626,1.32132,-2.981476,-0.0796,-0.836249,same_episode_continuity
476,True,23,24,-5.974368,-2.646383,-1.552489,-2.214607,2.26598,-1.770933,-0.245191,-0.913634,-0.312639,1.03573,-0.503968,same_episode_continuity
477,True,27,24,-8.075853,-1.818218,-1.655572,-2.520582,2.955808,-1.640442,0.939485,0.917565,-0.558795,1.782256,0.383085,same_episode_continuity
478,True,22,26,-7.718564,-2.515672,-1.368984,-2.319551,2.704847,-2.558524,-1.268954,-1.581382,0.840333,3.828665,2.306106,same_episode_continuity
479,True,27,27,-7.293437,-0.986931,-1.638913,-2.467662,3.21503,-0.323904,0.022343,0.82415,-1.432671,0.568762,0.288647,same_episode_continuity
480,True,33,25,-7.230736,-1.949733,-1.97751,-4.017636,3.016537,-1.148742,-0.266667,0.114216,-1.177556,2.180777,1.624061,same_episode_continuity
481,True,24,24,-7.877197,-2.022094,-1.565015,-2.406281,3.532238,-2.935218,-0.40249,-0.212088,0.260444,2.267985,0.655592,same_episode_continuity
482,True,18,26,-6.481401,-2.16888,-1.782659,-2.599523,1.897375,-2.10384,-0.570477,-0.535644,0.917982,2.447206,1.692653,same_episode_continuity
483,True,21,25,-8.612887,-0.046262,0.146909,-1.027947,2.719394,1.685381,2.359046,2.619486,-3.811647,-0.765917,-1.956771,same_episode_continuity
484,True,21,25,-6.341895,-2.268088,-2.171036,-3.69968,2.508184,-2.977534,-1.997878,-2.072776,0.571787,3.663617,2.520357,same_episode_continuity
485,True,20,24,-7.243526,-2.102236,-2.638434,-4.953565,3.34838,-2.856814,-2.124437,-1.703922,0.715424,3.894657,3.304538,same_episode_continuity
486,True,21,17,-6.434065,-1.803543,-3.551297,-3.134911,2.616096,1.660732,1.067675,1.082027,-3.902943,-0.161177,-0.279119,same_episode_continuity
487,True,23,25,-6.724075,-2.861837,-2.414173,-3.066087,2.5569,-3.911438,-1.680241,-1.809493,1.51986,3.851868,2.847442,same_episode_continuity
488,True,19,30,-7.677489,-2.000079,-1.611907,-5.572695,3.672802,1.240572,1.711639,2.155597,-3.475736,-0.098249,-0.646778,same_episode_continuity
489,True,22,32,-6.6339,-2.452065,-1.864822,-2.640436,2.688802,-3.490791,-0.935386,-0.780562,0.477598,2.775635,1.305538,same_episode_continuity
490,True,24,23,-7.656965,-2.161074,-2.558151,-2.866215,3.283274,-2.894136,-0.436256,-0.510737,0.681177,2.911267,1.766971,same_episode_continuity
491,True,26,21,-7.558888,-0.877118,-1.292771,-1.175768,2.431639,-2.786733,-0.643681,0.108441,0.405939,2.013787,1.072487,same_episode_continuity
492,True,22,22,-8.191604,-1.501277,-0.880473,-1.348364,2.838168,1.086481,1.518468,1.436078,-2.802547,0.455722,-0.671276,same_episode_continuity
493,True,19,24,-8.248257,-1.302311,-0.205533,-1.581186,3.206275,2.388058,3.164933,3.235536,-4.857105,-2.160272,-3.02533,same_episode_continuity
494,True,33,27,-6.848565,-2.215629,-2.474386,-4.548572,3.315734,-1.000701,0.200506,0.057602,-1.814825,1.71215,0.461381,same_episode_continuity
495,True,20,24,-7.431776,-1.634419,-1.961849,-2.014911,2.327873,-3.629601,-2.991448,-2.524778,2.03939,5.049467,4.356963,same_episode_continuity
496,True,28,20,-6.961422,-1.744168,-2.051271,-1.430251,2.77269,-2.772814,-0.361779,-0.217698,-0.039753,1.449507,0.158377,same_episode_continuity
497,True,21,19,-8.374528,-1.24329,-2.069858,-2.918635,2.771391,-2.413522,-2.103244,-1.810519,1.436131,4.878633,3.965179,same_episode_continuity
498,True,59,24,-7.552527,-1.414781,-1.158795,-2.1739,2.271521,-0.662569,0.563521,0.582479,-1.111867,1.829872,0.380029,same_episode_continuity
0,True,16,45,-6.850077,-1.29145,-1.80083,-2.242131,2.704693,0.450215,1.034613,0.58825,-1.006611,0.498543,0.512406,identity_certain
1,True,19,30,-8.773575,-0.346665,-1.825378,-1.684322,2.704788,-0.871206,0.097705,1.007889,1.276901,2.579049,1.938036,identity_certain
2,True,16,45,-7.972586,-0.479254,0.019241,-0.338723,2.591503,2.006722,2.725884,3.365189,-1.957002,-1.568534,-2.643107,identity_certain
3,True,15,46,-6.80659,-0.899369,-0.899302,-0.871972,2.615046,-1.163456,0.391779,0.985928,-0.015085,0.225773,-0.868647,identity_certain
4,True,26,31,-7.991666,-0.615499,-2.153261,-2.663708,3.286715,0.558629,1.043252,1.357485,-0.804143,0.265368,1.009966,identity_certain
5,True,18,35,-6.198358,-2.171519,-2.052177,-1.868842,2.682226,-2.525297,-1.979798,-2.569056,0.717832,2.691733,2.84995,identity_certain
6,True,17,32,-7.561672,-1.735137,-0.953966,-1.503199,2.424725,-0.768772,0.233237,1.123267,0.532022,1.353842,0.488998,identity_certain
7,True,22,35,-7.472268,-1.181365,-1.642774,-0.814062,2.570949,0.356893,1.739339,1.356332,-0.573157,-0.235913,-0.185097,identity_certain
8,True,18,34,-8.046695,-0.66803,-0.277898,-0.553321,2.694129,1.823576,2.23751,3.088641,-2.327602,-1.247932,-1.94453,identity_certain
9,True,26,28,-9.721195,1.232684,1.219409,1.150707,2.556657,0.708328,1.124543,2.919356,-0.771407,-0.074646,-1.937399,identity_certain
10,True,16,35,-7.693371,-0.56891,-1.21895,-0.780078,2.793673,-0.890776,0.909328,1.550956,0.234454,0.438824,-0.792739,identity_certain
11,True,18,35,-6.70708,-1.054761,-1.004783,-1.456427,2.306309,0.577698,1.421977,0.808428,-1.620934,-0.603839,-0.468039,identity_certain
12,True,16,34,-8.692976,0.309727,-0.190688,-0.804422,3.003651,-1.687268,1.976979,3.008357,0.361227,-0.633097,-1.800689,identity_certain
13,True,16,34,-6.866025,-1.398654,-1.135853,-1.709502,2.662375,-0.328228,0.801635,1.793056,-0.310646,-0.107821,-1.076305,identity_certain
14,True,18,36,-7.647505,-0.962609,-1.185336,-1.408029,2.446126,-0.305871,0.234938,0.603372,0.496025,1.339871,1.272717,identity_certain
15,True,18,43,-8.004271,-0.813664,-1.138084,-1.049,3.444386,-1.220735,0.764076,1.952668,0.272728,0.305903,-0.698003,identity_certain
16,True,17,37,-7.640981,-1.416441,-0.752994,-0.822942,3.100467,-1.503538,0.240374,0.603477,0.771442,0.583984,-0.031771,identity_certain
17,True,16,32,-6.658827,-1.2176,-1.867405,-1.312679,1.817548,-0.874547,-0.522138,-0.078261,0.824821,1.802075,1.419306,identity_certain
18,True,17,38,-6.936432,-1.318224,-0.847978,-0.482819,2.546374,-0.978563,0.583651,0.575879,-0.218625,-0.211472,-0.329574,identity_certain
19,True,17,39,-6.810138,-1.458517,-1.435262,-1.176588,2.70378,0.024973,1.337714,1.451917,-0.535654,-0.459769,-0.993086,identity_certain
20,True,15,41,-6.202315,-1.446142,-1.839279,-1.671354,2.535692,-0.778464,0.039839,0.057664,0.118571,0.668124,-0.024034,identity_certain
21,True,16,43,-7.579025,-1.753194,-0.48429,-0.35807,2.647836,-0.708179,0.332044,-0.167266,0.394677,0.840356,0.476295,identity_certain
22,True,18,26,-7.250802,-2.239855,-2.279911,-2.434073,3.231048,-1.603708,-0.171268,0.150621,0.684197,2.009805,-0.553581,identity_certain
23,True,16,37,-6.673298,-1.788826,-1.207219,-1.561077,2.491627,0.124027,0.884346,0.625847,-0.384161,0.135415,-0.134861,identity_certain
24,True,18,36,-6.371451,-0.877763,-1.45876,-1.054601,2.025544,-0.421117,0.456548,0.596034,-0.902272,-0.023856,0.068543,identity_certain
25,True,20,28,-7.271472,-1.135843,-0.764823,-0.719655,2.332928,1.002627,1.503832,1.406471,-1.600272,-0.770547,-0.781061,identity_certain
26,True,23,25,-10.319584,0.439736,1.066342,-0.058953,3.456396,1.933213,2.296307,3.579993,-2.147591,-0.681839,-2.548336,identity_certain
27,True,14,45,-6.262466,-1.667665,-2.022442,-1.93729,2.414315,-1.413995,-0.368433,-0.136663,0.465759,1.466164,1.061816,identity_certain
28,True,16,39,-7.480407,-1.02393,-1.022849,-1.402699,2.478862,-1.216555,-0.162963,-0.581668,1.079466,2.046335,1.386406,identity_certain
29,True,18,31,-6.817271,-2.031917,-1.561399,-2.577052,2.72624,-1.666574,-0.085227,0.242727,0.012461,1.435241,0.738463,identity_certain
30,True,17,30,-8.024573,-0.862869,-1.814716,-2.053856,3.07446,-0.626582,-0.448936,1.098116,0.503336,1.868942,1.164667,identity_certain
31,True,18,32,-8.900902,-0.406214,-0.518922,-1.7799,3.144709,-0.554092,0.086388,0.289858,0.717961,1.774226,1.830468,identity_certain
32,True,19,33,-7.049076,-1.510845,-1.008285,-1.615414,2.503458,-0.126171,0.543089,0.637562,-0.668211,0.838584,-0.090953,identity_certain
33,True,19,28,-8.051195,-1.428636,-2.016886,-3.34765,4.341615,-1.561702,-1.261862,-0.629193,0.593082,2.052485,1.685678,identity_certain
34,True,18,31,-7.36556,-0.820865,-0.676286,-0.285302,2.409929,-1.178607,0.710975,0.267756,0.690317,-0.627888,0.100819,identity_certain
35,True,17,39,-7.083458,-1.035003,-0.546181,-0.628493,2.353855,-0.448858,0.726847,0.801325,-0.875157,0.099551,-0.245565,identity_certain
36,True,18,45,-10.303332,1.064642,1.801355,1.919081,2.369846,-0.278352,1.775661,2.272775,0.744445,0.238521,-0.771547,identity_certain
37,True,28,28,-6.898575,-3.156178,-1.555436,-3.200422,3.338236,-0.182934,0.583997,0.481803,-1.543711,0.636427,-0.435257,identity_certain
38,True,16,38,-7.809578,-1.077906,-0.845411,-1.379456,2.755653,-0.59484,0.775263,1.514267,0.465553,0.673826,-0.019132,identity_certain
39,True,15,44,-6.78932,-1.861609,-1.07104,-1.926166,2.99464,-0.810656,0.357456,0.908496,-0.187529,0.369053,-0.43868,identity_certain
40,True,19,33,-6.840578,-2.916023,-1.941406,-2.594383,3.442758,-2.164269,-1.78213,-1.229237,0.516295,2.464053,2.086012,identity_certain
41,True,20,37,-7.819692,-1.300342,0.056041,-0.29476,3.010102,0.805943,2.150949,1.713361,-2.422844,-1.720936,-1.733894,identity_certain
42,True,17,32,-9.727593,0.268206,0.558012,0.255227,3.134107,3.414633,3.302029,4.406996,-3.585438,-1.810801,-3.382068,identity_certain
43,True,17,45,-8.071071,-0.648606,-0.306301,-1.279464,3.237279,1.34823,1.846945,2.093679,-2.415192,-0.280352,-1.378317,identity_certain
44,True,17,37,-6.941461,-1.150916,-1.471216,-1.269671,2.453163,-1.633234,-0.034474,0.778407,0.514905,1.020208,0.295642,identity_certain
45,True,20,23,-7.192515,-2.24573,-1.087866,-2.31448,2.95515,-2.146944,0.469855,1.259361,-0.558322,0.70019,-1.131844,identity_certain
46,True,15,43,-7.045657,-1.327303,-0.996243,-1.067129,3.048465,-1.097936,-0.969734,0.74937,-0.011247,1.106558,-0.16487,identity_certain
47,True,16,36,-7.725031,0.156032,0.250537,0.684681,1.810982,-1.106684,0.488651,1.310807,0.787866,0.159169,-1.110777,identity_certain
48,True,17,38,-7.388056,-0.358555,-0.150377,-0.149433,2.180343,0.010432,1.229787,1.978918,-0.571021,-0.549228,-1.433534,identity_certain
49,True,18,34,-8.576705,-0.56036,0.260731,-0.828289,2.664483,1.419301,2.991914,3.577845,-1.574011,-1.435965,-2.335118,identity_certain
50,True,18,42,-7.917886,0.081107,-0.343749,0.225067,2.025672,1.535709,2.118674,2.469757,-1.157878,-0.712288,-1.582962,identity_certain
51,True,15,30,-6.312836,-2.319758,-1.48296,-1.843788,2.189187,-0.882506,0.766159,0.839392,0.289903,0.236105,-0.712834,identity_certain
52,True,16,34,-7.597167,-1.23548,-0.570079,-1.225784,2.796485,0.601895,2.174784,2.696024,-0.3835,-1.499518,-2.016959,identity_certain
53,True,17,33,-6.696841,-1.082902,-1.464744,-1.63439,2.159642,-1.210253,-0.19481,-0.342448,0.75749,1.204742,1.194229,identity_certain
54,True,16,43,-6.938366,-0.949566,-1.239076,-1.517374,2.93237,1.249213,1.651221,2.244642,-1.819698,-1.02964,-1.73208,identity_certain
55,True,29,33,-7.16635,-1.450558,-1.270791,-1.675363,2.166133,-0.240569,0.603506,0.856267,-0.824471,1.190959,0.84208,identity_certain
56,True,22,30,-8.214664,-1.890627,-2.050106,-3.226788,3.937334,-1.541953,1.809256,2.34087,-0.59299,0.53108,-0.522194,identity_certain
57,True,20,27,-8.560184,-0.239184,0.079197,0.639702,2.722521,-1.245314,-0.086138,1.345627,0.812965,0.92976,-0.764552,identity_certain
58,True,16,34,-6.68303,-1.109083,-0.911437,-1.79313,2.2224,-1.276158,0.299564,0.899969,0.491656,0.196141,-0.018238,identity_certain
59,True,17,42,-7.024378,-1.83415,-1.905178,-2.273753,3.26278,-0.654232,-0.040383,0.241967,-0.168936,1.538264,0.637142,identity_certain
60,True,18,33,-7.222419,-0.762829,-0.467798,-1.091882,2.084532,0.117628,0.850518,1.343528,-0.446277,0.2235,-0.686486,identity_certain
61,True,17,33,-7.083954,-1.458877,-1.625796,-1.805727,2.969073,0.662778,1.04579,1.056398,-1.201543,-0.291562,-0.084038,identity_certain
62,True,17,32,-7.757559,-0.932997,-0.707282,-0.662292,3.061695,-1.618798,-0.205835,1.243323,0.410261,0.879603,-0.537017,identity_certain
63,True,18,29,-9.072428,0.15133,0.62852,-0.008231,2.782884,2.152047,2.872757,2.860598,-1.953478,-2.062465,-1.804709,identity_certain
64,True,16,36,-7.068161,-1.309333,-1.018044,-1.149622,2.951399,-1.730932,-0.601959,-0.171055,0.03427,1.061141,0.616839,identity_certain
65,True,17,33,-7.405361,-1.439457,-1.175611,-1.138906,3.017438,-1.512592,-0.947331,-0.247184,0.348574,1.67243,1.060969,identity_certain
66,True,17,37,-6.808161,-1.667975,-1.553146,-1.523243,2.079454,-1.83637,-0.184162,0.272198,1.166563,1.500659,1.332658,identity_certain
67,True,16,37,-7.789163,-0.750191,-1.627426,-1.881859,2.678804,-0.403874,0.884638,0.931872,0.538497,0.936114,1.341085,identity_certain
68,True,23,27,-6.786411,-2.956513,-1.793486,-2.150446,3.115453,-0.387595,0.772393,0.461217,-1.358397,-0.308054,0.236606,identity_certain
69,True,17,38,-7.813279,-3.347289,-1.348157,-2.023149,3.427264,-1.096335,0.274695,-0.1958,0.48616,1.651885,0.828269,identity_certain
70,True,20,39,-7.482747,-0.779744,-0.88813,-1.234073,2.408661,0.490276,1.600525,1.965937,-1.890355,-0.139121,-0.313932,identity_certain
71,True,17,34,-6.857625,-1.624409,-1.843255,-1.149731,2.607898,-1.515595,-0.581183,-1.018494,0.458444,1.928191,1.409634,identity_certain
72,True,18,33,-7.795781,-0.480474,-0.329752,-0.304432,2.788789,0.330672,1.951321,2.030216,-0.606826,-1.25712,-2.149633,identity_certain
73,True,17,36,-8.015916,-0.648259,-0.139606,-0.306608,2.686406,0.040047,1.198702,1.164268,-0.327269,-0.377365,-0.402778,identity_certain
74,True,19,29,-7.880097,-1.43245,-1.559056,-1.574173,3.128826,-1.501753,-0.544719,-0.259771,0.464943,2.33889,1.486895,identity_certain
75,True,16,44,-7.066434,-1.021491,-0.474135,-1.039294,2.709323,1.323581,1.436657,1.130142,-1.940276,-1.078016,-0.896955,identity_certain
76,True,33,30,-7.441566,-0.942061,-1.840687,-2.012827,2.651984,0.023609,0.183057,0.141162,-1.165515,1.248278,1.711906,identity_certain
77,True,17,50,-7.184837,-0.901357,-1.022678,-1.581217,2.710463,0.59528,1.432568,1.702124,-1.30887,0.040296,-0.690461,identity_certain
78,True,16,45,-6.940147,-1.249206,-1.527851,-1.288373,2.3366,-0.718145,0.247639,-0.167912,0.635403,1.444932,1.22524,identity_certain
79,True,16,34,-6.653049,-1.600835,-1.635309,-2.279813,2.436247,-0.904404,0.086262,0.864332,0.076402,1.193849,0.300671,identity_certain
80,True,16,46,-7.672379,-0.933358,-0.092818,-0.113254,2.475234,-1.354386,0.570099,1.76902,1.006319,0.441331,-1.188323,identity_certain
81,True,15,38,-6.783737,-1.585154,-1.666951,-1.987081,2.978931,0.113731,0.832808,1.253561,-0.820375,0.136201,-0.682856,identity_certain
82,True,19,34,-7.5535,-2.068216,-0.57541,-1.484475,2.619001,1.427856,1.946793,1.554627,-1.454874,-0.413136,-1.023547,identity_certain
83,True,18,31,-6.635292,-2.392396,-1.603378,-1.021424,2.578687,-0.869491,0.305855,-0.506915,-0.128072,0.424453,0.674203,identity_certain
84,True,20,36,-7.11241,-1.26909,-0.873183,-1.130489,2.484594,0.237944,0.509387,1.445099,-0.795101,0.653957,-0.906052,identity_certain
85,True,16,46,-8.251282,-1.102852,-0.537281,-0.684864,3.138892,-0.639959,0.97474,1.092355,0.103825,0.665941,0.152103,identity_certain
86,True,15,42,-7.09482,-1.373068,-1.799564,-1.348386,3.004537,-1.791611,-0.370499,-0.154259,0.340995,1.492505,1.222078,identity_certain
87,True,18,43,-6.750701,-1.122055,-1.496036,-1.586727,2.677938,-0.011936,0.144927,1.173284,-0.919784,0.787914,-0.137727,identity_certain
88,True,19,37,-8.87286,-0.408241,-0.20856,-1.353555,3.76534,1.001394,2.81158,3.520946,-1.506295,-1.432712,-2.727991,identity_certain
89,True,18,30,-7.336746,-0.672062,-0.390101,-0.484341,1.864544,0.985059,1.912391,2.377657,-0.897847,-0.843137,-2.011205,identity_certain
90,True,19,32,-7.12391,-2.837526,-1.589569,-2.449194,3.022586,-1.315541,-1.011386,-1.217786,0.038048,2.518113,2.045462,identity_certain
91,True,16,40,-7.966678,-0.580145,-0.161558,-0.392894,2.465288,2.257606,2.630959,2.322654,-2.262247,-1.462739,-1.380247,identity_certain
92,True,19,40,-6.999341,-1.2209,-0.833891,0.252878,2.117971,-2.051928,-0.302258,-0.355004,0.592922,1.156412,0.472332,identity_certain
93,True,23,35,-7.490794,-1.564762,-1.374191,-1.56039,3.766258,0.051601,0.270428,-0.094401,-1.51946,0.286967,0.438471,identity_certain
94,True,22,32,-7.412842,-1.843849,-1.556533,-2.490833,3.437528,-0.436255,-0.0963,-0.318107,-1.214768,1.402238,1.088338,identity_certain
95,True,20,40,-7.654577,-1.118835,-1.012296,-1.252614,2.848967,-3.120004,0.775944,1.129446,0.5492,0.947187,0.137814,identity_certain
96,True,16,34,-6.964828,-1.304839,-1.199668,-1.023597,2.286275,-0.237566,0.724096,0.919083,-0.378391,0.474921,-0.375795,identity_certain
97,True,17,47,-7.030222,-1.874597,-1.67664,-2.230113,2.720668,-2.694892,-2.188228,-1.744439,1.405273,3.783669,3.517573,identity_certain
98,True,16,39,-6.848408,-1.525924,-2.376153,-1.77018,2.760385,0.017744,0.140383,-0.721705,0.008159,0.99033,2.045618,identity_certain
99,True,17,35,-6.532044,-2.749282,-0.888511,-1.360067,2.547583,0.644898,1.522252,2.162789,-1.638547,-1.340695,-2.01675,identity_certain
100,True,16,43,-7.409431,-0.907295,-1.48016,-2.062885,3.124914,-0.854707,0.884761,1.747006,-0.034037,0.477203,-0.285283,identity_certain
101,True,55,22,-8.006035,-0.719436,-0.56943,-0.860622,2.541272,0.986427,0.889096,0.826517,-1.41441,0.16094,-0.001261,identity_certain
102,True,15,41,-6.709554,-1.664456,-1.555028,-1.839935,2.690372,-1.339698,0.478797,1.138542,0.56584,0.439278,-0.162694,identity_certain
103,True,18,40,-8.529433,-0.266417,-0.115243,-0.122995,2.544621,-1.193635,1.227644,2.018469,1.000035,0.289846,-0.410514,identity_certain
104,True,18,35,-8.380747,-0.916054,-0.594998,-1.553372,3.369474,0.48351,2.183482,3.305966,-0.84469,-0.689449,-2.668083,identity_certain
105,True,18,33,-6.977077,-1.394577,-1.584218,-2.125377,2.865908,-0.604651,0.474067,1.006677,-0.788749,0.556924,0.066501,identity_certain
106,True,18,32,-6.99854,-1.415427,-1.271436,-0.894048,2.052795,-1.272516,-0.09429,0.794394,0.32427,1.501236,0.229714,identity_certain
107,True,20,28,-8.020909,-0.041258,-0.431496,0.071487,2.639752,0.703224,1.779034,2.778718,-1.574709,-1.276498,-2.268823,identity_certain
108,True,17,35,-7.003801,-0.520134,-1.546565,-0.81852,2.689519,-0.574085,0.396673,0.507875,-0.343303,-0.035938,0.03458,identity_certain
109,True,18,34,-7.480766,-0.506497,-1.01137,-1.26442,2.877281,-0.360345,0.202219,1.365998,-0.806078,0.770871,-0.847815,identity_certain
110,True,16,39,-7.131824,-1.764795,-0.757187,-1.321926,2.562614,-1.019044,0.562632,1.007193,0.740241,0.36513,-0.454194,identity_certain
111,True,18,29,-7.221212,-1.300629,-1.485033,-1.570742,2.759755,1.759278,2.105797,2.099024,-3.114161,-1.268725,-0.966314,identity_certain
112,True,18,38,-7.289349,-1.067978,-0.444743,-1.115264,2.634184,0.11201,0.827706,1.427756,-0.694344,-0.157792,-0.671881,identity_certain
113,True,19,30,-7.148735,-1.45287,-0.621061,-0.826417,2.471957,1.300142,2.184312,2.217224,-2.123305,-1.515139,-2.157367,identity_certain
114,True,15,43,-6.92318,-1.054895,-1.219883,-1.392832,2.684937,-0.809177,-0.291321,1.26818,-0.163867,0.862919,0.092283,identity_certain
115,True,18,37,-7.130449,-1.729855,-0.69305,-1.397557,2.678492,0.302124,1.753588,2.300339,-1.444191,-0.649324,-1.875814,identity_certain
116,True,16,30,-7.072399,-2.133512,-0.908756,-1.711072,2.530085,-0.128435,1.013139,1.397627,0.12315,0.02542,-0.967085,identity_certain
117,True,16,42,-8.050777,-0.627735,-0.686969,-1.072908,3.38321,-1.324877,0.634943,2.319371,0.319655,0.172764,-1.382847,identity_certain
118,True,17,31,-8.190266,-0.811888,-0.207368,-0.029593,2.395631,-1.122172,0.468843,0.527232,1.528581,1.023558,-0.934264,identity_certain
119,True,19,25,-9.299139,-0.121106,-0.744543,-1.464535,2.978861,-1.676951,-0.934372,-0.217824,2.067431,3.285825,2.370196,identity_certain
120,True,15,34,-7.351946,-1.721319,-2.027855,-2.205595,2.64104,-1.36709,-0.806815,-1.052982,1.736801,2.780373,2.659714,identity_certain
121,True,18,24,-7.928329,-1.110093,-0.972618,-1.661046,3.059285,2.183232,1.717461,1.147694,-2.784146,-0.652132,-0.603527,identity_certain
122,True,16,38,-6.941206,-1.541483,-1.014893,-0.974389,2.581576,1.061455,1.751894,2.256197,-1.369219,-0.841126,-1.938972,identity_certain
123,True,18,47,-7.73736,-0.419898,-0.727838,-0.498872,2.376464,-1.469254,-0.171588,1.511102,0.173465,1.58976,0.280425,identity_certain
124,True,16,33,-7.167599,-2.166191,-1.717471,-2.134935,2.740058,-1.342822,-0.253069,0.161183,1.734029,1.793053,0.991614,identity_certain
125,True,15,40,-6.825879,-1.483445,-1.473678,-1.183491,1.988174,-1.957146,-1.608282,-2.372941,1.379781,3.114478,3.58894,identity_certain
126,True,17,36,-8.283549,-0.092769,-1.151678,-1.182938,2.379258,-0.182465,0.02874,1.014239,0.780689,1.967139,1.145192,identity_certain
127,True,21,34,-7.809008,-0.381013,-0.588282,-0.690832,2.385846,1.070072,2.069637,1.547886,-1.903644,-0.839407,-0.423326,identity_certain
128,True,19,31,-7.273476,-1.410573,-1.699296,-2.61398,3.122356,-1.068741,0.553605,0.455476,-0.831911,0.911747,0.671765,identity_certain
129,True,18,32,-9.166685,-0.868796,-0.678744,-0.704165,3.48588,-0.673706,0.258508,0.42866,0.788343,1.848246,0.953334,identity_certain
130,True,18,29,-8.482313,-1.037347,-1.467563,-1.762849,3.086671,-0.158207,0.712944,1.968836,0.8467,1.288975,0.078985,identity_certain
131,True,17,31,-7.463216,-1.196406,-1.40548,-1.955606,2.733261,-0.975768,0.218921,0.440289,1.142287,1.284216,0.424874,identity_certain
132,True,19,34,-7.327566,-1.683394,-0.189082,-0.57782,2.4932,0.860534,1.590178,1.882972,-1.529585,-0.840034,-1.789102,identity_certain
133,True,16,46,-6.627569,-1.21653,-1.178462,-0.803029,2.290678,-0.822035,-0.360514,0.017129,-0.289324,1.397723,0.613336,identity_certain
134,True,15,39,-7.237617,-1.787465,-0.849493,-1.368623,3.087575,-0.615416,0.415036,1.398179,0.285904,-0.047316,-0.898489,identity_certain
135,True,16,37,-5.90466,-1.488814,-1.607393,-1.414555,2.285346,-1.450446,-1.401723,-0.156861,0.349939,1.223087,-0.061696,identity_certain
136,True,16,33,-7.012827,-1.094962,-0.884347,-0.968725,2.349403,-1.47751,-1.349941,-0.523042,1.153635,1.932581,0.754864,identity_certain
137,True,17,40,-7.338554,-2.221642,-1.378815,-1.744289,3.421728,-0.247153,1.807075,1.805234,-0.841755,-0.56159,-1.513172,identity_certain
138,True,16,35,-7.624294,-1.382411,-0.593401,-0.924962,3.074573,-0.894747,1.208978,1.848947,-0.574771,-0.196529,-2.262429,identity_certain
139,True,20,32,-8.224366,-1.069144,-1.129642,-1.755256,3.236406,-0.066289,0.664059,0.799719,-0.646729,1.030017,0.76954,identity_certain
140,True,17,30,-6.770083,-1.570898,-1.207567,-1.77897,2.384877,-0.545685,0.765103,0.951733,0.211134,0.066777,-0.260228,identity_certain
141,True,20,32,-6.489441,-2.392704,-2.117772,-2.658202,2.478955,-3.361205,-2.635877,-2.014358,0.838853,3.974072,3.458667,identity_certain
142,True,18,31,-6.070263,-2.391211,-1.619988,-1.365038,1.894205,-1.663716,-1.061688,-1.987317,0.685217,1.945937,1.991038,identity_certain
143,True,15,38,-7.112179,-1.535769,-0.979262,-1.183197,2.782866,2.511514,2.545445,2.236036,-4.173575,-1.970413,-1.573291,identity_certain
144,True,16,45,-6.891172,-1.881674,-1.556759,-1.846092,2.558936,-1.158485,0.510569,0.344473,0.863678,0.946895,1.077977,identity_certain
145,True,18,37,-7.187422,-1.091236,-1.349768,-2.107684,3.245686,1.345317,1.311451,1.630614,-4.315968,-0.866862,-0.714718,identity_certain
146,True,17,31,-7.048387,-0.997884,-1.323782,-1.354934,2.362642,2.081509,1.80567,2.034117,-2.897174,-1.201488,-0.778022,identity_certain
147,True,19,30,-8.295568,-1.009801,-0.512399,-0.626195,3.356971,1.469896,2.345033,3.172798,-2.712552,-1.804806,-2.394679,identity_certain
148,True,16,41,-6.899067,-1.419017,-0.880972,-1.324064,2.509369,-0.244474,0.429296,1.577912,-0.483858,0.575839,-0.978791,identity_certain
149,True,20,26,-6.916858,-1.367385,-1.25133,-1.001034,2.288751,0.877292,1.390367,1.861652,-1.79358,-0.756466,-1.20771,identity_certain
150,True,19,31,-8.092299,-0.429263,-0.677279,-0.303325,2.839612,0.128898,1.926568,2.319009,-0.467716,-1.030441,-1.49289,identity_certain
151,True,15,44,-7.622469,-0.964401,-0.766,-1.320405,2.733285,-1.263217,1.315649,1.467895,0.754134,0.181164,-0.220526,identity_certain
152,True,17,28,-7.343837,-1.622077,-1.644246,-1.850452,2.512777,-1.22343,0.064066,0.138124,1.086369,1.796127,1.013773,identity_certain
153,True,31,28,-9.989485,0.750651,0.367812,0.161872,3.015723,0.972839,1.783427,2.169038,-0.617068,0.197281,-0.629226,identity_certain
154,True,17,38,-7.569435,-1.368419,-0.335275,0.205916,2.297134,-1.599722,0.764628,0.394682,0.9774,0.332316,-0.020976,identity_certain
155,True,18,27,-7.368885,-1.791437,-2.049473,-2.074633,2.98461,-1.631957,-0.295937,0.310335,0.356668,1.66504,1.292643,identity_certain
156,True,20,28,-7.504533,-1.382897,-0.711353,-1.230528,2.890767,-0.927825,1.447569,1.892097,-0.714531,-0.648261,-1.237717,identity_certain
157,True,16,41,-7.431962,-0.437055,-0.589341,-0.678651,2.58183,1.777795,1.996802,1.666693,-3.465724,-1.059559,-0.928225,identity_certain
158,True,16,46,-6.927626,-1.184898,-1.218015,-1.685642,2.75197,0.168139,0.20155,-0.331923,-0.80542,0.712562,1.029928,identity_certain
159,True,16,31,-7.353372,-1.899836,-1.094184,-1.847352,2.319284,-1.493884,0.11398,0.641495,1.510575,1.581127,0.46347,identity_certain
160,True,20,33,-8.571334,-0.276265,-0.09982,0.153327,2.961556,-0.119914,0.977992,1.077338,-0.704029,0.034573,-0.212419,identity_certain
161,True,23,22,-7.006698,-1.451432,-2.182843,-1.303416,2.426773,-3.124122,-0.504866,0.601908,0.822751,1.407499,0.484664,identity_certain
162,True,17,34,-8.490357,0.461941,1.090715,0.705343,2.363501,1.562887,2.410816,2.974874,-1.922582,-1.935474,-3.018505,identity_certain
163,True,16,36,-7.287972,-1.028993,-0.725128,-0.830458,2.283174,-0.371614,0.936135,2.011166,-0.112978,0.248695,-1.331023,identity_certain
164,True,19,41,-7.07898,-1.407314,-1.681169,-1.092118,2.680573,-0.048228,0.275507,0.105984,-0.889328,0.874594,0.988617,identity_certain
165,True,18,32,-8.776848,0.388859,-0.095322,-0.137116,2.220284,-1.099956,1.027974,1.389241,1.227725,0.915272,0.294149,identity_certain
166,True,16,34,-7.556599,-0.851723,-0.877174,-0.651184,3.039303,-0.746716,0.0555,0.932096,-0.228116,0.686361,-0.863184,identity_certain
167,True,21,25,-9.352092,1.638682,1.189271,1.405381,2.399852,0.273501,1.410045,2.789348,-0.832097,-0.739409,-2.645198,identity_certain
168,True,17,34,-6.762879,-2.028586,-1.61578,-1.567245,2.382822,-2.077685,-0.500277,0.068015,1.236591,1.801806,0.89128,identity_certain
169,True,21,30,-9.25305,0.784512,-0.25769,-0.430006,2.543945,-0.310884,1.754049,2.449258,0.804354,-0.023586,-0.176615,identity_certain
170,True,17,30,-7.4634,-0.918688,-0.545038,-0.613488,2.446311,2.199946,1.429842,1.728317,-3.129873,-1.167806,-0.809141,identity_certain
171,True,19,43,-7.02999,-1.645146,-1.554457,-2.36415,2.908737,-1.547922,-0.293294,-0.05951,-0.134548,2.043427,1.361859,identity_certain
172,True,18,35,-7.980703,-0.859651,-1.199973,-1.808644,3.025552,1.35824,1.780302,0.625273,-1.625198,0.093753,0.256219,identity_certain
173,True,17,37,-7.244451,-1.491168,-0.931663,-2.105182,2.747405,-1.445385,0.950312,1.335775,0.509539,0.472974,-0.41389,identity_certain
174,True,15,38,-7.540853,-1.481607,-0.769893,-1.296091,2.532691,-0.956821,0.353889,1.245367,0.823778,1.294779,-0.188757,identity_certain
175,True,21,36,-7.102091,-1.457696,-1.294375,-1.624296,2.450285,0.468638,0.501338,0.697604,-0.691395,1.04457,0.206691,identity_certain
176,True,23,24,-7.489172,-2.403535,-1.00895,-1.224481,3.18358,-1.533643,0.125911,0.472768,-0.169819,0.56795,-0.581457,identity_certain
177,True,19,41,-6.937713,-1.32274,-1.813595,-2.133668,2.664287,0.438965,0.443178,0.255905,-0.575551,1.123221,0.722347,identity_certain
178,True,15,41,-7.392931,-1.512473,-1.474067,-2.093593,2.898528,-1.658876,-1.064326,-0.155931,1.373596,2.530787,1.529623,identity_certain
179,True,16,28,-7.437572,-1.124287,-1.022548,-1.106174,2.224079,-0.954263,-0.617421,0.602805,1.363839,1.918432,0.221577,identity_certain
180,True,34,24,-8.231566,-1.219877,-2.094681,-1.816418,3.255463,-2.558144,-0.085218,0.165091,0.796434,2.092582,1.904542,identity_certain
181,True,23,30,-7.484223,-1.873215,-1.173113,-0.904687,2.421451,-2.416355,-0.625356,-1.042311,1.242652,1.912331,2.052768,identity_certain
182,True,21,35,-8.024794,-0.591983,-0.952157,-0.883533,2.740122,0.487258,1.165429,0.648273,-0.639435,0.334515,0.826292,identity_certain
183,True,16,28,-6.859417,-2.298733,-1.298633,-2.147116,2.46779,-0.94503,0.337934,0.638338,0.865097,0.983481,-0.576154,identity_certain
184,True,16,33,-6.584287,-1.873788,-1.648919,-2.073457,2.665786,-1.557205,-0.45066,-0.299249,0.608137,1.444922,0.776124,identity_certain
185,True,17,36,-6.733881,-1.5817,-1.017387,-0.724985,2.166465,-1.248121,0.302428,0.619345,0.495316,0.498612,0.045842,identity_certain
186,True,16,46,-7.384255,-0.666611,-0.919046,-0.602831,2.442027,-0.642724,0.95466,1.240809,0.456358,0.378574,-0.24896,identity_certain
187,True,18,33,-7.978757,-1.280626,-0.224226,-0.348559,3.10338,-0.365024,1.760035,2.152104,-0.856423,-1.058493,-1.598532,identity_certain
188,True,15,36,-7.064131,-1.210605,-0.538385,-1.613541,2.518245,0.336722,1.417829,2.050226,-0.667359,-0.491676,-2.076823,identity_certain
189,True,17,36,-6.524945,-1.362639,-1.709716,-1.37964,1.896579,-1.786058,0.262319,0.770577,0.229629,1.284746,0.288865,identity_certain
190,True,18,34,-7.503379,-0.814274,-0.392148,-1.077973,2.576652,1.475554,1.319742,2.014885,-1.707159,-0.609304,-1.243117,identity_certain
191,True,18,25,-8.251786,-1.289634,-0.813582,-1.018562,2.9637,-0.879977,-0.231854,1.874968,0.495715,1.733087,-1.079122,identity_certain
192,True,16,41,-7.02361,-1.057868,-1.08527,-1.216806,2.894939,1.570315,1.507767,1.170562,-2.751349,-0.970191,-0.843602,identity_certain
193,True,16,38,-7.097337,-1.003435,-0.825038,-0.902432,2.410677,0.091106,1.635641,2.489238,-1.032263,-0.998789,-1.490141,identity_certain
194,True,16,31,-8.183271,-0.072292,-0.16006,-1.200095,2.684465,2.578543,2.55174,2.685245,-3.851335,-1.523186,-1.437896,identity_certain
195,True,18,29,-6.903237,-1.749214,-1.598588,-3.022438,3.170805,-0.304127,-0.243189,0.378372,-1.067725,0.833824,0.541923,identity_certain
196,True,17,36,-6.944709,-0.63978,-0.897657,-0.909464,2.229702,-0.831649,0.440738,1.509746,-0.115321,0.054382,-0.512266,identity_certain
197,True,16,34,-7.027045,-1.28053,-1.079134,-1.471933,2.501509,-1.165684,-0.638937,0.384833,0.390236,1.572883,0.346288,identity_certain
198,True,19,26,-7.022457,-1.455336,-1.356351,-1.116683,2.153826,-0.978534,0.88212,0.956929,0.387532,0.356154,-0.024499,identity_certain
199,True,17,36,-6.83622,-1.507696,-1.423123,-1.907529,2.233709,-0.317774,0.728041,1.60404,0.474207,-0.105412,0.186824,identity_certain
200,True,17,34,-7.631234,-1.047978,-1.22115,-1.712933,2.395684,-1.144269,0.638876,0.843443,1.094754,1.285446,0.755149,identity_certain
201,True,15,46,-7.182086,-1.388602,-0.768019,-1.132975,3.033453,1.784916,1.636835,1.102779,-2.678975,-1.460873,-0.530362,identity_certain
202,True,18,34,-9.32483,-0.259561,0.028282,0.022107,2.463049,-0.142159,1.200303,1.723076,1.25979,0.822896,0.722677,identity_certain
203,True,16,37,-7.307571,-1.944144,-2.453259,-2.902906,3.184316,-1.043197,-0.584151,-0.417157,0.761047,2.285596,2.485028,identity_certain
204,True,15,38,-7.474164,-1.613857,-1.710505,-2.482904,2.838701,-1.281123,-0.108624,0.170679,1.223902,2.268885,1.335932,identity_certain
205,True,19,31,-7.915419,-0.277384,-0.944037,-0.94682,2.957303,-1.198609,0.13984,0.876306,0.297049,0.590825,-0.143503,identity_certain
206,True,18,26,-7.401844,-1.928857,-1.509434,-1.757206,2.887144,-1.02391,0.682254,0.841198,0.462224,0.574178,0.240478,identity_certain
207,True,19,30,-6.67062,-1.332654,-1.8134,-1.666882,1.856757,-2.015922,-0.9081,-0.697049,1.381361,2.041729,2.25781,identity_certain
208,True,21,39,-8.912768,-0.351121,-0.719957,-1.156623,3.253982,0.741447,2.039347,2.946659,-0.273135,0.126586,-1.164227,identity_certain
209,True,20,36,-6.665106,-3.420771,-1.778641,-2.281444,3.439566,-3.697514,-1.307782,-2.3981,-0.656909,2.391565,2.060551,identity_certain
210,True,17,42,-6.046277,-2.127045,-2.370125,-2.803481,2.930886,-0.524131,-0.567096,-0.945729,-1.184554,1.653955,1.317014,identity_certain
211,True,17,37,-7.188611,-1.620851,-1.021955,-0.511589,2.967795,-1.226104,-0.485533,0.626315,0.17153,0.836122,-0.393417,identity_certain
212,True,20,36,-7.870645,-1.06143,-1.277011,-1.596756,3.08185,0.744412,1.156413,1.826147,-0.585252,0.150419,-0.379376,identity_certain
213,True,21,37,-8.235196,-0.477252,-0.747307,-0.935718,2.672831,1.036411,0.761135,1.111727,-0.195594,0.463153,0.74901,identity_certain
214,True,19,41,-5.563072,-2.012756,-1.867232,-1.004551,1.853162,-2.557299,-1.192877,-2.112303,1.207964,1.45738,0.999905,identity_certain
215,True,18,35,-7.995425,0.149917,-0.140505,0.441259,2.077713,-0.472738,0.284869,0.258866,0.116474,0.857454,0.399935,identity_certain
216,True,18,39,-6.712078,-2.19633,-0.891239,-0.615223,2.871865,1.00372,1.968313,2.162786,-2.818076,-2.145107,-2.239898,identity_certain
217,True,18,44,-6.742055,-1.279306,-1.458818,-1.164229,2.532068,-1.61294,-0.488152,-0.670319,-0.387745,1.702798,1.468696,identity_certain
218,True,16,40,-6.166078,-2.523704,-1.677405,-1.881396,2.747575,-2.318492,-1.198606,-0.449915,0.521091,1.781992,0.617266,identity_certain
219,True,17,39,-6.955581,-1.277479,-1.703132,-2.561394,3.084948,0.526817,0.831654,1.238594,-0.721204,0.051905,-0.282916,identity_certain
220,True,19,41,-6.881681,-0.87322,-1.000795,-1.072622,2.649599,0.269372,-0.144226,0.067146,-1.128606,0.68351,0.433676,identity_certain
221,True,20,27,-8.302835,-0.208398,-0.138114,0.531533,2.315231,-1.538446,0.395765,0.970325,0.887067,0.141008,0.030233,identity_certain
222,True,20,34,-11.820969,1.752194,1.965661,1.467971,2.029798,2.286431,4.111139,5.285852,-0.375355,-0.616684,-2.083935,identity_certain
223,True,22,23,-7.299912,-1.394376,-1.209062,-1.549995,2.430421,-0.21367,0.925216,1.091911,-0.582991,0.394157,-0.361199,identity_certain
224,True,19,31,-6.623174,-1.584798,-0.509824,-0.80186,2.30482,0.711117,0.414289,0.976299,-1.913397,-0.63413,-1.034829,identity_certain
225,True,19,34,-8.023533,-0.772304,-0.753457,-0.749545,2.693974,-2.756157,1.250306,1.750987,0.382036,0.406247,-0.560496,identity_certain
226,True,18,31,-7.103172,-1.38911,-1.286084,-2.039311,2.986076,-0.373187,0.008496,0.594802,-1.041471,0.773759,0.202215,identity_certain
227,True,16,43,-9.106231,-0.06511,0.004453,-0.069488,3.065406,-1.247043,0.958119,1.928661,1.520338,0.951136,-0.834235,identity_certain
228,True,17,35,-7.474244,-1.242427,-2.679359,-2.098227,3.272262,-1.113088,0.184334,-0.164864,-0.124407,1.691822,1.664488,identity_certain
229,True,15,34,-6.800253,-1.701843,-2.476699,-2.402285,2.519342,-1.611091,-0.630296,0.059359,1.076457,2.302429,1.672741,identity_certain
230,True,24,30,-7.19176,-1.310125,-1.509897,-1.251176,2.738848,-0.138365,1.256191,1.02676,-1.101837,-0.56312,-0.195813,identity_certain
231,True,18,35,-8.010007,-0.892671,-0.580825,-0.54187,2.694596,-0.851073,1.199469,1.013629,0.399066,0.248958,-0.067421,identity_certain
232,True,17,37,-6.405177,-1.706513,-1.193865,-1.311111,2.276448,-0.668274,0.37201,0.584444,-0.310881,0.4007,-0.433082,identity_certain
233,True,16,44,-6.685645,-2.134631,-1.648849,-1.660664,2.912465,-1.087135,0.452336,-0.069943,0.282632,0.932047,0.202503,identity_certain
234,True,16,40,-7.088143,-1.26276,-0.246304,-0.967736,2.612602,1.47822,2.136761,1.836869,-2.019311,-1.690401,-1.948788,identity_certain
235,True,15,36,-6.861478,-1.713399,-1.469177,-2.221632,2.545666,-0.568159,0.278591,0.669468,0.568582,1.208024,0.020944,identity_certain
236,True,24,25,-11.101946,0.155219,0.82611,0.456631,3.701665,0.268675,3.003592,3.50833,0.213032,-0.750535,-1.500521,identity_certain
237,True,18,27,-7.28091,-0.580225,-0.55477,0.245899,1.991033,-0.874261,-0.027194,1.227404,0.593586,0.511026,-1.6016,identity_certain
238,True,17,30,-7.481898,-0.770953,-1.42603,-1.617953,2.480049,-1.310682,-1.566645,-1.282051,1.04193,2.505423,2.827183,identity_certain
239,True,17,28,-7.810139,-1.409011,-1.369997,-2.6714,3.103103,-0.976,0.706856,1.385781,0.446286,0.92655,0.028106,identity_certain
240,True,19,26,-7.649166,-0.854334,-1.473853,-1.37407,2.141584,-1.152508,-0.065843,-1.206782,1.672154,1.77367,2.519061,identity_certain
241,True,27,30,-7.220915,-1.991813,-1.906224,-1.919987,3.185354,-1.444534,-0.369669,-0.060086,-1.583858,1.809965,0.943748,identity_certain
242,True,18,38,-7.016285,-1.13712,-1.404395,-1.505835,2.818004,-0.038741,0.835447,1.842044,-0.784173,0.090284,-0.986103,identity_certain
243,True,17,34,-6.589818,-1.659797,-2.265012,-2.637469,2.591185,-1.728606,-1.659306,-1.28281,0.87988,2.947701,2.688261,identity_certain
244,True,19,32,-6.26556,-1.870669,-1.450311,-2.394775,2.394021,0.673476,0.527764,0.469248,-0.917851,-0.20753,0.164421,identity_certain
245,True,22,27,-7.247116,-1.163976,-1.579112,-1.471323,2.744517,0.197651,1.443884,1.290055,-0.792769,-0.329655,-0.405905,identity_certain
246,True,15,49,-7.126621,-1.103824,-1.212267,-1.127107,2.582062,-1.221142,1.586356,1.951851,0.459292,-0.356334,-0.657001,identity_certain
247,True,33,34,-10.513885,0.449659,0.196558,0.461996,3.327276,0.378915,2.225963,2.258956,-0.302742,0.132856,0.107544,identity_certain
248,True,16,33,-7.939683,-0.504839,-0.744624,-1.379931,2.795899,2.386196,2.409515,2.859401,-1.932917,-1.389788,-1.711096,identity_certain
249,True,16,49,-6.672376,-1.458444,-1.344574,-1.637217,2.895174,0.239913,1.115824,1.71064,-1.354249,-0.135517,-1.055429,identity_certain
250,True,20,26,-7.461255,-1.149721,-1.678877,-1.592141,2.385697,-1.268951,-2.246773,-1.379314,1.344829,3.314079,2.778667,identity_certain
251,True,20,30,-8.522178,-1.091931,-0.369597,-1.025275,3.404033,-1.429606,-0.364433,-1.18391,-0.073425,1.628138,1.448684,identity_certain
252,True,19,31,-6.316549,-2.245272,-1.860301,-1.949882,2.373876,-0.13105,0.339609,-0.283356,-0.688053,0.795486,0.47041,identity_certain
253,True,20,38,-7.89825,-0.733938,-1.626896,-2.97575,3.319926,0.342493,0.991204,1.392666,-0.555127,0.599633,0.811257,identity_certain
254,True,18,32,-7.569035,-2.011613,-1.090162,-0.741533,2.719524,-0.937566,0.167957,-0.242386,0.817407,0.909318,1.081111,identity_certain
255,True,20,31,-7.547108,-0.385305,-1.543075,-1.453604,2.368928,0.394874,1.423707,1.81406,-0.347583,0.092162,-0.312516,identity_certain
256,True,17,36,-7.336037,-0.964686,-1.500388,-2.126815,2.835561,-1.522699,0.277561,1.15045,0.630127,1.181098,0.422243,identity_certain
257,True,20,26,-7.064152,-2.800482,-2.086001,-2.436399,3.179482,-1.962075,-0.526857,-0.700408,0.739688,1.833549,1.733659,identity_certain
258,True,18,40,-6.856886,-1.50948,-1.365352,-1.560806,2.826723,0.011292,0.50365,1.012768,-0.792311,0.393615,-0.071967,identity_certain
259,True,18,28,-7.18501,-1.472452,-1.577941,-1.758592,3.149471,0.548422,0.57004,0.889334,-1.722838,0.142592,-0.373906,identity_certain
260,True,19,41,-6.356722,-2.74431,-2.382152,-1.68082,2.917334,-3.486064,-0.744953,-1.065553,-0.040276,2.093517,1.272489,identity_certain
261,True,16,37,-9.765257,0.603679,0.942103,0.463936,2.70964,3.729599,4.059862,4.734367,-3.594064,-2.283873,-3.150153,identity_certain
262,True,18,37,-6.66304,-3.183207,-1.114982,-1.729398,2.870099,-2.68766,-0.881846,-0.919013,0.362299,2.018975,0.73392,identity_certain
263,True,15,36,-6.866585,-0.952756,-1.206073,-1.042627,1.835677,-0.978319,-0.953205,-0.60614,1.083172,2.174973,1.697404,identity_certain
264,True,16,25,-7.858926,-0.923724,-0.88402,-1.229155,2.660365,-0.258118,1.800825,1.943795,0.078837,-0.293435,-1.377947,identity_certain
265,True,17,32,-7.108197,-1.252867,-1.323723,-1.707479,2.277834,-1.046105,-0.25486,-0.496624,0.787069,1.915681,1.576077,identity_certain
266,True,19,32,-7.79334,-2.041929,-0.990705,-1.968692,3.355286,1.259233,1.739047,1.909339,-1.000787,-0.6239,-1.585751,identity_certain
267,True,15,39,-6.28924,-1.27771,-1.410049,-1.732994,2.100524,-0.674018,-0.608438,-0.325794,0.215768,1.435565,0.858371,identity_certain
268,True,18,33,-7.521929,-0.695725,-1.461974,-1.764598,3.216921,-1.388342,-1.381432,-1.358173,-0.302634,2.298963,2.103171,identity_certain
269,True,20,32,-7.187282,-1.645614,-1.493124,-2.127519,2.920759,0.404257,1.746321,2.418817,-1.520026,-0.639519,-1.318742,identity_certain
270,True,16,32,-7.220485,-1.31586,-1.090669,-0.822489,2.484749,-0.492768,-0.618101,-0.298148,0.158684,0.967934,1.335033,identity_certain
271,True,17,38,-7.168558,-1.690604,-0.766499,-0.687583,2.824581,-1.193714,0.535654,0.692345,0.108863,0.100229,-0.482979,identity_certain
272,True,16,44,-6.735991,-0.717108,-0.894056,-0.389013,1.874077,-2.389249,0.937414,0.729861,0.606417,0.146983,-0.256443,identity_certain
273,True,20,24,-8.245903,-2.652269,-1.637784,-3.599358,4.069949,-2.699803,0.60866,0.568228,0.515749,1.305527,0.274552,identity_certain
274,True,17,43,-6.641046,-1.323921,-1.672239,-0.924846,1.930294,-2.317181,-0.421324,0.027089,1.333677,1.648964,1.157501,identity_certain
275,True,15,37,-7.232049,-1.170193,-0.781566,-1.516641,2.786357,-0.658779,0.233309,0.664054,-0.199881,0.493638,0.039575,identity_certain
276,True,20,31,-7.5122,-1.37823,-0.542485,-0.55387,2.312549,-1.450925,-0.020593,-0.614213,0.981998,1.111903,1.127048,identity_certain
277,True,16,40,-7.278501,-1.010768,-0.511531,-1.359261,2.51383,1.972921,2.369794,2.305711,-2.488526,-1.492004,-1.556023,identity_certain
278,True,20,35,-6.398698,-1.428185,-0.945095,-0.44287,1.748169,-0.122474,0.212207,0.808101,-0.946286,0.327841,-0.309272,identity_certain
279,True,16,42,-7.669267,-0.834406,-1.129894,-0.816629,2.727256,-1.442816,-0.353614,-1.0101,1.039487,2.056489,2.074559,identity_certain
280,True,17,46,-7.090144,-0.85911,-0.89443,-0.845963,2.607149,0.977953,1.038914,1.216489,-1.374445,-0.652524,-0.255933,identity_certain
281,True,17,38,-7.079945,-1.519085,-1.271626,-2.222367,2.905947,1.51529,1.754188,2.006645,-1.308239,-0.730865,-1.222033,identity_certain
282,True,16,34,-6.755279,-1.481513,-1.796921,-2.188543,2.515243,-0.452217,0.026255,0.783946,0.051482,1.328336,0.314983,identity_certain
283,True,23,19,-8.475977,-0.715029,0.072145,-0.148769,2.658197,0.640852,2.075666,2.89046,-1.363015,-1.116261,-3.012727,identity_certain
284,True,16,34,-6.877836,-1.055429,-1.398088,-0.983946,2.225277,-0.852438,-0.703505,-0.175151,0.537078,1.751963,0.999396,identity_certain
285,True,15,37,-5.968263,-1.832686,-1.084029,-0.665991,2.176548,-0.977216,0.604313,1.559006,-0.442855,-0.972694,-1.988758,identity_certain
286,True,16,42,-6.718705,-1.313657,-0.926708,-0.943456,2.335419,-1.397915,-0.296745,0.19885,0.479675,0.981768,0.32903,identity_certain
287,True,16,37,-7.01064,-1.812055,-1.780759,-2.100739,2.99764,-0.987621,-0.394059,-0.779727,0.541033,1.759984,1.450984,identity_certain
288,True,16,37,-6.343383,-2.092353,-2.688585,-2.189813,2.465414,-1.666388,-1.495359,-1.815577,0.908166,2.864311,3.124496,identity_certain
289,True,16,41,-6.250369,-1.608301,-2.100526,-2.085915,2.669171,-1.377497,-0.13478,0.456768,-0.025902,1.074353,-0.070178,identity_certain
290,True,20,35,-7.692217,-0.838734,-0.334782,-1.136345,2.577536,-1.440991,-0.050369,0.308745,0.77844,0.886613,0.708157,identity_certain
291,True,18,32,-7.878014,-1.627719,-0.749981,-0.837391,3.423802,0.433738,0.743883,-0.397381,-0.940683,-0.25789,0.260817,identity_certain
292,True,17,35,-6.754413,-1.469196,-0.592819,-1.413383,2.157895,0.164396,1.166547,1.755678,-1.004117,-0.268105,-1.351053,identity_certain
293,True,17,36,-6.963062,-0.969592,-1.908626,-1.187666,2.456206,-1.370172,-1.118193,-0.830812,0.535499,2.273715,2.12058,identity_certain
294,True,15,33,-6.95604,-1.241626,-1.029601,-1.486679,2.553163,-0.681854,0.500883,1.590285,0.161761,0.017048,-0.73238,identity_certain
295,True,17,45,-7.888725,-0.699288,-0.937213,-1.408498,2.418916,-0.431319,1.267316,1.421378,0.57066,0.445966,0.803982,identity_certain
296,True,17,40,-7.475372,-0.746428,-1.327352,-2.15851,2.722602,-1.012545,-0.421837,-0.661647,0.041149,2.362552,1.425591,identity_certain
297,True,18,36,-8.10483,-1.299372,-0.750017,-2.060448,3.54299,-2.036417,-0.279417,-0.188903,0.048428,1.925866,0.933018,identity_certain
298,True,17,41,-8.300601,-0.541924,-0.644428,-0.636257,3.252786,1.774271,1.957344,2.466901,-2.73559,-0.718618,-1.373769,identity_certain
299,True,17,36,-7.48385,-1.338544,-1.627096,-1.773835,3.235609,0.019137,0.773611,0.080491,-0.431564,0.705051,0.661046,identity_certain
300,True,21,26,-6.970075,-1.736726,-0.868532,-0.265089,2.39907,-0.738686,0.535616,0.304874,-0.181836,-0.266819,-0.502403,identity_certain
301,True,17,33,-6.634359,-1.847193,-1.636373,-2.052859,2.848431,-1.042869,-0.5241,-1.083005,-0.304907,1.249368,1.483722,identity_certain
302,True,18,44,-6.827711,-1.021819,-1.158531,-1.237754,2.338633,-2.433975,-1.23948,-1.222952,0.701098,2.666383,2.217743,identity_certain
303,True,26,27,-7.712806,-1.06801,-0.646101,-1.082642,2.733069,0.792083,1.061732,1.12477,-1.07983,-0.390945,-0.453651,identity_certain
304,True,16,44,-7.210246,-0.76048,-1.148004,-0.592201,2.22666,-0.598405,0.678474,1.775405,0.241925,0.39157,-0.210942,identity_certain
305,True,28,28,-8.161792,-1.034786,-1.529108,-1.566068,2.723931,0.193253,1.814865,1.765717,-0.347079,0.406662,-0.001423,identity_certain
306,True,15,45,-7.319727,-1.462179,-1.460179,-1.993103,2.690684,-0.846471,0.893405,1.541959,0.465445,0.9266,0.465874,identity_certain
307,True,18,28,-8.241891,-0.007674,0.169615,0.319723,2.336556,-0.817489,0.458723,1.536231,0.215667,0.420336,-1.093527,identity_certain
308,True,17,35,-7.273002,-0.962505,-1.213924,-1.019797,2.442515,-1.656251,-0.095581,0.340625,0.531228,1.419765,0.619503,identity_certain
309,True,18,33,-7.966216,-0.92022,-0.219375,-0.541116,2.253662,-0.453001,1.124425,1.528535,0.567722,0.22088,-0.181893,identity_certain
310,True,18,36,-8.032541,-0.186245,-0.407851,-0.908699,2.834358,1.473521,2.068619,2.62469,-1.629468,-0.841672,-1.703151,identity_certain
311,True,16,29,-7.937893,-0.854247,-1.618142,-2.04199,2.875855,-0.922657,-0.240269,0.812551,1.048433,2.337543,-0.326624,identity_certain
312,True,18,28,-6.880157,-2.021113,-1.796796,-1.205293,2.500656,-0.770458,0.497604,0.022429,0.159181,0.653053,0.411168,identity_certain
313,True,17,39,-8.040223,-1.476757,-0.24077,-0.526864,2.866484,-0.920455,0.986441,0.730836,0.294587,0.419931,-0.09914,identity_certain
314,True,15,41,-6.790876,-1.32605,-1.720294,-2.149819,2.50041,-0.745813,-0.812155,-0.617859,0.476641,2.118017,2.013231,identity_certain
315,True,17,34,-7.670832,-1.379727,-0.473389,-0.532689,3.047445,1.902689,2.272411,2.344786,-2.530398,-2.034157,-2.027818,identity_certain
316,True,17,30,-7.589319,-0.732768,-1.668776,-1.469793,2.855881,-0.524297,1.126846,1.630461,-0.350018,-0.033094,-0.126868,identity_certain
317,True,17,39,-6.945508,-1.79773,-0.876636,-1.09189,2.734022,-1.459276,0.962017,1.761265,-0.65424,-0.2294,-1.457335,identity_certain
318,True,15,40,-6.836846,-1.540355,-1.586371,-2.770032,2.450712,-1.076283,-0.067739,0.052924,1.036225,1.784299,1.307295,identity_certain
319,True,17,34,-9.248091,0.463171,0.207044,-1.080084,3.472359,2.140526,2.896317,3.404795,-2.388268,-1.761719,-2.191476,identity_certain
320,True,18,43,-6.565267,-1.038387,-1.386808,-1.593942,2.137823,-0.163628,1.380684,1.819583,-1.370726,-0.135573,-0.613505,identity_certain
321,True,18,36,-7.609478,-0.942645,-0.932181,-1.198688,3.017105,-1.542028,-0.040732,-0.509983,0.679491,1.038318,1.142752,identity_certain
322,True,18,33,-8.404746,-0.979523,-0.190843,-0.796537,2.477713,2.611461,2.954554,2.722529,-2.185803,-1.128307,-1.436905,identity_certain
323,True,18,40,-7.256077,-0.549947,-0.841647,-0.290481,2.459874,1.148072,1.250706,1.949522,-1.895,-0.611348,-1.385514,identity_certain
324,True,20,33,-7.658007,-0.77738,-0.021506,-0.035231,2.543909,0.681437,1.774856,1.941122,-2.117945,-1.009253,-2.237799,identity_certain
325,True,15,50,-7.18356,-0.423452,-0.47843,-1.007225,2.19296,2.089608,2.470293,2.863443,-2.356942,-1.696784,-1.605098,identity_certain
326,True,16,30,-7.59186,-2.03733,-1.730542,-1.841887,2.882542,-1.178119,0.400326,-0.216034,0.657092,1.599792,1.601859,identity_certain
327,True,17,37,-7.404912,-1.817684,-1.403374,-2.3149,3.197933,1.52883,2.503061,2.13762,-2.539695,-0.958659,-1.440591,identity_certain
328,True,18,33,-11.419504,0.846638,1.298003,0.664887,2.540563,-0.684783,0.57778,1.854795,2.748226,2.53667,1.360191,identity_certain
329,True,21,29,-7.027688,-1.418941,-1.487437,-1.668561,2.486591,0.12211,0.904145,1.539072,-0.724583,0.731473,-1.33501,identity_certain
330,True,18,35,-8.656579,0.3783,0.811582,0.671576,2.432472,1.698644,2.705897,2.601609,-1.824843,-1.94302,-2.083504,identity_certain
331,True,18,30,-7.668954,-1.127982,-0.917089,-0.833149,2.721251,-0.236893,1.250165,1.873683,-0.314728,-0.456857,-0.807712,identity_certain
332,True,16,40,-6.365155,-1.274789,-1.771765,-1.489202,2.507812,-0.819799,-0.662997,-0.996685,0.319835,1.300707,1.081274,identity_certain
333,True,18,34,-6.771109,-1.224318,-1.138991,-0.590176,2.140435,-1.773228,0.21755,-0.206673,-0.169215,1.026709,0.280097,identity_certain
334,True,18,33,-7.955143,-0.156173,-0.021195,-0.538644,2.887673,0.886201,1.152522,2.549731,-1.559635,-0.829577,-2.13756,identity_certain
335,True,17,30,-7.598829,-1.948282,-1.789131,-2.048822,3.543331,-2.504829,-0.50094,-0.842136,0.838388,2.174382,0.849678,identity_certain
336,True,16,41,-7.511655,-2.310729,-0.916222,-1.695037,3.54157,-1.126216,0.119403,0.054454,-0.083531,1.060378,-0.163625,identity_certain
337,True,25,35,-7.473413,-0.775,-0.569522,-0.65196,2.122554,0.432659,0.367741,0.8563,-0.876453,0.905683,0.173163,identity_certain
338,True,21,27,-7.931715,-2.005555,-0.399115,-0.825615,2.543281,1.53114,2.292542,2.167849,-2.04167,-1.038511,-1.332073,identity_certain
339,True,20,40,-7.231096,-1.109245,-1.118394,-0.912324,2.555611,0.71752,1.300716,1.158743,-0.820549,-0.242981,-0.081135,identity_certain
340,True,19,35,-8.815396,-0.244196,0.235997,-0.642782,3.056493,1.429227,2.35106,3.120673,-1.249487,-0.936251,-2.422832,identity_certain
341,True,21,22,-7.196908,-3.348569,-2.362987,-1.958311,2.451151,-2.321282,-0.792041,-1.953502,1.880445,2.906575,3.233154,identity_certain
342,True,18,35,-7.396252,-2.011555,-1.111601,-1.166016,2.65812,-2.048584,0.79071,1.096729,0.91249,0.885327,-0.336526,identity_certain
343,True,20,33,-8.69138,-0.837408,-0.362286,-0.435823,2.725966,-0.643401,0.917113,0.481076,1.206264,0.823384,0.767321,identity_certain
344,True,17,35,-8.988534,-0.893823,-0.285726,-0.16946,2.474891,-1.109767,1.231979,1.910365,1.808077,0.994639,0.194424,identity_certain
345,True,23,27,-6.900731,-1.109902,-1.422624,-1.508864,2.855082,-0.594848,-0.16747,0.381681,-1.538441,0.53103,-0.167,identity_certain
346,True,17,35,-7.002172,-1.646123,-1.673117,-1.627074,2.769058,-1.734159,-0.974895,-1.466389,0.751482,2.196044,2.30935,identity_certain
347,True,23,28,-6.410895,-1.508868,-1.48085,-1.779503,2.202191,-0.032217,-0.445861,0.025412,-1.123718,1.166549,0.491853,identity_certain
348,True,16,35,-7.142364,-1.349129,-0.997748,-1.654076,2.511527,-0.041483,1.226083,1.549398,-0.024761,-0.017491,-0.635654,identity_certain
349,True,17,25,-8.182306,0.205525,-0.846012,-1.16506,2.815039,-0.697478,1.367809,1.957597,0.238035,-0.600531,-0.907046,identity_certain
350,True,19,43,-7.78569,0.178569,-0.425138,-0.311808,2.497376,0.481052,0.648597,1.911192,-0.834068,0.214056,-0.807119,identity_certain
351,True,17,39,-8.203304,-0.301538,0.257393,-0.267507,2.521903,1.431755,2.831533,3.645483,-1.413874,-1.55068,-3.05983,identity_certain
352,True,15,42,-7.248355,-0.980019,-0.516975,-0.496627,2.092949,-0.479524,-0.103594,0.23095,0.588522,1.176051,0.574752,identity_certain
353,True,15,37,-7.081482,-1.050985,-1.092391,-2.022515,2.170771,-0.647639,0.669024,0.70665,0.399685,1.197245,0.396577,identity_certain
354,True,18,30,-7.135619,-1.518702,-0.995826,-1.41435,2.613252,1.39739,1.696311,1.342484,-1.817632,-0.891547,-1.072262,identity_certain
355,True,19,34,-8.068876,-0.536533,-0.21465,-0.648416,2.869081,-0.448171,1.842123,2.234532,-0.696769,-0.781929,-1.556169,identity_certain
356,True,17,33,-9.68962,0.454527,0.840872,0.303727,2.76471,3.326288,3.574122,4.372226,-3.014941,-1.796571,-3.210696,identity_certain
357,True,19,35,-7.133566,-2.2181,-1.243414,-0.906184,2.537043,-2.652531,-0.072762,0.031868,1.292688,1.40642,0.410541,identity_certain
358,True,17,31,-6.289375,-2.412696,-1.749755,-1.726538,2.320601,-1.67884,-1.344744,-0.886272,0.664643,2.143492,1.400978,identity_certain
359,True,17,37,-6.944524,-0.744899,-1.416013,-0.823367,2.139927,-0.368823,-0.192756,-1.484191,0.064017,1.191026,2.304542,identity_certain
360,True,21,40,-7.855041,-0.669347,-0.440906,-0.677536,2.454519,0.801401,1.119373,1.23587,-0.603714,0.293719,-0.158295,identity_certain
361,True,17,37,-6.381572,-1.787565,-1.20048,-1.356511,2.394201,-0.055109,0.1792,0.266381,-0.927935,0.225275,0.11977,identity_certain
362,True,21,32,-8.147218,-1.983693,-1.366079,-3.247706,3.849016,-1.867298,-1.496693,-0.823618,1.32682,3.244271,1.747834,identity_certain
363,True,19,40,-7.421926,-0.399428,-1.326859,-0.608531,2.466356,0.100791,0.908705,1.378312,-0.72879,0.40805,-0.251333,identity_certain
364,True,17,33,-7.869688,-1.283196,-0.602298,-1.301496,2.998789,-0.888519,1.128589,0.515452,0.82802,0.095363,-0.194793,identity_certain
365,True,21,26,-8.349296,-0.300534,-0.465321,-0.152278,2.680904,-0.707733,0.765569,1.221884,0.353674,0.393779,-0.527486,identity_certain
366,True,17,42,-7.739252,-1.272815,-1.308214,-1.52463,3.105558,-0.303355,1.099355,1.729929,0.235213,0.093859,0.103468,identity_certain
367,True,15,41,-6.894456,-2.225509,-1.244677,-1.577733,3.006805,-1.547565,-0.390316,-0.861559,0.57184,1.585768,0.307205,identity_certain
368,True,16,38,-7.583671,-0.954041,-1.696811,-1.663374,2.532492,-1.082215,-0.559291,-0.431452,1.009273,2.529447,2.240068,identity_certain
369,True,22,28,-7.286186,-1.106334,-1.252252,-1.636952,2.568758,-0.108381,0.059901,-0.259262,-0.811604,1.11692,0.928414,identity_certain
370,True,19,32,-7.105397,-1.375642,-1.00282,-1.159074,2.623355,0.236882,1.278342,1.415963,-0.716744,-0.282147,-1.232793,identity_certain
371,True,19,45,-6.743448,-1.919389,-1.417403,-1.823181,2.895789,-3.325681,-0.02726,0.201054,0.148986,1.273905,0.629739,identity_certain
372,True,19,36,-7.581702,-0.602328,-0.905624,-0.858223,2.635134,-1.50957,0.47977,1.229555,0.544161,0.311857,0.098522,identity_certain
373,True,20,35,-7.968196,-0.90959,-0.533009,-1.071286,2.923492,0.780156,2.210711,2.318272,-2.168296,-0.519134,-1.382928,identity_certain
374,True,17,32,-9.749682,0.17818,0.757271,0.357294,3.185489,3.394092,3.55029,3.59748,-3.978055,-2.266417,-2.525876,identity_certain
375,True,18,29,-6.754199,-0.901114,-1.374124,-1.36551,2.134687,0.057452,1.268783,2.156155,-0.544234,-0.613707,-1.44598,identity_certain
376,True,17,36,-8.825964,-0.898487,-1.150137,-1.696934,2.878677,-1.538623,-0.566291,0.255388,1.79506,3.339632,2.326141,identity_certain
377,True,19,34,-9.750838,-0.228249,0.030438,-0.569967,3.022979,-1.143937,0.174278,1.678862,1.688783,2.219535,0.900505,identity_certain
378,True,15,45,-6.567109,-1.952226,-1.433737,-1.32689,2.501874,-0.487134,0.546811,1.347029,-0.354574,0.435556,-0.454272,identity_certain
379,True,17,35,-7.094543,-1.281607,-0.968045,-0.996508,2.537514,0.091335,0.479015,0.628397,-0.463641,0.570238,-0.172159,identity_certain
380,True,18,40,-7.475829,-1.69668,-1.24042,-0.795386,3.046573,-2.17108,0.324511,0.633319,0.423401,0.877523,0.032203,identity_certain
381,True,15,43,-6.627476,-1.455291,-1.18404,-1.705474,2.720567,-0.993635,0.275649,0.040895,-0.304387,0.532012,0.512815,identity_certain
382,True,23,28,-10.123741,0.784354,0.57096,0.715214,2.679858,-1.409538,0.245953,0.417499,1.972723,1.764102,1.462257,identity_certain
383,True,16,40,-8.368114,-1.317307,-0.918402,-1.170391,2.337488,-1.394938,-0.779577,-0.971703,1.770982,3.483503,3.256004,identity_certain
384,True,16,42,-7.819881,-1.266994,-1.270432,-1.783158,2.837512,-0.910641,0.183126,-0.019485,1.04936,2.047557,1.458174,identity_certain
385,True,36,24,-9.311918,0.356648,1.186624,1.220892,2.360135,0.004359,2.023719,1.95047,-1.319908,-0.952524,-1.425176,identity_certain
386,True,17,31,-6.840052,-4.380277,-1.69401,-1.482401,2.454485,-2.160002,0.359128,-0.333715,1.604686,0.843013,0.96784,identity_certain
387,True,19,25,-8.218536,-0.803497,-1.484043,-0.787383,2.967524,-0.787996,1.532373,1.80365,-0.230348,0.003593,-0.54014,identity_certain
388,True,18,31,-7.085476,-2.144842,-2.213483,-2.294442,2.764786,-2.300626,0.166477,-0.40507,1.310069,1.820858,1.496772,identity_certain
389,True,15,33,-6.937106,-0.66948,-0.829017,-1.828354,2.09249,-0.83337,-0.35993,1.39354,0.51373,0.872356,-0.284937,identity_certain
390,True,18,27,-6.5001,-1.830288,-1.912909,-1.204488,2.313078,-0.987123,-0.468315,-0.252794,-0.068285,1.39135,0.507674,identity_certain
391,True,23,38,-6.845787,-1.749178,-1.934077,-2.002467,2.940225,-0.014453,0.214539,0.994752,-1.184008,0.944465,0.456546,identity_certain
392,True,14,49,-7.527636,-1.276658,-0.648476,-1.326767,2.541762,-0.288256,0.95817,1.486932,0.445366,0.419464,0.1847,identity_certain
393,True,19,37,-8.604246,-0.709818,-0.180563,-1.208694,2.988941,1.686229,2.262387,2.79864,-1.184887,-0.317887,-1.898625,identity_certain
394,True,18,30,-7.586074,-0.983272,-0.335404,-0.148198,1.857055,-0.930266,1.410745,1.548551,1.046493,0.072332,-1.42849,identity_certain
395,True,18,31,-7.196858,-0.813702,-1.232557,-0.764258,2.352191,-1.083708,0.824362,1.575659,0.263902,-0.102163,-0.396804,identity_certain
396,True,20,27,-10.531864,-0.324581,-1.369657,-1.692688,3.322255,-2.884877,1.582184,2.191171,2.915378,1.840005,1.969107,identity_certain
397,True,17,33,-6.677615,-2.057595,-1.895772,-2.220923,2.732544,-1.130291,0.988495,0.964533,0.35153,0.273253,0.233297,identity_certain
398,True,18,35,-7.42919,-1.045142,-1.410078,-1.894071,2.861347,1.065956,0.824023,0.764459,-1.509981,0.19889,0.814919,identity_certain
399,True,19,28,-7.022538,-1.883731,-1.491337,-2.07838,2.922951,-0.350549,1.237211,1.549682,-0.621845,-0.532512,-0.58901,identity_certain
400,True,16,31,-7.524278,-1.561428,-1.379821,-1.533789,2.829677,-0.380291,-0.093666,-0.087948,0.792463,1.170733,1.172486,identity_certain
401,True,15,44,-7.199294,-1.74153,-1.811529,-1.398667,3.127852,-1.539456,-1.324628,-2.228309,1.392023,2.650061,2.411785,identity_certain
402,True,15,44,-6.646393,-1.766141,-1.414369,-1.654187,2.585768,-1.318366,0.516391,0.812294,0.430036,0.417486,0.150517,identity_certain
403,True,17,36,-6.709791,-1.411762,-0.708603,-0.819449,1.925707,0.691413,1.619565,2.542264,-1.378298,-0.845196,-1.939762,identity_certain
404,True,18,42,-6.649528,-1.736593,-1.475479,-2.40117,2.911421,0.536973,1.535506,1.481502,-1.691285,-0.597205,-0.908595,identity_certain
405,True,17,42,-7.452141,-1.179507,-0.860201,-0.929803,2.710993,-1.498457,-0.109505,-0.452066,1.160157,1.366204,0.726848,identity_certain
406,True,15,37,-6.005285,-1.238527,-1.027443,-1.399127,1.817898,-0.201136,-0.323592,0.726721,-0.158403,0.635568,-0.968765,identity_certain
407,True,19,29,-6.61778,-1.265685,-0.942726,-1.242158,2.314447,-0.102448,0.340966,0.541201,-1.127054,-0.551591,-0.137592,identity_certain
408,True,20,33,-8.32231,-0.774063,-0.193112,-1.017796,2.772787,0.333491,2.21332,2.587581,-0.379516,-0.731579,-1.381046,identity_certain
409,True,20,36,-7.678508,-1.045543,-1.321806,-1.145798,2.717425,-1.80519,0.292373,-0.033075,1.017249,1.595837,0.858382,identity_certain
410,True,18,32,-6.238799,-1.804952,-1.527902,-1.511979,2.251796,-1.617633,-0.419769,0.005519,0.308704,0.563788,0.750659,identity_certain
411,True,17,32,-6.645332,-1.72789,-0.91576,-1.22214,2.347085,-0.542132,-0.099199,0.030157,-0.102236,0.853232,-0.069948,identity_certain
412,True,15,39,-7.214953,-0.899477,-0.183485,-0.132071,1.999123,0.023573,0.286937,1.973776,0.032554,0.331007,-1.600857,identity_certain
413,True,15,45,-7.678592,-2.007951,-0.954222,-0.878284,2.760132,-0.453738,0.856407,1.50244,0.497349,0.987735,-0.40668,identity_certain
414,True,18,31,-6.542319,-2.290875,-1.009554,-0.76817,2.174937,-1.553351,-0.356728,0.416074,0.70382,0.680451,-0.296144,identity_certain
415,True,16,37,-6.503163,-1.81451,-1.542012,-2.037373,2.452416,-0.993002,0.206238,-0.003775,0.054777,1.110867,0.676216,identity_certain
416,True,19,40,-7.485756,-0.952777,-1.478391,-0.903523,2.926803,0.271871,1.772832,1.245342,-0.940917,-0.518099,-0.332262,identity_certain
417,True,17,29,-7.406487,-2.533803,-0.885983,-1.255068,2.542385,-1.043155,1.542852,0.941306,0.456767,-0.24529,-0.333179,identity_certain
418,True,18,33,-7.379201,-1.264656,-1.258349,-1.314622,2.614662,0.283869,1.063954,1.426877,-0.395553,0.239662,-0.257001,identity_certain
419,True,17,36,-6.941912,-1.683608,-1.217437,-1.932425,2.64218,-1.930202,-0.677275,-0.091244,0.75686,1.771602,1.197985,identity_certain
420,True,16,35,-8.119011,-0.4848,-0.767129,-0.797857,2.267991,-0.54099,-0.826059,-0.720958,1.57629,2.455763,2.353727,identity_certain
421,True,19,37,-6.836697,-1.444171,-1.557699,-1.357951,2.663069,-2.011029,-1.178783,-0.960952,0.217046,2.099384,1.797349,identity_certain
422,True,18,31,-7.142113,-1.022268,-0.835151,-0.598384,2.544511,-0.807417,-0.534361,-0.500009,0.152349,0.808269,0.780777,identity_certain
423,True,18,32,-8.337776,-1.018027,-0.610935,-1.579122,3.160059,-0.971037,1.334336,1.185308,-0.230852,0.44389,0.13521,identity_certain
424,True,17,39,-6.419126,-1.588418,-1.477742,-1.764095,2.551296,-1.35986,-0.249151,0.293862,-0.300356,0.916637,0.558749,identity_certain
425,True,17,33,-9.311667,-0.514164,-0.058616,-1.108987,4.001862,-0.687192,-0.261967,-0.36067,0.133673,1.701438,0.864405,identity_certain
426,True,15,44,-6.58327,-1.539818,-1.723457,-2.231493,2.680274,-0.216058,-0.519934,-0.097172,-0.259271,1.532818,1.062724,identity_certain
427,True,15,40,-7.415101,-1.12599,-0.996607,-2.098454,2.498682,-0.342659,0.174488,0.926964,0.890071,1.284939,0.654798,identity_certain
428,True,16,36,-7.766023,-0.685942,-1.034654,-1.009291,2.472418,-1.137281,1.292498,1.520478,0.542253,0.326528,0.009214,identity_certain
429,True,15,40,-7.766477,-0.525644,-0.703339,-0.735997,2.38413,-0.539077,-0.364908,1.479315,0.761392,1.353989,0.133161,identity_certain
430,True,20,32,-8.554574,-2.44531,-0.473183,-1.643288,3.532024,-0.153469,1.2077,1.537505,-0.385207,0.499409,-0.908762,identity_certain
431,True,17,34,-6.332441,-1.723823,-1.308424,-1.107685,2.258348,-0.037991,0.805118,-0.346179,-0.213472,-0.344898,-0.184072,identity_certain
432,True,19,29,-7.670539,-2.231415,-2.747637,-3.413353,4.130139,-1.87233,-0.760154,0.048627,1.007833,1.990823,1.808766,identity_certain
433,True,23,29,-8.128961,-2.096425,-1.874515,-1.592715,3.100146,-2.306947,-0.135554,-1.766643,1.752046,2.478803,2.464903,identity_certain
434,True,17,35,-7.174731,-1.761903,-2.003724,-2.011278,3.200436,-1.748722,-0.762317,-0.358709,0.840165,2.262345,1.121103,identity_certain
435,True,19,26,-7.47034,-1.285127,-1.252523,-1.203091,2.051041,-1.393726,-1.077542,-0.737126,0.821459,2.535986,2.653298,identity_certain
436,True,17,35,-6.649562,-2.287503,-1.422446,-1.488075,2.758882,-2.613799,-1.11279,-0.713562,0.642846,2.028969,1.238561,identity_certain
437,True,16,34,-7.87569,-0.506666,-0.036813,-0.374014,2.43236,-1.225913,1.05401,1.961549,0.63425,0.100598,-1.635774,identity_certain
438,True,16,36,-7.047508,-1.303178,-1.02525,-1.435858,2.825047,-0.064851,-0.400977,0.273799,-0.358138,0.910529,0.287368,identity_certain
439,True,22,28,-7.397523,-1.770899,-1.617934,-2.90835,2.918548,-1.962362,-0.255854,-0.675155,0.854205,1.860714,2.179567,identity_certain
440,True,17,33,-6.598282,-1.310068,-1.191033,-1.754774,2.58069,1.091774,0.890158,1.189581,-1.449777,-0.608121,-1.01684,identity_certain
441,True,16,38,-7.47971,-0.784979,-0.59954,-1.163241,2.435672,0.989237,1.401771,2.455562,-0.544496,-0.307864,-1.755596,identity_certain
442,True,17,37,-7.048197,-1.1709,-1.422126,-1.595561,2.702816,-0.418576,-0.248464,0.279872,-0.017088,1.301616,0.736015,identity_certain
443,True,17,35,-7.471466,-1.332079,-0.626075,-1.057829,2.447711,-0.310875,1.550976,2.046836,-0.138571,-0.2653,-1.055769,identity_certain
444,True,18,39,-7.530673,-0.531451,-0.418718,0.287212,2.523405,-1.124744,0.06894,0.085121,0.450462,0.303272,-0.044922,identity_certain
445,True,17,34,-6.730472,-2.010813,-1.803084,-1.176103,3.002481,-1.903579,-0.61107,0.082525,0.911536,0.941823,0.010433,identity_certain
446,True,15,47,-7.657814,-1.168434,-1.336751,-1.852559,3.457574,-0.897655,0.105696,0.701725,-0.02951,1.293667,0.687905,identity_certain
447,True,16,38,-7.574906,-1.525351,-1.197442,-1.365101,2.744455,-1.318425,0.293036,-0.397088,0.826851,1.615754,1.335177,identity_certain
448,True,19,41,-8.471758,-0.758337,-0.709305,-0.536974,3.388105,1.396576,1.749682,1.114137,-2.345627,-0.509133,-0.045343,identity_certain
449,True,18,29,-9.392855,0.344244,0.45978,-0.154467,2.997336,0.602356,2.592357,4.031482,-0.817702,-1.118965,-2.771455,identity_certain
450,True,16,35,-6.642048,-0.997373,-1.835779,-1.164269,2.146009,-1.321867,-0.397584,0.192958,0.433054,1.242921,0.997367,identity_certain
451,True,18,35,-6.300424,-1.665568,-1.678449,-1.472463,2.205132,-1.65032,-0.086064,0.022372,0.197344,1.176548,0.121974,identity_certain
452,True,16,38,-7.360863,-1.605287,-1.309478,-2.039759,3.439913,1.405848,1.907707,1.538312,-2.728691,-0.759172,-1.063733,identity_certain
453,True,17,30,-6.868081,-1.902637,-1.576497,-1.350423,2.659542,-1.261877,-0.003912,-0.275013,0.096432,1.111572,0.824815,identity_certain
454,True,20,26,-7.720143,-1.08372,0.066257,0.1039,2.507329,0.845183,2.048686,1.760312,-1.376172,-1.814015,-1.792754,identity_certain
455,True,19,30,-7.524251,-1.21256,-0.735662,-0.907582,2.211924,-0.952525,0.10596,-0.162974,0.381908,1.531829,0.882621,identity_certain
456,True,17,33,-7.282579,-1.631502,-1.601556,-1.331181,2.014413,-2.321622,-0.8767,-0.995031,2.118098,2.908533,2.652069,identity_certain
457,True,17,39,-6.725137,-1.075196,-1.261571,-1.406267,2.357083,0.587496,1.572416,1.598884,-1.165252,-0.928791,-0.704575,identity_certain
458,True,19,31,-7.622471,-0.80596,-0.702957,-1.242776,2.51213,1.342444,1.844778,1.914388,-2.625408,-0.613174,-0.735894,identity_certain
459,True,17,31,-8.458975,-0.117686,0.26323,-1.155267,2.139929,-0.578378,1.179415,2.876133,0.928966,-0.153177,-1.070856,identity_certain
460,True,16,37,-7.17295,-0.843144,-0.856214,-0.648398,2.218738,-0.461462,0.441341,1.316971,0.016575,0.633067,-0.505592,identity_certain
461,True,18,44,-7.569126,-0.950322,-0.905997,-1.241735,2.92956,1.34098,2.109445,1.9194,-1.818993,-0.71501,-0.800806,identity_certain
462,True,17,43,-7.608461,-1.720299,-1.40982,-1.39997,3.152797,-1.202583,0.42683,0.294856,0.574192,1.176828,1.052914,identity_certain
463,True,17,32,-7.098336,-1.475901,-1.749468,-1.559312,2.971121,1.247334,1.991652,2.648107,-2.197213,-1.215986,-1.973973,identity_certain
464,True,16,36,-6.638926,-1.622454,-0.939934,-1.410784,2.322717,-0.780659,0.516226,0.435009,0.412724,0.373737,-0.282777,identity_certain
465,True,22,39,-6.965897,-1.27772,-1.885179,-1.546887,2.861729,-0.556965,0.032776,-0.305805,-1.377235,1.211994,1.092244,identity_certain
466,True,17,34,-8.496708,-0.257097,-0.264694,-0.379229,2.341474,-2.205191,-1.625449,-1.969972,1.958079,3.568853,3.008141,identity_certain
467,True,19,32,-7.149568,-0.783217,-1.083807,-1.10769,2.379001,-1.764435,-0.838793,-0.39939,0.634738,1.942039,0.798514,identity_certain
468,True,19,40,-7.249072,-1.003382,-0.431547,-0.542996,2.733799,-0.269272,0.371688,1.315363,-1.124366,0.259059,-1.048749,identity_certain
469,True,17,36,-5.863801,-2.087952,-2.30237,-1.277458,1.876835,-1.266718,-0.178727,-0.473445,0.376431,0.93423,1.254912,identity_certain
470,True,22,34,-7.959547,-0.606388,-1.02726,-1.411256,3.319601,-0.069776,0.484523,0.836256,-1.054238,0.426235,0.527223,identity_certain
471,True,21,29,-8.99736,-0.283415,0.17595,-0.36987,2.552541,0.979239,2.424905,2.780881,0.077393,-0.836131,-1.20909,identity_certain
472,True,29,31,-9.347583,1.321452,0.708311,1.30807,2.237877,0.797767,1.632829,2.420384,-0.88529,-0.325367,-1.444608,identity_certain
473,True,16,42,-6.971698,-0.82295,-0.384136,-0.516349,1.946855,-1.233346,-0.311674,-0.352482,0.627562,1.407257,0.811728,identity_certain
474,True,18,35,-6.676814,-1.372291,-1.727842,-2.016175,2.688285,-2.081272,-1.312437,-0.827399,0.16363,2.203496,1.644899,identity_certain
475,True,16,37,-6.524728,-1.958539,-1.855571,-2.313738,2.981707,-1.297692,-1.630729,-1.873373,-0.028808,2.102421,2.51445,identity_certain
476,True,17,36,-8.126534,-0.532103,0.041569,-0.031184,2.200117,0.008934,1.457142,2.096912,0.349826,-0.00081,-1.409445,identity_certain
477,True,18,28,-9.390888,0.431281,0.478882,-0.116916,2.158871,2.672142,3.412157,4.213731,-1.848805,-1.529921,-2.006846,identity_certain
478,True,18,34,-6.166459,-2.278773,-1.946858,-1.404472,2.608754,-1.992029,-0.752637,-0.192416,-0.45789,1.210927,0.511989,identity_certain
479,True,20,32,-8.378366,-0.390279,-0.300912,-1.275797,2.525652,0.083595,2.127316,2.631772,-0.206491,-0.0107,-1.460944,identity_certain
480,True,23,33,-7.926627,-0.783225,-0.922751,-1.208461,2.170625,-0.183199,1.164506,1.266354,-0.141888,0.948781,0.846514,identity_certain
481,True,16,37,-7.167066,-1.190907,-1.087116,-1.452037,2.912885,-0.630817,1.090337,2.473374,-0.343996,-0.327246,-1.93219,identity_certain
482,True,18,25,-6.956843,-1.223018,-1.26743,-1.789084,2.689761,0.048369,0.785534,0.66414,-0.691268,-0.036635,-0.719391,identity_certain
483,True,38,22,-10.137616,0.025233,0.792342,-0.323218,4.073028,-1.09274,1.388481,0.150951,-1.765385,-0.419989,-0.260259,identity_certain
484,True,18,35,-7.352129,-0.763846,-0.741102,-2.174665,2.484561,0.868245,0.975749,1.94754,-0.489941,-0.018345,-0.985893,identity_certain
485,True,19,35,-8.166858,-0.033632,0.279882,0.92075,2.590153,-1.307593,0.309332,0.747492,-0.298546,0.30498,-0.700281,identity_certain
486,True,17,40,-7.036837,-1.830848,-1.59416,-1.532477,2.849805,-2.276173,-0.3039,0.04257,1.27966,1.448515,1.03409,identity_certain
487,True,17,44,-7.3989,-0.663974,-1.109588,-0.99483,2.359496,0.76315,2.190064,2.83878,-0.742383,-0.830944,-1.389601,identity_certain
488,True,17,45,-6.136452,-1.696971,-1.489717,-1.399895,2.307084,0.185444,0.478797,0.848936,-0.893534,0.200268,-0.354403,identity_certain
489,True,18,38,-7.219137,-1.702513,-1.482207,-0.959884,2.413163,-1.234683,-0.105788,-0.163732,1.13348,1.311792,1.602192,identity_certain
490,True,16,37,-6.835753,-2.19941,-2.035901,-2.515412,2.63172,-1.564755,-1.373291,-1.474733,1.308685,3.062026,2.9321,identity_certain
491,True,16,35,-6.855411,-1.957934,-1.755967,-2.658541,3.229978,-1.606513,-0.238362,0.523147,0.254887,0.971186,0.314908,identity_certain
492,True,16,33,-7.206804,-1.101853,-1.410052,-0.989381,2.897695,-1.307209,1.007631,1.309203,0.131866,0.016585,-1.152912,identity_certain
493,True,19,30,-7.145774,-2.377963,-1.541991,-1.633212,2.922051,-2.587424,-0.458588,0.262303,1.216303,1.511656,0.483855,identity_certain
494,True,19,34,-6.61183,-2.333126,-1.893286,-2.422687,2.899097,-2.818663,-1.435287,-1.811488,1.067926,2.242934,2.667895,identity_certain
495,True,19,36,-8.237028,-0.082565,0.478334,0.087,2.598013,1.351504,2.407314,2.440486,-2.020555,-1.676832,-1.951823,identity_certain
496,True,18,29,-8.116221,-0.734293,-0.826104,-1.56655,2.814682,-1.424609,0.360209,1.652483,1.02842,0.603678,0.156276,identity_certain
497,True,17,31,-7.22647,-1.113357,-1.412929,-1.160533,2.086792,-2.081616,-1.309148,0.449032,1.343981,2.5537,1.193067,identity_certain
498,True,17,36,-7.922647,-0.691592,-0.820053,-0.90467,3.132668,-1.268602,1.070648,2.116013,0.136432,0.00539,-1.197598,identity_certain
