validation_pair_id,modeled_event_link,identity_match_uncertain,fuzzy_link,gap_link,fy2019_2020_bridge,name_similarity,same_municipality,same_official_code,configuration_matches,capacity_relative_change,start_year_change,reviewer_a_decision,reviewer_b_decision,adjudication,stable_site_id,match_family
LV0001,False,False,True,False,False,0.857143,True,True,5,0.000000,0.000000,same administrative facility history,same administrative facility history,same administrative facility history,site_67d2cfc728a8,official_code_with_other_support
LV0002,False,False,True,False,False,0.818182,True,True,5,0.000000,0.000000,same administrative facility history,same administrative facility history,same administrative facility history,site_f16076d7f3ff,official_code_with_other_support
LV0003,False,False,True,False,False,0.628571,True,True,5,0.000000,0.000000,same administrative facility history,same administrative facility history,same administrative facility history,site_f227b56b8d54,official_code_with_other_support
LV0004,False,False,True,False,False,0.909091,True,True,4,0.000000,0.000000,same administrative facility history,same administrative facility history,same administrative facility history,site_800ac1669524,official_code_with_other_support
LV0005,False,False,True,False,False,0.956522,False,True,5,0.000000,0.000000,same administrative facility history,same administrative facility history,same administrative facility history,site_405b07aba7b4,official_code_with_other_support
LV0006,False,False,True,False,False,0.846154,True,True,4,0.000000,0.000000,same administrative facility history,same administrative facility history,same administrative facility history,site_b5b0bd851959,official_code_with_other_support
LV0007,False,False,True,False,False,0.909091,False,True,5,0.000000,0.000000,same administrative facility history,same administrative facility history,same administrative facility history,site_d8ac7ec7d7e8,official_code_with_other_support
LV0008,False,False,True,False,False,0.866667,True,True,5,0.000000,0.000000,same administrative facility history,same administrative facility history,same administrative facility history,site_5d7261a35d23,official_code_with_other_support
LV0009,False,False,True,False,False,0.640000,True,True,5,0.000000,0.000000,same administrative facility history,same administrative facility history,same administrative facility history,site_9b595ea9bb1f,official_code_with_other_support
LV0010,False,False,True,False,False,0.692308,True,True,5,0.000000,0.000000,same administrative facility history,same administrative facility history,same administrative facility history,site_4487cd12b88a,official_code_with_other_support
LV0011,False,False,True,False,False,0.692308,True,True,5,0.000000,0.000000,same administrative facility history,same administrative facility history,same administrative facility history,site_494bf7fba587,official_code_with_other_support
LV0012,False,False,False,False,False,1.000000,False,True,5,0.000000,0.000000,same administrative facility history,same administrative facility history,same administrative facility history,site_0a78c67ba397,official_code_and_exact_name
LV0013,False,False,True,False,False,0.480000,True,True,5,0.000000,0.000000,same administrative facility history,same administrative facility history,same administrative facility history,site_d41e231ae50b,official_code_with_other_support
LV0014,False,False,True,False,False,0.800000,True,True,5,0.000000,0.000000,same administrative facility history,same administrative facility history,same administrative facility history,site_78528033d8a5,official_code_with_other_support
LV0015,False,False,True,False,False,0.777778,True,True,5,0.000000,0.000000,same administrative facility history,same administrative facility history,same administrative facility history,site_41265ce7f712,official_code_with_other_support
LV0016,False,False,True,False,False,0.857143,True,True,5,0.000000,0.000000,same administrative facility history,same administrative facility history,same administrative facility history,site_b5df6a88a449,official_code_with_other_support
LV0017,False,False,True,False,False,0.896552,True,False,4,0.500000,0.000000,same lineage but probable asset/configuration reset,same lineage but probable asset/configuration reset,same lineage but probable asset/configuration reset,site_aa9917c179e0,fuzzy_name_without_code
LV0018,False,False,True,False,False,0.272727,True,True,5,0.000000,0.000000,same administrative facility history,same administrative facility history,same administrative facility history,site_2b898fa7b2fb,official_code_with_other_support
LV0019,False,False,True,False,False,0.272727,True,True,5,0.000000,0.000000,same administrative facility history,same administrative facility history,same administrative facility history,site_ec46fd3ba2f3,official_code_with_other_support
LV0020,False,False,True,False,False,0.571429,True,True,5,0.000000,0.000000,same administrative facility history,same administrative facility history,same administrative facility history,site_78353e0ed76b,official_code_with_other_support
LV0021,False,False,True,False,False,0.571429,True,True,5,0.000000,0.000000,same administrative facility history,same administrative facility history,same administrative facility history,site_0e4a5e1c77b4,official_code_with_other_support
LV0022,False,False,True,False,False,0.529412,True,True,5,0.000000,0.000000,same administrative facility history,same administrative facility history,same administrative facility history,site_1945a19de22d,official_code_with_other_support
LV0023,False,False,True,False,False,0.727273,True,True,5,0.000000,0.000000,same administrative facility history,same administrative facility history,same administrative facility history,site_6a2323322026,official_code_with_other_support
LV0024,True,False,True,False,False,0.444444,True,True,2,0.115000,26.000000,same lineage but probable asset/configuration reset,same lineage but probable asset/configuration reset,same lineage but probable asset/configuration reset,site_6958d603c8ad,official_code_with_other_support
LV0025,False,False,True,False,False,0.733333,True,True,5,0.000000,0.000000,same administrative facility history,same administrative facility history,same administrative facility history,site_f7ab4d87540a,official_code_with_other_support
LV0026,False,False,True,False,False,0.866667,True,True,5,0.000000,0.000000,same administrative facility history,same administrative facility history,same administrative facility history,site_b1df8216d9a3,official_code_with_other_support
LV0027,False,False,True,False,False,0.000000,True,True,5,0.000000,0.000000,same administrative facility history,same administrative facility history,same administrative facility history,site_32d704e584b5,official_code_with_other_support
LV0028,False,False,True,False,False,0.960000,True,True,5,0.000000,0.000000,same administrative facility history,same administrative facility history,same administrative facility history,site_2c1bac05eb47,official_code_with_other_support
LV0029,False,False,True,False,False,0.470588,True,True,5,0.000000,0.000000,same administrative facility history,same administrative facility history,same administrative facility history,site_c902a93f1fb9,official_code_with_other_support
LV0030,False,False,True,False,False,0.800000,True,True,5,0.000000,0.000000,same administrative facility history,same administrative facility history,same administrative facility history,site_2866e4dc4cf2,official_code_with_other_support
LV0031,False,False,True,False,False,0.900000,True,True,5,0.000000,0.000000,same administrative facility history,same administrative facility history,same administrative facility history,site_2abe1ee2eca5,official_code_with_other_support
LV0032,False,False,True,False,False,0.869565,True,True,5,0.000000,0.000000,same administrative facility history,same administrative facility history,same administrative facility history,site_92033a6feccd,official_code_with_other_support
LV0033,False,False,True,False,False,0.823529,True,True,5,0.000000,0.000000,same administrative facility history,same administrative facility history,same administrative facility history,site_5ed4c324647d,official_code_with_other_support
LV0034,False,False,True,False,False,0.780488,True,True,5,0.000000,0.000000,same administrative facility history,same administrative facility history,same administrative facility history,site_432cd7d1a402,official_code_with_other_support
LV0035,False,False,True,False,False,0.962963,True,True,5,0.000000,0.000000,same administrative facility history,same administrative facility history,same administrative facility history,site_f4e6790c3fad,official_code_with_other_support
LV0036,False,False,True,False,False,0.956522,True,True,5,0.000000,0.000000,same administrative facility history,same administrative facility history,same administrative facility history,site_23a731f2b46d,official_code_with_other_support
LV0037,False,False,True,False,False,0.764706,True,True,5,0.000000,0.000000,same administrative facility history,same administrative facility history,same administrative facility history,site_cabcfd4ead76,official_code_with_other_support
LV0038,False,False,True,False,False,0.769231,True,True,5,0.500000,0.000000,same lineage but probable asset/configuration reset,same lineage but probable asset/configuration reset,same lineage but probable asset/configuration reset,site_25afa92e20bf,official_code_with_other_support
LV0039,False,False,True,False,False,0.869565,True,True,5,0.000000,0.000000,same administrative facility history,same administrative facility history,same administrative facility history,site_85a9cc1a75a3,official_code_with_other_support
LV0040,False,False,True,False,False,0.880000,True,True,4,0.000000,0.000000,same administrative facility history,same administrative facility history,same administrative facility history,site_76c84dcffc1f,official_code_with_other_support
LV0041,False,False,True,False,False,0.869565,True,True,4,0.000000,0.000000,same administrative facility history,same administrative facility history,same administrative facility history,site_d2c867d5d067,official_code_with_other_support
LV0042,False,False,True,False,False,0.500000,True,True,5,0.000000,0.000000,same administrative facility history,same administrative facility history,same administrative facility history,site_56af18d0f81b,official_code_with_other_support
LV0043,False,False,True,False,False,0.838710,True,True,5,0.000000,0.000000,same administrative facility history,same administrative facility history,same administrative facility history,site_283d0c9c0a0b,official_code_with_other_support
LV0044,False,False,True,False,False,0.857143,True,True,5,0.000000,0.000000,same administrative facility history,same administrative facility history,same administrative facility history,site_2588b115e7e1,official_code_with_other_support
LV0045,False,False,True,False,False,0.780488,False,True,5,0.000000,0.000000,same administrative facility history,same administrative facility history,same administrative facility history,site_b9c4812c0aab,official_code_with_other_support
LV0046,False,False,True,False,False,0.869565,True,True,5,0.000000,0.000000,same administrative facility history,same administrative facility history,same administrative facility history,site_a747abe0d27b,official_code_with_other_support
LV0047,False,False,True,False,False,0.551724,True,True,5,0.000000,0.000000,same administrative facility history,same administrative facility history,same administrative facility history,site_893121308be0,official_code_with_other_support
LV0048,False,False,True,False,False,0.500000,True,True,5,0.000000,0.000000,same administrative facility history,same administrative facility history,same administrative facility history,site_6177a00b12d2,official_code_with_other_support
LV0049,False,False,True,False,False,0.480000,True,True,5,0.000000,0.000000,same administrative facility history,same administrative facility history,same administrative facility history,site_e25244c8c681,official_code_with_other_support
LV0050,False,False,True,False,False,0.333333,True,True,5,0.000000,0.000000,same administrative facility history,same administrative facility history,same administrative facility history,site_11ce7bb61010,official_code_with_other_support
LV0051,False,False,True,False,False,0.758621,True,True,5,0.000000,0.000000,same administrative facility history,same administrative facility history,same administrative facility history,site_760d2f4736f5,official_code_with_other_support
LV0052,False,False,True,False,False,0.857143,True,True,5,0.000000,0.000000,same administrative facility history,same administrative facility history,same administrative facility history,site_de743bd1d2ce,official_code_with_other_support
LV0053,False,False,True,False,False,0.952381,True,True,5,0.000000,0.000000,same administrative facility history,same administrative facility history,same administrative facility history,site_b35917b9f097,official_code_with_other_support
LV0054,False,False,True,False,False,0.380952,True,True,4,0.000000,0.000000,same administrative facility history,same administrative facility history,same administrative facility history,site_8cd31d881282,official_code_with_other_support
LV0055,False,False,True,False,False,0.512821,True,True,5,0.000000,0.000000,same administrative facility history,same administrative facility history,same administrative facility history,site_4021e21aca65,official_code_with_other_support
LV0056,False,False,True,False,False,0.900000,True,True,5,0.000000,0.000000,same administrative facility history,same administrative facility history,same administrative facility history,site_8d1701eebfa2,official_code_with_other_support
LV0057,False,False,True,False,False,0.846154,True,True,5,0.000000,0.000000,same administrative facility history,same administrative facility history,same administrative facility history,site_7671639bb71e,official_code_with_other_support
LV0058,False,False,True,False,False,0.842105,True,True,5,0.000000,0.000000,same administrative facility history,same administrative facility history,same administrative facility history,site_4a00a5bd7e56,official_code_with_other_support
LV0059,False,False,True,False,False,0.666667,True,True,5,0.000000,0.000000,same administrative facility history,same administrative facility history,same administrative facility history,site_6d0f3b454673,official_code_with_other_support
LV0060,True,False,False,False,False,1.000000,True,True,5,0.000000,0.000000,same administrative facility history,same administrative facility history,same administrative facility history,site_023193e1d0b7,official_code_and_exact_name
LV0061,False,False,True,False,False,0.666667,True,True,5,0.000000,0.000000,same administrative facility history,same administrative facility history,same administrative facility history,site_f5ce95f6fa72,official_code_with_other_support
LV0062,False,False,True,False,False,0.875000,True,True,5,0.000000,0.000000,same administrative facility history,same administrative facility history,same administrative facility history,site_fee4b850927d,official_code_with_other_support
LV0063,False,False,True,False,False,0.666667,True,True,5,0.000000,0.000000,same administrative facility history,same administrative facility history,same administrative facility history,site_cee62c803612,official_code_with_other_support
LV0064,False,False,True,False,False,0.500000,True,True,4,0.000000,0.000000,same administrative facility history,same administrative facility history,same administrative facility history,site_d94c457807c6,official_code_with_other_support
LV0065,False,False,False,False,False,1.000000,True,True,5,0.000000,0.000000,same administrative facility history,same administrative facility history,same administrative facility history,site_554dee24d43d,official_code_and_exact_name
LV0066,False,False,False,False,False,1.000000,True,True,5,0.000000,0.000000,same administrative facility history,same administrative facility history,same administrative facility history,site_6468b1d26599,official_code_and_exact_name
LV0067,False,False,True,False,False,0.750000,True,True,5,0.500000,0.000000,same lineage but probable asset/configuration reset,same lineage but probable asset/configuration reset,same lineage but probable asset/configuration reset,site_fae303106669,official_code_with_other_support
LV0068,False,False,True,False,False,0.666667,True,True,5,0.000000,0.000000,same administrative facility history,same administrative facility history,same administrative facility history,site_047902257ca2,official_code_with_other_support
LV0069,False,False,True,False,False,0.833333,True,True,5,0.500000,0.000000,same lineage but probable asset/configuration reset,same lineage but probable asset/configuration reset,same lineage but probable asset/configuration reset,site_939b7256f578,official_code_with_other_support
LV0070,False,False,True,False,False,0.857143,True,True,5,0.000000,0.000000,same administrative facility history,same administrative facility history,same administrative facility history,site_11151d903f0f,official_code_with_other_support
LV0071,False,False,True,False,False,0.606061,True,True,5,0.000000,0.000000,same administrative facility history,same administrative facility history,same administrative facility history,site_23e54e864218,official_code_with_other_support
LV0072,False,False,True,False,False,0.666667,True,True,5,0.000000,0.000000,same administrative facility history,same administrative facility history,same administrative facility history,site_cbd805d8ec9e,official_code_with_other_support
LV0073,True,False,False,False,False,1.000000,True,True,5,0.000000,0.000000,same administrative facility history,same administrative facility history,same administrative facility history,site_4d342980f1a6,official_code_and_exact_name
LV0074,False,False,True,False,False,0.000000,True,True,5,0.000000,0.000000,same administrative facility history,same administrative facility history,same administrative facility history,site_5f5a070268a9,official_code_with_other_support
LV0075,False,False,True,False,False,0.814815,True,True,4,0.500000,0.000000,same lineage but probable asset/configuration reset,same lineage but probable asset/configuration reset,same lineage but probable asset/configuration reset,site_1709aa078c2e,official_code_with_other_support
LV0076,False,False,True,False,False,0.480000,True,True,5,0.000000,0.000000,same administrative facility history,same administrative facility history,same administrative facility history,site_9022b246f90e,official_code_with_other_support
LV0077,False,False,True,False,False,0.650000,True,True,5,0.000000,0.000000,same administrative facility history,same administrative facility history,same administrative facility history,site_c267c9b45fe6,official_code_with_other_support
LV0078,False,False,True,False,False,0.869565,True,True,5,0.000000,0.000000,same administrative facility history,same administrative facility history,same administrative facility history,site_5fda287588d2,official_code_with_other_support
LV0079,False,False,True,False,False,0.769231,True,True,5,0.000000,0.000000,same administrative facility history,same administrative facility history,same administrative facility history,site_2ed84204e274,official_code_with_other_support
LV0080,False,False,True,False,False,0.842105,True,True,5,0.125000,0.000000,same administrative facility history,same administrative facility history,same administrative facility history,site_4739f88bb57b,official_code_with_other_support
LV0081,False,False,True,False,False,0.869565,True,True,5,0.000000,0.000000,same administrative facility history,same administrative facility history,same administrative facility history,site_93191f1624ce,official_code_with_other_support
LV0082,True,False,False,False,False,1.000000,True,True,5,0.000000,0.000000,same administrative facility history,same administrative facility history,same administrative facility history,site_b46782955f68,official_code_and_exact_name
LV0083,False,False,True,False,False,0.818182,True,True,5,0.000000,0.000000,same administrative facility history,same administrative facility history,same administrative facility history,site_40f25fd501be,official_code_with_other_support
LV0084,False,False,True,False,False,0.347826,True,True,5,0.500000,0.000000,same lineage but probable asset/configuration reset,same lineage but probable asset/configuration reset,same lineage but probable asset/configuration reset,site_f8ba58ed7dfa,official_code_with_other_support
LV0085,False,False,True,False,False,0.962963,True,True,5,0.000000,0.000000,same administrative facility history,same administrative facility history,same administrative facility history,site_b11f6c8c071a,official_code_with_other_support
LV0086,False,False,True,False,False,0.785714,True,True,5,0.000000,0.000000,same administrative facility history,same administrative facility history,same administrative facility history,site_0126090c7f34,official_code_with_other_support
LV0087,False,False,True,False,False,0.952381,True,True,5,0.000000,0.000000,same administrative facility history,same administrative facility history,same administrative facility history,site_ac0792fbd391,official_code_with_other_support
LV0088,False,True,False,False,False,1.000000,True,False,5,0.000000,0.000000,same administrative facility history,same administrative facility history,same administrative facility history,site_2f8dbc35a0b2,exact_name_without_code
LV0089,False,False,True,False,False,0.956522,False,False,5,0.000000,0.000000,different facility history,different facility history,unresolved: external evidence required,site_3779725fa511,fuzzy_name_without_code
LV0090,False,False,False,False,False,1.000000,True,True,5,0.000000,0.000000,same administrative facility history,same administrative facility history,same administrative facility history,site_6c3e27529c90,official_code_and_exact_name
LV0091,False,False,True,False,False,0.424242,True,True,5,0.000000,0.000000,same administrative facility history,same administrative facility history,same administrative facility history,site_b5b0bd851959,official_code_with_other_support
LV0092,False,False,True,False,False,0.969697,True,True,5,0.000000,0.000000,same administrative facility history,same administrative facility history,same administrative facility history,site_d2a74c651c62,official_code_with_other_support
LV0093,False,False,True,False,False,0.588235,True,True,5,0.000000,0.000000,same administrative facility history,same administrative facility history,same administrative facility history,site_8a69384a06b7,official_code_with_other_support
LV0094,False,False,True,False,False,0.692308,True,True,5,0.000000,0.000000,same administrative facility history,same administrative facility history,same administrative facility history,site_f93d9f2c9202,official_code_with_other_support
LV0095,False,False,True,False,False,0.941176,False,False,5,0.000000,0.000000,different facility history,different facility history,unresolved: external evidence required,site_78353e0ed76b,fuzzy_name_without_code
LV0096,False,False,False,False,False,1.000000,True,True,5,0.000000,0.000000,same administrative facility history,same administrative facility history,same administrative facility history,site_f576e331e46a,official_code_and_exact_name
LV0097,False,False,True,False,False,0.937500,True,True,5,0.000000,0.000000,same administrative facility history,same administrative facility history,same administrative facility history,site_f602e5c5af2d,official_code_with_other_support
LV0098,False,False,True,False,False,0.937500,True,True,5,0.000000,0.000000,same administrative facility history,same administrative facility history,same administrative facility history,site_957517517f25,official_code_with_other_support
LV0099,False,False,True,False,False,0.916667,True,True,5,0.000000,0.000000,same administrative facility history,same administrative facility history,same administrative facility history,site_9a6ceb257643,official_code_with_other_support
LV0100,False,False,True,False,False,0.909091,True,True,5,0.000000,0.000000,same administrative facility history,same administrative facility history,same administrative facility history,site_0c4ac16343f3,official_code_with_other_support
LV0101,False,False,True,False,False,0.909091,True,True,5,0.000000,0.000000,same administrative facility history,same administrative facility history,same administrative facility history,site_aca534398680,official_code_with_other_support
LV0102,False,False,True,False,False,0.909091,True,True,5,0.000000,0.000000,same administrative facility history,same administrative facility history,same administrative facility history,site_e3d666144884,official_code_with_other_support
LV0103,False,False,True,False,False,0.909091,True,True,5,0.000000,0.000000,same administrative facility history,same administrative facility history,same administrative facility history,site_3bce33ac97d3,official_code_with_other_support
LV0104,False,False,True,False,False,0.956522,True,True,5,0.000000,0.000000,same administrative facility history,same administrative facility history,same administrative facility history,site_2fa44c7ffbaa,official_code_with_other_support
LV0105,False,False,True,False,False,0.900000,True,True,5,0.000000,0.000000,same administrative facility history,same administrative facility history,same administrative facility history,site_0b106bd2c83c,official_code_with_other_support
LV0106,False,False,True,False,False,0.909091,True,True,5,0.000000,0.000000,same administrative facility history,same administrative facility history,same administrative facility history,site_01646d0393a5,official_code_with_other_support
LV0107,False,False,True,False,False,0.909091,True,True,5,0.000000,0.000000,same administrative facility history,same administrative facility history,same administrative facility history,site_bcac62af2531,official_code_with_other_support
LV0108,False,False,True,False,False,0.909091,True,True,5,0.000000,0.000000,same administrative facility history,same administrative facility history,same administrative facility history,site_dadbb12fb988,official_code_with_other_support
LV0109,False,False,True,False,False,0.848485,True,True,5,0.000000,0.000000,same administrative facility history,same administrative facility history,same administrative facility history,site_6958d603c8ad,official_code_with_other_support
LV0110,False,False,True,False,False,0.571429,True,True,4,0.000000,1.000000,same administrative facility history,same administrative facility history,same administrative facility history,site_4e0dd7f7a0ff,official_code_with_other_support
LV0111,False,False,True,False,False,0.962963,True,True,4,0.500000,0.000000,same lineage but probable asset/configuration reset,same lineage but probable asset/configuration reset,same lineage but probable asset/configuration reset,site_6b5f8681e384,official_code_with_other_support
LV0112,False,False,True,False,False,0.857143,True,True,4,0.520000,0.000000,same lineage but probable asset/configuration reset,same lineage but probable asset/configuration reset,same lineage but probable asset/configuration reset,site_35134d36c0f7,official_code_with_other_support
LV0113,False,False,True,False,False,0.888889,True,True,5,0.259259,0.000000,same administrative facility history,same administrative facility history,same administrative facility history,site_18f0ed169c0f,official_code_with_other_support
LV0114,False,False,True,False,False,0.000000,True,True,5,0.000000,0.000000,same administrative facility history,same administrative facility history,same administrative facility history,site_daef99c09c96,official_code_with_other_support
LV0115,False,False,True,False,False,0.960000,True,False,5,0.000000,0.000000,same administrative facility history,same administrative facility history,same administrative facility history,site_2c1bac05eb47,fuzzy_name_without_code
LV0116,False,True,False,False,False,1.000000,True,False,5,0.000000,0.000000,same administrative facility history,same administrative facility history,same administrative facility history,site_fb214fdee22e,exact_name_without_code
LV0117,False,False,True,False,False,0.933333,True,True,5,0.000000,0.000000,same administrative facility history,same administrative facility history,same administrative facility history,site_4523ef04b7b0,official_code_with_other_support
LV0118,False,False,True,False,False,0.800000,True,True,3,0.625000,15.000000,same lineage but probable asset/configuration reset,same lineage but probable asset/configuration reset,same lineage but probable asset/configuration reset,site_a4b504bcfc12,official_code_with_other_support
LV0119,False,False,True,False,False,0.444444,True,True,5,0.000000,0.000000,same administrative facility history,same administrative facility history,same administrative facility history,site_b4a84489dafa,official_code_with_other_support
LV0120,False,True,False,False,False,1.000000,True,False,5,0.000000,0.000000,same administrative facility history,same administrative facility history,same administrative facility history,site_dc23d33ef704,exact_name_without_code
LV0121,False,False,True,False,False,0.375000,True,True,3,0.500000,0.000000,same lineage but probable asset/configuration reset,same lineage but probable asset/configuration reset,same lineage but probable asset/configuration reset,site_9f7992df30c2,official_code_with_other_support
LV0122,False,False,True,False,False,0.769231,True,True,5,0.000000,0.000000,same administrative facility history,same administrative facility history,same administrative facility history,site_45c3d4617f52,official_code_with_other_support
LV0123,False,False,True,False,False,0.714286,True,True,5,0.000000,0.000000,same administrative facility history,same administrative facility history,same administrative facility history,site_b402f93877ea,official_code_with_other_support
LV0124,False,True,False,False,False,1.000000,True,False,5,0.000000,0.000000,same administrative facility history,same administrative facility history,same administrative facility history,site_8040cc56c327,exact_name_without_code
LV0125,False,False,True,False,False,0.181818,True,True,5,0.000000,0.000000,same administrative facility history,same administrative facility history,same administrative facility history,site_ca01614b72e1,official_code_with_other_support
LV0126,False,False,True,False,False,0.769231,True,True,5,0.000000,0.000000,same administrative facility history,same administrative facility history,same administrative facility history,site_e7f23194b740,official_code_with_other_support
LV0127,False,False,True,False,False,0.750000,True,True,5,0.000000,0.000000,same administrative facility history,same administrative facility history,same administrative facility history,site_6ce0f238267a,official_code_with_other_support
LV0128,False,False,True,False,False,0.444444,True,True,5,0.000000,0.000000,same administrative facility history,same administrative facility history,same administrative facility history,site_421b2664bbcd,official_code_with_other_support
LV0129,False,False,False,False,False,1.000000,True,True,5,0.000000,0.000000,same administrative facility history,same administrative facility history,same administrative facility history,site_047902257ca2,official_code_and_exact_name
LV0130,False,False,False,False,False,1.000000,True,True,5,0.000000,0.000000,same administrative facility history,same administrative facility history,same administrative facility history,site_c77037bdc8dd,official_code_and_exact_name
LV0131,False,True,False,False,False,1.000000,True,False,5,0.000000,0.000000,same administrative facility history,same administrative facility history,same administrative facility history,site_60d6f9426708,exact_name_without_code
LV0132,False,False,True,False,False,0.588235,True,True,5,0.000000,0.000000,same administrative facility history,same administrative facility history,same administrative facility history,site_c0252315db6b,official_code_with_other_support
LV0133,False,False,True,False,False,0.588235,True,True,5,0.000000,0.000000,same administrative facility history,same administrative facility history,same administrative facility history,site_06b7a60f768e,official_code_with_other_support
LV0134,False,False,True,False,False,0.941176,False,False,5,0.000000,0.000000,different facility history,different facility history,unresolved: external evidence required,site_194458238f66,fuzzy_name_without_code
LV0135,False,True,True,False,False,0.952381,True,True,5,0.000000,0.000000,same administrative facility history,same administrative facility history,same administrative facility history,site_c4026d4b0a5a,official_code_with_other_support
LV0136,False,False,False,False,False,1.000000,True,True,5,0.000000,0.000000,same administrative facility history,same administrative facility history,same administrative facility history,site_47a4d1ed3826,official_code_and_exact_name
LV0137,False,True,False,False,False,1.000000,True,True,4,0.000000,17.000000,same lineage but probable asset/configuration reset,same lineage but probable asset/configuration reset,same lineage but probable asset/configuration reset,site_8cdea4ac5e04,official_code_and_exact_name
LV0138,False,False,False,False,False,1.000000,True,True,5,0.000000,0.000000,same administrative facility history,same administrative facility history,same administrative facility history,site_51352ca85af1,official_code_and_exact_name
LV0139,False,False,True,False,False,0.848485,True,False,3,0.000000,1.000000,same administrative facility history,same administrative facility history,same administrative facility history,site_6958d603c8ad,fuzzy_name_without_code
LV0140,True,False,False,False,False,1.000000,True,True,5,0.000000,0.000000,same administrative facility history,same administrative facility history,same administrative facility history,site_e25e6a6fd862,official_code_and_exact_name
LV0141,False,False,True,False,False,0.571429,True,True,5,0.000000,0.000000,same administrative facility history,same administrative facility history,same administrative facility history,site_9c8574da0d51,official_code_with_other_support
LV0142,False,False,True,False,False,0.965517,True,False,5,0.000000,0.000000,same administrative facility history,same administrative facility history,same administrative facility history,site_2f4e08c84e7b,fuzzy_name_without_code
LV0143,False,False,False,False,False,1.000000,True,False,5,0.000000,0.000000,same administrative facility history,same administrative facility history,same administrative facility history,site_70be192328da,exact_name_without_code
LV0144,False,False,False,False,False,1.000000,True,True,5,0.000000,0.000000,same administrative facility history,same administrative facility history,same administrative facility history,site_622d5cc5623d,official_code_and_exact_name
LV0145,False,False,True,False,False,0.941176,True,False,5,0.000000,0.000000,same administrative facility history,same administrative facility history,same administrative facility history,site_9b026be29ba3,fuzzy_name_without_code
LV0146,False,False,True,False,False,0.700000,True,False,4,0.000000,0.000000,same administrative facility history,indeterminate from available evidence,same administrative facility history,site_2588b115e7e1,fuzzy_name_without_code
LV0147,False,False,False,True,False,1.000000,False,False,5,0.000000,0.000000,different facility history,different facility history,unresolved: external evidence required,site_386ae22e7c76,exact_name_without_code
LV0148,False,False,False,True,False,1.000000,True,False,5,0.000000,0.000000,same administrative facility history,same administrative facility history,same administrative facility history,site_098dab68b725,exact_name_without_code
LV0149,False,False,False,True,False,1.000000,True,False,5,0.000000,0.000000,same administrative facility history,same administrative facility history,same administrative facility history,site_6b7c5324ce14,exact_name_without_code
LV0150,False,False,True,False,False,0.838710,True,False,5,0.000000,0.000000,same administrative facility history,same administrative facility history,same administrative facility history,site_74a8a504bf33,fuzzy_name_without_code
LV0151,False,False,True,False,False,0.818182,True,False,5,0.000000,0.000000,same administrative facility history,same administrative facility history,same administrative facility history,site_b0e63b4fef96,fuzzy_name_without_code
LV0152,False,False,True,False,False,0.900000,True,False,5,0.000000,0.000000,same administrative facility history,same administrative facility history,same administrative facility history,site_5c96a6714cde,fuzzy_name_without_code
LV0153,False,False,True,False,False,0.888889,True,True,5,0.000000,0.000000,same administrative facility history,same administrative facility history,same administrative facility history,site_294a702ba911,official_code_with_other_support
LV0154,False,False,True,False,False,0.909091,True,False,5,0.000000,0.000000,same administrative facility history,same administrative facility history,same administrative facility history,site_800ac1669524,fuzzy_name_without_code
LV0155,False,False,True,False,False,0.000000,True,True,5,0.000000,0.000000,same administrative facility history,same administrative facility history,same administrative facility history,site_60169cb4b6b2,official_code_with_other_support
LV0156,False,False,True,False,False,0.500000,True,True,5,0.000000,0.000000,same administrative facility history,same administrative facility history,same administrative facility history,site_fdb471197a8b,official_code_with_other_support
LV0157,False,False,False,False,False,1.000000,True,True,5,0.000000,0.000000,same administrative facility history,same administrative facility history,same administrative facility history,site_9bd0db5b347e,official_code_and_exact_name
LV0158,False,False,True,False,False,0.842105,True,True,5,0.000000,0.000000,same administrative facility history,same administrative facility history,same administrative facility history,site_0fca746b4638,official_code_with_other_support
LV0159,False,False,True,False,False,0.956522,True,False,5,0.000000,0.000000,same administrative facility history,same administrative facility history,same administrative facility history,site_405b07aba7b4,fuzzy_name_without_code
LV0160,False,False,True,False,False,0.800000,True,True,5,0.000000,0.000000,same administrative facility history,same administrative facility history,same administrative facility history,site_2bc421ab5239,official_code_with_other_support
LV0161,False,False,True,True,False,0.682927,True,True,4,0.000000,0.000000,same administrative facility history,same administrative facility history,same administrative facility history,site_2c9d092e9ed6,official_code_with_other_support
LV0162,False,False,True,False,False,0.941176,False,False,5,0.000000,0.000000,different facility history,different facility history,unresolved: external evidence required,site_6e0d45825fbd,fuzzy_name_without_code
LV0163,False,False,True,False,False,0.871795,True,True,3,0.250000,3.000000,same administrative facility history,same lineage but probable asset/configuration reset,same lineage but probable asset/configuration reset,site_ee520af3baf1,official_code_with_other_support
LV0164,False,False,True,False,False,0.952381,True,True,5,0.000000,0.000000,same administrative facility history,same administrative facility history,same administrative facility history,site_5d140c391609,official_code_with_other_support
LV0165,False,False,True,False,False,0.947368,True,False,0,0.062500,34.000000,same lineage but probable asset/configuration reset,indeterminate from available evidence,unresolved: external evidence required,site_2abe1ee2eca5,fuzzy_name_without_code
LV0166,False,False,True,False,False,0.363636,True,True,5,0.000000,0.000000,same administrative facility history,same administrative facility history,same administrative facility history,site_3cc6d1f92d3e,official_code_with_other_support
LV0167,False,False,True,False,False,0.352941,True,True,5,0.000000,0.000000,same administrative facility history,same administrative facility history,same administrative facility history,site_3c6da1ad8d91,official_code_with_other_support
LV0168,False,False,True,False,False,0.933333,False,False,5,0.500000,0.000000,different facility history,different facility history,unresolved: external evidence required,site_25afa92e20bf,fuzzy_name_without_code
LV0169,False,False,False,True,False,1.000000,True,True,5,0.000000,0.000000,same administrative facility history,same administrative facility history,same administrative facility history,site_54043b0c5ee3,official_code_and_exact_name
LV0170,False,False,False,False,False,1.000000,True,True,5,0.000000,0.000000,same administrative facility history,same administrative facility history,same administrative facility history,site_89e58126fca0,official_code_and_exact_name
LV0171,False,False,False,False,False,1.000000,True,True,5,0.000000,0.000000,same administrative facility history,same administrative facility history,same administrative facility history,site_f518b5c195e1,official_code_and_exact_name
LV0172,False,False,True,False,False,0.875000,True,True,5,0.000000,0.000000,same administrative facility history,same administrative facility history,same administrative facility history,site_67663a90c982,official_code_with_other_support
LV0173,False,False,True,False,False,0.888889,True,True,5,0.000000,0.000000,same administrative facility history,same administrative facility history,same administrative facility history,site_0462ddf9f90b,official_code_with_other_support
LV0174,False,False,True,False,False,0.875000,True,True,5,0.000000,0.000000,same administrative facility history,same administrative facility history,same administrative facility history,site_29df7a431064,official_code_with_other_support
LV0175,False,False,True,True,False,0.900000,True,True,5,0.000000,0.000000,same administrative facility history,same administrative facility history,same administrative facility history,site_8d1701eebfa2,official_code_with_other_support
LV0176,False,False,True,False,False,0.875000,True,True,5,0.000000,0.000000,same administrative facility history,same administrative facility history,same administrative facility history,site_9f7992df30c2,official_code_with_other_support
LV0177,False,False,True,True,False,0.700000,True,False,4,0.250000,6.000000,same lineage but probable asset/configuration reset,indeterminate from available evidence,same lineage but probable asset/configuration reset,site_74d821747cd6,fuzzy_name_without_code
LV0178,False,False,True,True,False,0.875000,True,True,5,0.000000,0.000000,same administrative facility history,same administrative facility history,same administrative facility history,site_fee4b850927d,official_code_with_other_support
LV0179,False,False,False,True,False,1.000000,True,False,5,0.000000,0.000000,same administrative facility history,same administrative facility history,same administrative facility history,site_948b6e093f85,exact_name_without_code
LV0180,False,False,True,False,False,0.952381,False,False,5,0.000000,0.000000,different facility history,different facility history,unresolved: external evidence required,site_78c2d56b5f7e,fuzzy_name_without_code
LV0181,True,False,False,False,False,1.000000,True,True,4,0.181818,31.000000,same lineage but probable asset/configuration reset,same lineage but probable asset/configuration reset,same lineage but probable asset/configuration reset,site_4f527b1e3732,official_code_and_exact_name
LV0182,True,False,False,False,False,1.000000,True,True,5,0.000000,0.000000,same administrative facility history,same administrative facility history,same administrative facility history,site_ebcd098807af,official_code_and_exact_name
LV0183,False,False,False,False,False,1.000000,True,True,5,0.000000,0.000000,same administrative facility history,same administrative facility history,same administrative facility history,site_05c6e6c7319c,official_code_and_exact_name
LV0184,False,False,False,False,False,1.000000,True,True,5,0.000000,0.000000,same administrative facility history,same administrative facility history,same administrative facility history,site_a55400ec3a0f,official_code_and_exact_name
LV0185,False,False,True,False,False,0.727273,True,True,5,0.000000,0.000000,same administrative facility history,same administrative facility history,same administrative facility history,site_ea4fe30f106f,official_code_with_other_support
LV0186,False,False,True,False,False,0.888889,True,False,5,0.000000,0.000000,same administrative facility history,same administrative facility history,same administrative facility history,site_67d2cfc728a8,fuzzy_name_without_code
LV0187,False,False,True,False,False,0.533333,True,False,5,0.000000,0.000000,same administrative facility history,same administrative facility history,same administrative facility history,site_f0d4f0ad9d25,fuzzy_name_without_code
LV0188,False,False,True,False,False,0.833333,True,False,5,0.000000,0.000000,same administrative facility history,same administrative facility history,same administrative facility history,site_c75e7fb15e8a,fuzzy_name_without_code
LV0189,False,False,False,False,False,1.000000,True,False,5,0.000000,0.000000,same administrative facility history,same administrative facility history,same administrative facility history,site_4a212c382b67,exact_name_without_code
LV0190,False,False,True,False,False,0.733333,True,False,5,0.000000,0.000000,same administrative facility history,same administrative facility history,same administrative facility history,site_61cc6e4668c5,fuzzy_name_without_code
LV0191,False,False,True,False,False,0.733333,True,False,5,0.000000,0.000000,same administrative facility history,same administrative facility history,same administrative facility history,site_1fec7e8f55c3,fuzzy_name_without_code
LV0192,False,False,True,False,False,0.965517,True,False,5,0.000000,0.000000,same administrative facility history,same administrative facility history,same administrative facility history,site_6958d603c8ad,fuzzy_name_without_code
LV0193,False,False,False,False,False,1.000000,True,False,5,0.000000,0.000000,same administrative facility history,same administrative facility history,same administrative facility history,site_a434674ecedf,exact_name_without_code
LV0194,False,False,True,False,False,0.903226,True,False,5,0.000000,0.000000,same administrative facility history,same administrative facility history,same administrative facility history,site_f576e331e46a,fuzzy_name_without_code
LV0195,True,False,False,False,False,1.000000,True,False,4,0.091667,24.000000,same lineage but probable asset/configuration reset,same lineage but probable asset/configuration reset,same lineage but probable asset/configuration reset,site_46a5344f27b5,exact_name_without_code
LV0196,False,False,False,False,False,1.000000,True,False,4,1.000000,0.000000,same lineage but probable asset/configuration reset,same lineage but probable asset/configuration reset,same lineage but probable asset/configuration reset,site_49ababfc9f82,exact_name_without_code
LV0197,False,False,True,False,False,0.750000,True,False,5,0.000000,0.000000,same administrative facility history,same administrative facility history,same administrative facility history,site_d23b768d16db,fuzzy_name_without_code
LV0198,False,False,True,False,False,0.818182,True,False,5,0.000000,0.000000,same administrative facility history,same administrative facility history,same administrative facility history,site_9b026be29ba3,fuzzy_name_without_code
LV0199,False,False,True,False,False,0.947368,True,False,5,0.000000,0.000000,same administrative facility history,same administrative facility history,same administrative facility history,site_96bf00f98e1d,fuzzy_name_without_code
LV0200,False,False,True,False,False,0.846154,True,False,5,0.000000,0.000000,same administrative facility history,same administrative facility history,same administrative facility history,site_89e58126fca0,fuzzy_name_without_code
LV0201,True,False,True,False,False,0.952381,True,False,2,0.703704,20.000000,same lineage but probable asset/configuration reset,indeterminate from available evidence,unresolved: external evidence required,site_e22135c6e858,fuzzy_name_without_code
LV0202,False,False,False,False,False,1.000000,True,False,5,0.000000,0.000000,same administrative facility history,same administrative facility history,same administrative facility history,site_13f699d0816a,exact_name_without_code
LV0203,False,False,True,False,False,0.923077,True,False,5,0.000000,0.000000,same administrative facility history,same administrative facility history,same administrative facility history,site_fd3a613496aa,fuzzy_name_without_code
LV0204,False,False,True,False,False,0.777778,True,False,5,0.000000,0.000000,same administrative facility history,same administrative facility history,same administrative facility history,site_fc477f046dca,fuzzy_name_without_code
LV0205,False,False,False,False,False,1.000000,True,False,5,0.000000,0.000000,same administrative facility history,same administrative facility history,same administrative facility history,site_b462f8860700,exact_name_without_code
LV0206,False,False,True,False,False,0.875000,True,False,5,0.000000,0.000000,same administrative facility history,same administrative facility history,same administrative facility history,site_e6ae7274ba60,fuzzy_name_without_code
LV0207,False,False,True,False,False,0.785714,True,False,5,0.000000,0.000000,same administrative facility history,same administrative facility history,same administrative facility history,site_83114b80b276,fuzzy_name_without_code
LV0208,False,False,True,False,False,0.800000,True,False,5,0.000000,0.000000,same administrative facility history,same administrative facility history,same administrative facility history,site_9e92f415a9a7,fuzzy_name_without_code
LV0209,False,False,False,False,False,1.000000,True,False,5,0.000000,0.000000,same administrative facility history,same administrative facility history,same administrative facility history,site_47a26e2cd09e,exact_name_without_code
LV0210,False,False,True,False,False,0.833333,True,True,5,0.000000,0.000000,same administrative facility history,same administrative facility history,same administrative facility history,site_f7dbc6e38608,fuzzy_name_without_code
LV0211,False,False,True,False,False,0.869565,True,True,5,0.000000,0.000000,same administrative facility history,same administrative facility history,same administrative facility history,site_8cdea4ac5e04,fuzzy_name_without_code
LV0212,False,False,False,False,False,1.000000,True,True,5,0.000000,0.000000,same administrative facility history,same administrative facility history,same administrative facility history,site_834176c12844,exact_name_without_code
LV0213,False,False,True,False,False,0.750000,True,True,5,0.000000,0.000000,same administrative facility history,same administrative facility history,same administrative facility history,site_b5a9f55a799c,fuzzy_name_without_code
LV0214,False,False,False,False,False,1.000000,True,True,5,0.000000,0.000000,same administrative facility history,same administrative facility history,same administrative facility history,site_b92dd77f9ce2,exact_name_without_code
LV0215,False,False,True,False,False,0.628571,True,True,5,0.000000,0.000000,same administrative facility history,same administrative facility history,same administrative facility history,site_aba00557c392,fuzzy_name_without_code
LV0216,False,False,True,False,False,0.900000,True,True,5,0.000000,0.000000,same administrative facility history,same administrative facility history,same administrative facility history,site_672a14abb9c0,fuzzy_name_without_code
LV0217,False,False,True,False,False,0.903226,True,True,5,0.000000,0.000000,same administrative facility history,same administrative facility history,same administrative facility history,site_f576e331e46a,fuzzy_name_without_code
LV0218,False,False,True,False,False,0.903226,True,True,5,0.000000,0.000000,same administrative facility history,same administrative facility history,same administrative facility history,site_1cec386053ca,fuzzy_name_without_code
LV0219,False,False,False,False,False,1.000000,True,True,5,0.000000,0.000000,same administrative facility history,same administrative facility history,same administrative facility history,site_48c58eb53d8d,exact_name_without_code
LV0220,False,False,True,False,False,0.956522,True,True,5,0.000000,0.000000,same administrative facility history,same administrative facility history,same administrative facility history,site_83a5da5ee977,fuzzy_name_without_code
LV0221,False,False,True,False,False,0.791667,True,True,5,0.000000,0.000000,same administrative facility history,same administrative facility history,same administrative facility history,site_bdbe301cc814,fuzzy_name_without_code
LV0222,False,False,True,False,False,0.914286,False,True,5,0.000000,0.000000,same administrative facility history,same administrative facility history,same administrative facility history,site_5d4438f28bd7,fuzzy_name_without_code
LV0223,False,False,True,False,False,0.705882,True,True,5,0.000000,0.000000,same administrative facility history,same administrative facility history,same administrative facility history,site_7e2b3e3d717c,fuzzy_name_without_code
LV0224,False,False,True,False,False,0.740741,True,True,5,0.000000,0.000000,same administrative facility history,same administrative facility history,same administrative facility history,site_a6c1efc08368,fuzzy_name_without_code
LV0225,False,False,True,False,False,0.918919,True,True,5,0.000000,0.000000,same administrative facility history,same administrative facility history,same administrative facility history,site_283d0c9c0a0b,fuzzy_name_without_code
LV0226,False,False,False,False,False,1.000000,True,True,5,0.000000,0.000000,same administrative facility history,same administrative facility history,same administrative facility history,site_11e2ed978c0c,exact_name_without_code
LV0227,False,False,True,False,False,0.714286,True,True,5,0.000000,0.000000,same administrative facility history,same administrative facility history,same administrative facility history,site_a3cf29ac35bf,fuzzy_name_without_code
LV0228,False,False,True,False,False,0.937500,True,True,5,0.000000,0.000000,same administrative facility history,same administrative facility history,same administrative facility history,site_7aadca52202f,fuzzy_name_without_code
LV0229,False,False,True,True,False,0.880000,True,False,3,0.346154,19.000000,same lineage but probable asset/configuration reset,same lineage but probable asset/configuration reset,same lineage but probable asset/configuration reset,site_36c219a01b7c,fuzzy_name_without_code
LV0230,False,False,False,False,False,1.000000,True,True,5,0.000000,0.000000,same administrative facility history,same administrative facility history,same administrative facility history,site_8d65e1adf444,exact_name_without_code
LV0231,False,False,False,False,False,1.000000,True,True,5,0.000000,0.000000,same administrative facility history,same administrative facility history,same administrative facility history,site_844c8937d61c,exact_name_without_code
LV0232,False,False,False,False,False,1.000000,True,True,5,0.000000,0.000000,same administrative facility history,same administrative facility history,same administrative facility history,site_bced8df308a4,exact_name_without_code
LV0233,False,False,True,False,False,0.723404,True,True,5,0.000000,0.000000,same administrative facility history,same administrative facility history,same administrative facility history,site_83114b80b276,fuzzy_name_without_code
LV0234,False,False,True,False,False,0.888889,True,True,3,0.125000,16.000000,same lineage but probable asset/configuration reset,same lineage but probable asset/configuration reset,same lineage but probable asset/configuration reset,site_9b532cc1bfa7,fuzzy_name_without_code
LV0235,False,False,True,False,False,0.952381,True,True,5,0.000000,0.000000,same administrative facility history,same administrative facility history,same administrative facility history,site_4d73aef24df8,fuzzy_name_without_code
LV0236,False,False,False,False,False,1.000000,True,True,5,0.000000,0.000000,same administrative facility history,same administrative facility history,same administrative facility history,site_59342c2816d2,exact_name_without_code
LV0237,False,False,True,False,False,0.857143,True,True,5,0.000000,0.000000,same administrative facility history,same administrative facility history,same administrative facility history,site_b5df6a88a449,fuzzy_name_without_code
LV0238,False,False,True,False,False,0.800000,True,True,5,0.000000,0.000000,same administrative facility history,same administrative facility history,same administrative facility history,site_aad81b2128b0,fuzzy_name_without_code
LV0239,False,False,True,False,False,0.800000,True,True,5,0.000000,0.000000,same administrative facility history,same administrative facility history,same administrative facility history,site_6e0d45825fbd,fuzzy_name_without_code
LV0240,False,False,True,False,False,0.933333,True,True,5,0.000000,0.000000,same administrative facility history,same administrative facility history,same administrative facility history,site_6aa67de63385,fuzzy_name_without_code
LV0241,False,False,False,False,False,1.000000,True,True,5,0.000000,0.000000,same administrative facility history,same administrative facility history,same administrative facility history,site_4c907ce69ad1,exact_name_without_code
LV0242,False,False,False,False,False,1.000000,True,True,5,0.000000,0.000000,same administrative facility history,same administrative facility history,same administrative facility history,site_0bacdb1264d9,exact_name_without_code
LV0243,True,False,False,False,False,1.000000,True,True,5,0.000000,0.000000,same administrative facility history,same administrative facility history,same administrative facility history,site_f03c5cb634c1,exact_name_without_code
LV0244,False,False,True,False,False,0.918919,True,True,5,0.000000,0.000000,same administrative facility history,same administrative facility history,same administrative facility history,site_283d0c9c0a0b,fuzzy_name_without_code
LV0245,False,False,True,False,False,0.761905,True,True,5,0.000000,0.000000,same administrative facility history,same administrative facility history,same administrative facility history,site_34fcfdd18f02,fuzzy_name_without_code
LV0246,False,False,True,False,False,0.705882,True,True,5,0.000000,0.000000,same administrative facility history,same administrative facility history,same administrative facility history,site_f1c42319efb2,fuzzy_name_without_code
LV0247,False,False,True,False,False,0.846154,True,True,5,0.000000,0.000000,same administrative facility history,same administrative facility history,same administrative facility history,site_89e58126fca0,fuzzy_name_without_code
LV0248,False,False,True,False,False,0.937500,True,True,5,0.000000,0.000000,same administrative facility history,same administrative facility history,same administrative facility history,site_1dd19043ef33,fuzzy_name_without_code
LV0249,False,False,False,False,False,1.000000,True,True,5,0.000000,0.000000,same administrative facility history,same administrative facility history,same administrative facility history,site_dbb8b3795f4b,exact_name_without_code
LV0250,False,False,False,False,False,1.000000,True,True,5,0.000000,0.000000,same administrative facility history,same administrative facility history,same administrative facility history,site_c064e5e14ed3,exact_name_without_code
LV0251,False,False,True,False,False,0.761905,True,True,5,0.000000,0.000000,same administrative facility history,same administrative facility history,same administrative facility history,site_cd153894c243,fuzzy_name_without_code
LV0252,False,False,True,False,False,0.842105,True,True,5,0.000000,0.000000,same administrative facility history,same administrative facility history,same administrative facility history,site_4ecc9a938d71,fuzzy_name_without_code
LV0253,False,False,False,False,False,1.000000,True,True,5,0.000000,0.000000,same administrative facility history,same administrative facility history,same administrative facility history,site_dd811ac3d93e,exact_name_without_code
LV0254,False,False,False,False,False,1.000000,True,False,5,0.000000,0.000000,same administrative facility history,same administrative facility history,same administrative facility history,site_95584a385502,exact_name_without_code
LV0255,False,False,True,False,False,0.571429,True,False,5,0.000000,0.000000,same administrative facility history,same administrative facility history,same administrative facility history,site_97670d6da7c8,fuzzy_name_without_code
LV0256,False,False,True,False,False,0.842105,True,False,5,0.000000,0.000000,same administrative facility history,same administrative facility history,same administrative facility history,site_69b531301418,fuzzy_name_without_code
LV0257,False,False,True,False,False,0.842105,True,False,5,0.000000,0.000000,same administrative facility history,same administrative facility history,same administrative facility history,site_5a2b0257ad34,fuzzy_name_without_code
LV0258,False,False,True,False,False,0.800000,True,False,5,0.000000,0.000000,same administrative facility history,same administrative facility history,same administrative facility history,site_6ef80d5a7c63,fuzzy_name_without_code
LV0259,False,False,True,False,False,0.914286,True,False,5,0.000000,0.000000,same administrative facility history,same administrative facility history,same administrative facility history,site_78f719f49c50,fuzzy_name_without_code
LV0260,False,False,True,False,False,0.896552,True,False,5,0.000000,0.000000,same administrative facility history,same administrative facility history,same administrative facility history,site_59a7865dbe75,fuzzy_name_without_code
LV0261,False,False,True,False,False,0.842105,True,False,5,0.000000,0.000000,same administrative facility history,same administrative facility history,same administrative facility history,site_cb6f0ffc6855,fuzzy_name_without_code
LV0262,False,False,True,False,False,0.818182,True,False,5,0.000000,0.000000,same administrative facility history,same administrative facility history,same administrative facility history,site_cae2e2717754,fuzzy_name_without_code
LV0263,False,False,True,False,False,0.857143,True,False,4,0.000000,1.000000,same administrative facility history,same administrative facility history,same administrative facility history,site_2a79420aaba2,fuzzy_name_without_code
LV0264,False,False,False,False,False,1.000000,True,False,5,0.000000,0.000000,same administrative facility history,same administrative facility history,same administrative facility history,site_4fdd4e4394df,exact_name_without_code
LV0265,False,False,True,False,False,0.869565,True,False,4,0.000000,1.000000,same administrative facility history,same administrative facility history,same administrative facility history,site_bf2f64f0b556,fuzzy_name_without_code
LV0266,False,False,True,False,False,0.869565,True,False,5,0.000000,0.000000,same administrative facility history,same administrative facility history,same administrative facility history,site_42531790c9f8,fuzzy_name_without_code
LV0267,False,False,True,False,False,0.880000,True,False,4,0.000000,1.000000,same administrative facility history,same administrative facility history,same administrative facility history,site_6c3e27529c90,fuzzy_name_without_code
LV0268,False,False,True,False,False,0.857143,True,False,5,0.000000,0.000000,same administrative facility history,same administrative facility history,same administrative facility history,site_a5232bc8ff6b,fuzzy_name_without_code
LV0269,False,False,False,False,False,1.000000,True,False,5,0.000000,0.000000,same administrative facility history,same administrative facility history,same administrative facility history,site_aad81b2128b0,exact_name_without_code
LV0270,False,False,False,False,False,1.000000,True,False,5,0.000000,0.000000,same administrative facility history,same administrative facility history,same administrative facility history,site_378a40c426b0,exact_name_without_code
LV0271,False,False,True,False,False,0.700000,True,False,5,0.000000,0.000000,same administrative facility history,same administrative facility history,same administrative facility history,site_094f0ce8d242,fuzzy_name_without_code
LV0272,False,False,False,False,False,1.000000,True,False,5,0.000000,0.000000,same administrative facility history,same administrative facility history,same administrative facility history,site_8a732e572486,exact_name_without_code
LV0273,False,False,False,False,False,1.000000,True,False,5,0.000000,0.000000,same administrative facility history,same administrative facility history,same administrative facility history,site_04cf6237ebdd,exact_name_without_code
LV0274,False,False,True,False,False,0.869565,True,False,5,0.000000,0.000000,same administrative facility history,same administrative facility history,same administrative facility history,site_524c21c3b8b2,fuzzy_name_without_code
LV0275,False,False,True,False,False,0.875000,True,False,5,0.000000,0.000000,same administrative facility history,same administrative facility history,same administrative facility history,site_2f4e08c84e7b,fuzzy_name_without_code
LV0276,False,False,False,False,False,1.000000,True,False,5,0.000000,0.000000,same administrative facility history,same administrative facility history,same administrative facility history,site_d7959c182b2a,exact_name_without_code
LV0277,False,False,True,False,False,0.857143,True,False,5,0.000000,0.000000,same administrative facility history,same administrative facility history,same administrative facility history,site_ffb666413ebd,fuzzy_name_without_code
LV0278,False,False,True,False,False,0.666667,True,False,5,0.000000,0.000000,same administrative facility history,same administrative facility history,same administrative facility history,site_61d3c7dd1e32,fuzzy_name_without_code
LV0279,False,False,False,False,False,1.000000,True,False,5,0.000000,0.000000,same administrative facility history,same administrative facility history,same administrative facility history,site_2588b115e7e1,exact_name_without_code
LV0280,False,False,True,False,False,0.800000,True,False,5,0.000000,0.000000,same administrative facility history,same administrative facility history,same administrative facility history,site_6177a00b12d2,fuzzy_name_without_code
LV0281,False,False,False,False,False,1.000000,True,False,5,0.000000,0.000000,same administrative facility history,same administrative facility history,same administrative facility history,site_29b836dc1859,exact_name_without_code
LV0282,False,False,True,False,False,0.814815,True,False,5,0.000000,0.000000,same administrative facility history,same administrative facility history,same administrative facility history,site_78c2d56b5f7e,fuzzy_name_without_code
LV0283,False,False,False,True,False,1.000000,True,True,5,0.000000,0.000000,same administrative facility history,same administrative facility history,same administrative facility history,site_2051e2ef3a90,official_code_and_exact_name
LV0284,False,False,False,False,False,1.000000,True,False,5,0.000000,0.000000,same administrative facility history,same administrative facility history,same administrative facility history,site_053f528f6454,exact_name_without_code
LV0285,False,False,False,False,False,1.000000,True,False,5,0.000000,0.000000,same administrative facility history,same administrative facility history,same administrative facility history,site_528dd9bcb3b2,exact_name_without_code
LV0286,False,False,True,False,False,0.909091,True,False,2,0.000000,0.000000,same administrative facility history,indeterminate from available evidence,unresolved: external evidence required,site_aa982d5d6d39,fuzzy_name_without_code
LV0287,False,False,False,False,False,1.000000,True,False,5,0.000000,0.000000,same administrative facility history,same administrative facility history,same administrative facility history,site_fe2bdce8e503,exact_name_without_code
LV0288,False,False,True,False,False,0.666667,True,True,5,0.000000,0.000000,same administrative facility history,same administrative facility history,same administrative facility history,site_19fa442d3d50,official_code_with_other_support
LV0289,False,False,False,True,False,1.000000,True,False,5,0.000000,0.000000,same administrative facility history,same administrative facility history,same administrative facility history,site_6eb41151085e,exact_name_without_code
LV0290,False,False,True,False,False,0.444444,True,True,5,0.000000,0.000000,same administrative facility history,same administrative facility history,same administrative facility history,site_c32fd825e372,official_code_with_other_support
LV0291,False,False,True,False,False,0.869565,True,True,5,0.000000,0.000000,same administrative facility history,same administrative facility history,same administrative facility history,site_2c9c2246f656,official_code_with_other_support
LV0292,True,False,False,False,False,1.000000,True,True,5,0.000000,0.000000,same administrative facility history,same administrative facility history,same administrative facility history,site_cc9555b7aab4,official_code_and_exact_name
LV0293,False,True,True,False,False,0.666667,True,True,5,0.000000,0.000000,same administrative facility history,same administrative facility history,same administrative facility history,site_ea9f814c23c7,official_code_with_other_support
LV0294,False,False,True,False,False,0.769231,True,True,5,0.000000,0.000000,same administrative facility history,same administrative facility history,same administrative facility history,site_269e3ecc9eaf,official_code_with_other_support
LV0295,False,False,True,False,False,0.937500,True,True,5,0.000000,0.000000,same administrative facility history,same administrative facility history,same administrative facility history,site_c87328fc012a,official_code_with_other_support
LV0296,False,False,True,False,False,0.875000,True,True,5,0.000000,0.000000,same administrative facility history,same administrative facility history,same administrative facility history,site_7099a983d829,official_code_with_other_support
LV0297,False,False,True,False,False,0.777778,True,True,5,0.000000,0.000000,same administrative facility history,same administrative facility history,same administrative facility history,site_fa79888fb3f1,official_code_with_other_support
LV0298,False,False,True,False,False,0.608696,True,True,3,0.318182,32.000000,same lineage but probable asset/configuration reset,same lineage but probable asset/configuration reset,same lineage but probable asset/configuration reset,site_d4419640e410,official_code_with_other_support
LV0299,False,False,True,False,False,0.857143,True,True,5,0.000000,0.000000,same administrative facility history,same administrative facility history,same administrative facility history,site_fe2d620c009a,official_code_with_other_support
LV0300,False,False,True,False,False,0.875000,True,True,5,0.000000,0.000000,same administrative facility history,same administrative facility history,same administrative facility history,site_07fbcd2c1140,official_code_with_other_support
LV0301,False,False,True,False,False,0.275862,True,True,5,0.000000,0.000000,same administrative facility history,same administrative facility history,same administrative facility history,site_7961b5a918e3,official_code_with_other_support
LV0302,False,False,False,False,False,1.000000,True,True,5,0.000000,0.000000,same administrative facility history,same administrative facility history,same administrative facility history,site_d2028a98476c,official_code_and_exact_name
LV0303,False,False,True,False,False,0.842105,True,True,5,0.000000,0.000000,same administrative facility history,same administrative facility history,same administrative facility history,site_9bf7a866f302,official_code_with_other_support
LV0304,False,False,True,False,False,0.842105,True,True,5,0.000000,0.000000,same administrative facility history,same administrative facility history,same administrative facility history,site_09c234371ab5,official_code_with_other_support
LV0305,False,False,True,False,False,0.933333,True,True,5,0.000000,0.000000,same administrative facility history,same administrative facility history,same administrative facility history,site_8a95e30b4a38,official_code_with_other_support
LV0306,False,False,False,False,False,1.000000,True,True,5,0.000000,0.000000,same administrative facility history,same administrative facility history,same administrative facility history,site_f5ce95f6fa72,official_code_and_exact_name
LV0307,False,False,True,False,False,0.777778,True,True,5,0.000000,0.000000,same administrative facility history,same administrative facility history,same administrative facility history,site_723fe4a12241,official_code_with_other_support
LV0308,False,False,False,True,False,1.000000,True,False,5,0.000000,0.000000,same administrative facility history,same administrative facility history,same administrative facility history,site_079cbe48fb4f,exact_name_without_code
LV0309,False,False,True,False,False,0.869565,True,True,5,0.000000,0.000000,same administrative facility history,same administrative facility history,same administrative facility history,site_276c7bb10b26,official_code_with_other_support
LV0310,False,False,True,False,False,0.137931,True,True,5,0.000000,0.000000,same administrative facility history,same administrative facility history,same administrative facility history,site_090c6b82f03e,official_code_with_other_support
LV0311,False,False,True,False,False,0.833333,True,True,5,0.000000,0.000000,same administrative facility history,same administrative facility history,same administrative facility history,site_420f5ba6a83b,official_code_with_other_support
LV0312,False,False,True,False,False,0.285714,True,True,5,0.000000,0.000000,same administrative facility history,same administrative facility history,same administrative facility history,site_94f0c751916b,official_code_with_other_support
LV0313,False,False,False,True,False,1.000000,True,True,5,0.000000,0.000000,same administrative facility history,same administrative facility history,same administrative facility history,site_ece006efb439,official_code_and_exact_name
LV0314,False,False,False,True,False,1.000000,True,True,5,0.000000,0.000000,same administrative facility history,same administrative facility history,same administrative facility history,site_d8ac7ec7d7e8,official_code_and_exact_name
LV0315,True,False,False,False,False,1.000000,True,True,5,0.000000,0.000000,same administrative facility history,same administrative facility history,same administrative facility history,site_6a05a758c979,official_code_and_exact_name
LV0316,False,False,True,False,False,0.930233,True,True,5,0.000000,0.000000,same administrative facility history,same administrative facility history,same administrative facility history,site_41ac36bdbb1c,official_code_with_other_support
LV0317,False,False,True,False,False,0.800000,True,True,5,0.000000,0.000000,same administrative facility history,same administrative facility history,same administrative facility history,site_8f5175a715aa,official_code_with_other_support
LV0318,False,False,True,False,False,0.000000,True,True,5,0.000000,0.000000,same administrative facility history,same administrative facility history,same administrative facility history,site_431ed66688d0,official_code_with_other_support
LV0319,True,False,False,False,False,1.000000,True,True,5,0.000000,0.000000,same administrative facility history,same administrative facility history,same administrative facility history,site_f91c01e2d37f,official_code_and_exact_name
LV0320,False,False,True,False,False,0.916667,True,True,5,0.000000,0.000000,same administrative facility history,same administrative facility history,same administrative facility history,site_870a2e94e96c,official_code_with_other_support
LV0321,False,False,True,False,False,0.894737,True,True,5,0.000000,0.000000,same administrative facility history,same administrative facility history,same administrative facility history,site_cabcfd4ead76,official_code_with_other_support
LV0322,True,False,False,False,False,1.000000,True,True,4,0.333333,0.000000,same administrative facility history,same lineage but probable asset/configuration reset,same lineage but probable asset/configuration reset,site_28999b476293,official_code_and_exact_name
LV0323,False,False,True,False,False,0.571429,True,False,5,0.000000,0.000000,same administrative facility history,same administrative facility history,same administrative facility history,site_9bf7a866f302,fuzzy_name_without_code
LV0324,False,False,True,False,False,0.375000,True,True,5,0.000000,0.000000,same administrative facility history,same administrative facility history,same administrative facility history,site_76af82f3d4e8,official_code_with_other_support
LV0325,True,False,False,False,False,1.000000,True,True,3,0.500000,0.000000,same lineage but probable asset/configuration reset,same lineage but probable asset/configuration reset,same lineage but probable asset/configuration reset,site_1288f06eacb8,official_code_and_exact_name
LV0326,False,False,False,True,False,1.000000,True,True,5,0.000000,0.000000,same administrative facility history,same administrative facility history,same administrative facility history,site_d5904783ba0d,official_code_and_exact_name
LV0327,False,False,True,False,False,0.380952,True,True,5,0.000000,0.000000,same administrative facility history,same administrative facility history,same administrative facility history,site_8cd31d881282,official_code_with_other_support
LV0328,False,False,True,False,False,0.736842,True,True,5,0.000000,0.000000,same administrative facility history,same administrative facility history,same administrative facility history,site_9cc0ca20c692,official_code_with_other_support
LV0329,False,False,False,True,False,1.000000,True,True,5,0.000000,0.000000,same administrative facility history,same administrative facility history,same administrative facility history,site_13f699d0816a,official_code_and_exact_name
LV0330,False,False,True,False,False,0.923077,True,True,5,0.000000,0.000000,same administrative facility history,same administrative facility history,same administrative facility history,site_af9cd814a4c8,official_code_with_other_support
LV0331,False,False,True,False,False,0.628571,True,True,5,0.000000,0.000000,same administrative facility history,same administrative facility history,same administrative facility history,site_fcccf18e619d,official_code_with_other_support
LV0332,False,False,True,False,False,0.518519,True,True,5,0.000000,0.000000,same administrative facility history,same administrative facility history,same administrative facility history,site_ec690246b3b3,official_code_with_other_support
LV0333,False,False,False,True,False,1.000000,True,True,5,0.000000,0.000000,same administrative facility history,same administrative facility history,same administrative facility history,site_098dab68b725,official_code_and_exact_name
LV0334,False,False,False,False,False,1.000000,True,True,5,0.000000,0.000000,same administrative facility history,same administrative facility history,same administrative facility history,site_5a83bee44387,official_code_and_exact_name
LV0335,True,False,True,False,False,0.823529,True,True,1,0.333333,39.000000,same lineage but probable asset/configuration reset,same lineage but probable asset/configuration reset,same lineage but probable asset/configuration reset,site_501ca8aa361f,official_code_with_other_support
LV0336,False,False,True,False,False,0.800000,True,False,5,0.000000,0.000000,same administrative facility history,same administrative facility history,same administrative facility history,site_2ce091287c23,fuzzy_name_without_code
LV0337,False,False,True,False,False,0.333333,True,True,5,0.000000,0.000000,same administrative facility history,same administrative facility history,same administrative facility history,site_a2c467b1f273,official_code_with_other_support
LV0338,True,False,False,False,False,1.000000,True,True,5,0.000000,0.000000,same administrative facility history,same administrative facility history,same administrative facility history,site_2ff0464f124e,official_code_and_exact_name
LV0339,False,False,True,False,False,0.235294,True,True,5,0.000000,0.000000,same administrative facility history,same administrative facility history,same administrative facility history,site_33783bb52e32,official_code_with_other_support
LV0340,False,True,True,False,False,0.869565,True,True,5,0.000000,0.000000,same administrative facility history,same administrative facility history,same administrative facility history,site_bb15975fa69e,official_code_with_other_support
LV0341,False,False,True,False,False,0.842105,True,True,5,0.000000,0.000000,same administrative facility history,same administrative facility history,same administrative facility history,site_d1ce517426ff,official_code_with_other_support
LV0342,False,False,True,False,False,0.000000,True,True,5,0.000000,0.000000,same administrative facility history,same administrative facility history,same administrative facility history,site_c32fd825e372,official_code_with_other_support
LV0343,False,False,True,False,False,0.933333,True,True,5,0.000000,0.000000,same administrative facility history,same administrative facility history,same administrative facility history,site_1071ad3ae9e3,official_code_with_other_support
LV0344,True,False,False,False,False,1.000000,True,True,5,0.000000,0.000000,same administrative facility history,same administrative facility history,same administrative facility history,site_751344d7173b,official_code_and_exact_name
LV0345,False,False,True,False,False,0.937500,True,True,5,0.000000,0.000000,same administrative facility history,same administrative facility history,same administrative facility history,site_f93d9f2c9202,official_code_with_other_support
LV0346,False,False,False,True,False,1.000000,True,True,5,0.000000,0.000000,same administrative facility history,same administrative facility history,same administrative facility history,site_a374b8d2400d,official_code_and_exact_name
LV0347,False,False,False,False,False,1.000000,True,True,5,0.000000,0.000000,same administrative facility history,same administrative facility history,same administrative facility history,site_7e9c477f0333,official_code_and_exact_name
LV0348,True,False,False,False,False,1.000000,True,True,5,0.000000,0.000000,same administrative facility history,same administrative facility history,same administrative facility history,site_b4a84489dafa,official_code_and_exact_name
LV0349,False,False,True,False,False,0.687500,True,True,5,0.000000,0.000000,same administrative facility history,same administrative facility history,same administrative facility history,site_cfb879291a61,official_code_with_other_support
LV0350,False,False,True,False,False,0.880000,True,True,5,0.000000,0.000000,same administrative facility history,same administrative facility history,same administrative facility history,site_e90c7e260569,official_code_with_other_support
LV0351,False,False,True,False,False,0.322581,True,True,5,0.000000,0.000000,same administrative facility history,same administrative facility history,same administrative facility history,site_0300c8d69142,official_code_with_other_support
LV0352,True,False,False,False,False,1.000000,True,True,4,0.285714,0.000000,same administrative facility history,same administrative facility history,same administrative facility history,site_e0278c6bb85e,official_code_and_exact_name
LV0353,True,False,False,False,False,1.000000,True,True,5,0.000000,0.000000,same administrative facility history,same administrative facility history,same administrative facility history,site_616104f10a78,official_code_and_exact_name
LV0354,False,False,False,False,False,1.000000,True,True,5,0.000000,0.000000,same administrative facility history,same administrative facility history,same administrative facility history,site_fde44762506d,official_code_and_exact_name
LV0355,False,False,True,False,False,0.857143,True,True,5,0.000000,0.000000,same administrative facility history,same administrative facility history,same administrative facility history,site_18ba6079e1f2,official_code_with_other_support
LV0356,False,False,True,False,False,0.880000,True,True,5,0.000000,0.000000,same administrative facility history,same administrative facility history,same administrative facility history,site_bbb1d36ab17f,official_code_with_other_support
LV0357,False,False,True,False,False,0.842105,True,True,5,0.000000,0.000000,same administrative facility history,same administrative facility history,same administrative facility history,site_2af79b3e533c,official_code_with_other_support
LV0358,False,False,True,False,False,0.896552,True,True,5,0.000000,0.000000,same administrative facility history,same administrative facility history,same administrative facility history,site_a11004c6e01e,official_code_with_other_support
LV0359,False,False,False,False,False,1.000000,True,True,5,0.000000,0.000000,same administrative facility history,same administrative facility history,same administrative facility history,site_d8bf95bb960c,official_code_and_exact_name
LV0360,False,False,False,False,False,1.000000,True,True,5,0.000000,0.000000,same administrative facility history,same administrative facility history,same administrative facility history,site_e5df7476bea6,official_code_and_exact_name
LV0361,False,False,True,False,False,0.333333,True,True,5,0.000000,0.000000,same administrative facility history,same administrative facility history,same administrative facility history,site_a2c467b1f273,official_code_with_other_support
LV0362,False,False,False,False,False,1.000000,True,True,5,0.000000,0.000000,same administrative facility history,same administrative facility history,same administrative facility history,site_eaf4cb39a18c,official_code_and_exact_name
LV0363,False,False,True,False,False,0.307692,True,True,5,0.000000,0.000000,same administrative facility history,same administrative facility history,same administrative facility history,site_8fe0901f234f,official_code_with_other_support
LV0364,False,False,True,False,False,0.933333,True,True,5,0.000000,0.000000,same administrative facility history,same administrative facility history,same administrative facility history,site_1071ad3ae9e3,official_code_with_other_support
LV0365,False,False,True,False,False,0.866667,True,True,5,0.000000,0.000000,same administrative facility history,same administrative facility history,same administrative facility history,site_d18a2bdec49e,official_code_with_other_support
LV0366,False,False,True,False,False,0.896552,True,True,5,0.000000,0.000000,same administrative facility history,same administrative facility history,same administrative facility history,site_49507e5c7b4e,official_code_with_other_support
LV0367,False,False,True,False,False,0.484848,True,True,5,0.000000,0.000000,same administrative facility history,same administrative facility history,same administrative facility history,site_cbdc601f0792,official_code_with_other_support
LV0368,False,False,True,False,False,0.937500,True,True,5,0.000000,0.000000,same administrative facility history,same administrative facility history,same administrative facility history,site_f93d9f2c9202,official_code_with_other_support
LV0369,False,False,True,False,False,0.950000,True,True,5,0.000000,0.000000,same administrative facility history,same administrative facility history,same administrative facility history,site_41ac36bdbb1c,official_code_with_other_support
LV0370,False,False,True,False,False,0.888889,True,True,5,0.000000,0.000000,same administrative facility history,same administrative facility history,same administrative facility history,site_f8e6313e052e,official_code_with_other_support
LV0371,True,False,False,False,False,1.000000,True,True,5,0.000000,0.000000,same administrative facility history,same administrative facility history,same administrative facility history,site_f7ab4d87540a,official_code_and_exact_name
LV0372,False,False,True,False,False,0.875000,True,True,5,0.000000,0.000000,same administrative facility history,same administrative facility history,same administrative facility history,site_ebea9399e60b,official_code_with_other_support
LV0373,False,False,True,False,False,0.761905,True,True,3,0.358974,44.000000,same lineage but probable asset/configuration reset,same lineage but probable asset/configuration reset,same lineage but probable asset/configuration reset,site_524c21c3b8b2,official_code_with_other_support
LV0374,False,False,True,False,False,0.900000,True,True,5,0.000000,0.000000,same administrative facility history,same administrative facility history,same administrative facility history,site_5d140c391609,official_code_with_other_support
LV0375,False,False,True,False,False,0.956522,True,True,5,0.000000,0.000000,same administrative facility history,same administrative facility history,same administrative facility history,site_8ea4ddfc2710,official_code_with_other_support
LV0376,False,False,False,False,False,1.000000,True,True,5,0.000000,0.000000,same administrative facility history,same administrative facility history,same administrative facility history,site_4dbc0e48e4e8,official_code_and_exact_name
LV0377,False,False,False,True,False,1.000000,True,True,3,0.774194,2.000000,same lineage but probable asset/configuration reset,same lineage but probable asset/configuration reset,same lineage but probable asset/configuration reset,site_c6e681ceea5c,official_code_and_exact_name
LV0378,False,False,False,True,False,1.000000,True,True,0,1.000000,99.000000,same lineage but probable asset/configuration reset,same lineage but probable asset/configuration reset,same lineage but probable asset/configuration reset,site_683eda5d8133,official_code_and_exact_name
LV0379,False,False,False,False,False,1.000000,True,True,5,0.000000,0.000000,same administrative facility history,same administrative facility history,same administrative facility history,site_28014917a467,official_code_and_exact_name
LV0380,False,False,True,False,False,0.758621,True,False,5,0.000000,0.000000,same administrative facility history,same administrative facility history,same administrative facility history,site_cfb879291a61,fuzzy_name_without_code
LV0381,False,False,True,False,False,0.941176,False,False,4,0.200000,0.000000,different facility history,different facility history,unresolved: external evidence required,site_40ff62202f4e,fuzzy_name_without_code
LV0382,True,False,False,False,False,1.000000,True,True,5,0.000000,0.000000,same administrative facility history,same administrative facility history,same administrative facility history,site_b2a293b3f8a7,official_code_and_exact_name
LV0383,False,False,True,False,False,0.571429,True,True,5,0.000000,0.000000,same administrative facility history,same administrative facility history,same administrative facility history,site_d31149bd60bb,official_code_with_other_support
LV0384,False,False,True,False,False,0.000000,True,True,5,0.000000,0.000000,same administrative facility history,same administrative facility history,same administrative facility history,site_66dd798d0b3b,official_code_with_other_support
LV0385,False,False,True,False,False,0.969697,True,True,5,0.000000,0.000000,same administrative facility history,same administrative facility history,same administrative facility history,site_e6ae7274ba60,official_code_with_other_support
LV0386,False,False,True,False,False,0.880000,True,True,5,0.000000,0.000000,same administrative facility history,same administrative facility history,same administrative facility history,site_bbb1d36ab17f,official_code_with_other_support
LV0387,False,False,True,False,False,0.842105,True,True,5,0.000000,0.000000,same administrative facility history,same administrative facility history,same administrative facility history,site_2af79b3e533c,official_code_with_other_support
LV0388,False,False,True,False,False,0.896552,True,True,5,0.000000,0.000000,same administrative facility history,same administrative facility history,same administrative facility history,site_a11004c6e01e,official_code_with_other_support
LV0389,False,True,False,False,False,1.000000,True,False,5,0.000000,0.000000,same administrative facility history,same administrative facility history,same administrative facility history,site_1bec519c15c3,exact_name_without_code
LV0390,False,True,False,False,False,1.000000,True,True,0,1.000000,99.000000,same lineage but probable asset/configuration reset,same lineage but probable asset/configuration reset,same lineage but probable asset/configuration reset,site_63976e1a7115,official_code_and_exact_name
LV0391,False,False,True,False,False,0.692308,True,True,5,0.000000,0.000000,same administrative facility history,same administrative facility history,same administrative facility history,site_06948178f61a,official_code_with_other_support
LV0392,False,False,True,False,False,0.850000,True,True,5,0.000000,0.000000,same administrative facility history,same administrative facility history,same administrative facility history,site_48d0ca81a619,official_code_with_other_support
LV0393,False,False,True,False,False,0.235294,True,True,5,0.000000,0.000000,same administrative facility history,same administrative facility history,same administrative facility history,site_33783bb52e32,official_code_with_other_support
LV0394,False,False,True,False,False,0.833333,True,True,5,0.000000,0.000000,same administrative facility history,same administrative facility history,same administrative facility history,site_b24bdfae53b4,official_code_with_other_support
LV0395,False,False,True,False,False,0.833333,True,True,5,0.000000,0.000000,same administrative facility history,same administrative facility history,same administrative facility history,site_81a833d9eba3,official_code_with_other_support
LV0396,False,False,True,False,False,0.947368,True,True,5,0.000000,0.000000,same administrative facility history,same administrative facility history,same administrative facility history,site_69cfe3f021b0,official_code_with_other_support
LV0397,False,False,True,False,False,0.666667,True,True,5,0.000000,0.000000,same administrative facility history,same administrative facility history,same administrative facility history,site_498e35fc49f8,official_code_with_other_support
LV0398,False,False,True,False,False,0.484848,True,True,5,0.000000,0.000000,same administrative facility history,same administrative facility history,same administrative facility history,site_cbdc601f0792,official_code_with_other_support
LV0399,False,False,False,True,False,1.000000,True,True,0,1.000000,99.000000,same lineage but probable asset/configuration reset,same lineage but probable asset/configuration reset,same lineage but probable asset/configuration reset,site_a3afcb0923b0,official_code_and_exact_name
LV0400,False,False,False,False,False,1.000000,True,True,5,0.000000,0.000000,same administrative facility history,same administrative facility history,same administrative facility history,site_75679783c169,official_code_and_exact_name
LV0401,False,False,True,False,False,0.516129,True,True,5,0.000000,0.000000,same administrative facility history,same administrative facility history,same administrative facility history,site_92a93d7a2e98,official_code_with_other_support
LV0402,False,False,True,False,False,0.666667,True,True,5,0.000000,0.000000,same administrative facility history,same administrative facility history,same administrative facility history,site_1ad134402ea7,official_code_with_other_support
LV0403,False,False,True,False,False,0.818182,True,True,5,0.000000,0.000000,same administrative facility history,same administrative facility history,same administrative facility history,site_d24ea1abfb6d,official_code_with_other_support
LV0404,False,False,True,False,False,0.938776,True,True,5,0.000000,0.000000,same administrative facility history,same administrative facility history,same administrative facility history,site_e5d15c47cf90,official_code_with_other_support
LV0405,False,False,False,True,False,1.000000,True,True,5,0.000000,0.000000,same administrative facility history,same administrative facility history,same administrative facility history,site_dc5d686a3f7d,official_code_and_exact_name
LV0406,False,False,True,False,False,0.888889,True,True,5,0.000000,0.000000,same administrative facility history,same administrative facility history,same administrative facility history,site_0179219c5f91,official_code_with_other_support
LV0407,False,False,True,False,False,0.736842,True,False,5,0.000000,0.000000,same administrative facility history,same administrative facility history,same administrative facility history,site_8b02dc87f0f5,fuzzy_name_without_code
LV0408,False,False,True,False,False,0.923077,True,True,5,0.000000,0.000000,same administrative facility history,same administrative facility history,same administrative facility history,site_9d09f6bb4067,official_code_with_other_support
LV0409,False,False,True,False,False,0.769231,True,True,5,0.000000,0.000000,same administrative facility history,same administrative facility history,same administrative facility history,site_f30e56b3b4f6,official_code_with_other_support
LV0410,False,False,True,False,False,0.214286,True,True,5,0.000000,0.000000,same administrative facility history,same administrative facility history,same administrative facility history,site_b2eeb89b753e,official_code_with_other_support
LV0411,False,False,False,True,False,1.000000,True,True,4,0.000000,1.000000,same administrative facility history,same administrative facility history,same administrative facility history,site_2f15b81705ca,official_code_and_exact_name
LV0412,False,False,True,False,False,0.827586,True,True,5,0.000000,0.000000,same administrative facility history,same administrative facility history,same administrative facility history,site_1c8b15e245f7,official_code_with_other_support
LV0413,False,False,True,False,False,0.125000,True,True,5,0.000000,0.000000,same administrative facility history,same administrative facility history,same administrative facility history,site_397d1384f59f,official_code_with_other_support
LV0414,False,False,True,False,False,0.740741,True,False,5,0.000000,0.000000,same administrative facility history,same administrative facility history,same administrative facility history,site_1280d6b57641,fuzzy_name_without_code
LV0415,False,False,True,False,False,0.740741,True,True,5,0.000000,0.000000,same administrative facility history,same administrative facility history,same administrative facility history,site_d1f47d7a4fb2,official_code_with_other_support
LV0416,False,False,True,False,False,0.740741,True,True,5,0.000000,0.000000,same administrative facility history,same administrative facility history,same administrative facility history,site_38b42033078a,official_code_with_other_support
LV0417,False,False,True,False,False,0.880000,True,True,5,0.000000,0.000000,same administrative facility history,same administrative facility history,same administrative facility history,site_bbb1d36ab17f,official_code_with_other_support
LV0418,False,False,True,False,False,0.842105,True,True,5,0.000000,0.000000,same administrative facility history,same administrative facility history,same administrative facility history,site_2af79b3e533c,official_code_with_other_support
LV0419,False,False,True,False,False,0.896552,True,True,5,0.000000,0.000000,same administrative facility history,same administrative facility history,same administrative facility history,site_a11004c6e01e,official_code_with_other_support
LV0420,False,False,True,False,False,0.400000,True,True,5,0.000000,0.000000,same administrative facility history,same administrative facility history,same administrative facility history,site_feac6c6d6149,official_code_with_other_support
LV0421,False,False,True,False,False,0.962963,True,True,5,0.000000,0.000000,same administrative facility history,same administrative facility history,same administrative facility history,site_9b42eb7bc116,official_code_with_other_support
LV0422,False,True,False,False,False,1.000000,True,False,4,0.375000,22.000000,same lineage but probable asset/configuration reset,same lineage but probable asset/configuration reset,same lineage but probable asset/configuration reset,site_1bec519c15c3,exact_name_without_code
LV0423,False,True,True,False,False,0.727273,True,True,0,1.000000,99.000000,same lineage but probable asset/configuration reset,same lineage but probable asset/configuration reset,same lineage but probable asset/configuration reset,site_63976e1a7115,official_code_with_other_support
LV0424,False,False,True,False,False,0.400000,True,True,5,0.000000,0.000000,same administrative facility history,same administrative facility history,same administrative facility history,site_a2c467b1f273,official_code_with_other_support
LV0425,False,False,True,False,False,0.800000,True,True,5,0.000000,0.000000,same administrative facility history,same administrative facility history,same administrative facility history,site_d03cd1fddd25,official_code_with_other_support
LV0426,False,False,True,False,False,0.666667,True,False,5,0.000000,0.000000,same administrative facility history,same administrative facility history,same administrative facility history,site_f8e6313e052e,fuzzy_name_without_code
LV0427,False,False,True,False,False,0.666667,True,True,5,0.000000,0.000000,same administrative facility history,same administrative facility history,same administrative facility history,site_1cec386053ca,official_code_with_other_support
LV0428,False,False,True,False,False,0.625000,True,True,5,0.000000,0.000000,same administrative facility history,same administrative facility history,same administrative facility history,site_2a30fd193a5d,official_code_with_other_support
LV0429,False,False,True,False,False,0.969697,True,True,5,0.000000,0.000000,same administrative facility history,same administrative facility history,same administrative facility history,site_d7d32cc1d077,official_code_with_other_support
LV0430,False,False,False,False,False,1.000000,True,False,5,0.000000,0.000000,same administrative facility history,same administrative facility history,same administrative facility history,site_460e2f8bda08,exact_name_without_code
LV0431,True,False,False,False,False,1.000000,True,True,5,0.000000,0.000000,same administrative facility history,same administrative facility history,same administrative facility history,site_bd04b46dc65a,official_code_and_exact_name
LV0432,False,False,True,False,False,0.947368,True,True,5,0.000000,0.000000,same administrative facility history,same administrative facility history,same administrative facility history,site_1935f2aad974,official_code_with_other_support
LV0433,False,False,True,False,False,0.909091,True,True,5,0.000000,0.000000,same administrative facility history,same administrative facility history,same administrative facility history,site_6d170f44efa1,official_code_with_other_support
LV0434,True,False,False,False,False,1.000000,True,True,1,0.166667,30.000000,same lineage but probable asset/configuration reset,same lineage but probable asset/configuration reset,same lineage but probable asset/configuration reset,site_d23b768d16db,official_code_and_exact_name
LV0435,False,False,True,False,False,0.896552,True,True,5,0.000000,0.000000,same administrative facility history,same administrative facility history,same administrative facility history,site_5d84adce806c,official_code_with_other_support
LV0436,False,False,True,False,False,0.923077,True,True,5,0.000000,0.000000,same administrative facility history,same administrative facility history,same administrative facility history,site_9d09f6bb4067,official_code_with_other_support
LV0437,False,False,False,False,False,1.000000,True,True,5,0.000000,0.000000,same administrative facility history,same administrative facility history,same administrative facility history,site_95f547d758c2,official_code_and_exact_name
LV0438,False,False,False,False,False,1.000000,True,True,5,0.000000,0.000000,same administrative facility history,same administrative facility history,same administrative facility history,site_48a8b6226f14,official_code_and_exact_name
LV0439,False,False,True,False,False,0.000000,True,True,5,0.000000,0.000000,same administrative facility history,same administrative facility history,same administrative facility history,site_bea276fafd29,official_code_with_other_support
LV0440,False,False,True,False,False,0.727273,True,True,5,0.000000,0.000000,same administrative facility history,same administrative facility history,same administrative facility history,site_397d1384f59f,official_code_with_other_support
LV0441,False,True,True,False,False,0.842105,True,True,5,0.000000,0.000000,same administrative facility history,same administrative facility history,same administrative facility history,site_a243d6842474,official_code_with_other_support
LV0442,False,False,False,False,True,1.000000,True,False,5,0.086758,0.000000,same administrative facility history,same administrative facility history,same administrative facility history,site_09b0789788f0,exact_name_without_code
LV0443,False,False,False,False,True,1.000000,True,False,5,0.000000,0.000000,same administrative facility history,same administrative facility history,same administrative facility history,site_f227b56b8d54,exact_name_without_code
LV0444,False,False,False,False,True,1.000000,True,False,5,0.000000,0.000000,same administrative facility history,same administrative facility history,same administrative facility history,site_4d73aef24df8,exact_name_without_code
LV0445,False,False,False,False,True,1.000000,True,False,5,0.000000,0.000000,same administrative facility history,same administrative facility history,same administrative facility history,site_97670d6da7c8,exact_name_without_code
LV0446,False,False,False,False,True,1.000000,True,False,5,0.000000,0.000000,same administrative facility history,same administrative facility history,same administrative facility history,site_78f719f49c50,exact_name_without_code
LV0447,False,False,False,False,True,1.000000,True,False,5,0.000000,0.000000,same administrative facility history,same administrative facility history,same administrative facility history,site_48f51be842d3,exact_name_without_code
LV0448,False,False,False,False,True,1.000000,True,False,5,0.000000,0.000000,same administrative facility history,same administrative facility history,same administrative facility history,site_834176c12844,exact_name_without_code
LV0449,False,False,False,False,True,1.000000,True,False,5,0.000000,0.000000,same administrative facility history,same administrative facility history,same administrative facility history,site_e9d65d0beda4,exact_name_without_code
LV0450,False,False,False,False,True,1.000000,True,False,5,0.000000,0.000000,same administrative facility history,same administrative facility history,same administrative facility history,site_c1591ccd4e58,exact_name_without_code
LV0451,False,False,False,False,True,1.000000,True,False,5,0.000000,0.000000,same administrative facility history,same administrative facility history,same administrative facility history,site_f7ab4d87540a,exact_name_without_code
LV0452,False,False,False,False,True,1.000000,True,False,5,0.000000,0.000000,same administrative facility history,same administrative facility history,same administrative facility history,site_7845d4ad7431,exact_name_without_code
LV0453,False,False,False,False,True,1.000000,True,False,5,0.000000,0.000000,same administrative facility history,same administrative facility history,same administrative facility history,site_f103ba1353b1,exact_name_without_code
LV0454,False,False,False,False,True,1.000000,True,False,4,0.000000,0.000000,same administrative facility history,same administrative facility history,same administrative facility history,site_e7a5946ae86d,exact_name_without_code
LV0455,False,False,True,False,True,0.947368,True,False,5,0.000000,0.000000,same administrative facility history,same administrative facility history,same administrative facility history,site_e0b4e48e8e52,fuzzy_name_without_code
LV0456,False,False,False,False,True,1.000000,True,False,5,0.000000,0.000000,same administrative facility history,same administrative facility history,same administrative facility history,site_421c6da2fffe,exact_name_without_code
LV0457,False,False,False,False,True,1.000000,True,False,5,0.000000,0.000000,same administrative facility history,same administrative facility history,same administrative facility history,site_a79038b0f992,exact_name_without_code
LV0458,False,False,False,False,True,1.000000,True,False,5,0.000000,0.000000,same administrative facility history,same administrative facility history,same administrative facility history,site_4ece732509a1,exact_name_without_code
LV0459,False,False,False,False,True,1.000000,True,False,4,0.000000,0.000000,same administrative facility history,same administrative facility history,same administrative facility history,site_e1b044e07b19,exact_name_without_code
LV0460,False,False,False,False,True,1.000000,True,False,5,0.000000,0.000000,same administrative facility history,same administrative facility history,same administrative facility history,site_49ababfc9f82,exact_name_without_code
LV0461,False,False,False,False,True,1.000000,True,False,5,0.000000,0.000000,same administrative facility history,same administrative facility history,same administrative facility history,site_44de3026384d,exact_name_without_code
LV0462,False,False,False,False,True,1.000000,True,False,5,0.000000,0.000000,same administrative facility history,same administrative facility history,same administrative facility history,site_b16567651c48,exact_name_without_code
LV0463,False,False,False,False,True,1.000000,True,False,5,0.000000,0.000000,same administrative facility history,same administrative facility history,same administrative facility history,site_7c5860a0ae3c,exact_name_without_code
LV0464,False,False,False,False,True,1.000000,True,False,5,0.000000,0.000000,same administrative facility history,same administrative facility history,same administrative facility history,site_8de9d325b7a4,exact_name_without_code
LV0465,False,False,False,False,True,1.000000,True,False,5,0.000000,0.000000,same administrative facility history,same administrative facility history,same administrative facility history,site_9b026be29ba3,exact_name_without_code
LV0466,False,False,False,False,True,1.000000,True,False,5,0.000000,0.000000,same administrative facility history,same administrative facility history,same administrative facility history,site_7b4c6d95cfd3,exact_name_without_code
LV0467,False,False,False,False,True,1.000000,True,False,5,0.000000,0.000000,same administrative facility history,same administrative facility history,same administrative facility history,site_3a8b376d418e,exact_name_without_code
LV0468,False,False,False,False,True,1.000000,True,False,5,0.000000,0.000000,same administrative facility history,same administrative facility history,same administrative facility history,site_6e4935ceb361,exact_name_without_code
LV0469,False,False,False,False,True,1.000000,True,False,5,0.000000,0.000000,same administrative facility history,same administrative facility history,same administrative facility history,site_16d2a6332892,exact_name_without_code
LV0470,False,False,False,True,False,1.000000,True,False,5,0.000000,0.000000,same administrative facility history,same administrative facility history,same administrative facility history,site_9de78d7de50a,exact_name_without_code
LV0471,False,False,False,True,False,1.000000,True,False,4,0.000000,1.000000,same administrative facility history,same administrative facility history,same administrative facility history,site_b9d36e2e04e4,exact_name_without_code
LV0472,False,False,False,False,True,1.000000,True,False,5,0.000000,0.000000,same administrative facility history,same administrative facility history,same administrative facility history,site_d6246a586bbd,exact_name_without_code
LV0473,False,False,False,False,True,1.000000,True,False,4,0.477807,35.000000,same lineage but probable asset/configuration reset,same lineage but probable asset/configuration reset,same lineage but probable asset/configuration reset,site_8d1701eebfa2,exact_name_without_code
LV0474,False,False,True,False,True,0.846154,True,False,5,0.000000,0.000000,same administrative facility history,same administrative facility history,same administrative facility history,site_4a00a5bd7e56,fuzzy_name_without_code
LV0475,False,False,False,False,True,1.000000,True,False,5,0.000000,0.000000,same administrative facility history,same administrative facility history,same administrative facility history,site_291eaf705bab,exact_name_without_code
LV0476,False,False,True,False,True,0.941176,True,False,5,0.000000,0.000000,same administrative facility history,same administrative facility history,same administrative facility history,site_fee4b850927d,fuzzy_name_without_code
LV0477,False,False,False,False,True,1.000000,True,False,5,0.000000,0.000000,same administrative facility history,same administrative facility history,same administrative facility history,site_ca01614b72e1,exact_name_without_code
LV0478,False,False,False,False,True,1.000000,True,False,5,0.000000,0.000000,same administrative facility history,same administrative facility history,same administrative facility history,site_160fd08f3c1d,exact_name_without_code
LV0479,False,False,False,False,True,1.000000,True,False,5,0.000000,0.000000,same administrative facility history,same administrative facility history,same administrative facility history,site_e8a9ad8e96ee,exact_name_without_code
LV0480,False,False,False,False,True,1.000000,True,False,5,0.000000,0.000000,same administrative facility history,same administrative facility history,same administrative facility history,site_08a936662915,exact_name_without_code
LV0481,False,False,False,False,True,1.000000,True,False,5,0.000000,0.000000,same administrative facility history,same administrative facility history,same administrative facility history,site_e67cdeef8d81,exact_name_without_code
LV0482,False,False,False,False,True,1.000000,True,False,5,0.000000,0.000000,same administrative facility history,same administrative facility history,same administrative facility history,site_27f6ccbee857,exact_name_without_code
LV0483,False,False,False,False,True,1.000000,True,False,5,0.000000,0.000000,same administrative facility history,same administrative facility history,same administrative facility history,site_6739661c1ec8,exact_name_without_code
LV0484,False,False,False,False,True,1.000000,True,False,5,0.000000,0.000000,same administrative facility history,same administrative facility history,same administrative facility history,site_2d4a98778682,exact_name_without_code
LV0485,False,False,False,False,True,1.000000,True,False,5,0.000000,0.000000,same administrative facility history,same administrative facility history,same administrative facility history,site_c064e5e14ed3,exact_name_without_code
LV0486,False,False,False,False,True,1.000000,True,False,4,0.000000,0.000000,same administrative facility history,same administrative facility history,same administrative facility history,site_fc477f046dca,exact_name_without_code
LV0487,False,False,False,False,True,1.000000,True,False,5,0.000000,0.000000,same administrative facility history,same administrative facility history,same administrative facility history,site_23d2a7c18266,exact_name_without_code
LV0488,False,False,False,False,True,1.000000,True,False,5,0.000000,0.000000,same administrative facility history,same administrative facility history,same administrative facility history,site_0970a9c47c36,exact_name_without_code
LV0489,False,False,False,False,True,1.000000,True,False,5,0.000000,0.000000,same administrative facility history,same administrative facility history,same administrative facility history,site_433ae08d1a7c,exact_name_without_code
LV0490,False,False,False,False,True,1.000000,True,False,5,0.000000,0.000000,same administrative facility history,same administrative facility history,same administrative facility history,site_0d87383d9adf,exact_name_without_code
LV0491,False,False,False,False,True,1.000000,True,False,5,0.000000,0.000000,same administrative facility history,same administrative facility history,same administrative facility history,site_93191f1624ce,exact_name_without_code
LV0492,False,False,False,False,True,1.000000,True,False,5,0.000000,0.000000,same administrative facility history,same administrative facility history,same administrative facility history,site_8abefc67aeef,exact_name_without_code
LV0493,False,False,True,True,False,0.842105,True,False,4,0.375000,1.000000,same administrative facility history,same lineage but probable asset/configuration reset,same lineage but probable asset/configuration reset,site_dd811ac3d93e,fuzzy_name_without_code
LV0494,False,False,False,False,True,1.000000,True,False,5,0.000000,0.000000,same administrative facility history,same administrative facility history,same administrative facility history,site_8ecbdce2edad,exact_name_without_code
LV0495,False,False,True,False,False,0.894737,True,True,5,0.000000,0.000000,same administrative facility history,same administrative facility history,same administrative facility history,site_48d0ca81a619,official_code_with_other_support
LV0496,False,False,True,False,False,0.971429,True,True,5,0.000000,0.000000,same administrative facility history,same administrative facility history,same administrative facility history,site_06d70fe89568,official_code_with_other_support
LV0497,False,False,False,False,False,1.000000,True,True,5,0.000000,0.000000,same administrative facility history,same administrative facility history,same administrative facility history,site_a5232bc8ff6b,official_code_and_exact_name
LV0498,False,False,True,False,False,0.000000,True,True,5,0.000000,0.000000,same administrative facility history,same administrative facility history,same administrative facility history,site_e9bda3cce211,official_code_with_other_support
LV0499,False,False,False,False,False,1.000000,True,True,5,0.000000,0.000000,same administrative facility history,same administrative facility history,same administrative facility history,site_fb55d59a2e32,official_code_and_exact_name
LV0500,False,False,True,False,False,0.000000,True,True,5,0.000000,0.000000,same administrative facility history,same administrative facility history,same administrative facility history,site_f5eb43adaa3f,official_code_with_other_support
LV0501,False,False,True,False,False,0.750000,True,True,5,0.000000,0.000000,same administrative facility history,same administrative facility history,same administrative facility history,site_483b3cd6d940,official_code_with_other_support
LV0502,False,False,True,False,False,0.960000,True,True,5,0.000000,0.000000,same administrative facility history,same administrative facility history,same administrative facility history,site_aba00557c392,official_code_with_other_support
LV0503,False,False,True,False,False,0.947368,True,True,5,0.000000,0.000000,same administrative facility history,same administrative facility history,same administrative facility history,site_f372fc115a20,official_code_with_other_support
LV0504,False,False,True,False,False,0.666667,True,True,5,0.000000,0.000000,same administrative facility history,same administrative facility history,same administrative facility history,site_61d3c7dd1e32,official_code_with_other_support
LV0505,False,False,False,True,False,1.000000,True,False,5,0.000000,0.000000,same administrative facility history,same administrative facility history,same administrative facility history,site_a747abe0d27b,exact_name_without_code
LV0506,False,False,True,False,False,0.117647,True,True,5,0.000000,0.000000,same administrative facility history,same administrative facility history,same administrative facility history,site_846874a9c414,official_code_with_other_support
LV0507,False,False,False,True,False,1.000000,True,False,4,0.321429,33.000000,same lineage but probable asset/configuration reset,same lineage but probable asset/configuration reset,same lineage but probable asset/configuration reset,site_53230ae14a89,exact_name_without_code
LV0508,True,False,False,False,False,1.000000,True,True,5,0.000000,0.000000,same administrative facility history,same administrative facility history,same administrative facility history,site_ce18fa6b9e97,official_code_and_exact_name
LV0509,True,False,False,False,False,1.000000,True,False,3,0.027778,33.000000,same lineage but probable asset/configuration reset,same lineage but probable asset/configuration reset,same lineage but probable asset/configuration reset,site_4a00a5bd7e56,exact_name_without_code
LV0510,True,False,True,False,False,0.814815,True,False,3,0.211111,36.000000,same lineage but probable asset/configuration reset,same lineage but probable asset/configuration reset,same lineage but probable asset/configuration reset,site_96bbb0cc10e6,fuzzy_name_without_code
LV0511,False,True,True,False,False,0.000000,True,True,5,0.000000,0.000000,same administrative facility history,same administrative facility history,same administrative facility history,site_bd4eaae2b97e,official_code_with_other_support
LV0512,False,False,True,False,False,0.944444,True,True,5,0.000000,0.000000,same administrative facility history,same administrative facility history,same administrative facility history,site_7c2e9175ae46,official_code_with_other_support
LV0513,False,False,True,False,False,0.823529,True,True,5,0.000000,0.000000,same administrative facility history,same administrative facility history,same administrative facility history,site_05c6e6c7319c,official_code_with_other_support
LV0514,False,False,True,False,False,0.914286,True,True,5,0.000000,0.000000,same administrative facility history,same administrative facility history,same administrative facility history,site_8734c1302c1a,official_code_with_other_support
LV0515,False,False,True,False,False,0.800000,True,True,5,0.000000,0.000000,same administrative facility history,same administrative facility history,same administrative facility history,site_11151d903f0f,official_code_with_other_support
LV0516,False,False,True,False,False,0.000000,True,True,5,0.000000,0.000000,same administrative facility history,same administrative facility history,same administrative facility history,site_abbafb27b3a8,official_code_with_other_support
LV0517,False,False,True,False,False,0.000000,True,True,5,0.000000,0.000000,same administrative facility history,same administrative facility history,same administrative facility history,site_8ffe0506f4f0,official_code_with_other_support
LV0518,False,False,True,False,False,0.692308,True,True,5,0.000000,0.000000,same administrative facility history,same administrative facility history,same administrative facility history,site_f227b56b8d54,official_code_with_other_support
LV0519,False,False,False,False,False,1.000000,True,True,5,0.000000,0.000000,same administrative facility history,same administrative facility history,same administrative facility history,site_805c60bf8337,official_code_and_exact_name
LV0520,False,False,True,False,False,0.684211,True,True,5,0.000000,0.000000,same administrative facility history,same administrative facility history,same administrative facility history,site_cbdc601f0792,official_code_with_other_support
LV0521,True,False,False,False,False,1.000000,True,True,5,0.000000,0.000000,same administrative facility history,same administrative facility history,same administrative facility history,site_aba00557c392,official_code_and_exact_name
LV0522,False,False,True,False,False,0.000000,True,True,5,0.000000,0.000000,same administrative facility history,same administrative facility history,same administrative facility history,site_a4d1b5e0dfa9,official_code_with_other_support
LV0523,True,False,False,False,False,1.000000,True,True,4,0.142857,34.000000,same lineage but probable asset/configuration reset,same lineage but probable asset/configuration reset,same lineage but probable asset/configuration reset,site_586fe6462fc8,official_code_and_exact_name
LV0524,False,False,True,False,False,0.235294,True,True,5,0.000000,0.000000,same administrative facility history,same administrative facility history,same administrative facility history,site_04b49f27d125,official_code_with_other_support
LV0525,False,False,False,False,False,1.000000,True,True,5,0.000000,0.000000,same administrative facility history,same administrative facility history,same administrative facility history,site_611f0d95cef5,official_code_and_exact_name
LV0526,False,False,True,False,False,0.956522,True,True,5,0.000000,0.000000,same administrative facility history,same administrative facility history,same administrative facility history,site_a3234f00f952,official_code_with_other_support
LV0527,False,False,True,False,False,0.900000,True,True,5,0.000000,0.000000,same administrative facility history,same administrative facility history,same administrative facility history,site_3a9033055cc9,official_code_with_other_support
LV0528,False,False,True,False,False,0.869565,True,True,5,0.000000,0.000000,same administrative facility history,same administrative facility history,same administrative facility history,site_542ac5adf8e8,official_code_with_other_support
LV0529,False,False,False,False,False,1.000000,True,True,5,0.000000,0.000000,same administrative facility history,same administrative facility history,same administrative facility history,site_357fd11e34eb,official_code_and_exact_name
LV0530,True,False,False,False,False,1.000000,True,False,4,0.028571,33.000000,same lineage but probable asset/configuration reset,same lineage but probable asset/configuration reset,same lineage but probable asset/configuration reset,site_4bb62fd0b603,exact_name_without_code
LV0531,False,False,True,False,False,0.592593,True,True,5,0.000000,0.000000,same administrative facility history,same administrative facility history,same administrative facility history,site_08a936662915,official_code_with_other_support
LV0532,True,False,False,False,False,1.000000,True,True,5,0.000000,0.000000,same administrative facility history,same administrative facility history,same administrative facility history,site_565be3564272,official_code_and_exact_name
LV0533,False,False,True,False,False,0.000000,True,True,5,0.000000,0.000000,same administrative facility history,same administrative facility history,same administrative facility history,site_b1ea51d2a9de,official_code_with_other_support
LV0534,False,False,True,False,False,0.777778,True,True,5,0.000000,0.000000,same administrative facility history,same administrative facility history,same administrative facility history,site_9c4846690127,official_code_with_other_support
LV0535,False,False,True,False,False,0.962963,True,True,5,0.000000,0.000000,same administrative facility history,same administrative facility history,same administrative facility history,site_dafe65bbd58e,official_code_with_other_support
LV0536,False,False,False,False,False,1.000000,True,True,5,0.000000,0.000000,same administrative facility history,same administrative facility history,same administrative facility history,site_0e4a5e1c77b4,official_code_and_exact_name
LV0537,False,False,False,False,False,1.000000,True,True,5,0.000000,0.000000,same administrative facility history,same administrative facility history,same administrative facility history,site_69437904039c,official_code_and_exact_name
LV0538,False,False,False,False,False,1.000000,True,True,5,0.000000,0.000000,same administrative facility history,same administrative facility history,same administrative facility history,site_fa79888fb3f1,official_code_and_exact_name
LV0539,False,False,True,False,False,0.363636,True,True,5,0.000000,0.000000,same administrative facility history,same administrative facility history,same administrative facility history,site_abc5d4be690c,official_code_with_other_support
LV0540,False,False,True,False,False,0.956522,True,True,5,0.000000,0.000000,same administrative facility history,same administrative facility history,same administrative facility history,site_d4ed2ed9ffca,official_code_with_other_support
LV0541,False,False,False,True,False,1.000000,True,False,4,0.000000,31.000000,same lineage but probable asset/configuration reset,same lineage but probable asset/configuration reset,same lineage but probable asset/configuration reset,site_2db36a4dc250,exact_name_without_code
LV0542,False,False,False,False,False,1.000000,True,True,5,0.000000,0.000000,same administrative facility history,same administrative facility history,same administrative facility history,site_b2a293b3f8a7,official_code_and_exact_name
LV0543,False,False,True,True,False,0.909091,True,False,4,0.200000,44.000000,same lineage but probable asset/configuration reset,same lineage but probable asset/configuration reset,same lineage but probable asset/configuration reset,site_73fbd172c61b,fuzzy_name_without_code
LV0544,False,False,False,False,False,1.000000,True,True,5,1.000000,0.000000,same lineage but probable asset/configuration reset,same lineage but probable asset/configuration reset,same lineage but probable asset/configuration reset,site_10ebce453d08,official_code_and_exact_name
LV0545,False,False,False,False,False,1.000000,True,True,5,0.000000,0.000000,same administrative facility history,same administrative facility history,same administrative facility history,site_433ae08d1a7c,official_code_and_exact_name
LV0546,True,False,False,False,False,1.000000,True,True,4,0.150000,25.000000,same lineage but probable asset/configuration reset,same lineage but probable asset/configuration reset,same lineage but probable asset/configuration reset,site_110377f88627,official_code_and_exact_name
LV0547,False,True,True,False,False,0.857143,True,True,5,0.000000,0.000000,same administrative facility history,same administrative facility history,same administrative facility history,site_6f1db1e32607,official_code_with_other_support
LV0548,True,False,True,False,False,0.941176,True,True,4,0.640000,0.000000,same lineage but probable asset/configuration reset,same lineage but probable asset/configuration reset,same lineage but probable asset/configuration reset,site_49507e5c7b4e,official_code_with_other_support
LV0549,False,False,True,False,False,0.971429,True,True,5,0.000000,0.000000,same administrative facility history,same administrative facility history,same administrative facility history,site_ef3ea9187825,official_code_with_other_support
LV0550,False,False,True,False,False,0.470588,True,True,5,0.000000,0.000000,same administrative facility history,same administrative facility history,same administrative facility history,site_2637ebc3cd23,official_code_with_other_support
LV0551,False,False,True,False,False,0.500000,True,True,5,0.000000,0.000000,same administrative facility history,same administrative facility history,same administrative facility history,site_a38768b8cf67,official_code_with_other_support
LV0552,False,False,False,False,False,1.000000,True,True,5,0.000000,0.000000,same administrative facility history,same administrative facility history,same administrative facility history,site_f7ab4d87540a,official_code_and_exact_name
LV0553,False,False,True,False,False,0.900000,True,True,5,0.000000,0.000000,same administrative facility history,same administrative facility history,same administrative facility history,site_3f2612bc0771,official_code_with_other_support
LV0554,False,False,True,False,False,0.900000,True,True,5,0.000000,0.000000,same administrative facility history,same administrative facility history,same administrative facility history,site_a7fe8c67efb7,official_code_with_other_support
LV0555,True,False,False,False,False,1.000000,True,True,5,0.000000,0.000000,same administrative facility history,same administrative facility history,same administrative facility history,site_d3bda35fe022,official_code_and_exact_name
LV0556,False,False,True,False,False,0.818182,True,True,5,0.000000,0.000000,same administrative facility history,same administrative facility history,same administrative facility history,site_846874a9c414,official_code_with_other_support
LV0557,False,False,True,False,False,0.000000,True,True,5,0.000000,0.000000,same administrative facility history,same administrative facility history,same administrative facility history,site_8668489c20e4,official_code_with_other_support
LV0558,False,False,True,False,False,0.967742,True,False,1,0.615385,20.000000,same lineage but probable asset/configuration reset,indeterminate from available evidence,unresolved: external evidence required,site_8ecbdce2edad,fuzzy_name_without_code
