{
  "analysis_config": {
    "adoption_model": "observed_first_adoption_cloglog_hazard",
    "adoption_predictors_lagged_one_year": true,
    "adoption_risk_set_excludes_left_censored_generators": true,
    "capacity_utilization_cap": 1.0,
    "efficiency_ceiling_mwh_per_t": 0.8,
    "efficiency_floor_mwh_per_t": 0.01,
    "post_fukushima_start": 2012,
    "pre_fukushima_end": 2011,
    "regression_requires_official_facility_code": true,
    "regression_requires_positive_output": true,
    "regression_winsorization_method": "clip"
  },
  "inputs": [
    "data/processed/incineration_panel_enriched.csv"
  ],
  "metadata": {
    "age_group_summary": {
      "0-10 yrs": {
        "mean_avoided": 12665.7,
        "mean_capacity": 266.222,
        "mean_eff": 0.399622,
        "median_eff": 0.400878,
        "n_obs": 1900,
        "pct_of_total_avoided": 20.1
      },
      "10-20 yrs": {
        "mean_avoided": 25175.7,
        "mean_capacity": 341.091,
        "mean_eff": 0.337691,
        "median_eff": 0.339481,
        "n_obs": 1928,
        "pct_of_total_avoided": 40.6
      },
      "20-30 yrs": {
        "mean_avoided": 20816.7,
        "mean_capacity": 386.289,
        "mean_eff": 0.271945,
        "median_eff": 0.279345,
        "n_obs": 1440,
        "pct_of_total_avoided": 25.1
      },
      "30+ yrs": {
        "mean_avoided": 41020.9,
        "mean_capacity": 387.234,
        "mean_eff": 0.183322,
        "median_eff": 0.165946,
        "n_obs": 415,
        "pct_of_total_avoided": 14.2
      }
    },
    "main_models": {
      "coefficients": {
        "capacity_100t": [
          0.0873552723634057,
          0.103007085090897,
          0.0404799653054503,
          0.0519189249230116
        ],
        "capacity_utilization_capped": [
          0.746835938228779,
          0.778897124290139,
          0.619863817729215,
          0.541144680825715
        ],
        "facility_age_years": [
          -0.0278874328936089,
          -0.0348116968161379,
          -0.0187603582871127,
          -0.0332310094673516
        ],
        "grid_ef_kgco2_kwh": [
          0.31822977120763,
          -0.446596935132003,
          1.63331958055368,
          -0.195110437762239
        ],
        "heating_value_mj_kg": [
          0.00101315815503855,
          0.00324370130157428,
          0.000567489218617674,
          0.00117512862020474
        ]
      },
      "labels": [
        "Model 1 (Pooled OLS)",
        "Model 2 (Year FE)",
        "Model 3 (RE)",
        "Model 4 (Year FE + RE)"
      ],
      "observations": [
        5683,
        5683,
        5683,
        5683
      ],
      "pvalues": {
        "capacity_100t": [
          3.90037271600506e-26,
          1.01949714961809e-32,
          9.65805314612211e-07,
          6.43462678695528e-08
        ],
        "capacity_utilization_capped": [
          1.48907552281019e-07,
          7.12322511776349e-09,
          5.42974554207376e-10,
          1.00785162437944e-08
        ],
        "facility_age_years": [
          5.97757023697689e-37,
          4.41564549774379e-54,
          7.97140131680862e-14,
          0.0
        ],
        "grid_ef_kgco2_kwh": [
          0.151511360913598,
          0.0999040969063483,
          0.0,
          0.353115202788151
        ],
        "heating_value_mj_kg": [
          0.662427337066405,
          0.121230174224182,
          0.635495160082864,
          0.256327037294222
        ]
      },
      "rsquared": [
        0.247010795438897,
        0.372147269733792,
        0.164651230476986,
        0.307630993751822
      ],
      "std_errors": {
        "capacity_100t": [
          0.00826070744070509,
          0.00864701824984739,
          0.00825468491288547,
          0.0095906252741663
        ],
        "capacity_utilization_capped": [
          0.142148727591451,
          0.134571186195549,
          0.0997051537851349,
          0.0943093982384868
        ],
        "facility_age_years": [
          0.00219600790286701,
          0.00224816584375799,
          0.00250484119363901,
          0.00209649890027192
        ],
        "grid_ef_kgco2_kwh": [
          0.221884526274297,
          0.271434904283273,
          0.196528256977493,
          0.210103384784018
        ],
        "heating_value_mj_kg": [
          0.00232075341147657,
          0.00209320920850597,
          0.00119715325703573,
          0.00103514587478751
        ]
      }
    },
    "outputs": {
      "age_table": "table2_efficiency_by_age.md",
      "regression_results": "regression_results.md",
      "sample_report": "sample_definition.md",
      "summary_stats": "table1_summary_stats.md"
    },
    "post_fukushima_within_total_ratio": 0.0956,
    "pre_fukushima_within_total_ratio": 0.1795,
    "regression_facilities": 1016,
    "regression_obs": 5683,
    "within_total_ratio": 0.1499
  },
  "outputs": [
    "output/sample_definition.md",
    "output/table1_summary_stats.md",
    "output/table2_efficiency_by_age.md",
    "output/regression_results.md"
  ],
  "python": "3.12.12",
  "stage": "05_panel_regression"
}
