{
  "stage": "05_panel_regression",
  "timestamp_utc": "2026-04-15T08:30:01.647963+00:00",
  "git_sha": "62b0844b20192b2edce080a5b0bad6391022b0d8",
  "python": "3.12.12",
  "platform": "macOS-15.6-arm64-arm-64bit",
  "analysis_config": {
    "efficiency_floor_mwh_per_t": 0.01,
    "efficiency_ceiling_mwh_per_t": 0.8,
    "capacity_utilization_cap": 1.0,
    "pre_fukushima_end": 2011,
    "post_fukushima_start": 2012,
    "regression_requires_positive_output": true,
    "regression_requires_official_facility_code": true,
    "regression_winsorization_method": "clip",
    "adoption_model": "observed_first_adoption_cloglog_hazard",
    "adoption_risk_set_excludes_left_censored_generators": true,
    "adoption_predictors_lagged_one_year": true
  },
  "inputs": [
    "data/processed/incineration_panel_enriched.csv"
  ],
  "outputs": [
    "output/sample_definition.md",
    "output/table1_summary_stats.md",
    "output/table2_efficiency_by_age.md",
    "output/regression_results.md"
  ],
  "metadata": {
    "regression_obs": 5683,
    "regression_facilities": 1016,
    "within_total_ratio": 0.1499,
    "pre_fukushima_within_total_ratio": 0.1795,
    "post_fukushima_within_total_ratio": 0.0956,
    "main_models": {
      "labels": [
        "Model 1 (Pooled OLS)",
        "Model 2 (Year FE)",
        "Model 3 (RE)",
        "Model 4 (Year FE + RE)"
      ],
      "coefficients": {
        "facility_age_years": [
          -0.02788743289360888,
          -0.03481169681613784,
          -0.018760358287112703,
          -0.033231009467351594
        ],
        "capacity_100t": [
          0.0873552723634057,
          0.10300708509089704,
          0.040479965305450415,
          0.05191892492301156
        ],
        "capacity_utilization_capped": [
          0.7468359382287787,
          0.7788971242901392,
          0.6198638177292146,
          0.5411446808257158
        ],
        "heating_value_mj_kg": [
          0.0010131581550384815,
          0.003243701301574065,
          0.0005674892186176636,
          0.00117512862020472
        ],
        "grid_ef_kgco2_kwh": [
          0.3182297712076304,
          -0.4465969351320001,
          1.6333195805536747,
          -0.19511043776223946
        ]
      },
      "std_errors": {
        "facility_age_years": [
          0.00219600790286701,
          0.002248165843757987,
          0.002504841193639015,
          0.002096498900271916
        ],
        "capacity_100t": [
          0.008260707440705069,
          0.008647018249847368,
          0.008254684912885488,
          0.009590625274166297
        ],
        "capacity_utilization_capped": [
          0.14214872759145142,
          0.13457118619554703,
          0.09970515378513456,
          0.0943093982384866
        ],
        "heating_value_mj_kg": [
          0.002320753411476583,
          0.002093209208505949,
          0.001197153257035725,
          0.0010351458747875069
        ],
        "grid_ef_kgco2_kwh": [
          0.22188452627429844,
          0.2714349042832721,
          0.19652825697749307,
          0.21010338478401774
        ]
      },
      "pvalues": {
        "facility_age_years": [
          5.977570236977233e-37,
          4.415645497744298e-54,
          7.971401316808624e-14,
          0.0
        ],
        "capacity_100t": [
          3.9003727160038565e-26,
          1.019497149617655e-32,
          9.658053146122114e-07,
          6.434626786955278e-08
        ],
        "capacity_utilization_capped": [
          1.4890755228101947e-07,
          7.123225117760601e-09,
          5.429745542073761e-10,
          1.0078516243794411e-08
        ],
        "heating_value_mj_kg": [
          0.6624273370664271,
          0.12123017422420344,
          0.6354951600828702,
          0.2563270372942277
        ],
        "grid_ef_kgco2_kwh": [
          0.1515113609136007,
          0.09990409690634978,
          0.0,
          0.3531152027881501
        ]
      },
      "rsquared": [
        0.24701079543889704,
        0.3721472697337921,
        0.16465123047698627,
        0.3076309937518227
      ],
      "observations": [
        5683,
        5683,
        5683,
        5683
      ]
    },
    "age_group_summary": {
      "0-10 yrs": {
        "n_obs": 1900,
        "mean_eff": 0.399622,
        "median_eff": 0.400878,
        "mean_capacity": 266.222,
        "mean_avoided": 12665.7,
        "pct_of_total_avoided": 20.1
      },
      "10-20 yrs": {
        "n_obs": 1928,
        "mean_eff": 0.337691,
        "median_eff": 0.339481,
        "mean_capacity": 341.091,
        "mean_avoided": 25175.7,
        "pct_of_total_avoided": 40.6
      },
      "20-30 yrs": {
        "n_obs": 1440,
        "mean_eff": 0.271945,
        "median_eff": 0.279345,
        "mean_capacity": 386.289,
        "mean_avoided": 20816.7,
        "pct_of_total_avoided": 25.1
      },
      "30+ yrs": {
        "n_obs": 415,
        "mean_eff": 0.183322,
        "median_eff": 0.165946,
        "mean_capacity": 387.234,
        "mean_avoided": 41020.9,
        "pct_of_total_avoided": 14.2
      }
    },
    "outputs": {
      "sample_report": "sample_definition.md",
      "summary_stats": "table1_summary_stats.md",
      "age_table": "table2_efficiency_by_age.md",
      "regression_results": "regression_results.md"
    }
  }
}