{
  "analysis_config": {
    "adoption_model": "observed_first_adoption_cloglog_hazard",
    "adoption_predictors_lagged_one_year": true,
    "adoption_risk_set_excludes_left_censored_generators": true,
    "capacity_utilization_cap": 1.0,
    "efficiency_ceiling_mwh_per_t": 0.8,
    "efficiency_floor_mwh_per_t": 0.01,
    "post_fukushima_start": 2012,
    "pre_fukushima_end": 2011,
    "regression_requires_official_facility_code": true,
    "regression_requires_positive_output": true,
    "regression_winsorization_method": "clip"
  },
  "inputs": [
    "data/processed/incineration_panel_enriched.csv"
  ],
  "metadata": {
    "events": 141,
    "lag_drop_additional_missing_facilities": 12,
    "lag_drop_additional_missing_rows": 18,
    "lag_drop_first_rows": 2035,
    "left_censored_generators": 913,
    "logit_robustness": {
      "coefficients": {
        "lag_age_10_20": -1.97974498589681,
        "lag_age_20_30": -1.48338318569201,
        "lag_age_30_plus": -1.07273430425827,
        "lag_capacity_100t": 0.453399099547416
      },
      "pvalues": {
        "lag_age_10_20": 1.47863334960095e-10,
        "lag_age_20_30": 7.07775998923538e-07,
        "lag_age_30_plus": 0.00295601847323283,
        "lag_capacity_100t": 0.0110009060403224
      },
      "type": "discrete_time_logit"
    },
    "lpm_robustness": {
      "coefficients": {
        "lag_age_10_20": -0.0216868955086448,
        "lag_age_20_30": -0.0198328969283133,
        "lag_age_30_plus": -0.0151600278762702,
        "lag_capacity_100t": 0.0147159782574572
      },
      "pvalues": {
        "lag_age_10_20": 2.14277126910335e-07,
        "lag_age_20_30": 5.37515598613663e-05,
        "lag_age_30_plus": 0.0107894829771478,
        "lag_capacity_100t": 5.02907225466305e-07
      },
      "type": "linear_probability_hazard"
    },
    "model": {
      "average_marginal_effects": {
        "age_10-20 yrs": {
          "ame": -0.031861362465929,
          "pvalue": 0.0374567301776375,
          "se": 0.015312436210733
        },
        "age_20-30 yrs": {
          "ame": -0.0282349627046915,
          "pvalue": 0.0411924078641305,
          "se": 0.0138299017642957
        },
        "age_30+ yrs": {
          "ame": -0.0225638423894611,
          "pvalue": 0.120557323045292,
          "se": 0.0145344511346498
        },
        "lag_capacity_100t": {
          "ame": 0.00393243432053316,
          "pvalue": 0.0394232662189953,
          "se": 0.00190918833701377
        }
      },
      "baseline_prior_year_age_band": "0-10 yrs",
      "coefficients": {
        "lag_age_10_20": -1.93332747966845,
        "lag_age_20_30": -1.44221975264122,
        "lag_age_30_plus": -0.959533132538381,
        "lag_capacity_100t": 0.345029128243266
      },
      "predictors_lagged_one_year": true,
      "pseudo_r_squared": 0.180199208941975,
      "pvalues": {
        "lag_age_10_20": 1.84619471897173e-10,
        "lag_age_20_30": 1.53718974523958e-06,
        "lag_age_30_plus": 0.00284555719720471,
        "lag_capacity_100t": 1.66562898697064e-07
      },
      "reported_scale": "average_marginal_effect",
      "type": "discrete_time_cloglog_hazard"
    },
    "model_events": 140,
    "model_facilities": 1915,
    "model_obs": 11717,
    "pathway_audit": {
      "counts": {
        "Forward-dated / placeholder entry": 20,
        "In-place upgrade / continuity transition": 38,
        "Reset / rebuild-like transition": 82,
        "Unresolved / insufficient continuity": 1
      },
      "events": 141
    },
    "risk_set_facilities": 2035,
    "risk_set_obs": 13770
  },
  "outputs": [
    "output/adoption_results.md",
    "output/adoption_pathway_audit.csv"
  ],
  "python": "3.12.12",
  "stage": "05a_power_adoption"
}
